{
"type": "FeatureCollection",
"name": "osm_grocery",
"crs": { "type": "name", "properties": { "name": "urn:ogc:def:crs:EPSG::2263" } },
"features": [
{ "type": "Feature", "properties": { "element": "node", "id": 2100395221, "amenity": null, "ele": null, "gnis:feature_id": null, "name": "Super Foodtown Of Bed-Stuy", "wikidata": null, "old_name": null, "phone": "+1 718 6231808", "website": "https://www.foodtown.com/my-store/foodtown-of-bed-stuy/", "wheelchair": "yes", "denomination": null, "religion": null, "addr:housenumber": "1420", "addr:postcode": "11216", "addr:street": "Fulton Street", "check_date": null, "addr:city": "Brooklyn", "addr:state": "NY", "alt_name": null, "brand": null, "brand:wikidata": null, "operator": null, "operator:short": null, "operator:type": null, "operator:website": null, "operator:wikidata": null, "operator:wikipedia": null, "postal_code": null, "short_name": null, "source": null, "capacity": null, "cityracks.housenum": null, "cityracks.installed": null, "cityracks.large": null, "cityracks.rackid": null, "cityracks.small": null, "cityracks.street": null, "bicycle_parking": null, "covered": null, "addr:country": "US", "indoor_seating": null, "outdoor_seating": null, "cuisine": null, "payment:mastercard": null, "payment:visa": null, "shop": "supermarket", "black_owned": null, "opening_hours": null, "takeaway": null, "drink:beer": null, "drink:espresso": null, "drink:wine": null, "cocktails": null, "drink:liquor": null, "note": "Hours: Mon-Sat 7am-Midnight / Sun 7am-10pm", "fee": null, "disused:website": null, "diet:halal": null, "atm": null, "beauty": null, "delivery": null, "official_name": null, "drink:coffee": null, "check_date:opening_hours": null, "dispensing": null, "healthcare": null, "level": null, "happy_hours": null, "addr:housename": null, "bicycle_rental": null, "network": null, "network:wikidata": null, "network:wikipedia": null, "ref": null, "ref:gbfs": null, "second_hand": null, "diet:vegetarian": null, "drink:byob": null, "drink:tea": null, "fax": null, "craft": null, "payment:cards": null, "payment:cash": null, "payment:credit_cards": null, "payment:debit_cards": null, "drive_through": null, "tobacco": null, "opening_hours:signed": null, "diet:vegan": null, "dry_cleaning": null, "branch": null, "drink:sake": null, "contact:facebook": null, "contact:instagram": null, "contact:twitter": null, "internet_access": null, "internet_access:fee": null, "trade": null, "pawnbroker": null, "clothes": null, "bar": null, "addr:unit": null, "smoking": null, "walkup_window": null, "email": null, "leisure": null, "toilets": null, "toilets:access": null, "toilets:unisex": null, "toilets:wheelchair": null, "opening_hours:kitchen": null, "office": null, "social_facility": null, "collection_times": null, "sport": null, "check_date:service:bicycle:pump": null, "service:bicycle:pump": null, "fixme:atp": null, "fixme": null, "payment:apple_pay": null, "payment:contactless": null, "payment:financing": null, "payment:samsung_pay": null, "diet:kosher": null, "female": null, "male": null, "payment:ebt": null, "payment:coins": null, "reservation": null, "website:menu": null, "website:reservation": null, "live_music": null, "addr:place": null, "contact:website": null, "diet:gluten_free": null, "diet:pescetarian": null, "contact:email": null, "description": null, "route_ref": null, "vending": null, "drink:cocktail": null, "recycling": null, "recycling:cans": null, "recycling:glass_bottles": null, "recycling:plastic_bottles": null, "recycling_type": null, "backrest": null, "fountain": null, "contact:sms": null, "drink:bubble_tea": null, "check_date:diet:vegetarian": null, "contact:phone": null, "note:opening_hours": null, "community_centre:for": null, "lgbtq": null, "laundry_service": null, "self_service": null, "animal_boarding": null, "stroller": null, "instagram": null, "service:knife_sharpening": null, "building": null, "laptop": null, "community_centre": null, "catering": null, "survey:date": null, "phases": null, "not:brand:wikidata": null, "payment:american_express": null, "payment:discover_card": null, "start_date": null, "florist": null, "clothes:printing": null, "material": null, "toilets:disposal": null, "organic": null, "seats": null, "waste": null, "min_age": null, "cinema": null, "check_date:capacity": null, "access": null, "service:notary": null, "recycling:compost": null, "tourism": null, "recycling:food_waste": null, "recycling:green_waste": null, "hairdresser": null, "air_conditioning": null, "food": null, "public_bookcase:type": null, "addr:floor": null, "social_facility:for": null, "bottle": null, "address": null, "operating_hours": null, "payment:paypal": null, "healthcare:speciality": null, "parking": null, "armrest": null, "seats:separated": null, "two_sided": null, "operational_status": null, "direction": null, "fast_food": null, "height": null, "nycdoitt:bin": null, "building:levels": null, "fuel:propane": null, "addr:full": null, "layer": null, "service_times": null, "name:etymology:wikidata": null, "roof:levels": null, "disused:amenity": null, "operator:official": null, "building:material": null, "emergency": null, "surface": null, "shelter_type": null, "mascot": null, "polling_station": null, "beds": null, "wikipedia": null, "atm:operator": null, "barrier": null, "name:etymology": null, "theatre:type": null, "capacity:disabled": null, "books": null, "type": null, "nbhd": "bedstuy", "compressed_air": null, "opening_hours:covid19": null, "playground": null, "drink:sangria": null, "name:es": null, "indoor": null, "information": null, "lgbtq:trans": null, "currency:USD": null, "service:bicycle:repair": null, "street_vendor": null, "colour": null, "location": null, "recycling:glass": null, "recycling:paper": null, "recycling:plastic": null, "contact:fax": null, "facebook": null, "grades": null, "brand:website": null, "opening_hours:drive_through": null, "education": null, "maxstay": null, "fenced": null, "drinking_water": null, "grade": null, "category": "Grocery", "weight_min": 7, "weight_max": 9 }, "geometry": { "type": "Point", "coordinates": [ 999628.713535392540507, 187031.093130615598056 ] } },
{ "type": "Feature", "properties": { "element": "node", "id": 2494071239, "amenity": null, "ele": null, "gnis:feature_id": null, "name": "Metrpolitan Citymarket", "wikidata": null, "old_name": null, "phone": null, "website": null, "wheelchair": null, "denomination": null, "religion": null, "addr:housenumber": "1142", "addr:postcode": "11216", "addr:street": "Bedford Avenue", "check_date": null, "addr:city": null, "addr:state": null, "alt_name": null, "brand": null, "brand:wikidata": null, "operator": null, "operator:short": null, "operator:type": null, "operator:website": null, "operator:wikidata": null, "operator:wikipedia": null, "postal_code": null, "short_name": null, "source": null, "capacity": null, "cityracks.housenum": null, "cityracks.installed": null, "cityracks.large": null, "cityracks.rackid": null, "cityracks.small": null, "cityracks.street": null, "bicycle_parking": null, "covered": null, "addr:country": null, "indoor_seating": null, "outdoor_seating": null, "cuisine": null, "payment:mastercard": null, "payment:visa": null, "shop": "supermarket", "black_owned": null, "opening_hours": "Mo-Sa 08:00-21:00; Su 08:00-20:00", "takeaway": null, "drink:beer": "yes", "drink:espresso": null, "drink:wine": null, "cocktails": null, "drink:liquor": null, "note": null, "fee": null, "disused:website": null, "diet:halal": null, "atm": null, "beauty": null, "delivery": null, "official_name": null, "drink:coffee": null, "check_date:opening_hours": null, "dispensing": null, "healthcare": null, "level": null, "happy_hours": null, "addr:housename": null, "bicycle_rental": null, "network": null, "network:wikidata": null, "network:wikipedia": null, "ref": null, "ref:gbfs": null, "second_hand": null, "diet:vegetarian": null, "drink:byob": null, "drink:tea": null, "fax": null, "craft": null, "payment:cards": null, "payment:cash": null, "payment:credit_cards": null, "payment:debit_cards": null, "drive_through": null, "tobacco": null, "opening_hours:signed": null, "diet:vegan": null, "dry_cleaning": null, "branch": null, "drink:sake": null, "contact:facebook": null, "contact:instagram": null, "contact:twitter": null, "internet_access": null, "internet_access:fee": null, "trade": null, "pawnbroker": null, "clothes": null, "bar": null, "addr:unit": null, "smoking": null, "walkup_window": null, "email": null, "leisure": null, "toilets": null, "toilets:access": null, "toilets:unisex": null, "toilets:wheelchair": null, "opening_hours:kitchen": null, "office": null, "social_facility": null, "collection_times": null, "sport": null, "check_date:service:bicycle:pump": null, "service:bicycle:pump": null, "fixme:atp": null, "fixme": null, "payment:apple_pay": null, "payment:contactless": null, "payment:financing": null, "payment:samsung_pay": null, "diet:kosher": null, "female": null, "male": null, "payment:ebt": null, "payment:coins": null, "reservation": null, "website:menu": null, "website:reservation": null, "live_music": null, "addr:place": null, "contact:website": null, "diet:gluten_free": null, "diet:pescetarian": null, "contact:email": null, "description": null, "route_ref": null, "vending": null, "drink:cocktail": null, "recycling": null, "recycling:cans": null, "recycling:glass_bottles": null, "recycling:plastic_bottles": null, "recycling_type": null, "backrest": null, "fountain": null, "contact:sms": null, "drink:bubble_tea": null, "check_date:diet:vegetarian": null, "contact:phone": null, "note:opening_hours": null, "community_centre:for": null, "lgbtq": null, "laundry_service": null, "self_service": null, "animal_boarding": null, "stroller": null, "instagram": null, "service:knife_sharpening": null, "building": null, "laptop": null, "community_centre": null, "catering": null, "survey:date": null, "phases": null, "not:brand:wikidata": null, "payment:american_express": null, "payment:discover_card": null, "start_date": null, "florist": null, "clothes:printing": null, "material": null, "toilets:disposal": null, "organic": null, "seats": null, "waste": null, "min_age": null, "cinema": null, "check_date:capacity": null, "access": null, "service:notary": null, "recycling:compost": null, "tourism": null, "recycling:food_waste": null, "recycling:green_waste": null, "hairdresser": null, "air_conditioning": null, "food": null, "public_bookcase:type": null, "addr:floor": null, "social_facility:for": null, "bottle": null, "address": null, "operating_hours": null, "payment:paypal": null, "healthcare:speciality": null, "parking": null, "armrest": null, "seats:separated": null, "two_sided": null, "operational_status": null, "direction": null, "fast_food": null, "height": null, "nycdoitt:bin": null, "building:levels": null, "fuel:propane": null, "addr:full": null, "layer": null, "service_times": null, "name:etymology:wikidata": null, "roof:levels": null, "disused:amenity": null, "operator:official": null, "building:material": null, "emergency": null, "surface": null, "shelter_type": null, "mascot": null, "polling_station": null, "beds": null, "wikipedia": null, "atm:operator": null, "barrier": null, "name:etymology": null, "theatre:type": null, "capacity:disabled": null, "books": null, "type": null, "nbhd": "bedstuy", "compressed_air": null, "opening_hours:covid19": null, "playground": null, "drink:sangria": null, "name:es": null, "indoor": null, "information": null, "lgbtq:trans": null, "currency:USD": null, "service:bicycle:repair": null, "street_vendor": null, "colour": null, "location": null, "recycling:glass": null, "recycling:paper": null, "recycling:plastic": null, "contact:fax": null, "facebook": null, "grades": null, "brand:website": null, "opening_hours:drive_through": null, "education": null, "maxstay": null, "fenced": null, "drinking_water": null, "grade": null, "category": "Grocery", "weight_min": 7, "weight_max": 9 }, "geometry": { "type": "Point", "coordinates": [ 996884.879524326766841, 188905.001379099732731 ] } },
{ "type": "Feature", "properties": { "element": "node", "id": 2550145819, "amenity": null, "ele": null, "gnis:feature_id": null, "name": "Met Fresh", "wikidata": null, "old_name": null, "phone": "+1-718-636-6300", "website": null, "wheelchair": null, "denomination": null, "religion": null, "addr:housenumber": "410", "addr:postcode": "11216", "addr:street": "Tompkins Avenue", "check_date": null, "addr:city": null, "addr:state": null, "alt_name": null, "brand": null, "brand:wikidata": null, "operator": null, "operator:short": null, "operator:type": null, "operator:website": null, "operator:wikidata": null, "operator:wikipedia": null, "postal_code": null, "short_name": null, "source": null, "capacity": null, "cityracks.housenum": null, "cityracks.installed": null, "cityracks.large": null, "cityracks.rackid": null, "cityracks.small": null, "cityracks.street": null, "bicycle_parking": null, "covered": null, "addr:country": null, "indoor_seating": null, "outdoor_seating": null, "cuisine": null, "payment:mastercard": null, "payment:visa": null, "shop": "supermarket", "black_owned": null, "opening_hours": "Mo-Su 07:00-23:00", "takeaway": null, "drink:beer": "yes", "drink:espresso": null, "drink:wine": null, "cocktails": null, "drink:liquor": null, "note": null, "fee": null, "disused:website": null, "diet:halal": null, "atm": null, "beauty": null, "delivery": null, "official_name": null, "drink:coffee": null, "check_date:opening_hours": null, "dispensing": null, "healthcare": null, "level": null, "happy_hours": null, "addr:housename": null, "bicycle_rental": null, "network": null, "network:wikidata": null, "network:wikipedia": null, "ref": null, "ref:gbfs": null, "second_hand": null, "diet:vegetarian": null, "drink:byob": null, "drink:tea": null, "fax": null, "craft": null, "payment:cards": null, "payment:cash": null, "payment:credit_cards": null, "payment:debit_cards": null, "drive_through": null, "tobacco": null, "opening_hours:signed": null, "diet:vegan": null, "dry_cleaning": null, "branch": null, "drink:sake": null, "contact:facebook": null, "contact:instagram": null, "contact:twitter": null, "internet_access": null, "internet_access:fee": null, "trade": null, "pawnbroker": null, "clothes": null, "bar": null, "addr:unit": null, "smoking": null, "walkup_window": null, "email": null, "leisure": null, "toilets": null, "toilets:access": null, "toilets:unisex": null, "toilets:wheelchair": null, "opening_hours:kitchen": null, "office": null, "social_facility": null, "collection_times": null, "sport": null, "check_date:service:bicycle:pump": null, "service:bicycle:pump": null, "fixme:atp": null, "fixme": null, "payment:apple_pay": null, "payment:contactless": null, "payment:financing": null, "payment:samsung_pay": null, "diet:kosher": null, "female": null, "male": null, "payment:ebt": null, "payment:coins": null, "reservation": null, "website:menu": null, "website:reservation": null, "live_music": null, "addr:place": null, "contact:website": null, "diet:gluten_free": null, "diet:pescetarian": null, "contact:email": null, "description": null, "route_ref": null, "vending": null, "drink:cocktail": null, "recycling": null, "recycling:cans": null, "recycling:glass_bottles": null, "recycling:plastic_bottles": null, "recycling_type": null, "backrest": null, "fountain": null, "contact:sms": null, "drink:bubble_tea": null, "check_date:diet:vegetarian": null, "contact:phone": null, "note:opening_hours": null, "community_centre:for": null, "lgbtq": null, "laundry_service": null, "self_service": null, "animal_boarding": null, "stroller": null, "instagram": null, "service:knife_sharpening": null, "building": null, "laptop": null, "community_centre": null, "catering": null, "survey:date": null, "phases": null, "not:brand:wikidata": null, "payment:american_express": null, "payment:discover_card": null, "start_date": null, "florist": null, "clothes:printing": null, "material": null, "toilets:disposal": null, "organic": null, "seats": null, "waste": null, "min_age": null, "cinema": null, "check_date:capacity": null, "access": null, "service:notary": null, "recycling:compost": null, "tourism": null, "recycling:food_waste": null, "recycling:green_waste": null, "hairdresser": null, "air_conditioning": null, "food": null, "public_bookcase:type": null, "addr:floor": null, "social_facility:for": null, "bottle": null, "address": null, "operating_hours": null, "payment:paypal": null, "healthcare:speciality": null, "parking": null, "armrest": null, "seats:separated": null, "two_sided": null, "operational_status": null, "direction": null, "fast_food": null, "height": null, "nycdoitt:bin": null, "building:levels": null, "fuel:propane": null, "addr:full": null, "layer": null, "service_times": null, "name:etymology:wikidata": null, "roof:levels": null, "disused:amenity": null, "operator:official": null, "building:material": null, "emergency": null, "surface": null, "shelter_type": null, "mascot": null, "polling_station": null, "beds": null, "wikipedia": null, "atm:operator": null, "barrier": null, "name:etymology": null, "theatre:type": null, "capacity:disabled": null, "books": null, "type": null, "nbhd": "bedstuy", "compressed_air": null, "opening_hours:covid19": null, "playground": null, "drink:sangria": null, "name:es": null, "indoor": null, "information": null, "lgbtq:trans": null, "currency:USD": null, "service:bicycle:repair": null, "street_vendor": null, "colour": null, "location": null, "recycling:glass": null, "recycling:paper": null, "recycling:plastic": null, "contact:fax": null, "facebook": null, "grades": null, "brand:website": null, "opening_hours:drive_through": null, "education": null, "maxstay": null, "fenced": null, "drinking_water": null, "grade": null, "category": "Grocery", "weight_min": 7, "weight_max": 9 }, "geometry": { "type": "Point", "coordinates": [ 999779.758110470254906, 188125.053308244096115 ] } },
{ "type": "Feature", "properties": { "element": "node", "id": 2565140925, "amenity": null, "ele": null, "gnis:feature_id": null, "name": "Beyond 2 Natural Market", "wikidata": null, "old_name": null, "phone": "+1-347-240-7767", "website": null, "wheelchair": null, "denomination": null, "religion": null, "addr:housenumber": "1197", "addr:postcode": "11216", "addr:street": "Fulton Street", "check_date": null, "addr:city": "Brooklyn", "addr:state": "NY", "alt_name": null, "brand": null, "brand:wikidata": null, "operator": null, "operator:short": null, "operator:type": null, "operator:website": null, "operator:wikidata": null, "operator:wikipedia": null, "postal_code": null, "short_name": null, "source": null, "capacity": null, "cityracks.housenum": null, "cityracks.installed": null, "cityracks.large": null, "cityracks.rackid": null, "cityracks.small": null, "cityracks.street": null, "bicycle_parking": null, "covered": null, "addr:country": null, "indoor_seating": null, "outdoor_seating": null, "cuisine": "sandwich;breakfast;juice", "payment:mastercard": null, "payment:visa": null, "shop": "supermarket", "black_owned": null, "opening_hours": "Mo-Su 07:00-22:00", "takeaway": null, "drink:beer": "yes", "drink:espresso": null, "drink:wine": "low_alcohol", "cocktails": null, "drink:liquor": null, "note": null, "fee": null, "disused:website": null, "diet:halal": null, "atm": null, "beauty": null, "delivery": null, "official_name": null, "drink:coffee": "yes", "check_date:opening_hours": null, "dispensing": null, "healthcare": null, "level": null, "happy_hours": null, "addr:housename": null, "bicycle_rental": null, "network": null, "network:wikidata": null, "network:wikipedia": null, "ref": null, "ref:gbfs": null, "second_hand": null, "diet:vegetarian": null, "drink:byob": null, "drink:tea": null, "fax": null, "craft": null, "payment:cards": null, "payment:cash": null, "payment:credit_cards": null, "payment:debit_cards": null, "drive_through": null, "tobacco": null, "opening_hours:signed": null, "diet:vegan": null, "dry_cleaning": null, "branch": null, "drink:sake": null, "contact:facebook": null, "contact:instagram": null, "contact:twitter": null, "internet_access": null, "internet_access:fee": null, "trade": null, "pawnbroker": null, "clothes": null, "bar": null, "addr:unit": null, "smoking": null, "walkup_window": null, "email": null, "leisure": null, "toilets": null, "toilets:access": null, "toilets:unisex": null, "toilets:wheelchair": null, "opening_hours:kitchen": null, "office": null, "social_facility": null, "collection_times": null, "sport": null, "check_date:service:bicycle:pump": null, "service:bicycle:pump": null, "fixme:atp": null, "fixme": null, "payment:apple_pay": null, "payment:contactless": null, "payment:financing": null, "payment:samsung_pay": null, "diet:kosher": null, "female": null, "male": null, "payment:ebt": null, "payment:coins": null, "reservation": null, "website:menu": null, "website:reservation": null, "live_music": null, "addr:place": null, "contact:website": null, "diet:gluten_free": null, "diet:pescetarian": null, "contact:email": null, "description": null, "route_ref": null, "vending": null, "drink:cocktail": null, "recycling": null, "recycling:cans": null, "recycling:glass_bottles": null, "recycling:plastic_bottles": null, "recycling_type": null, "backrest": null, "fountain": null, "contact:sms": null, "drink:bubble_tea": null, "check_date:diet:vegetarian": null, "contact:phone": null, "note:opening_hours": null, "community_centre:for": null, "lgbtq": null, "laundry_service": null, "self_service": null, "animal_boarding": null, "stroller": null, "instagram": null, "service:knife_sharpening": null, "building": null, "laptop": null, "community_centre": null, "catering": null, "survey:date": null, "phases": null, "not:brand:wikidata": null, "payment:american_express": null, "payment:discover_card": null, "start_date": null, "florist": null, "clothes:printing": null, "material": null, "toilets:disposal": null, "organic": null, "seats": null, "waste": null, "min_age": null, "cinema": null, "check_date:capacity": null, "access": null, "service:notary": null, "recycling:compost": null, "tourism": null, "recycling:food_waste": null, "recycling:green_waste": null, "hairdresser": null, "air_conditioning": null, "food": null, "public_bookcase:type": null, "addr:floor": null, "social_facility:for": null, "bottle": null, "address": null, "operating_hours": null, "payment:paypal": null, "healthcare:speciality": null, "parking": null, "armrest": null, "seats:separated": null, "two_sided": null, "operational_status": null, "direction": null, "fast_food": null, "height": null, "nycdoitt:bin": null, "building:levels": null, "fuel:propane": null, "addr:full": null, "layer": null, "service_times": null, "name:etymology:wikidata": null, "roof:levels": null, "disused:amenity": null, "operator:official": null, "building:material": null, "emergency": null, "surface": null, "shelter_type": null, "mascot": null, "polling_station": null, "beds": null, "wikipedia": null, "atm:operator": null, "barrier": null, "name:etymology": null, "theatre:type": null, "capacity:disabled": null, "books": null, "type": null, "nbhd": "bedstuy", "compressed_air": null, "opening_hours:covid19": null, "playground": null, "drink:sangria": null, "name:es": null, "indoor": null, "information": null, "lgbtq:trans": null, "currency:USD": null, "service:bicycle:repair": null, "street_vendor": null, "colour": null, "location": null, "recycling:glass": null, "recycling:paper": null, "recycling:plastic": null, "contact:fax": null, "facebook": null, "grades": null, "brand:website": null, "opening_hours:drive_through": null, "education": null, "maxstay": null, "fenced": null, "drinking_water": null, "grade": null, "category": "Grocery", "weight_min": 7, "weight_max": 9 }, "geometry": { "type": "Point", "coordinates": [ 997114.831973698106594, 187325.570718472270528 ] } },
{ "type": "Feature", "properties": { "element": "node", "id": 2567901642, "amenity": null, "ele": null, "gnis:feature_id": null, "name": "Sajoma Gourmet Corporation", "wikidata": null, "old_name": null, "phone": null, "website": null, "wheelchair": null, "denomination": null, "religion": null, "addr:housenumber": "57", "addr:postcode": "11221", "addr:street": "Malcolm X Boulevard", "check_date": null, "addr:city": null, "addr:state": null, "alt_name": null, "brand": null, "brand:wikidata": null, "operator": null, "operator:short": null, "operator:type": null, "operator:website": null, "operator:wikidata": null, "operator:wikipedia": null, "postal_code": null, "short_name": null, "source": null, "capacity": null, "cityracks.housenum": null, "cityracks.installed": null, "cityracks.large": null, "cityracks.rackid": null, "cityracks.small": null, "cityracks.street": null, "bicycle_parking": null, "covered": null, "addr:country": null, "indoor_seating": null, "outdoor_seating": null, "cuisine": null, "payment:mastercard": null, "payment:visa": null, "shop": "supermarket", "black_owned": null, "opening_hours": null, "takeaway": null, "drink:beer": null, "drink:espresso": null, "drink:wine": null, "cocktails": null, "drink:liquor": null, "note": null, "fee": null, "disused:website": null, "diet:halal": null, "atm": null, "beauty": null, "delivery": null, "official_name": null, "drink:coffee": null, "check_date:opening_hours": null, "dispensing": null, "healthcare": null, "level": null, "happy_hours": null, "addr:housename": null, "bicycle_rental": null, "network": null, "network:wikidata": null, "network:wikipedia": null, "ref": null, "ref:gbfs": null, "second_hand": null, "diet:vegetarian": null, "drink:byob": null, "drink:tea": null, "fax": null, "craft": null, "payment:cards": null, "payment:cash": null, "payment:credit_cards": null, "payment:debit_cards": null, "drive_through": null, "tobacco": null, "opening_hours:signed": null, "diet:vegan": null, "dry_cleaning": null, "branch": null, "drink:sake": null, "contact:facebook": null, "contact:instagram": null, "contact:twitter": null, "internet_access": null, "internet_access:fee": null, "trade": null, "pawnbroker": null, "clothes": null, "bar": null, "addr:unit": null, "smoking": null, "walkup_window": null, "email": null, "leisure": null, "toilets": null, "toilets:access": null, "toilets:unisex": null, "toilets:wheelchair": null, "opening_hours:kitchen": null, "office": null, "social_facility": null, "collection_times": null, "sport": null, "check_date:service:bicycle:pump": null, "service:bicycle:pump": null, "fixme:atp": null, "fixme": null, "payment:apple_pay": null, "payment:contactless": null, "payment:financing": null, "payment:samsung_pay": null, "diet:kosher": null, "female": null, "male": null, "payment:ebt": null, "payment:coins": null, "reservation": null, "website:menu": null, "website:reservation": null, "live_music": null, "addr:place": null, "contact:website": null, "diet:gluten_free": null, "diet:pescetarian": null, "contact:email": null, "description": null, "route_ref": null, "vending": null, "drink:cocktail": null, "recycling": null, "recycling:cans": null, "recycling:glass_bottles": null, "recycling:plastic_bottles": null, "recycling_type": null, "backrest": null, "fountain": null, "contact:sms": null, "drink:bubble_tea": null, "check_date:diet:vegetarian": null, "contact:phone": null, "note:opening_hours": null, "community_centre:for": null, "lgbtq": null, "laundry_service": null, "self_service": null, "animal_boarding": null, "stroller": null, "instagram": null, "service:knife_sharpening": null, "building": null, "laptop": null, "community_centre": null, "catering": null, "survey:date": null, "phases": null, "not:brand:wikidata": null, "payment:american_express": null, "payment:discover_card": null, "start_date": null, "florist": null, "clothes:printing": null, "material": null, "toilets:disposal": null, "organic": null, "seats": null, "waste": null, "min_age": null, "cinema": null, "check_date:capacity": null, "access": null, "service:notary": null, "recycling:compost": null, "tourism": null, "recycling:food_waste": null, "recycling:green_waste": null, "hairdresser": null, "air_conditioning": null, "food": null, "public_bookcase:type": null, "addr:floor": null, "social_facility:for": null, "bottle": null, "address": null, "operating_hours": null, "payment:paypal": null, "healthcare:speciality": null, "parking": null, "armrest": null, "seats:separated": null, "two_sided": null, "operational_status": null, "direction": null, "fast_food": null, "height": null, "nycdoitt:bin": null, "building:levels": null, "fuel:propane": null, "addr:full": null, "layer": null, "service_times": null, "name:etymology:wikidata": null, "roof:levels": null, "disused:amenity": null, "operator:official": null, "building:material": null, "emergency": null, "surface": null, "shelter_type": null, "mascot": null, "polling_station": null, "beds": null, "wikipedia": null, "atm:operator": null, "barrier": null, "name:etymology": null, "theatre:type": null, "capacity:disabled": null, "books": null, "type": null, "nbhd": "bedstuy", "compressed_air": null, "opening_hours:covid19": null, "playground": null, "drink:sangria": null, "name:es": null, "indoor": null, "information": null, "lgbtq:trans": null, "currency:USD": null, "service:bicycle:repair": null, "street_vendor": null, "colour": null, "location": null, "recycling:glass": null, "recycling:paper": null, "recycling:plastic": null, "contact:fax": null, "facebook": null, "grades": null, "brand:website": null, "opening_hours:drive_through": null, "education": null, "maxstay": null, "fenced": null, "drinking_water": null, "grade": null, "category": "Grocery", "weight_min": 7, "weight_max": 9 }, "geometry": { "type": "Point", "coordinates": [ 1003452.983875461155549, 191443.164893638080684 ] } },
{ "type": "Feature", "properties": { "element": "node", "id": 2567986503, "amenity": null, "ele": null, "gnis:feature_id": null, "name": "Lincoln Market", "wikidata": null, "old_name": null, "phone": "+1-718-782-3500", "website": "https://www.lincolnmarket.com", "wheelchair": null, "denomination": null, "religion": null, "addr:housenumber": "633", "addr:postcode": "11206", "addr:street": "Marcy Avenue", "check_date": null, "addr:city": null, "addr:state": null, "alt_name": null, "brand": null, "brand:wikidata": null, "operator": null, "operator:short": null, "operator:type": null, "operator:website": null, "operator:wikidata": null, "operator:wikipedia": null, "postal_code": null, "short_name": null, "source": null, "capacity": null, "cityracks.housenum": null, "cityracks.installed": null, "cityracks.large": null, "cityracks.rackid": null, "cityracks.small": null, "cityracks.street": null, "bicycle_parking": null, "covered": null, "addr:country": null, "indoor_seating": null, "outdoor_seating": null, "cuisine": null, "payment:mastercard": null, "payment:visa": null, "shop": "supermarket", "black_owned": null, "opening_hours": "Mo-Su 07:00-22:00", "takeaway": null, "drink:beer": null, "drink:espresso": null, "drink:wine": null, "cocktails": null, "drink:liquor": null, "note": null, "fee": null, "disused:website": null, "diet:halal": null, "atm": null, "beauty": null, "delivery": null, "official_name": null, "drink:coffee": null, "check_date:opening_hours": null, "dispensing": null, "healthcare": null, "level": null, "happy_hours": null, "addr:housename": null, "bicycle_rental": null, "network": null, "network:wikidata": null, "network:wikipedia": null, "ref": null, "ref:gbfs": null, "second_hand": null, "diet:vegetarian": null, "drink:byob": null, "drink:tea": null, "fax": null, "craft": null, "payment:cards": null, "payment:cash": null, "payment:credit_cards": null, "payment:debit_cards": null, "drive_through": null, "tobacco": null, "opening_hours:signed": null, "diet:vegan": null, "dry_cleaning": null, "branch": null, "drink:sake": null, "contact:facebook": null, "contact:instagram": null, "contact:twitter": null, "internet_access": null, "internet_access:fee": null, "trade": null, "pawnbroker": null, "clothes": null, "bar": null, "addr:unit": null, "smoking": null, "walkup_window": null, "email": null, "leisure": null, "toilets": null, "toilets:access": null, "toilets:unisex": null, "toilets:wheelchair": null, "opening_hours:kitchen": null, "office": null, "social_facility": null, "collection_times": null, "sport": null, "check_date:service:bicycle:pump": null, "service:bicycle:pump": null, "fixme:atp": null, "fixme": null, "payment:apple_pay": null, "payment:contactless": null, "payment:financing": null, "payment:samsung_pay": null, "diet:kosher": null, "female": null, "male": null, "payment:ebt": null, "payment:coins": null, "reservation": null, "website:menu": null, "website:reservation": null, "live_music": null, "addr:place": null, "contact:website": null, "diet:gluten_free": null, "diet:pescetarian": null, "contact:email": null, "description": null, "route_ref": null, "vending": null, "drink:cocktail": null, "recycling": null, "recycling:cans": null, "recycling:glass_bottles": null, "recycling:plastic_bottles": null, "recycling_type": null, "backrest": null, "fountain": null, "contact:sms": null, "drink:bubble_tea": null, "check_date:diet:vegetarian": null, "contact:phone": null, "note:opening_hours": null, "community_centre:for": null, "lgbtq": null, "laundry_service": null, "self_service": null, "animal_boarding": null, "stroller": null, "instagram": null, "service:knife_sharpening": null, "building": null, "laptop": null, "community_centre": null, "catering": null, "survey:date": null, "phases": null, "not:brand:wikidata": null, "payment:american_express": null, "payment:discover_card": null, "start_date": null, "florist": null, "clothes:printing": null, "material": null, "toilets:disposal": null, "organic": null, "seats": null, "waste": null, "min_age": null, "cinema": null, "check_date:capacity": null, "access": null, "service:notary": null, "recycling:compost": null, "tourism": null, "recycling:food_waste": null, "recycling:green_waste": null, "hairdresser": null, "air_conditioning": null, "food": null, "public_bookcase:type": null, "addr:floor": null, "social_facility:for": null, "bottle": null, "address": null, "operating_hours": null, "payment:paypal": null, "healthcare:speciality": null, "parking": null, "armrest": null, "seats:separated": null, "two_sided": null, "operational_status": null, "direction": null, "fast_food": null, "height": null, "nycdoitt:bin": null, "building:levels": null, "fuel:propane": null, "addr:full": null, "layer": null, "service_times": null, "name:etymology:wikidata": null, "roof:levels": null, "disused:amenity": null, "operator:official": null, "building:material": null, "emergency": null, "surface": null, "shelter_type": null, "mascot": null, "polling_station": null, "beds": null, "wikipedia": null, "atm:operator": null, "barrier": null, "name:etymology": null, "theatre:type": null, "capacity:disabled": null, "books": null, "type": null, "nbhd": "bedstuy", "compressed_air": null, "opening_hours:covid19": null, "playground": null, "drink:sangria": null, "name:es": null, "indoor": null, "information": null, "lgbtq:trans": null, "currency:USD": null, "service:bicycle:repair": null, "street_vendor": null, "colour": null, "location": null, "recycling:glass": null, "recycling:paper": null, "recycling:plastic": null, "contact:fax": null, "facebook": null, "grades": null, "brand:website": null, "opening_hours:drive_through": null, "education": null, "maxstay": null, "fenced": null, "drinking_water": null, "grade": null, "category": "Grocery", "weight_min": 7, "weight_max": 9 }, "geometry": { "type": "Point", "coordinates": [ 998511.969460533349775, 191725.857583417207934 ] } },
{ "type": "Feature", "properties": { "element": "node", "id": 2605399145, "amenity": null, "ele": null, "gnis:feature_id": null, "name": "Chestnut", "wikidata": null, "old_name": null, "phone": "+1-718-388-1200", "website": "https://chestnutsupermarket.com", "wheelchair": null, "denomination": null, "religion": null, "addr:housenumber": "700", "addr:postcode": "11205", "addr:street": "Myrtle Avenue", "check_date": null, "addr:city": null, "addr:state": null, "alt_name": null, "brand": null, "brand:wikidata": null, "operator": null, "operator:short": null, "operator:type": null, "operator:website": null, "operator:wikidata": null, "operator:wikipedia": null, "postal_code": null, "short_name": null, "source": null, "capacity": null, "cityracks.housenum": null, "cityracks.installed": null, "cityracks.large": null, "cityracks.rackid": null, "cityracks.small": null, "cityracks.street": null, "bicycle_parking": null, "covered": null, "addr:country": null, "indoor_seating": null, "outdoor_seating": null, "cuisine": null, "payment:mastercard": null, "payment:visa": null, "shop": "supermarket", "black_owned": null, "opening_hours": "Mo-Th 09:00-21:00; Fr 09:00-12:30; Su 09:00-21:00", "takeaway": null, "drink:beer": null, "drink:espresso": null, "drink:wine": null, "cocktails": null, "drink:liquor": null, "note": null, "fee": null, "disused:website": null, "diet:halal": null, "atm": null, "beauty": null, "delivery": null, "official_name": null, "drink:coffee": null, "check_date:opening_hours": null, "dispensing": null, "healthcare": null, "level": null, "happy_hours": null, "addr:housename": null, "bicycle_rental": null, "network": null, "network:wikidata": null, "network:wikipedia": null, "ref": null, "ref:gbfs": null, "second_hand": null, "diet:vegetarian": null, "drink:byob": null, "drink:tea": null, "fax": null, "craft": null, "payment:cards": null, "payment:cash": null, "payment:credit_cards": null, "payment:debit_cards": null, "drive_through": null, "tobacco": null, "opening_hours:signed": null, "diet:vegan": null, "dry_cleaning": null, "branch": null, "drink:sake": null, "contact:facebook": null, "contact:instagram": null, "contact:twitter": null, "internet_access": null, "internet_access:fee": null, "trade": null, "pawnbroker": null, "clothes": null, "bar": null, "addr:unit": null, "smoking": null, "walkup_window": null, "email": null, "leisure": null, "toilets": null, "toilets:access": null, "toilets:unisex": null, "toilets:wheelchair": null, "opening_hours:kitchen": null, "office": null, "social_facility": null, "collection_times": null, "sport": null, "check_date:service:bicycle:pump": null, "service:bicycle:pump": null, "fixme:atp": null, "fixme": null, "payment:apple_pay": null, "payment:contactless": null, "payment:financing": null, "payment:samsung_pay": null, "diet:kosher": "yes", "female": null, "male": null, "payment:ebt": null, "payment:coins": null, "reservation": null, "website:menu": null, "website:reservation": null, "live_music": null, "addr:place": null, "contact:website": null, "diet:gluten_free": null, "diet:pescetarian": null, "contact:email": null, "description": null, "route_ref": null, "vending": null, "drink:cocktail": null, "recycling": null, "recycling:cans": null, "recycling:glass_bottles": null, "recycling:plastic_bottles": null, "recycling_type": null, "backrest": null, "fountain": null, "contact:sms": null, "drink:bubble_tea": null, "check_date:diet:vegetarian": null, "contact:phone": null, "note:opening_hours": null, "community_centre:for": null, "lgbtq": null, "laundry_service": null, "self_service": null, "animal_boarding": null, "stroller": null, "instagram": null, "service:knife_sharpening": null, "building": null, "laptop": null, "community_centre": null, "catering": null, "survey:date": null, "phases": null, "not:brand:wikidata": null, "payment:american_express": null, "payment:discover_card": null, "start_date": null, "florist": null, "clothes:printing": null, "material": null, "toilets:disposal": null, "organic": null, "seats": null, "waste": null, "min_age": null, "cinema": null, "check_date:capacity": null, "access": null, "service:notary": null, "recycling:compost": null, "tourism": null, "recycling:food_waste": null, "recycling:green_waste": null, "hairdresser": null, "air_conditioning": null, "food": null, "public_bookcase:type": null, "addr:floor": null, "social_facility:for": null, "bottle": null, "address": null, "operating_hours": null, "payment:paypal": null, "healthcare:speciality": null, "parking": null, "armrest": null, "seats:separated": null, "two_sided": null, "operational_status": null, "direction": null, "fast_food": null, "height": null, "nycdoitt:bin": null, "building:levels": null, "fuel:propane": null, "addr:full": null, "layer": null, "service_times": null, "name:etymology:wikidata": null, "roof:levels": null, "disused:amenity": null, "operator:official": null, "building:material": null, "emergency": null, "surface": null, "shelter_type": null, "mascot": null, "polling_station": null, "beds": null, "wikipedia": null, "atm:operator": null, "barrier": null, "name:etymology": null, "theatre:type": null, "capacity:disabled": null, "books": null, "type": null, "nbhd": "bedstuy", "compressed_air": null, "opening_hours:covid19": null, "playground": null, "drink:sangria": null, "name:es": null, "indoor": null, "information": null, "lgbtq:trans": null, "currency:USD": null, "service:bicycle:repair": null, "street_vendor": null, "colour": null, "location": null, "recycling:glass": null, "recycling:paper": null, "recycling:plastic": null, "contact:fax": null, "facebook": null, "grades": null, "brand:website": null, "opening_hours:drive_through": null, "education": null, "maxstay": null, "fenced": null, "drinking_water": null, "grade": null, "category": "Grocery", "weight_min": 7, "weight_max": 9 }, "geometry": { "type": "Point", "coordinates": [ 996629.113556967233308, 192320.828290364588611 ] } },
{ "type": "Feature", "properties": { "element": "node", "id": 4035635916, "amenity": null, "ele": null, "gnis:feature_id": null, "name": "Shop Fair", "wikidata": null, "old_name": null, "phone": "+1-718-398-2700", "website": "https://shopfairsupermarkets.com", "wheelchair": null, "denomination": null, "religion": null, "addr:housenumber": null, "addr:postcode": null, "addr:street": null, "check_date": null, "addr:city": null, "addr:state": null, "alt_name": null, "brand": null, "brand:wikidata": null, "operator": null, "operator:short": null, "operator:type": null, "operator:website": null, "operator:wikidata": null, "operator:wikipedia": null, "postal_code": null, "short_name": null, "source": null, "capacity": null, "cityracks.housenum": null, "cityracks.installed": null, "cityracks.large": null, "cityracks.rackid": null, "cityracks.small": null, "cityracks.street": null, "bicycle_parking": null, "covered": null, "addr:country": null, "indoor_seating": null, "outdoor_seating": null, "cuisine": null, "payment:mastercard": null, "payment:visa": null, "shop": "supermarket", "black_owned": null, "opening_hours": "Mo-Sa 07:00-21:30; Su 08:00-20:00", "takeaway": null, "drink:beer": "yes", "drink:espresso": null, "drink:wine": null, "cocktails": null, "drink:liquor": null, "note": null, "fee": null, "disused:website": null, "diet:halal": null, "atm": "yes", "beauty": null, "delivery": null, "official_name": null, "drink:coffee": null, "check_date:opening_hours": null, "dispensing": null, "healthcare": null, "level": null, "happy_hours": null, "addr:housename": null, "bicycle_rental": null, "network": null, "network:wikidata": null, "network:wikipedia": null, "ref": null, "ref:gbfs": null, "second_hand": null, "diet:vegetarian": null, "drink:byob": null, "drink:tea": null, "fax": null, "craft": null, "payment:cards": null, "payment:cash": null, "payment:credit_cards": null, "payment:debit_cards": null, "drive_through": null, "tobacco": null, "opening_hours:signed": null, "diet:vegan": null, "dry_cleaning": null, "branch": null, "drink:sake": null, "contact:facebook": null, "contact:instagram": null, "contact:twitter": null, "internet_access": null, "internet_access:fee": null, "trade": null, "pawnbroker": null, "clothes": null, "bar": null, "addr:unit": null, "smoking": null, "walkup_window": null, "email": null, "leisure": null, "toilets": null, "toilets:access": null, "toilets:unisex": null, "toilets:wheelchair": null, "opening_hours:kitchen": null, "office": null, "social_facility": null, "collection_times": null, "sport": null, "check_date:service:bicycle:pump": null, "service:bicycle:pump": null, "fixme:atp": null, "fixme": null, "payment:apple_pay": null, "payment:contactless": null, "payment:financing": null, "payment:samsung_pay": null, "diet:kosher": null, "female": null, "male": null, "payment:ebt": null, "payment:coins": null, "reservation": null, "website:menu": null, "website:reservation": null, "live_music": null, "addr:place": null, "contact:website": null, "diet:gluten_free": null, "diet:pescetarian": null, "contact:email": null, "description": null, "route_ref": null, "vending": null, "drink:cocktail": null, "recycling": null, "recycling:cans": null, "recycling:glass_bottles": null, "recycling:plastic_bottles": null, "recycling_type": null, "backrest": null, "fountain": null, "contact:sms": null, "drink:bubble_tea": null, "check_date:diet:vegetarian": null, "contact:phone": null, "note:opening_hours": null, "community_centre:for": null, "lgbtq": null, "laundry_service": null, "self_service": null, "animal_boarding": null, "stroller": null, "instagram": null, "service:knife_sharpening": null, "building": null, "laptop": null, "community_centre": null, "catering": null, "survey:date": null, "phases": null, "not:brand:wikidata": null, "payment:american_express": null, "payment:discover_card": null, "start_date": null, "florist": null, "clothes:printing": null, "material": null, "toilets:disposal": null, "organic": null, "seats": null, "waste": null, "min_age": null, "cinema": null, "check_date:capacity": null, "access": null, "service:notary": null, "recycling:compost": null, "tourism": null, "recycling:food_waste": null, "recycling:green_waste": null, "hairdresser": null, "air_conditioning": null, "food": null, "public_bookcase:type": null, "addr:floor": null, "social_facility:for": null, "bottle": null, "address": null, "operating_hours": null, "payment:paypal": null, "healthcare:speciality": null, "parking": null, "armrest": null, "seats:separated": null, "two_sided": null, "operational_status": null, "direction": null, "fast_food": null, "height": null, "nycdoitt:bin": null, "building:levels": null, "fuel:propane": null, "addr:full": null, "layer": null, "service_times": null, "name:etymology:wikidata": null, "roof:levels": null, "disused:amenity": null, "operator:official": null, "building:material": null, "emergency": null, "surface": null, "shelter_type": null, "mascot": null, "polling_station": null, "beds": null, "wikipedia": null, "atm:operator": null, "barrier": null, "name:etymology": null, "theatre:type": null, "capacity:disabled": null, "books": null, "type": null, "nbhd": "bedstuy", "compressed_air": null, "opening_hours:covid19": null, "playground": null, "drink:sangria": null, "name:es": null, "indoor": null, "information": null, "lgbtq:trans": null, "currency:USD": null, "service:bicycle:repair": null, "street_vendor": null, "colour": null, "location": null, "recycling:glass": null, "recycling:paper": null, "recycling:plastic": null, "contact:fax": null, "facebook": null, "grades": null, "brand:website": null, "opening_hours:drive_through": null, "education": null, "maxstay": null, "fenced": null, "drinking_water": null, "grade": null, "category": "Grocery", "weight_min": 7, "weight_max": 9 }, "geometry": { "type": "Point", "coordinates": [ 996272.45470652601216, 187557.688837241672445 ] } },
{ "type": "Feature", "properties": { "element": "node", "id": 4077394490, "amenity": null, "ele": null, "gnis:feature_id": null, "name": "Associated Supermarket", "wikidata": null, "old_name": null, "phone": "+1-718-778-8665", "website": "https://www.shopassociated.com/weekly-ad/?circularstoreidentifier=7VSR2R9NT003LF1IEA9GG50KF5BO5GJDQW6INW", "wheelchair": null, "denomination": null, "religion": null, "addr:housenumber": null, "addr:postcode": null, "addr:street": null, "check_date": null, "addr:city": null, "addr:state": null, "alt_name": null, "brand": null, "brand:wikidata": null, "operator": null, "operator:short": null, "operator:type": null, "operator:website": null, "operator:wikidata": null, "operator:wikipedia": null, "postal_code": null, "short_name": null, "source": null, "capacity": null, "cityracks.housenum": null, "cityracks.installed": null, "cityracks.large": null, "cityracks.rackid": null, "cityracks.small": null, "cityracks.street": null, "bicycle_parking": null, "covered": null, "addr:country": null, "indoor_seating": null, "outdoor_seating": null, "cuisine": null, "payment:mastercard": null, "payment:visa": null, "shop": "supermarket", "black_owned": null, "opening_hours": "Mo-Sa 08:00-20:00, Su 08:00-18:00", "takeaway": null, "drink:beer": "yes", "drink:espresso": null, "drink:wine": null, "cocktails": null, "drink:liquor": null, "note": null, "fee": null, "disused:website": null, "diet:halal": null, "atm": null, "beauty": null, "delivery": null, "official_name": null, "drink:coffee": null, "check_date:opening_hours": null, "dispensing": null, "healthcare": null, "level": null, "happy_hours": null, "addr:housename": null, "bicycle_rental": null, "network": null, "network:wikidata": null, "network:wikipedia": null, "ref": null, "ref:gbfs": null, "second_hand": null, "diet:vegetarian": null, "drink:byob": null, "drink:tea": null, "fax": null, "craft": null, "payment:cards": null, "payment:cash": null, "payment:credit_cards": null, "payment:debit_cards": null, "drive_through": null, "tobacco": null, "opening_hours:signed": null, "diet:vegan": null, "dry_cleaning": null, "branch": null, "drink:sake": null, "contact:facebook": null, "contact:instagram": null, "contact:twitter": null, "internet_access": null, "internet_access:fee": null, "trade": null, "pawnbroker": null, "clothes": null, "bar": null, "addr:unit": null, "smoking": null, "walkup_window": null, "email": null, "leisure": null, "toilets": null, "toilets:access": null, "toilets:unisex": null, "toilets:wheelchair": null, "opening_hours:kitchen": null, "office": null, "social_facility": null, "collection_times": null, "sport": null, "check_date:service:bicycle:pump": null, "service:bicycle:pump": null, "fixme:atp": null, "fixme": null, "payment:apple_pay": null, "payment:contactless": null, "payment:financing": null, "payment:samsung_pay": null, "diet:kosher": null, "female": null, "male": null, "payment:ebt": null, "payment:coins": null, "reservation": null, "website:menu": null, "website:reservation": null, "live_music": null, "addr:place": null, "contact:website": null, "diet:gluten_free": null, "diet:pescetarian": null, "contact:email": null, "description": null, "route_ref": null, "vending": null, "drink:cocktail": null, "recycling": null, "recycling:cans": null, "recycling:glass_bottles": null, "recycling:plastic_bottles": null, "recycling_type": null, "backrest": null, "fountain": null, "contact:sms": null, "drink:bubble_tea": null, "check_date:diet:vegetarian": null, "contact:phone": null, "note:opening_hours": null, "community_centre:for": null, "lgbtq": null, "laundry_service": null, "self_service": null, "animal_boarding": null, "stroller": null, "instagram": null, "service:knife_sharpening": null, "building": null, "laptop": null, "community_centre": null, "catering": null, "survey:date": null, "phases": null, "not:brand:wikidata": null, "payment:american_express": null, "payment:discover_card": null, "start_date": null, "florist": null, "clothes:printing": null, "material": null, "toilets:disposal": null, "organic": null, "seats": null, "waste": null, "min_age": null, "cinema": null, "check_date:capacity": null, "access": null, "service:notary": null, "recycling:compost": null, "tourism": null, "recycling:food_waste": null, "recycling:green_waste": null, "hairdresser": null, "air_conditioning": null, "food": null, "public_bookcase:type": null, "addr:floor": null, "social_facility:for": null, "bottle": null, "address": null, "operating_hours": null, "payment:paypal": null, "healthcare:speciality": null, "parking": null, "armrest": null, "seats:separated": null, "two_sided": null, "operational_status": null, "direction": null, "fast_food": null, "height": null, "nycdoitt:bin": null, "building:levels": null, "fuel:propane": null, "addr:full": null, "layer": null, "service_times": null, "name:etymology:wikidata": null, "roof:levels": null, "disused:amenity": null, "operator:official": null, "building:material": null, "emergency": null, "surface": null, "shelter_type": null, "mascot": null, "polling_station": null, "beds": null, "wikipedia": null, "atm:operator": null, "barrier": null, "name:etymology": null, "theatre:type": null, "capacity:disabled": null, "books": null, "type": null, "nbhd": "bedstuy", "compressed_air": null, "opening_hours:covid19": null, "playground": null, "drink:sangria": null, "name:es": null, "indoor": null, "information": null, "lgbtq:trans": null, "currency:USD": null, "service:bicycle:repair": null, "street_vendor": null, "colour": null, "location": null, "recycling:glass": null, "recycling:paper": null, "recycling:plastic": null, "contact:fax": null, "facebook": null, "grades": null, "brand:website": null, "opening_hours:drive_through": null, "education": null, "maxstay": null, "fenced": null, "drinking_water": null, "grade": null, "category": "Grocery", "weight_min": 7, "weight_max": 9 }, "geometry": { "type": "Point", "coordinates": [ 1005372.293102840310894, 186615.859702141344314 ] } },
{ "type": "Feature", "properties": { "element": "node", "id": 4431954770, "amenity": null, "ele": null, "gnis:feature_id": null, "name": "Lily Fruit & Vegetables", "wikidata": null, "old_name": null, "phone": null, "website": null, "wheelchair": null, "denomination": null, "religion": null, "addr:housenumber": "1932", "addr:postcode": "11233", "addr:street": "Fulton Street", "check_date": null, "addr:city": null, "addr:state": null, "alt_name": null, "brand": null, "brand:wikidata": null, "operator": null, "operator:short": null, "operator:type": null, "operator:website": null, "operator:wikidata": null, "operator:wikipedia": null, "postal_code": null, "short_name": null, "source": null, "capacity": null, "cityracks.housenum": null, "cityracks.installed": null, "cityracks.large": null, "cityracks.rackid": null, "cityracks.small": null, "cityracks.street": null, "bicycle_parking": null, "covered": null, "addr:country": null, "indoor_seating": null, "outdoor_seating": null, "cuisine": null, "payment:mastercard": null, "payment:visa": null, "shop": "greengrocer", "black_owned": null, "opening_hours": null, "takeaway": null, "drink:beer": null, "drink:espresso": null, "drink:wine": null, "cocktails": null, "drink:liquor": null, "note": null, "fee": null, "disused:website": null, "diet:halal": null, "atm": null, "beauty": null, "delivery": null, "official_name": null, "drink:coffee": null, "check_date:opening_hours": null, "dispensing": null, "healthcare": null, "level": null, "happy_hours": null, "addr:housename": null, "bicycle_rental": null, "network": null, "network:wikidata": null, "network:wikipedia": null, "ref": null, "ref:gbfs": null, "second_hand": null, "diet:vegetarian": null, "drink:byob": null, "drink:tea": null, "fax": null, "craft": null, "payment:cards": null, "payment:cash": null, "payment:credit_cards": null, "payment:debit_cards": null, "drive_through": null, "tobacco": null, "opening_hours:signed": null, "diet:vegan": null, "dry_cleaning": null, "branch": null, "drink:sake": null, "contact:facebook": null, "contact:instagram": null, "contact:twitter": null, "internet_access": null, "internet_access:fee": null, "trade": null, "pawnbroker": null, "clothes": null, "bar": null, "addr:unit": null, "smoking": null, "walkup_window": null, "email": null, "leisure": null, "toilets": null, "toilets:access": null, "toilets:unisex": null, "toilets:wheelchair": null, "opening_hours:kitchen": null, "office": null, "social_facility": null, "collection_times": null, "sport": null, "check_date:service:bicycle:pump": null, "service:bicycle:pump": null, "fixme:atp": null, "fixme": "all details", "payment:apple_pay": null, "payment:contactless": null, "payment:financing": null, "payment:samsung_pay": null, "diet:kosher": null, "female": null, "male": null, "payment:ebt": null, "payment:coins": null, "reservation": null, "website:menu": null, "website:reservation": null, "live_music": null, "addr:place": null, "contact:website": null, "diet:gluten_free": null, "diet:pescetarian": null, "contact:email": null, "description": null, "route_ref": null, "vending": null, "drink:cocktail": null, "recycling": null, "recycling:cans": null, "recycling:glass_bottles": null, "recycling:plastic_bottles": null, "recycling_type": null, "backrest": null, "fountain": null, "contact:sms": null, "drink:bubble_tea": null, "check_date:diet:vegetarian": null, "contact:phone": null, "note:opening_hours": null, "community_centre:for": null, "lgbtq": null, "laundry_service": null, "self_service": null, "animal_boarding": null, "stroller": null, "instagram": null, "service:knife_sharpening": null, "building": null, "laptop": null, "community_centre": null, "catering": null, "survey:date": null, "phases": null, "not:brand:wikidata": null, "payment:american_express": null, "payment:discover_card": null, "start_date": null, "florist": null, "clothes:printing": null, "material": null, "toilets:disposal": null, "organic": null, "seats": null, "waste": null, "min_age": null, "cinema": null, "check_date:capacity": null, "access": null, "service:notary": null, "recycling:compost": null, "tourism": null, "recycling:food_waste": null, "recycling:green_waste": null, "hairdresser": null, "air_conditioning": null, "food": null, "public_bookcase:type": null, "addr:floor": null, "social_facility:for": null, "bottle": null, "address": null, "operating_hours": null, "payment:paypal": null, "healthcare:speciality": null, "parking": null, "armrest": null, "seats:separated": null, "two_sided": null, "operational_status": null, "direction": null, "fast_food": null, "height": null, "nycdoitt:bin": null, "building:levels": null, "fuel:propane": null, "addr:full": null, "layer": null, "service_times": null, "name:etymology:wikidata": null, "roof:levels": null, "disused:amenity": null, "operator:official": null, "building:material": null, "emergency": null, "surface": null, "shelter_type": null, "mascot": null, "polling_station": null, "beds": null, "wikipedia": null, "atm:operator": null, "barrier": null, "name:etymology": null, "theatre:type": null, "capacity:disabled": null, "books": null, "type": null, "nbhd": "bedstuy", "compressed_air": null, "opening_hours:covid19": null, "playground": null, "drink:sangria": null, "name:es": null, "indoor": null, "information": null, "lgbtq:trans": null, "currency:USD": null, "service:bicycle:repair": null, "street_vendor": null, "colour": null, "location": null, "recycling:glass": null, "recycling:paper": null, "recycling:plastic": null, "contact:fax": null, "facebook": null, "grades": null, "brand:website": null, "opening_hours:drive_through": null, "education": null, "maxstay": null, "fenced": null, "drinking_water": null, "grade": null, "category": "Grocery", "weight_min": 7, "weight_max": 9 }, "geometry": { "type": "Point", "coordinates": [ 1005937.801209781784564, 186576.10088216944132 ] } },
{ "type": "Feature", "properties": { "element": "node", "id": 5221020120, "amenity": null, "ele": null, "gnis:feature_id": null, "name": "Natural Farmer's Market", "wikidata": null, "old_name": null, "phone": null, "website": null, "wheelchair": null, "denomination": null, "religion": null, "addr:housenumber": null, "addr:postcode": null, "addr:street": null, "check_date": null, "addr:city": null, "addr:state": null, "alt_name": null, "brand": null, "brand:wikidata": null, "operator": null, "operator:short": null, "operator:type": null, "operator:website": null, "operator:wikidata": null, "operator:wikipedia": null, "postal_code": null, "short_name": null, "source": null, "capacity": null, "cityracks.housenum": null, "cityracks.installed": null, "cityracks.large": null, "cityracks.rackid": null, "cityracks.small": null, "cityracks.street": null, "bicycle_parking": null, "covered": null, "addr:country": null, "indoor_seating": null, "outdoor_seating": null, "cuisine": null, "payment:mastercard": null, "payment:visa": null, "shop": "greengrocer", "black_owned": null, "opening_hours": null, "takeaway": null, "drink:beer": null, "drink:espresso": null, "drink:wine": null, "cocktails": null, "drink:liquor": null, "note": null, "fee": null, "disused:website": null, "diet:halal": null, "atm": null, "beauty": null, "delivery": null, "official_name": null, "drink:coffee": null, "check_date:opening_hours": null, "dispensing": null, "healthcare": null, "level": null, "happy_hours": null, "addr:housename": null, "bicycle_rental": null, "network": null, "network:wikidata": null, "network:wikipedia": null, "ref": null, "ref:gbfs": null, "second_hand": null, "diet:vegetarian": null, "drink:byob": null, "drink:tea": null, "fax": null, "craft": null, "payment:cards": null, "payment:cash": null, "payment:credit_cards": null, "payment:debit_cards": null, "drive_through": null, "tobacco": null, "opening_hours:signed": null, "diet:vegan": null, "dry_cleaning": null, "branch": null, "drink:sake": null, "contact:facebook": null, "contact:instagram": null, "contact:twitter": null, "internet_access": null, "internet_access:fee": null, "trade": null, "pawnbroker": null, "clothes": null, "bar": null, "addr:unit": null, "smoking": null, "walkup_window": null, "email": null, "leisure": null, "toilets": null, "toilets:access": null, "toilets:unisex": null, "toilets:wheelchair": null, "opening_hours:kitchen": null, "office": null, "social_facility": null, "collection_times": null, "sport": null, "check_date:service:bicycle:pump": null, "service:bicycle:pump": null, "fixme:atp": null, "fixme": null, "payment:apple_pay": null, "payment:contactless": null, "payment:financing": null, "payment:samsung_pay": null, "diet:kosher": null, "female": null, "male": null, "payment:ebt": null, "payment:coins": null, "reservation": null, "website:menu": null, "website:reservation": null, "live_music": null, "addr:place": null, "contact:website": null, "diet:gluten_free": null, "diet:pescetarian": null, "contact:email": null, "description": null, "route_ref": null, "vending": null, "drink:cocktail": null, "recycling": null, "recycling:cans": null, "recycling:glass_bottles": null, "recycling:plastic_bottles": null, "recycling_type": null, "backrest": null, "fountain": null, "contact:sms": null, "drink:bubble_tea": null, "check_date:diet:vegetarian": null, "contact:phone": null, "note:opening_hours": null, "community_centre:for": null, "lgbtq": null, "laundry_service": null, "self_service": null, "animal_boarding": null, "stroller": null, "instagram": null, "service:knife_sharpening": null, "building": null, "laptop": null, "community_centre": null, "catering": null, "survey:date": null, "phases": null, "not:brand:wikidata": null, "payment:american_express": null, "payment:discover_card": null, "start_date": null, "florist": null, "clothes:printing": null, "material": null, "toilets:disposal": null, "organic": null, "seats": null, "waste": null, "min_age": null, "cinema": null, "check_date:capacity": null, "access": null, "service:notary": null, "recycling:compost": null, "tourism": null, "recycling:food_waste": null, "recycling:green_waste": null, "hairdresser": null, "air_conditioning": null, "food": null, "public_bookcase:type": null, "addr:floor": null, "social_facility:for": null, "bottle": null, "address": null, "operating_hours": null, "payment:paypal": null, "healthcare:speciality": null, "parking": null, "armrest": null, "seats:separated": null, "two_sided": null, "operational_status": null, "direction": null, "fast_food": null, "height": null, "nycdoitt:bin": null, "building:levels": null, "fuel:propane": null, "addr:full": null, "layer": null, "service_times": null, "name:etymology:wikidata": null, "roof:levels": null, "disused:amenity": null, "operator:official": null, "building:material": null, "emergency": null, "surface": null, "shelter_type": null, "mascot": null, "polling_station": null, "beds": null, "wikipedia": null, "atm:operator": null, "barrier": null, "name:etymology": null, "theatre:type": null, "capacity:disabled": null, "books": null, "type": null, "nbhd": "bedstuy", "compressed_air": null, "opening_hours:covid19": null, "playground": null, "drink:sangria": null, "name:es": null, "indoor": null, "information": null, "lgbtq:trans": null, "currency:USD": null, "service:bicycle:repair": null, "street_vendor": null, "colour": null, "location": null, "recycling:glass": null, "recycling:paper": null, "recycling:plastic": null, "contact:fax": null, "facebook": null, "grades": null, "brand:website": null, "opening_hours:drive_through": null, "education": null, "maxstay": null, "fenced": null, "drinking_water": null, "grade": null, "category": "Grocery", "weight_min": 7, "weight_max": 9 }, "geometry": { "type": "Point", "coordinates": [ 998369.295706195989624, 187203.600665714708157 ] } },
{ "type": "Feature", "properties": { "element": "node", "id": 5605812654, "amenity": null, "ele": null, "gnis:feature_id": null, "name": "Associated", "wikidata": null, "old_name": null, "phone": null, "website": null, "wheelchair": null, "denomination": null, "religion": null, "addr:housenumber": "299", "addr:postcode": null, "addr:street": "Marcus Garvey Boulevard", "check_date": null, "addr:city": null, "addr:state": null, "alt_name": null, "brand": null, "brand:wikidata": null, "operator": null, "operator:short": null, "operator:type": null, "operator:website": null, "operator:wikidata": null, "operator:wikipedia": null, "postal_code": null, "short_name": null, "source": null, "capacity": null, "cityracks.housenum": null, "cityracks.installed": null, "cityracks.large": null, "cityracks.rackid": null, "cityracks.small": null, "cityracks.street": null, "bicycle_parking": null, "covered": null, "addr:country": null, "indoor_seating": null, "outdoor_seating": null, "cuisine": null, "payment:mastercard": null, "payment:visa": null, "shop": "supermarket", "black_owned": null, "opening_hours": null, "takeaway": null, "drink:beer": null, "drink:espresso": null, "drink:wine": null, "cocktails": null, "drink:liquor": null, "note": null, "fee": null, "disused:website": null, "diet:halal": null, "atm": null, "beauty": null, "delivery": null, "official_name": null, "drink:coffee": null, "check_date:opening_hours": null, "dispensing": null, "healthcare": null, "level": null, "happy_hours": null, "addr:housename": null, "bicycle_rental": null, "network": null, "network:wikidata": null, "network:wikipedia": null, "ref": null, "ref:gbfs": null, "second_hand": null, "diet:vegetarian": null, "drink:byob": null, "drink:tea": null, "fax": null, "craft": null, "payment:cards": null, "payment:cash": null, "payment:credit_cards": null, "payment:debit_cards": null, "drive_through": null, "tobacco": null, "opening_hours:signed": null, "diet:vegan": null, "dry_cleaning": null, "branch": null, "drink:sake": null, "contact:facebook": null, "contact:instagram": null, "contact:twitter": null, "internet_access": null, "internet_access:fee": null, "trade": null, "pawnbroker": null, "clothes": null, "bar": null, "addr:unit": null, "smoking": null, "walkup_window": null, "email": null, "leisure": null, "toilets": null, "toilets:access": null, "toilets:unisex": null, "toilets:wheelchair": null, "opening_hours:kitchen": null, "office": null, "social_facility": null, "collection_times": null, "sport": null, "check_date:service:bicycle:pump": null, "service:bicycle:pump": null, "fixme:atp": null, "fixme": null, "payment:apple_pay": null, "payment:contactless": null, "payment:financing": null, "payment:samsung_pay": null, "diet:kosher": null, "female": null, "male": null, "payment:ebt": null, "payment:coins": null, "reservation": null, "website:menu": null, "website:reservation": null, "live_music": null, "addr:place": null, "contact:website": null, "diet:gluten_free": null, "diet:pescetarian": null, "contact:email": null, "description": null, "route_ref": null, "vending": null, "drink:cocktail": null, "recycling": null, "recycling:cans": null, "recycling:glass_bottles": null, "recycling:plastic_bottles": null, "recycling_type": null, "backrest": null, "fountain": null, "contact:sms": null, "drink:bubble_tea": null, "check_date:diet:vegetarian": null, "contact:phone": null, "note:opening_hours": null, "community_centre:for": null, "lgbtq": null, "laundry_service": null, "self_service": null, "animal_boarding": null, "stroller": null, "instagram": null, "service:knife_sharpening": null, "building": null, "laptop": null, "community_centre": null, "catering": null, "survey:date": null, "phases": null, "not:brand:wikidata": null, "payment:american_express": null, "payment:discover_card": null, "start_date": null, "florist": null, "clothes:printing": null, "material": null, "toilets:disposal": null, "organic": null, "seats": null, "waste": null, "min_age": null, "cinema": null, "check_date:capacity": null, "access": null, "service:notary": null, "recycling:compost": null, "tourism": null, "recycling:food_waste": null, "recycling:green_waste": null, "hairdresser": null, "air_conditioning": null, "food": null, "public_bookcase:type": null, "addr:floor": null, "social_facility:for": null, "bottle": null, "address": null, "operating_hours": null, "payment:paypal": null, "healthcare:speciality": null, "parking": null, "armrest": null, "seats:separated": null, "two_sided": null, "operational_status": null, "direction": null, "fast_food": null, "height": null, "nycdoitt:bin": null, "building:levels": null, "fuel:propane": null, "addr:full": null, "layer": null, "service_times": null, "name:etymology:wikidata": null, "roof:levels": null, "disused:amenity": null, "operator:official": null, "building:material": null, "emergency": null, "surface": null, "shelter_type": null, "mascot": null, "polling_station": null, "beds": null, "wikipedia": null, "atm:operator": null, "barrier": null, "name:etymology": null, "theatre:type": null, "capacity:disabled": null, "books": null, "type": null, "nbhd": "bedstuy", "compressed_air": null, "opening_hours:covid19": null, "playground": null, "drink:sangria": null, "name:es": null, "indoor": null, "information": null, "lgbtq:trans": null, "currency:USD": null, "service:bicycle:repair": null, "street_vendor": null, "colour": null, "location": null, "recycling:glass": null, "recycling:paper": null, "recycling:plastic": null, "contact:fax": null, "facebook": null, "grades": null, "brand:website": null, "opening_hours:drive_through": null, "education": null, "maxstay": null, "fenced": null, "drinking_water": null, "grade": null, "category": "Grocery", "weight_min": 7, "weight_max": 9 }, "geometry": { "type": "Point", "coordinates": [ 1001251.629086234141141, 189558.551347732194699 ] } },
{ "type": "Feature", "properties": { "element": "node", "id": 6757905986, "amenity": null, "ele": null, "gnis:feature_id": null, "name": "Bravo", "wikidata": null, "old_name": null, "phone": null, "website": null, "wheelchair": null, "denomination": null, "religion": null, "addr:housenumber": null, "addr:postcode": null, "addr:street": null, "check_date": null, "addr:city": null, "addr:state": null, "alt_name": null, "brand": "Bravo", "brand:wikidata": "Q16985159", "operator": null, "operator:short": null, "operator:type": null, "operator:website": null, "operator:wikidata": null, "operator:wikipedia": null, "postal_code": null, "short_name": null, "source": null, "capacity": null, "cityracks.housenum": null, "cityracks.installed": null, "cityracks.large": null, "cityracks.rackid": null, "cityracks.small": null, "cityracks.street": null, "bicycle_parking": null, "covered": null, "addr:country": null, "indoor_seating": null, "outdoor_seating": null, "cuisine": null, "payment:mastercard": null, "payment:visa": null, "shop": "supermarket", "black_owned": null, "opening_hours": null, "takeaway": null, "drink:beer": null, "drink:espresso": null, "drink:wine": null, "cocktails": null, "drink:liquor": null, "note": null, "fee": null, "disused:website": null, "diet:halal": null, "atm": null, "beauty": null, "delivery": null, "official_name": null, "drink:coffee": null, "check_date:opening_hours": null, "dispensing": null, "healthcare": null, "level": null, "happy_hours": null, "addr:housename": null, "bicycle_rental": null, "network": null, "network:wikidata": null, "network:wikipedia": null, "ref": null, "ref:gbfs": null, "second_hand": null, "diet:vegetarian": null, "drink:byob": null, "drink:tea": null, "fax": null, "craft": null, "payment:cards": null, "payment:cash": null, "payment:credit_cards": null, "payment:debit_cards": null, "drive_through": null, "tobacco": null, "opening_hours:signed": null, "diet:vegan": null, "dry_cleaning": null, "branch": null, "drink:sake": null, "contact:facebook": null, "contact:instagram": null, "contact:twitter": null, "internet_access": null, "internet_access:fee": null, "trade": null, "pawnbroker": null, "clothes": null, "bar": null, "addr:unit": null, "smoking": null, "walkup_window": null, "email": null, "leisure": null, "toilets": null, "toilets:access": null, "toilets:unisex": null, "toilets:wheelchair": null, "opening_hours:kitchen": null, "office": null, "social_facility": null, "collection_times": null, "sport": null, "check_date:service:bicycle:pump": null, "service:bicycle:pump": null, "fixme:atp": null, "fixme": null, "payment:apple_pay": null, "payment:contactless": null, "payment:financing": null, "payment:samsung_pay": null, "diet:kosher": null, "female": null, "male": null, "payment:ebt": null, "payment:coins": null, "reservation": null, "website:menu": null, "website:reservation": null, "live_music": null, "addr:place": null, "contact:website": null, "diet:gluten_free": null, "diet:pescetarian": null, "contact:email": null, "description": null, "route_ref": null, "vending": null, "drink:cocktail": null, "recycling": null, "recycling:cans": null, "recycling:glass_bottles": null, "recycling:plastic_bottles": null, "recycling_type": null, "backrest": null, "fountain": null, "contact:sms": null, "drink:bubble_tea": null, "check_date:diet:vegetarian": null, "contact:phone": null, "note:opening_hours": null, "community_centre:for": null, "lgbtq": null, "laundry_service": null, "self_service": null, "animal_boarding": null, "stroller": null, "instagram": null, "service:knife_sharpening": null, "building": null, "laptop": null, "community_centre": null, "catering": null, "survey:date": null, "phases": null, "not:brand:wikidata": null, "payment:american_express": null, "payment:discover_card": null, "start_date": null, "florist": null, "clothes:printing": null, "material": null, "toilets:disposal": null, "organic": null, "seats": null, "waste": null, "min_age": null, "cinema": null, "check_date:capacity": null, "access": null, "service:notary": null, "recycling:compost": null, "tourism": null, "recycling:food_waste": null, "recycling:green_waste": null, "hairdresser": null, "air_conditioning": null, "food": null, "public_bookcase:type": null, "addr:floor": null, "social_facility:for": null, "bottle": null, "address": null, "operating_hours": null, "payment:paypal": null, "healthcare:speciality": null, "parking": null, "armrest": null, "seats:separated": null, "two_sided": null, "operational_status": null, "direction": null, "fast_food": null, "height": null, "nycdoitt:bin": null, "building:levels": null, "fuel:propane": null, "addr:full": null, "layer": null, "service_times": null, "name:etymology:wikidata": null, "roof:levels": null, "disused:amenity": null, "operator:official": null, "building:material": null, "emergency": null, "surface": null, "shelter_type": null, "mascot": null, "polling_station": null, "beds": null, "wikipedia": null, "atm:operator": null, "barrier": null, "name:etymology": null, "theatre:type": null, "capacity:disabled": null, "books": null, "type": null, "nbhd": "bedstuy", "compressed_air": null, "opening_hours:covid19": null, "playground": null, "drink:sangria": null, "name:es": null, "indoor": null, "information": null, "lgbtq:trans": null, "currency:USD": null, "service:bicycle:repair": null, "street_vendor": null, "colour": null, "location": null, "recycling:glass": null, "recycling:paper": null, "recycling:plastic": null, "contact:fax": null, "facebook": null, "grades": null, "brand:website": null, "opening_hours:drive_through": null, "education": null, "maxstay": null, "fenced": null, "drinking_water": null, "grade": null, "category": "Grocery", "weight_min": 7, "weight_max": 9 }, "geometry": { "type": "Point", "coordinates": [ 998328.716316668782383, 187205.799427395540988 ] } },
{ "type": "Feature", "properties": { "element": "node", "id": 6876131135, "amenity": null, "ele": null, "gnis:feature_id": null, "name": "C-Town", "wikidata": null, "old_name": null, "phone": "+1-718-230-7668", "website": null, "wheelchair": null, "denomination": null, "religion": null, "addr:housenumber": null, "addr:postcode": null, "addr:street": null, "check_date": null, "addr:city": null, "addr:state": null, "alt_name": null, "brand": "C-Town Supermarkets", "brand:wikidata": "Q5005929", "operator": null, "operator:short": null, "operator:type": null, "operator:website": null, "operator:wikidata": null, "operator:wikipedia": null, "postal_code": null, "short_name": null, "source": null, "capacity": null, "cityracks.housenum": null, "cityracks.installed": null, "cityracks.large": null, "cityracks.rackid": null, "cityracks.small": null, "cityracks.street": null, "bicycle_parking": null, "covered": null, "addr:country": null, "indoor_seating": null, "outdoor_seating": null, "cuisine": null, "payment:mastercard": null, "payment:visa": null, "shop": "supermarket", "black_owned": null, "opening_hours": null, "takeaway": null, "drink:beer": null, "drink:espresso": null, "drink:wine": null, "cocktails": null, "drink:liquor": null, "note": null, "fee": null, "disused:website": null, "diet:halal": null, "atm": null, "beauty": null, "delivery": null, "official_name": null, "drink:coffee": null, "check_date:opening_hours": null, "dispensing": null, "healthcare": null, "level": null, "happy_hours": null, "addr:housename": null, "bicycle_rental": null, "network": null, "network:wikidata": null, "network:wikipedia": null, "ref": null, "ref:gbfs": null, "second_hand": null, "diet:vegetarian": null, "drink:byob": null, "drink:tea": null, "fax": null, "craft": null, "payment:cards": null, "payment:cash": null, "payment:credit_cards": null, "payment:debit_cards": null, "drive_through": null, "tobacco": null, "opening_hours:signed": null, "diet:vegan": null, "dry_cleaning": null, "branch": null, "drink:sake": null, "contact:facebook": null, "contact:instagram": null, "contact:twitter": null, "internet_access": null, "internet_access:fee": null, "trade": null, "pawnbroker": null, "clothes": null, "bar": null, "addr:unit": null, "smoking": null, "walkup_window": null, "email": null, "leisure": null, "toilets": null, "toilets:access": null, "toilets:unisex": null, "toilets:wheelchair": null, "opening_hours:kitchen": null, "office": null, "social_facility": null, "collection_times": null, "sport": null, "check_date:service:bicycle:pump": null, "service:bicycle:pump": null, "fixme:atp": null, "fixme": null, "payment:apple_pay": null, "payment:contactless": null, "payment:financing": null, "payment:samsung_pay": null, "diet:kosher": null, "female": null, "male": null, "payment:ebt": null, "payment:coins": null, "reservation": null, "website:menu": null, "website:reservation": null, "live_music": null, "addr:place": null, "contact:website": null, "diet:gluten_free": null, "diet:pescetarian": null, "contact:email": null, "description": null, "route_ref": null, "vending": null, "drink:cocktail": null, "recycling": null, "recycling:cans": null, "recycling:glass_bottles": null, "recycling:plastic_bottles": null, "recycling_type": null, "backrest": null, "fountain": null, "contact:sms": null, "drink:bubble_tea": null, "check_date:diet:vegetarian": null, "contact:phone": null, "note:opening_hours": null, "community_centre:for": null, "lgbtq": null, "laundry_service": null, "self_service": null, "animal_boarding": null, "stroller": null, "instagram": null, "service:knife_sharpening": null, "building": null, "laptop": null, "community_centre": null, "catering": null, "survey:date": null, "phases": null, "not:brand:wikidata": null, "payment:american_express": null, "payment:discover_card": null, "start_date": null, "florist": null, "clothes:printing": null, "material": null, "toilets:disposal": null, "organic": null, "seats": null, "waste": null, "min_age": null, "cinema": null, "check_date:capacity": null, "access": null, "service:notary": null, "recycling:compost": null, "tourism": null, "recycling:food_waste": null, "recycling:green_waste": null, "hairdresser": null, "air_conditioning": null, "food": null, "public_bookcase:type": null, "addr:floor": null, "social_facility:for": null, "bottle": null, "address": null, "operating_hours": null, "payment:paypal": null, "healthcare:speciality": null, "parking": null, "armrest": null, "seats:separated": null, "two_sided": null, "operational_status": null, "direction": null, "fast_food": null, "height": null, "nycdoitt:bin": null, "building:levels": null, "fuel:propane": null, "addr:full": null, "layer": null, "service_times": null, "name:etymology:wikidata": null, "roof:levels": null, "disused:amenity": null, "operator:official": null, "building:material": null, "emergency": null, "surface": null, "shelter_type": null, "mascot": null, "polling_station": null, "beds": null, "wikipedia": null, "atm:operator": null, "barrier": null, "name:etymology": null, "theatre:type": null, "capacity:disabled": null, "books": null, "type": null, "nbhd": "bedstuy", "compressed_air": null, "opening_hours:covid19": null, "playground": null, "drink:sangria": null, "name:es": null, "indoor": null, "information": null, "lgbtq:trans": null, "currency:USD": null, "service:bicycle:repair": null, "street_vendor": null, "colour": null, "location": null, "recycling:glass": null, "recycling:paper": null, "recycling:plastic": null, "contact:fax": null, "facebook": null, "grades": null, "brand:website": null, "opening_hours:drive_through": null, "education": null, "maxstay": null, "fenced": null, "drinking_water": null, "grade": null, "category": "Grocery", "weight_min": 7, "weight_max": 9 }, "geometry": { "type": "Point", "coordinates": [ 995556.87112362717744, 190878.757371956045972 ] } },
{ "type": "Feature", "properties": { "element": "node", "id": 8220790908, "amenity": null, "ele": null, "gnis:feature_id": null, "name": "Lincoln Market", "wikidata": null, "old_name": null, "phone": "+1-718-789-3890", "website": "https://www.lincolnmarket.com", "wheelchair": "yes", "denomination": null, "religion": null, "addr:housenumber": "1134", "addr:postcode": "11216", "addr:street": "Fulton Street", "check_date": null, "addr:city": null, "addr:state": null, "alt_name": null, "brand": null, "brand:wikidata": null, "operator": null, "operator:short": null, "operator:type": null, "operator:website": null, "operator:wikidata": null, "operator:wikipedia": null, "postal_code": null, "short_name": null, "source": null, "capacity": null, "cityracks.housenum": null, "cityracks.installed": null, "cityracks.large": null, "cityracks.rackid": null, "cityracks.small": null, "cityracks.street": null, "bicycle_parking": null, "covered": null, "addr:country": null, "indoor_seating": null, "outdoor_seating": null, "cuisine": null, "payment:mastercard": null, "payment:visa": null, "shop": "supermarket", "black_owned": null, "opening_hours": "07:00-22:00", "takeaway": null, "drink:beer": "yes", "drink:espresso": null, "drink:wine": "low_alcohol", "cocktails": null, "drink:liquor": null, "note": null, "fee": null, "disused:website": null, "diet:halal": null, "atm": null, "beauty": null, "delivery": "yes", "official_name": null, "drink:coffee": null, "check_date:opening_hours": null, "dispensing": null, "healthcare": null, "level": null, "happy_hours": null, "addr:housename": null, "bicycle_rental": null, "network": null, "network:wikidata": null, "network:wikipedia": null, "ref": null, "ref:gbfs": null, "second_hand": null, "diet:vegetarian": null, "drink:byob": null, "drink:tea": null, "fax": null, "craft": null, "payment:cards": null, "payment:cash": null, "payment:credit_cards": null, "payment:debit_cards": null, "drive_through": null, "tobacco": null, "opening_hours:signed": null, "diet:vegan": null, "dry_cleaning": null, "branch": null, "drink:sake": null, "contact:facebook": null, "contact:instagram": null, "contact:twitter": null, "internet_access": null, "internet_access:fee": null, "trade": null, "pawnbroker": null, "clothes": null, "bar": null, "addr:unit": null, "smoking": null, "walkup_window": null, "email": null, "leisure": null, "toilets": null, "toilets:access": null, "toilets:unisex": null, "toilets:wheelchair": null, "opening_hours:kitchen": null, "office": null, "social_facility": null, "collection_times": null, "sport": null, "check_date:service:bicycle:pump": null, "service:bicycle:pump": null, "fixme:atp": null, "fixme": null, "payment:apple_pay": null, "payment:contactless": null, "payment:financing": null, "payment:samsung_pay": null, "diet:kosher": null, "female": null, "male": null, "payment:ebt": null, "payment:coins": null, "reservation": null, "website:menu": null, "website:reservation": null, "live_music": null, "addr:place": null, "contact:website": null, "diet:gluten_free": null, "diet:pescetarian": null, "contact:email": null, "description": null, "route_ref": null, "vending": null, "drink:cocktail": null, "recycling": null, "recycling:cans": null, "recycling:glass_bottles": null, "recycling:plastic_bottles": null, "recycling_type": null, "backrest": null, "fountain": null, "contact:sms": null, "drink:bubble_tea": null, "check_date:diet:vegetarian": null, "contact:phone": null, "note:opening_hours": null, "community_centre:for": null, "lgbtq": null, "laundry_service": null, "self_service": null, "animal_boarding": null, "stroller": null, "instagram": null, "service:knife_sharpening": null, "building": null, "laptop": null, "community_centre": null, "catering": null, "survey:date": null, "phases": null, "not:brand:wikidata": null, "payment:american_express": null, "payment:discover_card": null, "start_date": null, "florist": null, "clothes:printing": null, "material": null, "toilets:disposal": null, "organic": null, "seats": null, "waste": null, "min_age": null, "cinema": null, "check_date:capacity": null, "access": null, "service:notary": null, "recycling:compost": null, "tourism": null, "recycling:food_waste": null, "recycling:green_waste": null, "hairdresser": null, "air_conditioning": null, "food": null, "public_bookcase:type": null, "addr:floor": null, "social_facility:for": null, "bottle": null, "address": null, "operating_hours": null, "payment:paypal": null, "healthcare:speciality": null, "parking": null, "armrest": null, "seats:separated": null, "two_sided": null, "operational_status": null, "direction": null, "fast_food": null, "height": null, "nycdoitt:bin": null, "building:levels": null, "fuel:propane": null, "addr:full": null, "layer": null, "service_times": null, "name:etymology:wikidata": null, "roof:levels": null, "disused:amenity": null, "operator:official": null, "building:material": null, "emergency": null, "surface": null, "shelter_type": null, "mascot": null, "polling_station": null, "beds": null, "wikipedia": null, "atm:operator": null, "barrier": null, "name:etymology": null, "theatre:type": null, "capacity:disabled": null, "books": null, "type": null, "nbhd": "bedstuy", "compressed_air": null, "opening_hours:covid19": null, "playground": null, "drink:sangria": null, "name:es": null, "indoor": null, "information": null, "lgbtq:trans": null, "currency:USD": null, "service:bicycle:repair": null, "street_vendor": null, "colour": null, "location": null, "recycling:glass": null, "recycling:paper": null, "recycling:plastic": null, "contact:fax": null, "facebook": null, "grades": null, "brand:website": null, "opening_hours:drive_through": null, "education": null, "maxstay": null, "fenced": null, "drinking_water": null, "grade": null, "category": "Grocery", "weight_min": 7, "weight_max": 9 }, "geometry": { "type": "Point", "coordinates": [ 996600.63889918976929, 187367.45555500590126 ] } },
{ "type": "Feature", "properties": { "element": "node", "id": 9721713291, "amenity": null, "ele": null, "gnis:feature_id": null, "name": "Organic Fresh Market", "wikidata": null, "old_name": null, "phone": null, "website": null, "wheelchair": "yes", "denomination": null, "religion": null, "addr:housenumber": null, "addr:postcode": null, "addr:street": null, "check_date": "2022-12-13", "addr:city": null, "addr:state": null, "alt_name": null, "brand": null, "brand:wikidata": null, "operator": null, "operator:short": null, "operator:type": null, "operator:website": null, "operator:wikidata": null, "operator:wikipedia": null, "postal_code": null, "short_name": null, "source": null, "capacity": null, "cityracks.housenum": null, "cityracks.installed": null, "cityracks.large": null, "cityracks.rackid": null, "cityracks.small": null, "cityracks.street": null, "bicycle_parking": null, "covered": null, "addr:country": null, "indoor_seating": null, "outdoor_seating": null, "cuisine": null, "payment:mastercard": null, "payment:visa": null, "shop": "greengrocer", "black_owned": null, "opening_hours": "Mo-Su 08:00-22:00", "takeaway": null, "drink:beer": null, "drink:espresso": null, "drink:wine": null, "cocktails": null, "drink:liquor": null, "note": null, "fee": null, "disused:website": null, "diet:halal": null, "atm": null, "beauty": null, "delivery": null, "official_name": null, "drink:coffee": null, "check_date:opening_hours": null, "dispensing": null, "healthcare": null, "level": null, "happy_hours": null, "addr:housename": null, "bicycle_rental": null, "network": null, "network:wikidata": null, "network:wikipedia": null, "ref": null, "ref:gbfs": null, "second_hand": null, "diet:vegetarian": null, "drink:byob": null, "drink:tea": null, "fax": null, "craft": null, "payment:cards": null, "payment:cash": null, "payment:credit_cards": "yes", "payment:debit_cards": "yes", "drive_through": null, "tobacco": null, "opening_hours:signed": null, "diet:vegan": null, "dry_cleaning": null, "branch": null, "drink:sake": null, "contact:facebook": null, "contact:instagram": null, "contact:twitter": null, "internet_access": null, "internet_access:fee": null, "trade": null, "pawnbroker": null, "clothes": null, "bar": null, "addr:unit": null, "smoking": null, "walkup_window": null, "email": null, "leisure": null, "toilets": null, "toilets:access": null, "toilets:unisex": null, "toilets:wheelchair": null, "opening_hours:kitchen": null, "office": null, "social_facility": null, "collection_times": null, "sport": null, "check_date:service:bicycle:pump": null, "service:bicycle:pump": null, "fixme:atp": null, "fixme": null, "payment:apple_pay": null, "payment:contactless": "yes", "payment:financing": null, "payment:samsung_pay": null, "diet:kosher": null, "female": null, "male": null, "payment:ebt": null, "payment:coins": null, "reservation": null, "website:menu": null, "website:reservation": null, "live_music": null, "addr:place": null, "contact:website": null, "diet:gluten_free": null, "diet:pescetarian": null, "contact:email": null, "description": null, "route_ref": null, "vending": null, "drink:cocktail": null, "recycling": null, "recycling:cans": null, "recycling:glass_bottles": null, "recycling:plastic_bottles": null, "recycling_type": null, "backrest": null, "fountain": null, "contact:sms": null, "drink:bubble_tea": null, "check_date:diet:vegetarian": null, "contact:phone": null, "note:opening_hours": null, "community_centre:for": null, "lgbtq": null, "laundry_service": null, "self_service": null, "animal_boarding": null, "stroller": null, "instagram": null, "service:knife_sharpening": null, "building": null, "laptop": null, "community_centre": null, "catering": null, "survey:date": null, "phases": null, "not:brand:wikidata": null, "payment:american_express": null, "payment:discover_card": null, "start_date": null, "florist": null, "clothes:printing": null, "material": null, "toilets:disposal": null, "organic": "yes", "seats": null, "waste": null, "min_age": null, "cinema": null, "check_date:capacity": null, "access": null, "service:notary": null, "recycling:compost": null, "tourism": null, "recycling:food_waste": null, "recycling:green_waste": null, "hairdresser": null, "air_conditioning": null, "food": null, "public_bookcase:type": null, "addr:floor": null, "social_facility:for": null, "bottle": null, "address": null, "operating_hours": null, "payment:paypal": null, "healthcare:speciality": null, "parking": null, "armrest": null, "seats:separated": null, "two_sided": null, "operational_status": null, "direction": null, "fast_food": null, "height": null, "nycdoitt:bin": null, "building:levels": null, "fuel:propane": null, "addr:full": null, "layer": null, "service_times": null, "name:etymology:wikidata": null, "roof:levels": null, "disused:amenity": null, "operator:official": null, "building:material": null, "emergency": null, "surface": null, "shelter_type": null, "mascot": null, "polling_station": null, "beds": null, "wikipedia": null, "atm:operator": null, "barrier": null, "name:etymology": null, "theatre:type": null, "capacity:disabled": null, "books": null, "type": null, "nbhd": "bedstuy", "compressed_air": null, "opening_hours:covid19": null, "playground": null, "drink:sangria": null, "name:es": null, "indoor": null, "information": null, "lgbtq:trans": null, "currency:USD": null, "service:bicycle:repair": null, "street_vendor": null, "colour": null, "location": null, "recycling:glass": null, "recycling:paper": null, "recycling:plastic": null, "contact:fax": null, "facebook": null, "grades": null, "brand:website": null, "opening_hours:drive_through": null, "education": null, "maxstay": null, "fenced": null, "drinking_water": null, "grade": null, "category": "Grocery", "weight_min": 7, "weight_max": 9 }, "geometry": { "type": "Point", "coordinates": [ 1006505.474007376818918, 189951.003228536399547 ] } },
{ "type": "Feature", "properties": { "element": "node", "id": 9761753660, "amenity": null, "ele": null, "gnis:feature_id": null, "name": "Howard Marketplace", "wikidata": null, "old_name": null, "phone": null, "website": null, "wheelchair": null, "denomination": null, "religion": null, "addr:housenumber": null, "addr:postcode": null, "addr:street": null, "check_date": "2022-05-21", "addr:city": null, "addr:state": null, "alt_name": null, "brand": null, "brand:wikidata": null, "operator": null, "operator:short": null, "operator:type": null, "operator:website": null, "operator:wikidata": null, "operator:wikipedia": null, "postal_code": null, "short_name": null, "source": null, "capacity": null, "cityracks.housenum": null, "cityracks.installed": null, "cityracks.large": null, "cityracks.rackid": null, "cityracks.small": null, "cityracks.street": null, "bicycle_parking": null, "covered": null, "addr:country": null, "indoor_seating": null, "outdoor_seating": null, "cuisine": null, "payment:mastercard": null, "payment:visa": null, "shop": "supermarket", "black_owned": null, "opening_hours": null, "takeaway": null, "drink:beer": null, "drink:espresso": null, "drink:wine": null, "cocktails": null, "drink:liquor": null, "note": null, "fee": null, "disused:website": null, "diet:halal": null, "atm": null, "beauty": null, "delivery": null, "official_name": null, "drink:coffee": null, "check_date:opening_hours": null, "dispensing": null, "healthcare": null, "level": "0", "happy_hours": null, "addr:housename": null, "bicycle_rental": null, "network": null, "network:wikidata": null, "network:wikipedia": null, "ref": null, "ref:gbfs": null, "second_hand": null, "diet:vegetarian": null, "drink:byob": null, "drink:tea": null, "fax": null, "craft": null, "payment:cards": null, "payment:cash": null, "payment:credit_cards": null, "payment:debit_cards": null, "drive_through": null, "tobacco": null, "opening_hours:signed": null, "diet:vegan": null, "dry_cleaning": null, "branch": null, "drink:sake": null, "contact:facebook": null, "contact:instagram": null, "contact:twitter": null, "internet_access": null, "internet_access:fee": null, "trade": null, "pawnbroker": null, "clothes": null, "bar": null, "addr:unit": null, "smoking": null, "walkup_window": null, "email": null, "leisure": null, "toilets": null, "toilets:access": null, "toilets:unisex": null, "toilets:wheelchair": null, "opening_hours:kitchen": null, "office": null, "social_facility": null, "collection_times": null, "sport": null, "check_date:service:bicycle:pump": null, "service:bicycle:pump": null, "fixme:atp": null, "fixme": null, "payment:apple_pay": null, "payment:contactless": null, "payment:financing": null, "payment:samsung_pay": null, "diet:kosher": null, "female": null, "male": null, "payment:ebt": null, "payment:coins": null, "reservation": null, "website:menu": null, "website:reservation": null, "live_music": null, "addr:place": null, "contact:website": null, "diet:gluten_free": null, "diet:pescetarian": null, "contact:email": null, "description": null, "route_ref": null, "vending": null, "drink:cocktail": null, "recycling": null, "recycling:cans": null, "recycling:glass_bottles": null, "recycling:plastic_bottles": null, "recycling_type": null, "backrest": null, "fountain": null, "contact:sms": null, "drink:bubble_tea": null, "check_date:diet:vegetarian": null, "contact:phone": null, "note:opening_hours": null, "community_centre:for": null, "lgbtq": null, "laundry_service": null, "self_service": null, "animal_boarding": null, "stroller": null, "instagram": null, "service:knife_sharpening": null, "building": null, "laptop": null, "community_centre": null, "catering": null, "survey:date": null, "phases": null, "not:brand:wikidata": null, "payment:american_express": null, "payment:discover_card": null, "start_date": null, "florist": null, "clothes:printing": null, "material": null, "toilets:disposal": null, "organic": null, "seats": null, "waste": null, "min_age": null, "cinema": null, "check_date:capacity": null, "access": null, "service:notary": null, "recycling:compost": null, "tourism": null, "recycling:food_waste": null, "recycling:green_waste": null, "hairdresser": null, "air_conditioning": null, "food": null, "public_bookcase:type": null, "addr:floor": null, "social_facility:for": null, "bottle": null, "address": null, "operating_hours": null, "payment:paypal": null, "healthcare:speciality": null, "parking": null, "armrest": null, "seats:separated": null, "two_sided": null, "operational_status": null, "direction": null, "fast_food": null, "height": null, "nycdoitt:bin": null, "building:levels": null, "fuel:propane": null, "addr:full": null, "layer": null, "service_times": null, "name:etymology:wikidata": null, "roof:levels": null, "disused:amenity": null, "operator:official": null, "building:material": null, "emergency": null, "surface": null, "shelter_type": null, "mascot": null, "polling_station": null, "beds": null, "wikipedia": null, "atm:operator": null, "barrier": null, "name:etymology": null, "theatre:type": null, "capacity:disabled": null, "books": null, "type": null, "nbhd": "bedstuy", "compressed_air": null, "opening_hours:covid19": null, "playground": null, "drink:sangria": null, "name:es": null, "indoor": null, "information": null, "lgbtq:trans": null, "currency:USD": null, "service:bicycle:repair": null, "street_vendor": null, "colour": null, "location": null, "recycling:glass": null, "recycling:paper": null, "recycling:plastic": null, "contact:fax": null, "facebook": null, "grades": null, "brand:website": null, "opening_hours:drive_through": null, "education": null, "maxstay": null, "fenced": null, "drinking_water": null, "grade": null, "category": "Grocery", "weight_min": 7, "weight_max": 9 }, "geometry": { "type": "Point", "coordinates": [ 1006076.241735941148363, 190112.666774006705964 ] } },
{ "type": "Feature", "properties": { "element": "node", "id": 9777993193, "amenity": null, "ele": null, "gnis:feature_id": null, "name": "Green Harmony Market", "wikidata": null, "old_name": null, "phone": null, "website": null, "wheelchair": null, "denomination": null, "religion": null, "addr:housenumber": "104", "addr:postcode": null, "addr:street": "Ralph Avenue", "check_date": "2022-05-28", "addr:city": null, "addr:state": null, "alt_name": null, "brand": null, "brand:wikidata": null, "operator": null, "operator:short": null, "operator:type": null, "operator:website": null, "operator:wikidata": null, "operator:wikipedia": null, "postal_code": null, "short_name": null, "source": null, "capacity": null, "cityracks.housenum": null, "cityracks.installed": null, "cityracks.large": null, "cityracks.rackid": null, "cityracks.small": null, "cityracks.street": null, "bicycle_parking": null, "covered": null, "addr:country": null, "indoor_seating": null, "outdoor_seating": null, "cuisine": null, "payment:mastercard": null, "payment:visa": null, "shop": "supermarket", "black_owned": null, "opening_hours": null, "takeaway": null, "drink:beer": null, "drink:espresso": null, "drink:wine": null, "cocktails": null, "drink:liquor": null, "note": null, "fee": null, "disused:website": null, "diet:halal": null, "atm": null, "beauty": null, "delivery": null, "official_name": null, "drink:coffee": null, "check_date:opening_hours": null, "dispensing": null, "healthcare": null, "level": null, "happy_hours": null, "addr:housename": null, "bicycle_rental": null, "network": null, "network:wikidata": null, "network:wikipedia": null, "ref": null, "ref:gbfs": null, "second_hand": null, "diet:vegetarian": null, "drink:byob": null, "drink:tea": null, "fax": null, "craft": null, "payment:cards": null, "payment:cash": null, "payment:credit_cards": null, "payment:debit_cards": null, "drive_through": null, "tobacco": null, "opening_hours:signed": null, "diet:vegan": null, "dry_cleaning": null, "branch": null, "drink:sake": null, "contact:facebook": null, "contact:instagram": null, "contact:twitter": null, "internet_access": null, "internet_access:fee": null, "trade": null, "pawnbroker": null, "clothes": null, "bar": null, "addr:unit": null, "smoking": null, "walkup_window": null, "email": null, "leisure": null, "toilets": null, "toilets:access": null, "toilets:unisex": null, "toilets:wheelchair": null, "opening_hours:kitchen": null, "office": null, "social_facility": null, "collection_times": null, "sport": null, "check_date:service:bicycle:pump": null, "service:bicycle:pump": null, "fixme:atp": null, "fixme": null, "payment:apple_pay": null, "payment:contactless": null, "payment:financing": null, "payment:samsung_pay": null, "diet:kosher": null, "female": null, "male": null, "payment:ebt": null, "payment:coins": null, "reservation": null, "website:menu": null, "website:reservation": null, "live_music": null, "addr:place": null, "contact:website": null, "diet:gluten_free": null, "diet:pescetarian": null, "contact:email": null, "description": null, "route_ref": null, "vending": null, "drink:cocktail": null, "recycling": null, "recycling:cans": null, "recycling:glass_bottles": null, "recycling:plastic_bottles": null, "recycling_type": null, "backrest": null, "fountain": null, "contact:sms": null, "drink:bubble_tea": null, "check_date:diet:vegetarian": null, "contact:phone": null, "note:opening_hours": null, "community_centre:for": null, "lgbtq": null, "laundry_service": null, "self_service": null, "animal_boarding": null, "stroller": null, "instagram": null, "service:knife_sharpening": null, "building": null, "laptop": null, "community_centre": null, "catering": null, "survey:date": null, "phases": null, "not:brand:wikidata": null, "payment:american_express": null, "payment:discover_card": null, "start_date": null, "florist": null, "clothes:printing": null, "material": null, "toilets:disposal": null, "organic": null, "seats": null, "waste": null, "min_age": null, "cinema": null, "check_date:capacity": null, "access": null, "service:notary": null, "recycling:compost": null, "tourism": null, "recycling:food_waste": null, "recycling:green_waste": null, "hairdresser": null, "air_conditioning": null, "food": null, "public_bookcase:type": null, "addr:floor": null, "social_facility:for": null, "bottle": null, "address": null, "operating_hours": null, "payment:paypal": null, "healthcare:speciality": null, "parking": null, "armrest": null, "seats:separated": null, "two_sided": null, "operational_status": null, "direction": null, "fast_food": null, "height": null, "nycdoitt:bin": null, "building:levels": null, "fuel:propane": null, "addr:full": null, "layer": null, "service_times": null, "name:etymology:wikidata": null, "roof:levels": null, "disused:amenity": null, "operator:official": null, "building:material": null, "emergency": null, "surface": null, "shelter_type": null, "mascot": null, "polling_station": null, "beds": null, "wikipedia": null, "atm:operator": null, "barrier": null, "name:etymology": null, "theatre:type": null, "capacity:disabled": null, "books": null, "type": null, "nbhd": "bedstuy", "compressed_air": null, "opening_hours:covid19": null, "playground": null, "drink:sangria": null, "name:es": null, "indoor": null, "information": null, "lgbtq:trans": null, "currency:USD": null, "service:bicycle:repair": null, "street_vendor": null, "colour": null, "location": null, "recycling:glass": null, "recycling:paper": null, "recycling:plastic": null, "contact:fax": null, "facebook": null, "grades": null, "brand:website": null, "opening_hours:drive_through": null, "education": null, "maxstay": null, "fenced": null, "drinking_water": null, "grade": null, "category": "Grocery", "weight_min": 7, "weight_max": 9 }, "geometry": { "type": "Point", "coordinates": [ 1005439.110771650448442, 189376.955783595185494 ] } },
{ "type": "Feature", "properties": { "element": "node", "id": 11085582439, "amenity": null, "ele": null, "gnis:feature_id": null, "name": "Ralph Ave Fresh Farm", "wikidata": null, "old_name": null, "phone": null, "website": null, "wheelchair": null, "denomination": null, "religion": null, "addr:housenumber": null, "addr:postcode": null, "addr:street": null, "check_date": null, "addr:city": null, "addr:state": null, "alt_name": null, "brand": null, "brand:wikidata": null, "operator": null, "operator:short": null, "operator:type": null, "operator:website": null, "operator:wikidata": null, "operator:wikipedia": null, "postal_code": null, "short_name": null, "source": null, "capacity": null, "cityracks.housenum": null, "cityracks.installed": null, "cityracks.large": null, "cityracks.rackid": null, "cityracks.small": null, "cityracks.street": null, "bicycle_parking": null, "covered": null, "addr:country": null, "indoor_seating": null, "outdoor_seating": null, "cuisine": null, "payment:mastercard": null, "payment:visa": null, "shop": "greengrocer", "black_owned": null, "opening_hours": null, "takeaway": null, "drink:beer": null, "drink:espresso": null, "drink:wine": null, "cocktails": null, "drink:liquor": null, "note": null, "fee": null, "disused:website": null, "diet:halal": null, "atm": null, "beauty": null, "delivery": null, "official_name": null, "drink:coffee": null, "check_date:opening_hours": null, "dispensing": null, "healthcare": null, "level": null, "happy_hours": null, "addr:housename": null, "bicycle_rental": null, "network": null, "network:wikidata": null, "network:wikipedia": null, "ref": null, "ref:gbfs": null, "second_hand": null, "diet:vegetarian": null, "drink:byob": null, "drink:tea": null, "fax": null, "craft": null, "payment:cards": null, "payment:cash": null, "payment:credit_cards": null, "payment:debit_cards": null, "drive_through": null, "tobacco": null, "opening_hours:signed": null, "diet:vegan": null, "dry_cleaning": null, "branch": null, "drink:sake": null, "contact:facebook": null, "contact:instagram": null, "contact:twitter": null, "internet_access": null, "internet_access:fee": null, "trade": null, "pawnbroker": null, "clothes": null, "bar": null, "addr:unit": null, "smoking": null, "walkup_window": null, "email": null, "leisure": null, "toilets": null, "toilets:access": null, "toilets:unisex": null, "toilets:wheelchair": null, "opening_hours:kitchen": null, "office": null, "social_facility": null, "collection_times": null, "sport": null, "check_date:service:bicycle:pump": null, "service:bicycle:pump": null, "fixme:atp": null, "fixme": null, "payment:apple_pay": null, "payment:contactless": null, "payment:financing": null, "payment:samsung_pay": null, "diet:kosher": null, "female": null, "male": null, "payment:ebt": null, "payment:coins": null, "reservation": null, "website:menu": null, "website:reservation": null, "live_music": null, "addr:place": null, "contact:website": null, "diet:gluten_free": null, "diet:pescetarian": null, "contact:email": null, "description": null, "route_ref": null, "vending": null, "drink:cocktail": null, "recycling": null, "recycling:cans": null, "recycling:glass_bottles": null, "recycling:plastic_bottles": null, "recycling_type": null, "backrest": null, "fountain": null, "contact:sms": null, "drink:bubble_tea": null, "check_date:diet:vegetarian": null, "contact:phone": null, "note:opening_hours": null, "community_centre:for": null, "lgbtq": null, "laundry_service": null, "self_service": null, "animal_boarding": null, "stroller": null, "instagram": null, "service:knife_sharpening": null, "building": null, "laptop": null, "community_centre": null, "catering": null, "survey:date": null, "phases": null, "not:brand:wikidata": null, "payment:american_express": null, "payment:discover_card": null, "start_date": null, "florist": null, "clothes:printing": null, "material": null, "toilets:disposal": null, "organic": null, "seats": null, "waste": null, "min_age": null, "cinema": null, "check_date:capacity": null, "access": null, "service:notary": null, "recycling:compost": null, "tourism": null, "recycling:food_waste": null, "recycling:green_waste": null, "hairdresser": null, "air_conditioning": null, "food": null, "public_bookcase:type": null, "addr:floor": null, "social_facility:for": null, "bottle": null, "address": null, "operating_hours": null, "payment:paypal": null, "healthcare:speciality": null, "parking": null, "armrest": null, "seats:separated": null, "two_sided": null, "operational_status": null, "direction": null, "fast_food": null, "height": null, "nycdoitt:bin": null, "building:levels": null, "fuel:propane": null, "addr:full": null, "layer": null, "service_times": null, "name:etymology:wikidata": null, "roof:levels": null, "disused:amenity": null, "operator:official": null, "building:material": null, "emergency": null, "surface": null, "shelter_type": null, "mascot": null, "polling_station": null, "beds": null, "wikipedia": null, "atm:operator": null, "barrier": null, "name:etymology": null, "theatre:type": null, "capacity:disabled": null, "books": null, "type": null, "nbhd": "bedstuy", "compressed_air": null, "opening_hours:covid19": null, "playground": null, "drink:sangria": null, "name:es": null, "indoor": null, "information": null, "lgbtq:trans": null, "currency:USD": null, "service:bicycle:repair": null, "street_vendor": null, "colour": null, "location": null, "recycling:glass": null, "recycling:paper": null, "recycling:plastic": null, "contact:fax": null, "facebook": null, "grades": null, "brand:website": null, "opening_hours:drive_through": null, "education": null, "maxstay": null, "fenced": null, "drinking_water": null, "grade": null, "category": "Grocery", "weight_min": 7, "weight_max": 9 }, "geometry": { "type": "Point", "coordinates": [ 1005212.245269083068706, 190887.890623143524863 ] } },
{ "type": "Feature", "properties": { "element": "node", "id": 11580698212, "amenity": null, "ele": null, "gnis:feature_id": null, "name": "Halsey Trader's Market", "wikidata": null, "old_name": null, "phone": null, "website": null, "wheelchair": null, "denomination": null, "religion": null, "addr:housenumber": null, "addr:postcode": null, "addr:street": null, "check_date": null, "addr:city": null, "addr:state": null, "alt_name": null, "brand": null, "brand:wikidata": null, "operator": null, "operator:short": null, "operator:type": null, "operator:website": null, "operator:wikidata": null, "operator:wikipedia": null, "postal_code": null, "short_name": null, "source": null, "capacity": null, "cityracks.housenum": null, "cityracks.installed": null, "cityracks.large": null, "cityracks.rackid": null, "cityracks.small": null, "cityracks.street": null, "bicycle_parking": null, "covered": null, "addr:country": null, "indoor_seating": null, "outdoor_seating": null, "cuisine": null, "payment:mastercard": null, "payment:visa": null, "shop": "supermarket", "black_owned": null, "opening_hours": null, "takeaway": null, "drink:beer": null, "drink:espresso": null, "drink:wine": null, "cocktails": null, "drink:liquor": null, "note": null, "fee": null, "disused:website": null, "diet:halal": null, "atm": null, "beauty": null, "delivery": null, "official_name": null, "drink:coffee": null, "check_date:opening_hours": null, "dispensing": null, "healthcare": null, "level": null, "happy_hours": null, "addr:housename": null, "bicycle_rental": null, "network": null, "network:wikidata": null, "network:wikipedia": null, "ref": null, "ref:gbfs": null, "second_hand": null, "diet:vegetarian": null, "drink:byob": null, "drink:tea": null, "fax": null, "craft": null, "payment:cards": null, "payment:cash": null, "payment:credit_cards": null, "payment:debit_cards": null, "drive_through": null, "tobacco": null, "opening_hours:signed": null, "diet:vegan": null, "dry_cleaning": null, "branch": null, "drink:sake": null, "contact:facebook": null, "contact:instagram": null, "contact:twitter": null, "internet_access": null, "internet_access:fee": null, "trade": null, "pawnbroker": null, "clothes": null, "bar": null, "addr:unit": null, "smoking": null, "walkup_window": null, "email": null, "leisure": null, "toilets": null, "toilets:access": null, "toilets:unisex": null, "toilets:wheelchair": null, "opening_hours:kitchen": null, "office": null, "social_facility": null, "collection_times": null, "sport": null, "check_date:service:bicycle:pump": null, "service:bicycle:pump": null, "fixme:atp": null, "fixme": null, "payment:apple_pay": null, "payment:contactless": null, "payment:financing": null, "payment:samsung_pay": null, "diet:kosher": null, "female": null, "male": null, "payment:ebt": null, "payment:coins": null, "reservation": null, "website:menu": null, "website:reservation": null, "live_music": null, "addr:place": null, "contact:website": null, "diet:gluten_free": null, "diet:pescetarian": null, "contact:email": null, "description": null, "route_ref": null, "vending": null, "drink:cocktail": null, "recycling": null, "recycling:cans": null, "recycling:glass_bottles": null, "recycling:plastic_bottles": null, "recycling_type": null, "backrest": null, "fountain": null, "contact:sms": null, "drink:bubble_tea": null, "check_date:diet:vegetarian": null, "contact:phone": null, "note:opening_hours": null, "community_centre:for": null, "lgbtq": null, "laundry_service": null, "self_service": null, "animal_boarding": null, "stroller": null, "instagram": null, "service:knife_sharpening": null, "building": null, "laptop": null, "community_centre": null, "catering": null, "survey:date": null, "phases": null, "not:brand:wikidata": null, "payment:american_express": null, "payment:discover_card": null, "start_date": null, "florist": null, "clothes:printing": null, "material": null, "toilets:disposal": null, "organic": null, "seats": null, "waste": null, "min_age": null, "cinema": null, "check_date:capacity": null, "access": null, "service:notary": null, "recycling:compost": null, "tourism": null, "recycling:food_waste": null, "recycling:green_waste": null, "hairdresser": null, "air_conditioning": null, "food": null, "public_bookcase:type": null, "addr:floor": null, "social_facility:for": null, "bottle": null, "address": null, "operating_hours": null, "payment:paypal": null, "healthcare:speciality": null, "parking": null, "armrest": null, "seats:separated": null, "two_sided": null, "operational_status": null, "direction": null, "fast_food": null, "height": null, "nycdoitt:bin": null, "building:levels": null, "fuel:propane": null, "addr:full": null, "layer": null, "service_times": null, "name:etymology:wikidata": null, "roof:levels": null, "disused:amenity": null, "operator:official": null, "building:material": null, "emergency": null, "surface": null, "shelter_type": null, "mascot": null, "polling_station": null, "beds": null, "wikipedia": null, "atm:operator": null, "barrier": null, "name:etymology": null, "theatre:type": null, "capacity:disabled": null, "books": null, "type": null, "nbhd": "bedstuy", "compressed_air": null, "opening_hours:covid19": null, "playground": null, "drink:sangria": null, "name:es": null, "indoor": null, "information": null, "lgbtq:trans": null, "currency:USD": null, "service:bicycle:repair": null, "street_vendor": null, "colour": null, "location": null, "recycling:glass": null, "recycling:paper": null, "recycling:plastic": null, "contact:fax": null, "facebook": null, "grades": null, "brand:website": null, "opening_hours:drive_through": null, "education": null, "maxstay": null, "fenced": null, "drinking_water": null, "grade": null, "category": "Grocery", "weight_min": 7, "weight_max": 9 }, "geometry": { "type": "Point", "coordinates": [ 1003906.411353207193315, 188615.998978750081733 ] } },
{ "type": "Feature", "properties": { "element": "node", "id": 11773514752, "amenity": null, "ele": null, "gnis:feature_id": null, "name": "Hatzlacha", "wikidata": null, "old_name": null, "phone": null, "website": null, "wheelchair": null, "denomination": null, "religion": null, "addr:housenumber": null, "addr:postcode": null, "addr:street": null, "check_date": null, "addr:city": null, "addr:state": null, "alt_name": null, "brand": null, "brand:wikidata": null, "operator": null, "operator:short": null, "operator:type": null, "operator:website": null, "operator:wikidata": null, "operator:wikipedia": null, "postal_code": null, "short_name": null, "source": null, "capacity": null, "cityracks.housenum": null, "cityracks.installed": null, "cityracks.large": null, "cityracks.rackid": null, "cityracks.small": null, "cityracks.street": null, "bicycle_parking": null, "covered": null, "addr:country": null, "indoor_seating": null, "outdoor_seating": null, "cuisine": null, "payment:mastercard": null, "payment:visa": null, "shop": "supermarket", "black_owned": null, "opening_hours": null, "takeaway": null, "drink:beer": null, "drink:espresso": null, "drink:wine": null, "cocktails": null, "drink:liquor": null, "note": null, "fee": null, "disused:website": null, "diet:halal": null, "atm": null, "beauty": null, "delivery": null, "official_name": null, "drink:coffee": null, "check_date:opening_hours": null, "dispensing": null, "healthcare": null, "level": null, "happy_hours": null, "addr:housename": null, "bicycle_rental": null, "network": null, "network:wikidata": null, "network:wikipedia": null, "ref": null, "ref:gbfs": null, "second_hand": null, "diet:vegetarian": null, "drink:byob": null, "drink:tea": null, "fax": null, "craft": null, "payment:cards": null, "payment:cash": null, "payment:credit_cards": null, "payment:debit_cards": null, "drive_through": null, "tobacco": null, "opening_hours:signed": null, "diet:vegan": null, "dry_cleaning": null, "branch": null, "drink:sake": null, "contact:facebook": null, "contact:instagram": null, "contact:twitter": null, "internet_access": null, "internet_access:fee": null, "trade": null, "pawnbroker": null, "clothes": null, "bar": null, "addr:unit": null, "smoking": null, "walkup_window": null, "email": null, "leisure": null, "toilets": null, "toilets:access": null, "toilets:unisex": null, "toilets:wheelchair": null, "opening_hours:kitchen": null, "office": null, "social_facility": null, "collection_times": null, "sport": null, "check_date:service:bicycle:pump": null, "service:bicycle:pump": null, "fixme:atp": null, "fixme": null, "payment:apple_pay": null, "payment:contactless": null, "payment:financing": null, "payment:samsung_pay": null, "diet:kosher": null, "female": null, "male": null, "payment:ebt": null, "payment:coins": null, "reservation": null, "website:menu": null, "website:reservation": null, "live_music": null, "addr:place": null, "contact:website": null, "diet:gluten_free": null, "diet:pescetarian": null, "contact:email": null, "description": null, "route_ref": null, "vending": null, "drink:cocktail": null, "recycling": null, "recycling:cans": null, "recycling:glass_bottles": null, "recycling:plastic_bottles": null, "recycling_type": null, "backrest": null, "fountain": null, "contact:sms": null, "drink:bubble_tea": null, "check_date:diet:vegetarian": null, "contact:phone": null, "note:opening_hours": null, "community_centre:for": null, "lgbtq": null, "laundry_service": null, "self_service": null, "animal_boarding": null, "stroller": null, "instagram": null, "service:knife_sharpening": null, "building": null, "laptop": null, "community_centre": null, "catering": null, "survey:date": null, "phases": null, "not:brand:wikidata": null, "payment:american_express": null, "payment:discover_card": null, "start_date": null, "florist": null, "clothes:printing": null, "material": null, "toilets:disposal": null, "organic": null, "seats": null, "waste": null, "min_age": null, "cinema": null, "check_date:capacity": null, "access": null, "service:notary": null, "recycling:compost": null, "tourism": null, "recycling:food_waste": null, "recycling:green_waste": null, "hairdresser": null, "air_conditioning": null, "food": null, "public_bookcase:type": null, "addr:floor": null, "social_facility:for": null, "bottle": null, "address": null, "operating_hours": null, "payment:paypal": null, "healthcare:speciality": null, "parking": null, "armrest": null, "seats:separated": null, "two_sided": null, "operational_status": null, "direction": null, "fast_food": null, "height": null, "nycdoitt:bin": null, "building:levels": null, "fuel:propane": null, "addr:full": null, "layer": null, "service_times": null, "name:etymology:wikidata": null, "roof:levels": null, "disused:amenity": null, "operator:official": null, "building:material": null, "emergency": null, "surface": null, "shelter_type": null, "mascot": null, "polling_station": null, "beds": null, "wikipedia": null, "atm:operator": null, "barrier": null, "name:etymology": null, "theatre:type": null, "capacity:disabled": null, "books": null, "type": null, "nbhd": "bedstuy", "compressed_air": null, "opening_hours:covid19": null, "playground": null, "drink:sangria": null, "name:es": null, "indoor": null, "information": null, "lgbtq:trans": null, "currency:USD": null, "service:bicycle:repair": null, "street_vendor": null, "colour": null, "location": null, "recycling:glass": null, "recycling:paper": null, "recycling:plastic": null, "contact:fax": null, "facebook": null, "grades": null, "brand:website": null, "opening_hours:drive_through": null, "education": null, "maxstay": null, "fenced": null, "drinking_water": null, "grade": null, "category": "Grocery", "weight_min": 7, "weight_max": 9 }, "geometry": { "type": "Point", "coordinates": [ 996167.95410811342299, 193621.620401209453121 ] } },
{ "type": "Feature", "properties": { "element": "node", "id": 12077625550, "amenity": null, "ele": null, "gnis:feature_id": null, "name": "Collado Meat Market", "wikidata": null, "old_name": null, "phone": null, "website": null, "wheelchair": null, "denomination": null, "religion": null, "addr:housenumber": null, "addr:postcode": null, "addr:street": null, "check_date": null, "addr:city": null, "addr:state": null, "alt_name": null, "brand": null, "brand:wikidata": null, "operator": null, "operator:short": null, "operator:type": null, "operator:website": null, "operator:wikidata": null, "operator:wikipedia": null, "postal_code": null, "short_name": null, "source": null, "capacity": null, "cityracks.housenum": null, "cityracks.installed": null, "cityracks.large": null, "cityracks.rackid": null, "cityracks.small": null, "cityracks.street": null, "bicycle_parking": null, "covered": null, "addr:country": null, "indoor_seating": null, "outdoor_seating": null, "cuisine": null, "payment:mastercard": null, "payment:visa": null, "shop": "supermarket", "black_owned": null, "opening_hours": null, "takeaway": null, "drink:beer": null, "drink:espresso": null, "drink:wine": null, "cocktails": null, "drink:liquor": null, "note": null, "fee": null, "disused:website": null, "diet:halal": null, "atm": null, "beauty": null, "delivery": null, "official_name": null, "drink:coffee": null, "check_date:opening_hours": null, "dispensing": null, "healthcare": null, "level": null, "happy_hours": null, "addr:housename": null, "bicycle_rental": null, "network": null, "network:wikidata": null, "network:wikipedia": null, "ref": null, "ref:gbfs": null, "second_hand": null, "diet:vegetarian": null, "drink:byob": null, "drink:tea": null, "fax": null, "craft": null, "payment:cards": null, "payment:cash": null, "payment:credit_cards": null, "payment:debit_cards": null, "drive_through": null, "tobacco": null, "opening_hours:signed": null, "diet:vegan": null, "dry_cleaning": null, "branch": null, "drink:sake": null, "contact:facebook": null, "contact:instagram": null, "contact:twitter": null, "internet_access": null, "internet_access:fee": null, "trade": null, "pawnbroker": null, "clothes": null, "bar": null, "addr:unit": null, "smoking": null, "walkup_window": null, "email": null, "leisure": null, "toilets": null, "toilets:access": null, "toilets:unisex": null, "toilets:wheelchair": null, "opening_hours:kitchen": null, "office": null, "social_facility": null, "collection_times": null, "sport": null, "check_date:service:bicycle:pump": null, "service:bicycle:pump": null, "fixme:atp": null, "fixme": null, "payment:apple_pay": null, "payment:contactless": null, "payment:financing": null, "payment:samsung_pay": null, "diet:kosher": null, "female": null, "male": null, "payment:ebt": null, "payment:coins": null, "reservation": null, "website:menu": null, "website:reservation": null, "live_music": null, "addr:place": null, "contact:website": null, "diet:gluten_free": null, "diet:pescetarian": null, "contact:email": null, "description": null, "route_ref": null, "vending": null, "drink:cocktail": null, "recycling": null, "recycling:cans": null, "recycling:glass_bottles": null, "recycling:plastic_bottles": null, "recycling_type": null, "backrest": null, "fountain": null, "contact:sms": null, "drink:bubble_tea": null, "check_date:diet:vegetarian": null, "contact:phone": null, "note:opening_hours": null, "community_centre:for": null, "lgbtq": null, "laundry_service": null, "self_service": null, "animal_boarding": null, "stroller": null, "instagram": null, "service:knife_sharpening": null, "building": null, "laptop": null, "community_centre": null, "catering": null, "survey:date": null, "phases": null, "not:brand:wikidata": null, "payment:american_express": null, "payment:discover_card": null, "start_date": null, "florist": null, "clothes:printing": null, "material": null, "toilets:disposal": null, "organic": null, "seats": null, "waste": null, "min_age": null, "cinema": null, "check_date:capacity": null, "access": null, "service:notary": null, "recycling:compost": null, "tourism": null, "recycling:food_waste": null, "recycling:green_waste": null, "hairdresser": null, "air_conditioning": null, "food": null, "public_bookcase:type": null, "addr:floor": null, "social_facility:for": null, "bottle": null, "address": null, "operating_hours": null, "payment:paypal": null, "healthcare:speciality": null, "parking": null, "armrest": null, "seats:separated": null, "two_sided": null, "operational_status": null, "direction": null, "fast_food": null, "height": null, "nycdoitt:bin": null, "building:levels": null, "fuel:propane": null, "addr:full": null, "layer": null, "service_times": null, "name:etymology:wikidata": null, "roof:levels": null, "disused:amenity": null, "operator:official": null, "building:material": null, "emergency": null, "surface": null, "shelter_type": null, "mascot": null, "polling_station": null, "beds": null, "wikipedia": null, "atm:operator": null, "barrier": null, "name:etymology": null, "theatre:type": null, "capacity:disabled": null, "books": null, "type": null, "nbhd": "bedstuy", "compressed_air": null, "opening_hours:covid19": null, "playground": null, "drink:sangria": null, "name:es": null, "indoor": null, "information": null, "lgbtq:trans": null, "currency:USD": null, "service:bicycle:repair": null, "street_vendor": null, "colour": null, "location": null, "recycling:glass": null, "recycling:paper": null, "recycling:plastic": null, "contact:fax": null, "facebook": null, "grades": null, "brand:website": null, "opening_hours:drive_through": null, "education": null, "maxstay": null, "fenced": null, "drinking_water": null, "grade": null, "category": "Grocery", "weight_min": 7, "weight_max": 9 }, "geometry": { "type": "Point", "coordinates": [ 1005092.150599689222872, 191002.004524292045971 ] } },
{ "type": "Feature", "properties": { "element": "way", "id": 249985806, "amenity": null, "ele": null, "gnis:feature_id": null, "name": "Greene Hill Food Co-op", "wikidata": null, "old_name": null, "phone": "+1-718-208-4778", "website": "https://www.greenehillfood.coop", "wheelchair": null, "denomination": null, "religion": null, "addr:housenumber": "1083", "addr:postcode": "11238", "addr:street": "Fulton Street", "check_date": "2023-09-17", "addr:city": null, "addr:state": null, "alt_name": null, "brand": null, "brand:wikidata": null, "operator": null, "operator:short": null, "operator:type": null, "operator:website": null, "operator:wikidata": null, "operator:wikipedia": null, "postal_code": null, "short_name": null, "source": null, "capacity": null, "cityracks.housenum": null, "cityracks.installed": null, "cityracks.large": null, "cityracks.rackid": null, "cityracks.small": null, "cityracks.street": null, "bicycle_parking": null, "covered": null, "addr:country": null, "indoor_seating": null, "outdoor_seating": null, "cuisine": null, "payment:mastercard": null, "payment:visa": null, "shop": "supermarket", "black_owned": null, "opening_hours": "Sa, Su 10:00-18:00; Mo-Fr 13:00-21:00", "takeaway": null, "drink:beer": null, "drink:espresso": null, "drink:wine": null, "cocktails": null, "drink:liquor": null, "note": null, "fee": null, "disused:website": null, "diet:halal": null, "atm": null, "beauty": null, "delivery": null, "official_name": null, "drink:coffee": null, "check_date:opening_hours": null, "dispensing": null, "healthcare": null, "level": null, "happy_hours": null, "addr:housename": null, "bicycle_rental": null, "network": null, "network:wikidata": null, "network:wikipedia": null, "ref": null, "ref:gbfs": null, "second_hand": null, "diet:vegetarian": null, "drink:byob": null, "drink:tea": null, "fax": null, "craft": null, "payment:cards": null, "payment:cash": null, "payment:credit_cards": null, "payment:debit_cards": null, "drive_through": null, "tobacco": null, "opening_hours:signed": null, "diet:vegan": null, "dry_cleaning": null, "branch": null, "drink:sake": null, "contact:facebook": null, "contact:instagram": null, "contact:twitter": null, "internet_access": null, "internet_access:fee": null, "trade": null, "pawnbroker": null, "clothes": null, "bar": null, "addr:unit": null, "smoking": null, "walkup_window": null, "email": null, "leisure": null, "toilets": null, "toilets:access": null, "toilets:unisex": null, "toilets:wheelchair": null, "opening_hours:kitchen": null, "office": null, "social_facility": null, "collection_times": null, "sport": null, "check_date:service:bicycle:pump": null, "service:bicycle:pump": null, "fixme:atp": null, "fixme": null, "payment:apple_pay": null, "payment:contactless": null, "payment:financing": null, "payment:samsung_pay": null, "diet:kosher": null, "female": null, "male": null, "payment:ebt": null, "payment:coins": null, "reservation": null, "website:menu": null, "website:reservation": null, "live_music": null, "addr:place": null, "contact:website": null, "diet:gluten_free": null, "diet:pescetarian": null, "contact:email": null, "description": null, "route_ref": null, "vending": null, "drink:cocktail": null, "recycling": null, "recycling:cans": null, "recycling:glass_bottles": null, "recycling:plastic_bottles": null, "recycling_type": null, "backrest": null, "fountain": null, "contact:sms": null, "drink:bubble_tea": null, "check_date:diet:vegetarian": null, "contact:phone": null, "note:opening_hours": null, "community_centre:for": null, "lgbtq": null, "laundry_service": null, "self_service": null, "animal_boarding": null, "stroller": null, "instagram": null, "service:knife_sharpening": null, "building": "apartments", "laptop": null, "community_centre": null, "catering": null, "survey:date": null, "phases": null, "not:brand:wikidata": null, "payment:american_express": null, "payment:discover_card": null, "start_date": null, "florist": null, "clothes:printing": null, "material": null, "toilets:disposal": null, "organic": null, "seats": null, "waste": null, "min_age": null, "cinema": null, "check_date:capacity": null, "access": "private", "service:notary": null, "recycling:compost": null, "tourism": null, "recycling:food_waste": null, "recycling:green_waste": null, "hairdresser": null, "air_conditioning": null, "food": null, "public_bookcase:type": null, "addr:floor": null, "social_facility:for": null, "bottle": null, "address": null, "operating_hours": null, "payment:paypal": null, "healthcare:speciality": null, "parking": null, "armrest": null, "seats:separated": null, "two_sided": null, "operational_status": null, "direction": null, "fast_food": null, "height": "4.9", "nycdoitt:bin": "3057306", "building:levels": null, "fuel:propane": null, "addr:full": null, "layer": null, "service_times": null, "name:etymology:wikidata": null, "roof:levels": null, "disused:amenity": null, "operator:official": null, "building:material": null, "emergency": null, "surface": null, "shelter_type": null, "mascot": null, "polling_station": null, "beds": null, "wikipedia": null, "atm:operator": null, "barrier": null, "name:etymology": null, "theatre:type": null, "capacity:disabled": null, "books": null, "type": null, "nbhd": "bedstuy", "compressed_air": null, "opening_hours:covid19": null, "playground": null, "drink:sangria": null, "name:es": null, "indoor": null, "information": null, "lgbtq:trans": null, "currency:USD": null, "service:bicycle:repair": null, "street_vendor": null, "colour": null, "location": null, "recycling:glass": null, "recycling:paper": null, "recycling:plastic": null, "contact:fax": null, "facebook": null, "grades": null, "brand:website": null, "opening_hours:drive_through": null, "education": null, "maxstay": null, "fenced": null, "drinking_water": null, "grade": null, "category": "Grocery", "weight_min": 7, "weight_max": 9 }, "geometry": { "type": "Point", "coordinates": [ 995807.022096686298028, 187722.640382881974801 ] } },
{ "type": "Feature", "properties": { "element": "way", "id": 250308773, "amenity": null, "ele": null, "gnis:feature_id": null, "name": "Ideal Food Basket", "wikidata": null, "old_name": null, "phone": "+1-718-453-6032", "website": "https://www.idealfoodbaskets.com", "wheelchair": null, "denomination": null, "religion": null, "addr:housenumber": "631", "addr:postcode": "11221", "addr:street": "Gates Avenue", "check_date": null, "addr:city": "Brooklyn", "addr:state": "NY", "alt_name": null, "brand": "Ideal Food Basket", "brand:wikidata": "Q111908729", "operator": null, "operator:short": null, "operator:type": null, "operator:website": null, "operator:wikidata": null, "operator:wikipedia": null, "postal_code": null, "short_name": null, "source": null, "capacity": null, "cityracks.housenum": null, "cityracks.installed": null, "cityracks.large": null, "cityracks.rackid": null, "cityracks.small": null, "cityracks.street": null, "bicycle_parking": null, "covered": null, "addr:country": null, "indoor_seating": null, "outdoor_seating": null, "cuisine": null, "payment:mastercard": null, "payment:visa": null, "shop": "supermarket", "black_owned": null, "opening_hours": "Mo-Sa 07:00-21:00; Su 08:00-20:00; Dec 25,Jan 01 08:00-19:00; Dec 24,Dec 31 07:00-21:00", "takeaway": null, "drink:beer": null, "drink:espresso": null, "drink:wine": null, "cocktails": null, "drink:liquor": null, "note": null, "fee": null, "disused:website": null, "diet:halal": null, "atm": null, "beauty": null, "delivery": null, "official_name": null, "drink:coffee": null, "check_date:opening_hours": null, "dispensing": null, "healthcare": null, "level": null, "happy_hours": null, "addr:housename": null, "bicycle_rental": null, "network": null, "network:wikidata": null, "network:wikipedia": null, "ref": null, "ref:gbfs": null, "second_hand": null, "diet:vegetarian": null, "drink:byob": null, "drink:tea": null, "fax": null, "craft": null, "payment:cards": null, "payment:cash": null, "payment:credit_cards": null, "payment:debit_cards": null, "drive_through": null, "tobacco": null, "opening_hours:signed": null, "diet:vegan": null, "dry_cleaning": null, "branch": null, "drink:sake": null, "contact:facebook": null, "contact:instagram": null, "contact:twitter": null, "internet_access": null, "internet_access:fee": null, "trade": null, "pawnbroker": null, "clothes": null, "bar": null, "addr:unit": null, "smoking": null, "walkup_window": null, "email": null, "leisure": null, "toilets": null, "toilets:access": null, "toilets:unisex": null, "toilets:wheelchair": null, "opening_hours:kitchen": null, "office": null, "social_facility": null, "collection_times": null, "sport": null, "check_date:service:bicycle:pump": null, "service:bicycle:pump": null, "fixme:atp": null, "fixme": null, "payment:apple_pay": null, "payment:contactless": null, "payment:financing": null, "payment:samsung_pay": null, "diet:kosher": null, "female": null, "male": null, "payment:ebt": null, "payment:coins": null, "reservation": null, "website:menu": null, "website:reservation": null, "live_music": null, "addr:place": null, "contact:website": null, "diet:gluten_free": null, "diet:pescetarian": null, "contact:email": null, "description": null, "route_ref": null, "vending": null, "drink:cocktail": null, "recycling": null, "recycling:cans": null, "recycling:glass_bottles": null, "recycling:plastic_bottles": null, "recycling_type": null, "backrest": null, "fountain": null, "contact:sms": null, "drink:bubble_tea": null, "check_date:diet:vegetarian": null, "contact:phone": null, "note:opening_hours": null, "community_centre:for": null, "lgbtq": null, "laundry_service": null, "self_service": null, "animal_boarding": null, "stroller": null, "instagram": null, "service:knife_sharpening": null, "building": "yes", "laptop": null, "community_centre": null, "catering": null, "survey:date": null, "phases": null, "not:brand:wikidata": null, "payment:american_express": null, "payment:discover_card": null, "start_date": null, "florist": null, "clothes:printing": null, "material": null, "toilets:disposal": null, "organic": null, "seats": null, "waste": null, "min_age": null, "cinema": null, "check_date:capacity": null, "access": null, "service:notary": null, "recycling:compost": null, "tourism": null, "recycling:food_waste": null, "recycling:green_waste": null, "hairdresser": null, "air_conditioning": null, "food": null, "public_bookcase:type": null, "addr:floor": null, "social_facility:for": null, "bottle": null, "address": null, "operating_hours": null, "payment:paypal": null, "healthcare:speciality": null, "parking": null, "armrest": null, "seats:separated": null, "two_sided": null, "operational_status": null, "direction": null, "fast_food": null, "height": "4.8", "nycdoitt:bin": "3051049", "building:levels": "1", "fuel:propane": null, "addr:full": null, "layer": null, "service_times": null, "name:etymology:wikidata": null, "roof:levels": null, "disused:amenity": null, "operator:official": null, "building:material": null, "emergency": null, "surface": null, "shelter_type": null, "mascot": null, "polling_station": null, "beds": null, "wikipedia": null, "atm:operator": null, "barrier": null, "name:etymology": null, "theatre:type": null, "capacity:disabled": null, "books": null, "type": null, "nbhd": "bedstuy", "compressed_air": null, "opening_hours:covid19": null, "playground": null, "drink:sangria": null, "name:es": null, "indoor": null, "information": null, "lgbtq:trans": null, "currency:USD": null, "service:bicycle:repair": null, "street_vendor": null, "colour": null, "location": null, "recycling:glass": null, "recycling:paper": null, "recycling:plastic": null, "contact:fax": null, "facebook": null, "grades": null, "brand:website": null, "opening_hours:drive_through": null, "education": null, "maxstay": null, "fenced": null, "drinking_water": null, "grade": null, "category": "Grocery", "weight_min": 7, "weight_max": 9 }, "geometry": { "type": "Point", "coordinates": [ 1000475.414770647534169, 189756.396286409639288 ] } },
{ "type": "Feature", "properties": { "element": "way", "id": 250310929, "amenity": null, "ele": null, "gnis:feature_id": null, "name": "Key Food", "wikidata": null, "old_name": null, "phone": "+1 718-857-6361", "website": null, "wheelchair": null, "denomination": null, "religion": null, "addr:housenumber": "367", "addr:postcode": "11216", "addr:street": "Nostrand Avenue", "check_date": null, "addr:city": "Brooklyn", "addr:state": "NY", "alt_name": null, "brand": "Key Food", "brand:wikidata": "Q6398037", "operator": null, "operator:short": null, "operator:type": null, "operator:website": null, "operator:wikidata": null, "operator:wikipedia": null, "postal_code": null, "short_name": null, "source": null, "capacity": null, "cityracks.housenum": null, "cityracks.installed": null, "cityracks.large": null, "cityracks.rackid": null, "cityracks.small": null, "cityracks.street": null, "bicycle_parking": null, "covered": null, "addr:country": null, "indoor_seating": null, "outdoor_seating": null, "cuisine": null, "payment:mastercard": null, "payment:visa": null, "shop": "supermarket", "black_owned": null, "opening_hours": "Mo-Sa 08:00-20:00; Su 08:00-17:00", "takeaway": null, "drink:beer": null, "drink:espresso": null, "drink:wine": null, "cocktails": null, "drink:liquor": null, "note": null, "fee": null, "disused:website": null, "diet:halal": null, "atm": null, "beauty": null, "delivery": null, "official_name": null, "drink:coffee": null, "check_date:opening_hours": null, "dispensing": null, "healthcare": null, "level": null, "happy_hours": null, "addr:housename": null, "bicycle_rental": null, "network": null, "network:wikidata": null, "network:wikipedia": null, "ref": "1366", "ref:gbfs": null, "second_hand": null, "diet:vegetarian": null, "drink:byob": null, "drink:tea": null, "fax": null, "craft": null, "payment:cards": null, "payment:cash": null, "payment:credit_cards": null, "payment:debit_cards": null, "drive_through": null, "tobacco": null, "opening_hours:signed": null, "diet:vegan": null, "dry_cleaning": null, "branch": null, "drink:sake": null, "contact:facebook": null, "contact:instagram": null, "contact:twitter": null, "internet_access": null, "internet_access:fee": null, "trade": null, "pawnbroker": null, "clothes": null, "bar": null, "addr:unit": null, "smoking": null, "walkup_window": null, "email": null, "leisure": null, "toilets": null, "toilets:access": null, "toilets:unisex": null, "toilets:wheelchair": null, "opening_hours:kitchen": null, "office": null, "social_facility": null, "collection_times": null, "sport": null, "check_date:service:bicycle:pump": null, "service:bicycle:pump": null, "fixme:atp": null, "fixme": null, "payment:apple_pay": null, "payment:contactless": null, "payment:financing": null, "payment:samsung_pay": null, "diet:kosher": null, "female": null, "male": null, "payment:ebt": null, "payment:coins": null, "reservation": null, "website:menu": null, "website:reservation": null, "live_music": null, "addr:place": null, "contact:website": null, "diet:gluten_free": null, "diet:pescetarian": null, "contact:email": null, "description": null, "route_ref": null, "vending": null, "drink:cocktail": null, "recycling": null, "recycling:cans": null, "recycling:glass_bottles": null, "recycling:plastic_bottles": null, "recycling_type": null, "backrest": null, "fountain": null, "contact:sms": null, "drink:bubble_tea": null, "check_date:diet:vegetarian": null, "contact:phone": null, "note:opening_hours": null, "community_centre:for": null, "lgbtq": null, "laundry_service": null, "self_service": null, "animal_boarding": null, "stroller": null, "instagram": null, "service:knife_sharpening": null, "building": "yes", "laptop": null, "community_centre": null, "catering": null, "survey:date": null, "phases": null, "not:brand:wikidata": null, "payment:american_express": null, "payment:discover_card": null, "start_date": null, "florist": null, "clothes:printing": null, "material": null, "toilets:disposal": null, "organic": null, "seats": null, "waste": null, "min_age": null, "cinema": null, "check_date:capacity": null, "access": null, "service:notary": null, "recycling:compost": null, "tourism": null, "recycling:food_waste": null, "recycling:green_waste": null, "hairdresser": null, "air_conditioning": null, "food": null, "public_bookcase:type": null, "addr:floor": null, "social_facility:for": null, "bottle": null, "address": null, "operating_hours": null, "payment:paypal": null, "healthcare:speciality": null, "parking": null, "armrest": null, "seats:separated": null, "two_sided": null, "operational_status": null, "direction": null, "fast_food": null, "height": "4.1", "nycdoitt:bin": "3051096", "building:levels": null, "fuel:propane": null, "addr:full": null, "layer": null, "service_times": null, "name:etymology:wikidata": null, "roof:levels": null, "disused:amenity": null, "operator:official": null, "building:material": null, "emergency": null, "surface": null, "shelter_type": null, "mascot": null, "polling_station": null, "beds": null, "wikipedia": null, "atm:operator": null, "barrier": null, "name:etymology": null, "theatre:type": null, "capacity:disabled": null, "books": null, "type": null, "nbhd": "bedstuy", "compressed_air": null, "opening_hours:covid19": null, "playground": null, "drink:sangria": null, "name:es": null, "indoor": null, "information": null, "lgbtq:trans": null, "currency:USD": null, "service:bicycle:repair": null, "street_vendor": null, "colour": null, "location": null, "recycling:glass": null, "recycling:paper": null, "recycling:plastic": null, "contact:fax": null, "facebook": null, "grades": null, "brand:website": null, "opening_hours:drive_through": null, "education": null, "maxstay": null, "fenced": null, "drinking_water": null, "grade": null, "category": "Grocery", "weight_min": 7, "weight_max": 9 }, "geometry": { "type": "Point", "coordinates": [ 998018.4688176746713, 189090.045546590408776 ] } },
{ "type": "Feature", "properties": { "element": "way", "id": 250315009, "amenity": null, "ele": null, "gnis:feature_id": null, "name": "Ideal Food Basket", "wikidata": null, "old_name": null, "phone": "+1-718-455-3407", "website": "https://www.idealfoodbaskets.com", "wheelchair": "yes", "denomination": null, "religion": null, "addr:housenumber": "830", "addr:postcode": "11221", "addr:street": "Lafayette Avenue", "check_date": null, "addr:city": "Brooklyn", "addr:state": "NY", "alt_name": null, "brand": "Ideal Food Basket", "brand:wikidata": "Q111908729", "operator": null, "operator:short": null, "operator:type": null, "operator:website": null, "operator:wikidata": null, "operator:wikipedia": null, "postal_code": null, "short_name": null, "source": null, "capacity": null, "cityracks.housenum": null, "cityracks.installed": null, "cityracks.large": null, "cityracks.rackid": null, "cityracks.small": null, "cityracks.street": null, "bicycle_parking": null, "covered": null, "addr:country": null, "indoor_seating": null, "outdoor_seating": null, "cuisine": null, "payment:mastercard": null, "payment:visa": null, "shop": "supermarket", "black_owned": null, "opening_hours": "Mo-Sa 07:00-21:00; Su 08:00-20:00", "takeaway": null, "drink:beer": null, "drink:espresso": null, "drink:wine": null, "cocktails": null, "drink:liquor": null, "note": null, "fee": null, "disused:website": null, "diet:halal": null, "atm": null, "beauty": null, "delivery": null, "official_name": null, "drink:coffee": null, "check_date:opening_hours": null, "dispensing": null, "healthcare": null, "level": null, "happy_hours": null, "addr:housename": null, "bicycle_rental": null, "network": null, "network:wikidata": null, "network:wikipedia": null, "ref": null, "ref:gbfs": null, "second_hand": null, "diet:vegetarian": null, "drink:byob": null, "drink:tea": null, "fax": null, "craft": null, "payment:cards": null, "payment:cash": null, "payment:credit_cards": null, "payment:debit_cards": null, "drive_through": null, "tobacco": null, "opening_hours:signed": null, "diet:vegan": null, "dry_cleaning": null, "branch": null, "drink:sake": null, "contact:facebook": null, "contact:instagram": null, "contact:twitter": null, "internet_access": null, "internet_access:fee": null, "trade": null, "pawnbroker": null, "clothes": null, "bar": null, "addr:unit": null, "smoking": null, "walkup_window": null, "email": null, "leisure": null, "toilets": null, "toilets:access": null, "toilets:unisex": null, "toilets:wheelchair": null, "opening_hours:kitchen": null, "office": null, "social_facility": null, "collection_times": null, "sport": null, "check_date:service:bicycle:pump": null, "service:bicycle:pump": null, "fixme:atp": null, "fixme": null, "payment:apple_pay": null, "payment:contactless": null, "payment:financing": null, "payment:samsung_pay": null, "diet:kosher": null, "female": null, "male": null, "payment:ebt": null, "payment:coins": null, "reservation": null, "website:menu": null, "website:reservation": null, "live_music": null, "addr:place": null, "contact:website": null, "diet:gluten_free": null, "diet:pescetarian": null, "contact:email": null, "description": null, "route_ref": null, "vending": null, "drink:cocktail": null, "recycling": null, "recycling:cans": null, "recycling:glass_bottles": null, "recycling:plastic_bottles": null, "recycling_type": null, "backrest": null, "fountain": null, "contact:sms": null, "drink:bubble_tea": null, "check_date:diet:vegetarian": null, "contact:phone": null, "note:opening_hours": null, "community_centre:for": null, "lgbtq": null, "laundry_service": null, "self_service": null, "animal_boarding": null, "stroller": null, "instagram": null, "service:knife_sharpening": null, "building": "yes", "laptop": null, "community_centre": null, "catering": null, "survey:date": null, "phases": null, "not:brand:wikidata": null, "payment:american_express": null, "payment:discover_card": null, "start_date": null, "florist": null, "clothes:printing": null, "material": null, "toilets:disposal": null, "organic": null, "seats": null, "waste": null, "min_age": null, "cinema": null, "check_date:capacity": null, "access": null, "service:notary": null, "recycling:compost": null, "tourism": null, "recycling:food_waste": null, "recycling:green_waste": null, "hairdresser": null, "air_conditioning": null, "food": null, "public_bookcase:type": null, "addr:floor": null, "social_facility:for": null, "bottle": null, "address": null, "operating_hours": null, "payment:paypal": null, "healthcare:speciality": null, "parking": null, "armrest": null, "seats:separated": null, "two_sided": null, "operational_status": null, "direction": null, "fast_food": null, "height": "9.2", "nycdoitt:bin": "3043507", "building:levels": null, "fuel:propane": null, "addr:full": null, "layer": null, "service_times": null, "name:etymology:wikidata": null, "roof:levels": null, "disused:amenity": null, "operator:official": null, "building:material": null, "emergency": null, "surface": null, "shelter_type": null, "mascot": null, "polling_station": null, "beds": null, "wikipedia": null, "atm:operator": null, "barrier": null, "name:etymology": null, "theatre:type": null, "capacity:disabled": null, "books": null, "type": null, "nbhd": "bedstuy", "compressed_air": null, "opening_hours:covid19": null, "playground": null, "drink:sangria": null, "name:es": null, "indoor": null, "information": null, "lgbtq:trans": null, "currency:USD": null, "service:bicycle:repair": null, "street_vendor": null, "colour": null, "location": null, "recycling:glass": null, "recycling:paper": null, "recycling:plastic": null, "contact:fax": null, "facebook": null, "grades": null, "brand:website": null, "opening_hours:drive_through": null, "education": null, "maxstay": null, "fenced": null, "drinking_water": null, "grade": null, "category": "Grocery", "weight_min": 7, "weight_max": 9 }, "geometry": { "type": "Point", "coordinates": [ 1001080.542495142435655, 191041.967804287240142 ] } },
{ "type": "Feature", "properties": { "element": "way", "id": 250317541, "amenity": null, "ele": null, "gnis:feature_id": null, "name": "Bravo", "wikidata": null, "old_name": null, "phone": null, "website": null, "wheelchair": null, "denomination": null, "religion": null, "addr:housenumber": "850", "addr:postcode": "11221", "addr:street": "DeKalb Avenue", "check_date": null, "addr:city": null, "addr:state": null, "alt_name": null, "brand": "Bravo", "brand:wikidata": "Q16985159", "operator": null, "operator:short": null, "operator:type": null, "operator:website": null, "operator:wikidata": null, "operator:wikipedia": null, "postal_code": null, "short_name": null, "source": null, "capacity": null, "cityracks.housenum": null, "cityracks.installed": null, "cityracks.large": null, "cityracks.rackid": null, "cityracks.small": null, "cityracks.street": null, "bicycle_parking": null, "covered": null, "addr:country": null, "indoor_seating": null, "outdoor_seating": null, "cuisine": null, "payment:mastercard": null, "payment:visa": null, "shop": "supermarket", "black_owned": null, "opening_hours": null, "takeaway": null, "drink:beer": null, "drink:espresso": null, "drink:wine": null, "cocktails": null, "drink:liquor": null, "note": null, "fee": null, "disused:website": null, "diet:halal": null, "atm": null, "beauty": null, "delivery": null, "official_name": null, "drink:coffee": null, "check_date:opening_hours": null, "dispensing": null, "healthcare": null, "level": null, "happy_hours": null, "addr:housename": null, "bicycle_rental": null, "network": null, "network:wikidata": null, "network:wikipedia": null, "ref": null, "ref:gbfs": null, "second_hand": null, "diet:vegetarian": null, "drink:byob": null, "drink:tea": null, "fax": null, "craft": null, "payment:cards": null, "payment:cash": null, "payment:credit_cards": null, "payment:debit_cards": null, "drive_through": null, "tobacco": null, "opening_hours:signed": null, "diet:vegan": null, "dry_cleaning": null, "branch": "Fresh", "drink:sake": null, "contact:facebook": null, "contact:instagram": null, "contact:twitter": null, "internet_access": null, "internet_access:fee": null, "trade": null, "pawnbroker": null, "clothes": null, "bar": null, "addr:unit": null, "smoking": null, "walkup_window": null, "email": null, "leisure": null, "toilets": null, "toilets:access": null, "toilets:unisex": null, "toilets:wheelchair": null, "opening_hours:kitchen": null, "office": null, "social_facility": null, "collection_times": null, "sport": null, "check_date:service:bicycle:pump": null, "service:bicycle:pump": null, "fixme:atp": null, "fixme": null, "payment:apple_pay": null, "payment:contactless": null, "payment:financing": null, "payment:samsung_pay": null, "diet:kosher": null, "female": null, "male": null, "payment:ebt": null, "payment:coins": null, "reservation": null, "website:menu": null, "website:reservation": null, "live_music": null, "addr:place": null, "contact:website": null, "diet:gluten_free": null, "diet:pescetarian": null, "contact:email": null, "description": null, "route_ref": null, "vending": null, "drink:cocktail": null, "recycling": null, "recycling:cans": null, "recycling:glass_bottles": null, "recycling:plastic_bottles": null, "recycling_type": null, "backrest": null, "fountain": null, "contact:sms": null, "drink:bubble_tea": null, "check_date:diet:vegetarian": null, "contact:phone": null, "note:opening_hours": null, "community_centre:for": null, "lgbtq": null, "laundry_service": null, "self_service": null, "animal_boarding": null, "stroller": null, "instagram": null, "service:knife_sharpening": null, "building": "commercial", "laptop": null, "community_centre": null, "catering": null, "survey:date": null, "phases": null, "not:brand:wikidata": null, "payment:american_express": null, "payment:discover_card": null, "start_date": null, "florist": null, "clothes:printing": null, "material": null, "toilets:disposal": null, "organic": null, "seats": null, "waste": null, "min_age": null, "cinema": null, "check_date:capacity": null, "access": null, "service:notary": null, "recycling:compost": null, "tourism": null, "recycling:food_waste": null, "recycling:green_waste": null, "hairdresser": null, "air_conditioning": null, "food": null, "public_bookcase:type": null, "addr:floor": null, "social_facility:for": null, "bottle": null, "address": null, "operating_hours": null, "payment:paypal": null, "healthcare:speciality": null, "parking": null, "armrest": null, "seats:separated": null, "two_sided": null, "operational_status": null, "direction": null, "fast_food": null, "height": "4.5", "nycdoitt:bin": "3349031", "building:levels": null, "fuel:propane": null, "addr:full": null, "layer": null, "service_times": null, "name:etymology:wikidata": null, "roof:levels": null, "disused:amenity": null, "operator:official": null, "building:material": null, "emergency": null, "surface": null, "shelter_type": null, "mascot": null, "polling_station": null, "beds": null, "wikipedia": null, "atm:operator": null, "barrier": null, "name:etymology": null, "theatre:type": null, "capacity:disabled": null, "books": null, "type": null, "nbhd": "bedstuy", "compressed_air": null, "opening_hours:covid19": null, "playground": null, "drink:sangria": null, "name:es": null, "indoor": null, "information": null, "lgbtq:trans": null, "currency:USD": null, "service:bicycle:repair": null, "street_vendor": null, "colour": null, "location": null, "recycling:glass": null, "recycling:paper": null, "recycling:plastic": null, "contact:fax": null, "facebook": null, "grades": null, "brand:website": null, "opening_hours:drive_through": null, "education": null, "maxstay": null, "fenced": null, "drinking_water": null, "grade": null, "category": "Grocery", "weight_min": 7, "weight_max": 9 }, "geometry": { "type": "Point", "coordinates": [ 1000342.220367468660697, 191475.836391248478321 ] } },
{ "type": "Feature", "properties": { "element": "way", "id": 250318358, "amenity": null, "ele": null, "gnis:feature_id": null, "name": "Western Beef", "wikidata": null, "old_name": null, "phone": null, "website": null, "wheelchair": null, "denomination": null, "religion": null, "addr:housenumber": "998", "addr:postcode": "11206", "addr:street": "Myrtle Avenue", "check_date": null, "addr:city": null, "addr:state": null, "alt_name": null, "brand": null, "brand:wikidata": null, "operator": null, "operator:short": null, "operator:type": null, "operator:website": null, "operator:wikidata": null, "operator:wikipedia": null, "postal_code": null, "short_name": null, "source": null, "capacity": null, "cityracks.housenum": null, "cityracks.installed": null, "cityracks.large": null, "cityracks.rackid": null, "cityracks.small": null, "cityracks.street": null, "bicycle_parking": null, "covered": null, "addr:country": null, "indoor_seating": null, "outdoor_seating": null, "cuisine": null, "payment:mastercard": null, "payment:visa": null, "shop": "supermarket", "black_owned": null, "opening_hours": "Mo-Su 07:00-21:00", "takeaway": null, "drink:beer": null, "drink:espresso": null, "drink:wine": null, "cocktails": null, "drink:liquor": null, "note": null, "fee": null, "disused:website": null, "diet:halal": null, "atm": null, "beauty": null, "delivery": null, "official_name": null, "drink:coffee": null, "check_date:opening_hours": null, "dispensing": null, "healthcare": null, "level": null, "happy_hours": null, "addr:housename": null, "bicycle_rental": null, "network": null, "network:wikidata": null, "network:wikipedia": null, "ref": null, "ref:gbfs": null, "second_hand": null, "diet:vegetarian": null, "drink:byob": null, "drink:tea": null, "fax": null, "craft": null, "payment:cards": null, "payment:cash": null, "payment:credit_cards": null, "payment:debit_cards": null, "drive_through": null, "tobacco": null, "opening_hours:signed": null, "diet:vegan": null, "dry_cleaning": null, "branch": null, "drink:sake": null, "contact:facebook": null, "contact:instagram": null, "contact:twitter": null, "internet_access": null, "internet_access:fee": null, "trade": null, "pawnbroker": null, "clothes": null, "bar": null, "addr:unit": null, "smoking": null, "walkup_window": null, "email": null, "leisure": null, "toilets": null, "toilets:access": null, "toilets:unisex": null, "toilets:wheelchair": null, "opening_hours:kitchen": null, "office": null, "social_facility": null, "collection_times": null, "sport": null, "check_date:service:bicycle:pump": null, "service:bicycle:pump": null, "fixme:atp": null, "fixme": null, "payment:apple_pay": null, "payment:contactless": null, "payment:financing": null, "payment:samsung_pay": null, "diet:kosher": null, "female": null, "male": null, "payment:ebt": null, "payment:coins": null, "reservation": null, "website:menu": null, "website:reservation": null, "live_music": null, "addr:place": null, "contact:website": null, "diet:gluten_free": null, "diet:pescetarian": null, "contact:email": null, "description": null, "route_ref": null, "vending": null, "drink:cocktail": null, "recycling": null, "recycling:cans": null, "recycling:glass_bottles": null, "recycling:plastic_bottles": null, "recycling_type": null, "backrest": null, "fountain": null, "contact:sms": null, "drink:bubble_tea": null, "check_date:diet:vegetarian": null, "contact:phone": null, "note:opening_hours": null, "community_centre:for": null, "lgbtq": null, "laundry_service": null, "self_service": null, "animal_boarding": null, "stroller": null, "instagram": null, "service:knife_sharpening": null, "building": "yes", "laptop": null, "community_centre": null, "catering": null, "survey:date": null, "phases": null, "not:brand:wikidata": null, "payment:american_express": null, "payment:discover_card": null, "start_date": null, "florist": null, "clothes:printing": null, "material": null, "toilets:disposal": null, "organic": null, "seats": null, "waste": null, "min_age": null, "cinema": null, "check_date:capacity": null, "access": null, "service:notary": null, "recycling:compost": null, "tourism": null, "recycling:food_waste": null, "recycling:green_waste": null, "hairdresser": null, "air_conditioning": null, "food": null, "public_bookcase:type": null, "addr:floor": null, "social_facility:for": null, "bottle": null, "address": null, "operating_hours": null, "payment:paypal": null, "healthcare:speciality": null, "parking": null, "armrest": null, "seats:separated": null, "two_sided": null, "operational_status": null, "direction": null, "fast_food": null, "height": "8.1", "nycdoitt:bin": "3393664", "building:levels": null, "fuel:propane": null, "addr:full": null, "layer": null, "service_times": null, "name:etymology:wikidata": null, "roof:levels": null, "disused:amenity": null, "operator:official": null, "building:material": null, "emergency": null, "surface": null, "shelter_type": null, "mascot": null, "polling_station": null, "beds": null, "wikipedia": null, "atm:operator": null, "barrier": null, "name:etymology": null, "theatre:type": null, "capacity:disabled": null, "books": null, "type": null, "nbhd": "bedstuy", "compressed_air": null, "opening_hours:covid19": null, "playground": null, "drink:sangria": null, "name:es": null, "indoor": null, "information": null, "lgbtq:trans": null, "currency:USD": null, "service:bicycle:repair": null, "street_vendor": null, "colour": null, "location": null, "recycling:glass": null, "recycling:paper": null, "recycling:plastic": null, "contact:fax": null, "facebook": null, "grades": null, "brand:website": null, "opening_hours:drive_through": null, "education": null, "maxstay": null, "fenced": null, "drinking_water": null, "grade": null, "category": "Grocery", "weight_min": 7, "weight_max": 9 }, "geometry": { "type": "Point", "coordinates": [ 1000487.198697219719179, 192860.701339577295585 ] } },
{ "type": "Feature", "properties": { "element": "way", "id": 250325824, "amenity": null, "ele": null, "gnis:feature_id": null, "name": "Shop Fair", "wikidata": null, "old_name": null, "phone": null, "website": null, "wheelchair": null, "denomination": null, "religion": null, "addr:housenumber": "1111", "addr:postcode": "11206", "addr:street": "Myrtle Avenue", "check_date": null, "addr:city": null, "addr:state": null, "alt_name": null, "brand": null, "brand:wikidata": null, "operator": null, "operator:short": null, "operator:type": null, "operator:website": null, "operator:wikidata": null, "operator:wikipedia": null, "postal_code": null, "short_name": null, "source": null, "capacity": null, "cityracks.housenum": null, "cityracks.installed": null, "cityracks.large": null, "cityracks.rackid": null, "cityracks.small": null, "cityracks.street": null, "bicycle_parking": null, "covered": null, "addr:country": null, "indoor_seating": null, "outdoor_seating": null, "cuisine": null, "payment:mastercard": null, "payment:visa": null, "shop": "supermarket", "black_owned": null, "opening_hours": "Mo-Sa 07:00-22:30; Su 08:00-21:30", "takeaway": null, "drink:beer": "yes", "drink:espresso": null, "drink:wine": null, "cocktails": null, "drink:liquor": null, "note": null, "fee": null, "disused:website": null, "diet:halal": null, "atm": null, "beauty": null, "delivery": null, "official_name": null, "drink:coffee": null, "check_date:opening_hours": null, "dispensing": null, "healthcare": null, "level": null, "happy_hours": null, "addr:housename": null, "bicycle_rental": null, "network": null, "network:wikidata": null, "network:wikipedia": null, "ref": null, "ref:gbfs": null, "second_hand": null, "diet:vegetarian": null, "drink:byob": null, "drink:tea": null, "fax": null, "craft": null, "payment:cards": null, "payment:cash": null, "payment:credit_cards": null, "payment:debit_cards": null, "drive_through": null, "tobacco": null, "opening_hours:signed": null, "diet:vegan": null, "dry_cleaning": null, "branch": null, "drink:sake": null, "contact:facebook": null, "contact:instagram": null, "contact:twitter": null, "internet_access": null, "internet_access:fee": null, "trade": null, "pawnbroker": null, "clothes": null, "bar": null, "addr:unit": null, "smoking": null, "walkup_window": null, "email": null, "leisure": null, "toilets": null, "toilets:access": null, "toilets:unisex": null, "toilets:wheelchair": null, "opening_hours:kitchen": null, "office": null, "social_facility": null, "collection_times": null, "sport": null, "check_date:service:bicycle:pump": null, "service:bicycle:pump": null, "fixme:atp": null, "fixme": null, "payment:apple_pay": null, "payment:contactless": null, "payment:financing": null, "payment:samsung_pay": null, "diet:kosher": null, "female": null, "male": null, "payment:ebt": null, "payment:coins": null, "reservation": null, "website:menu": null, "website:reservation": null, "live_music": null, "addr:place": null, "contact:website": null, "diet:gluten_free": null, "diet:pescetarian": null, "contact:email": null, "description": null, "route_ref": null, "vending": null, "drink:cocktail": null, "recycling": null, "recycling:cans": null, "recycling:glass_bottles": null, "recycling:plastic_bottles": null, "recycling_type": null, "backrest": null, "fountain": null, "contact:sms": null, "drink:bubble_tea": null, "check_date:diet:vegetarian": null, "contact:phone": null, "note:opening_hours": null, "community_centre:for": null, "lgbtq": null, "laundry_service": null, "self_service": null, "animal_boarding": null, "stroller": null, "instagram": null, "service:knife_sharpening": null, "building": "retail", "laptop": null, "community_centre": null, "catering": null, "survey:date": null, "phases": null, "not:brand:wikidata": null, "payment:american_express": null, "payment:discover_card": null, "start_date": null, "florist": null, "clothes:printing": null, "material": null, "toilets:disposal": null, "organic": null, "seats": null, "waste": null, "min_age": null, "cinema": null, "check_date:capacity": null, "access": null, "service:notary": null, "recycling:compost": null, "tourism": null, "recycling:food_waste": null, "recycling:green_waste": null, "hairdresser": null, "air_conditioning": null, "food": null, "public_bookcase:type": null, "addr:floor": null, "social_facility:for": null, "bottle": null, "address": null, "operating_hours": null, "payment:paypal": null, "healthcare:speciality": null, "parking": null, "armrest": null, "seats:separated": null, "two_sided": null, "operational_status": null, "direction": null, "fast_food": null, "height": "5.2", "nycdoitt:bin": "3042879", "building:levels": null, "fuel:propane": null, "addr:full": null, "layer": null, "service_times": null, "name:etymology:wikidata": null, "roof:levels": null, "disused:amenity": null, "operator:official": null, "building:material": null, "emergency": null, "surface": null, "shelter_type": null, "mascot": null, "polling_station": null, "beds": null, "wikipedia": null, "atm:operator": null, "barrier": null, "name:etymology": null, "theatre:type": null, "capacity:disabled": null, "books": null, "type": null, "nbhd": "bedstuy", "compressed_air": null, "opening_hours:covid19": null, "playground": null, "drink:sangria": null, "name:es": null, "indoor": null, "information": null, "lgbtq:trans": null, "currency:USD": null, "service:bicycle:repair": null, "street_vendor": null, "colour": null, "location": null, "recycling:glass": null, "recycling:paper": null, "recycling:plastic": null, "contact:fax": null, "facebook": null, "grades": null, "brand:website": null, "opening_hours:drive_through": null, "education": null, "maxstay": null, "fenced": null, "drinking_water": null, "grade": null, "category": "Grocery", "weight_min": 7, "weight_max": 9 }, "geometry": { "type": "Point", "coordinates": [ 1001702.082943915273063, 193224.545786575239617 ] } },
{ "type": "Feature", "properties": { "element": "way", "id": 250340430, "amenity": null, "ele": null, "gnis:feature_id": null, "name": "Bravo", "wikidata": null, "old_name": null, "phone": null, "website": null, "wheelchair": null, "denomination": null, "religion": null, "addr:housenumber": "991", "addr:postcode": "11205", "addr:street": "Bedford Avenue", "check_date": null, "addr:city": null, "addr:state": null, "alt_name": null, "brand": "Bravo", "brand:wikidata": "Q16985159", "operator": null, "operator:short": null, "operator:type": null, "operator:website": null, "operator:wikidata": null, "operator:wikipedia": null, "postal_code": null, "short_name": null, "source": null, "capacity": null, "cityracks.housenum": null, "cityracks.installed": null, "cityracks.large": null, "cityracks.rackid": null, "cityracks.small": null, "cityracks.street": null, "bicycle_parking": null, "covered": null, "addr:country": null, "indoor_seating": null, "outdoor_seating": null, "cuisine": "breakfast;sandwich", "payment:mastercard": null, "payment:visa": null, "shop": "supermarket", "black_owned": null, "opening_hours": "Mo-Fr 07:30-22:00; Sa-Su 08:00-22:00", "takeaway": null, "drink:beer": "yes", "drink:espresso": null, "drink:wine": "low_alcohol", "cocktails": null, "drink:liquor": null, "note": null, "fee": null, "disused:website": null, "diet:halal": null, "atm": null, "beauty": null, "delivery": null, "official_name": null, "drink:coffee": null, "check_date:opening_hours": null, "dispensing": null, "healthcare": null, "level": null, "happy_hours": null, "addr:housename": null, "bicycle_rental": null, "network": null, "network:wikidata": null, "network:wikipedia": null, "ref": null, "ref:gbfs": null, "second_hand": null, "diet:vegetarian": null, "drink:byob": null, "drink:tea": null, "fax": null, "craft": null, "payment:cards": null, "payment:cash": null, "payment:credit_cards": null, "payment:debit_cards": null, "drive_through": null, "tobacco": null, "opening_hours:signed": null, "diet:vegan": null, "dry_cleaning": null, "branch": null, "drink:sake": null, "contact:facebook": null, "contact:instagram": null, "contact:twitter": null, "internet_access": null, "internet_access:fee": null, "trade": null, "pawnbroker": null, "clothes": null, "bar": null, "addr:unit": null, "smoking": null, "walkup_window": null, "email": null, "leisure": null, "toilets": null, "toilets:access": null, "toilets:unisex": null, "toilets:wheelchair": null, "opening_hours:kitchen": null, "office": null, "social_facility": null, "collection_times": null, "sport": null, "check_date:service:bicycle:pump": null, "service:bicycle:pump": null, "fixme:atp": null, "fixme": null, "payment:apple_pay": null, "payment:contactless": null, "payment:financing": null, "payment:samsung_pay": null, "diet:kosher": null, "female": null, "male": null, "payment:ebt": null, "payment:coins": null, "reservation": null, "website:menu": null, "website:reservation": null, "live_music": null, "addr:place": null, "contact:website": null, "diet:gluten_free": null, "diet:pescetarian": null, "contact:email": null, "description": null, "route_ref": null, "vending": null, "drink:cocktail": null, "recycling": null, "recycling:cans": null, "recycling:glass_bottles": null, "recycling:plastic_bottles": null, "recycling_type": null, "backrest": null, "fountain": null, "contact:sms": null, "drink:bubble_tea": null, "check_date:diet:vegetarian": null, "contact:phone": null, "note:opening_hours": null, "community_centre:for": null, "lgbtq": null, "laundry_service": null, "self_service": null, "animal_boarding": null, "stroller": null, "instagram": null, "service:knife_sharpening": null, "building": "yes", "laptop": null, "community_centre": null, "catering": null, "survey:date": null, "phases": null, "not:brand:wikidata": null, "payment:american_express": null, "payment:discover_card": null, "start_date": null, "florist": null, "clothes:printing": null, "material": null, "toilets:disposal": null, "organic": null, "seats": null, "waste": null, "min_age": null, "cinema": null, "check_date:capacity": null, "access": null, "service:notary": null, "recycling:compost": null, "tourism": null, "recycling:food_waste": null, "recycling:green_waste": null, "hairdresser": null, "air_conditioning": null, "food": null, "public_bookcase:type": null, "addr:floor": null, "social_facility:for": null, "bottle": null, "address": null, "operating_hours": null, "payment:paypal": null, "healthcare:speciality": null, "parking": null, "armrest": null, "seats:separated": null, "two_sided": null, "operational_status": null, "direction": null, "fast_food": null, "height": "4.3", "nycdoitt:bin": "3049711", "building:levels": null, "fuel:propane": null, "addr:full": null, "layer": null, "service_times": null, "name:etymology:wikidata": null, "roof:levels": null, "disused:amenity": null, "operator:official": null, "building:material": null, "emergency": null, "surface": null, "shelter_type": null, "mascot": null, "polling_station": null, "beds": null, "wikipedia": null, "atm:operator": null, "barrier": null, "name:etymology": null, "theatre:type": null, "capacity:disabled": null, "books": null, "type": null, "nbhd": "bedstuy", "compressed_air": null, "opening_hours:covid19": null, "playground": null, "drink:sangria": null, "name:es": null, "indoor": null, "information": null, "lgbtq:trans": null, "currency:USD": null, "service:bicycle:repair": null, "street_vendor": null, "colour": null, "location": null, "recycling:glass": null, "recycling:paper": null, "recycling:plastic": null, "contact:fax": null, "facebook": null, "grades": null, "brand:website": null, "opening_hours:drive_through": null, "education": null, "maxstay": null, "fenced": null, "drinking_water": null, "grade": null, "category": "Grocery", "weight_min": 7, "weight_max": 9 }, "geometry": { "type": "Point", "coordinates": [ 996748.862398431869224, 190687.886923048266908 ] } },
{ "type": "Feature", "properties": { "element": "way", "id": 250372505, "amenity": null, "ele": null, "gnis:feature_id": null, "name": "Fine Fare", "wikidata": null, "old_name": null, "phone": null, "website": null, "wheelchair": null, "denomination": null, "religion": null, "addr:housenumber": "476", "addr:postcode": "11216", "addr:street": "Marcus Garvey Boulevard", "check_date": null, "addr:city": "Brooklyn", "addr:state": "NY", "alt_name": null, "brand": null, "brand:wikidata": null, "operator": null, "operator:short": null, "operator:type": null, "operator:website": null, "operator:wikidata": null, "operator:wikipedia": null, "postal_code": null, "short_name": null, "source": null, "capacity": null, "cityracks.housenum": null, "cityracks.installed": null, "cityracks.large": null, "cityracks.rackid": null, "cityracks.small": null, "cityracks.street": null, "bicycle_parking": null, "covered": null, "addr:country": null, "indoor_seating": null, "outdoor_seating": null, "cuisine": null, "payment:mastercard": null, "payment:visa": null, "shop": "supermarket", "black_owned": null, "opening_hours": null, "takeaway": null, "drink:beer": null, "drink:espresso": null, "drink:wine": null, "cocktails": null, "drink:liquor": null, "note": null, "fee": null, "disused:website": null, "diet:halal": null, "atm": null, "beauty": null, "delivery": null, "official_name": null, "drink:coffee": null, "check_date:opening_hours": null, "dispensing": null, "healthcare": null, "level": null, "happy_hours": null, "addr:housename": null, "bicycle_rental": null, "network": null, "network:wikidata": null, "network:wikipedia": null, "ref": null, "ref:gbfs": null, "second_hand": null, "diet:vegetarian": null, "drink:byob": null, "drink:tea": null, "fax": null, "craft": null, "payment:cards": null, "payment:cash": null, "payment:credit_cards": null, "payment:debit_cards": null, "drive_through": null, "tobacco": null, "opening_hours:signed": null, "diet:vegan": null, "dry_cleaning": null, "branch": null, "drink:sake": null, "contact:facebook": null, "contact:instagram": null, "contact:twitter": null, "internet_access": null, "internet_access:fee": null, "trade": null, "pawnbroker": null, "clothes": null, "bar": null, "addr:unit": null, "smoking": null, "walkup_window": null, "email": null, "leisure": null, "toilets": null, "toilets:access": null, "toilets:unisex": null, "toilets:wheelchair": null, "opening_hours:kitchen": null, "office": null, "social_facility": null, "collection_times": null, "sport": null, "check_date:service:bicycle:pump": null, "service:bicycle:pump": null, "fixme:atp": null, "fixme": null, "payment:apple_pay": null, "payment:contactless": null, "payment:financing": null, "payment:samsung_pay": null, "diet:kosher": null, "female": null, "male": null, "payment:ebt": null, "payment:coins": null, "reservation": null, "website:menu": null, "website:reservation": null, "live_music": null, "addr:place": null, "contact:website": null, "diet:gluten_free": null, "diet:pescetarian": null, "contact:email": null, "description": null, "route_ref": null, "vending": null, "drink:cocktail": null, "recycling": null, "recycling:cans": null, "recycling:glass_bottles": null, "recycling:plastic_bottles": null, "recycling_type": null, "backrest": null, "fountain": null, "contact:sms": null, "drink:bubble_tea": null, "check_date:diet:vegetarian": null, "contact:phone": null, "note:opening_hours": null, "community_centre:for": null, "lgbtq": null, "laundry_service": null, "self_service": null, "animal_boarding": null, "stroller": null, "instagram": null, "service:knife_sharpening": null, "building": "yes", "laptop": null, "community_centre": null, "catering": null, "survey:date": null, "phases": null, "not:brand:wikidata": null, "payment:american_express": null, "payment:discover_card": null, "start_date": null, "florist": null, "clothes:printing": null, "material": null, "toilets:disposal": null, "organic": null, "seats": null, "waste": null, "min_age": null, "cinema": null, "check_date:capacity": null, "access": null, "service:notary": null, "recycling:compost": null, "tourism": null, "recycling:food_waste": null, "recycling:green_waste": null, "hairdresser": null, "air_conditioning": null, "food": null, "public_bookcase:type": null, "addr:floor": null, "social_facility:for": null, "bottle": null, "address": null, "operating_hours": null, "payment:paypal": null, "healthcare:speciality": null, "parking": null, "armrest": null, "seats:separated": null, "two_sided": null, "operational_status": null, "direction": null, "fast_food": null, "height": "5.9", "nycdoitt:bin": "3053697", "building:levels": null, "fuel:propane": null, "addr:full": null, "layer": null, "service_times": null, "name:etymology:wikidata": null, "roof:levels": null, "disused:amenity": null, "operator:official": null, "building:material": null, "emergency": null, "surface": null, "shelter_type": null, "mascot": null, "polling_station": null, "beds": null, "wikipedia": null, "atm:operator": null, "barrier": null, "name:etymology": null, "theatre:type": null, "capacity:disabled": null, "books": null, "type": null, "nbhd": "bedstuy", "compressed_air": null, "opening_hours:covid19": null, "playground": null, "drink:sangria": null, "name:es": null, "indoor": null, "information": null, "lgbtq:trans": null, "currency:USD": null, "service:bicycle:repair": null, "street_vendor": null, "colour": null, "location": null, "recycling:glass": null, "recycling:paper": null, "recycling:plastic": null, "contact:fax": null, "facebook": null, "grades": null, "brand:website": null, "opening_hours:drive_through": null, "education": null, "maxstay": null, "fenced": null, "drinking_water": null, "grade": null, "category": "Grocery", "weight_min": 7, "weight_max": 9 }, "geometry": { "type": "Point", "coordinates": [ 1001497.522146425792016, 187156.58388848011964 ] } },
{ "type": "Feature", "properties": { "element": "node", "id": 1704365976, "amenity": null, "ele": null, "gnis:feature_id": null, "name": "Foodtown", "wikidata": null, "old_name": null, "phone": null, "website": null, "wheelchair": null, "denomination": null, "religion": null, "addr:housenumber": "76-10", "addr:postcode": "11372", "addr:street": "37th Avenue", "check_date": null, "addr:city": null, "addr:state": null, "alt_name": null, "brand": "Foodtown", "brand:wikidata": "Q5465575", "operator": null, "operator:short": null, "operator:type": null, "operator:website": null, "operator:wikidata": null, "operator:wikipedia": null, "postal_code": null, "short_name": null, "source": null, "capacity": null, "cityracks.housenum": null, "cityracks.installed": null, "cityracks.large": null, "cityracks.rackid": null, "cityracks.small": null, "cityracks.street": null, "bicycle_parking": null, "covered": null, "addr:country": null, "indoor_seating": null, "outdoor_seating": null, "cuisine": null, "payment:mastercard": null, "payment:visa": null, "shop": "supermarket", "black_owned": null, "opening_hours": null, "takeaway": null, "drink:beer": null, "drink:espresso": null, "drink:wine": null, "cocktails": null, "drink:liquor": null, "note": null, "fee": null, "disused:website": null, "diet:halal": null, "atm": null, "beauty": null, "delivery": null, "official_name": null, "drink:coffee": null, "check_date:opening_hours": null, "dispensing": null, "healthcare": null, "level": null, "happy_hours": null, "addr:housename": null, "bicycle_rental": null, "network": null, "network:wikidata": null, "network:wikipedia": null, "ref": null, "ref:gbfs": null, "second_hand": null, "diet:vegetarian": null, "drink:byob": null, "drink:tea": null, "fax": null, "craft": null, "payment:cards": null, "payment:cash": null, "payment:credit_cards": null, "payment:debit_cards": null, "drive_through": null, "tobacco": null, "opening_hours:signed": null, "diet:vegan": null, "dry_cleaning": null, "branch": null, "drink:sake": null, "contact:facebook": null, "contact:instagram": null, "contact:twitter": null, "internet_access": null, "internet_access:fee": null, "trade": null, "pawnbroker": null, "clothes": null, "bar": null, "addr:unit": null, "smoking": null, "walkup_window": null, "email": null, "leisure": null, "toilets": null, "toilets:access": null, "toilets:unisex": null, "toilets:wheelchair": null, "opening_hours:kitchen": null, "office": null, "social_facility": null, "collection_times": null, "sport": null, "check_date:service:bicycle:pump": null, "service:bicycle:pump": null, "fixme:atp": null, "fixme": null, "payment:apple_pay": null, "payment:contactless": null, "payment:financing": null, "payment:samsung_pay": null, "diet:kosher": null, "female": null, "male": null, "payment:ebt": null, "payment:coins": null, "reservation": null, "website:menu": null, "website:reservation": null, "live_music": null, "addr:place": null, "contact:website": null, "diet:gluten_free": null, "diet:pescetarian": null, "contact:email": null, "description": null, "route_ref": null, "vending": null, "drink:cocktail": null, "recycling": null, "recycling:cans": null, "recycling:glass_bottles": null, "recycling:plastic_bottles": null, "recycling_type": null, "backrest": null, "fountain": null, "contact:sms": null, "drink:bubble_tea": null, "check_date:diet:vegetarian": null, "contact:phone": null, "note:opening_hours": null, "community_centre:for": null, "lgbtq": null, "laundry_service": null, "self_service": null, "animal_boarding": null, "stroller": null, "instagram": null, "service:knife_sharpening": null, "building": null, "laptop": null, "community_centre": null, "catering": null, "survey:date": null, "phases": null, "not:brand:wikidata": null, "payment:american_express": null, "payment:discover_card": null, "start_date": null, "florist": null, "clothes:printing": null, "material": null, "toilets:disposal": null, "organic": null, "seats": null, "waste": null, "min_age": null, "cinema": null, "check_date:capacity": null, "access": null, "service:notary": null, "recycling:compost": null, "tourism": null, "recycling:food_waste": null, "recycling:green_waste": null, "hairdresser": null, "air_conditioning": null, "food": null, "public_bookcase:type": null, "addr:floor": null, "social_facility:for": null, "bottle": null, "address": null, "operating_hours": null, "payment:paypal": null, "healthcare:speciality": null, "parking": null, "armrest": null, "seats:separated": null, "two_sided": null, "operational_status": null, "direction": null, "fast_food": null, "height": null, "nycdoitt:bin": null, "building:levels": null, "fuel:propane": null, "addr:full": null, "layer": null, "service_times": null, "name:etymology:wikidata": null, "roof:levels": null, "disused:amenity": null, "operator:official": null, "building:material": null, "emergency": null, "surface": null, "shelter_type": null, "mascot": null, "polling_station": null, "beds": null, "wikipedia": null, "atm:operator": null, "barrier": null, "name:etymology": null, "theatre:type": null, "capacity:disabled": null, "books": null, "type": null, "nbhd": "jacksonheights", "compressed_air": null, "opening_hours:covid19": null, "playground": null, "drink:sangria": null, "name:es": null, "indoor": null, "information": null, "lgbtq:trans": null, "currency:USD": null, "service:bicycle:repair": null, "street_vendor": null, "colour": null, "location": null, "recycling:glass": null, "recycling:paper": null, "recycling:plastic": null, "contact:fax": null, "facebook": null, "grades": null, "brand:website": null, "opening_hours:drive_through": null, "education": null, "maxstay": null, "fenced": null, "drinking_water": null, "grade": null, "category": "Grocery", "weight_min": 7, "weight_max": 9 }, "geometry": { "type": "Point", "coordinates": [ 1014791.836376524763182, 212189.694681943248725 ] } },
{ "type": "Feature", "properties": { "element": "node", "id": 2569998651, "amenity": null, "ele": null, "gnis:feature_id": null, "name": "Lemon Farm", "wikidata": null, "old_name": null, "phone": null, "website": null, "wheelchair": null, "denomination": null, "religion": null, "addr:housenumber": "77-17", "addr:postcode": "11372", "addr:street": "37th Avenue", "check_date": null, "addr:city": null, "addr:state": null, "alt_name": null, "brand": null, "brand:wikidata": null, "operator": null, "operator:short": null, "operator:type": null, "operator:website": null, "operator:wikidata": null, "operator:wikipedia": null, "postal_code": null, "short_name": null, "source": null, "capacity": null, "cityracks.housenum": null, "cityracks.installed": null, "cityracks.large": null, "cityracks.rackid": null, "cityracks.small": null, "cityracks.street": null, "bicycle_parking": null, "covered": null, "addr:country": null, "indoor_seating": null, "outdoor_seating": null, "cuisine": null, "payment:mastercard": null, "payment:visa": null, "shop": "supermarket", "black_owned": null, "opening_hours": null, "takeaway": null, "drink:beer": null, "drink:espresso": null, "drink:wine": null, "cocktails": null, "drink:liquor": null, "note": null, "fee": null, "disused:website": null, "diet:halal": null, "atm": null, "beauty": null, "delivery": null, "official_name": null, "drink:coffee": null, "check_date:opening_hours": null, "dispensing": null, "healthcare": null, "level": null, "happy_hours": null, "addr:housename": null, "bicycle_rental": null, "network": null, "network:wikidata": null, "network:wikipedia": null, "ref": null, "ref:gbfs": null, "second_hand": null, "diet:vegetarian": null, "drink:byob": null, "drink:tea": null, "fax": null, "craft": null, "payment:cards": null, "payment:cash": null, "payment:credit_cards": null, "payment:debit_cards": null, "drive_through": null, "tobacco": null, "opening_hours:signed": null, "diet:vegan": null, "dry_cleaning": null, "branch": null, "drink:sake": null, "contact:facebook": null, "contact:instagram": null, "contact:twitter": null, "internet_access": null, "internet_access:fee": null, "trade": null, "pawnbroker": null, "clothes": null, "bar": null, "addr:unit": null, "smoking": null, "walkup_window": null, "email": null, "leisure": null, "toilets": null, "toilets:access": null, "toilets:unisex": null, "toilets:wheelchair": null, "opening_hours:kitchen": null, "office": null, "social_facility": null, "collection_times": null, "sport": null, "check_date:service:bicycle:pump": null, "service:bicycle:pump": null, "fixme:atp": null, "fixme": null, "payment:apple_pay": null, "payment:contactless": null, "payment:financing": null, "payment:samsung_pay": null, "diet:kosher": null, "female": null, "male": null, "payment:ebt": null, "payment:coins": null, "reservation": null, "website:menu": null, "website:reservation": null, "live_music": null, "addr:place": null, "contact:website": null, "diet:gluten_free": null, "diet:pescetarian": null, "contact:email": null, "description": null, "route_ref": null, "vending": null, "drink:cocktail": null, "recycling": null, "recycling:cans": null, "recycling:glass_bottles": null, "recycling:plastic_bottles": null, "recycling_type": null, "backrest": null, "fountain": null, "contact:sms": null, "drink:bubble_tea": null, "check_date:diet:vegetarian": null, "contact:phone": null, "note:opening_hours": null, "community_centre:for": null, "lgbtq": null, "laundry_service": null, "self_service": null, "animal_boarding": null, "stroller": null, "instagram": null, "service:knife_sharpening": null, "building": null, "laptop": null, "community_centre": null, "catering": null, "survey:date": null, "phases": null, "not:brand:wikidata": null, "payment:american_express": null, "payment:discover_card": null, "start_date": null, "florist": null, "clothes:printing": null, "material": null, "toilets:disposal": null, "organic": null, "seats": null, "waste": null, "min_age": null, "cinema": null, "check_date:capacity": null, "access": null, "service:notary": null, "recycling:compost": null, "tourism": null, "recycling:food_waste": null, "recycling:green_waste": null, "hairdresser": null, "air_conditioning": null, "food": null, "public_bookcase:type": null, "addr:floor": null, "social_facility:for": null, "bottle": null, "address": null, "operating_hours": null, "payment:paypal": null, "healthcare:speciality": null, "parking": null, "armrest": null, "seats:separated": null, "two_sided": null, "operational_status": null, "direction": null, "fast_food": null, "height": null, "nycdoitt:bin": null, "building:levels": null, "fuel:propane": null, "addr:full": null, "layer": null, "service_times": null, "name:etymology:wikidata": null, "roof:levels": null, "disused:amenity": null, "operator:official": null, "building:material": null, "emergency": null, "surface": null, "shelter_type": null, "mascot": null, "polling_station": null, "beds": null, "wikipedia": null, "atm:operator": null, "barrier": null, "name:etymology": null, "theatre:type": null, "capacity:disabled": null, "books": null, "type": null, "nbhd": "jacksonheights", "compressed_air": null, "opening_hours:covid19": null, "playground": null, "drink:sangria": null, "name:es": null, "indoor": null, "information": null, "lgbtq:trans": null, "currency:USD": null, "service:bicycle:repair": null, "street_vendor": null, "colour": null, "location": null, "recycling:glass": null, "recycling:paper": null, "recycling:plastic": null, "contact:fax": null, "facebook": null, "grades": null, "brand:website": null, "opening_hours:drive_through": null, "education": null, "maxstay": null, "fenced": null, "drinking_water": null, "grade": null, "category": "Grocery", "weight_min": 7, "weight_max": 9 }, "geometry": { "type": "Point", "coordinates": [ 1015232.717616062844172, 212344.877683473401703 ] } },
{ "type": "Feature", "properties": { "element": "node", "id": 2570081366, "amenity": null, "ele": null, "gnis:feature_id": null, "name": "Trade Fair", "wikidata": null, "old_name": null, "phone": null, "website": null, "wheelchair": null, "denomination": null, "religion": null, "addr:housenumber": "89-02", "addr:postcode": "11372", "addr:street": "37th Avenue", "check_date": null, "addr:city": null, "addr:state": null, "alt_name": null, "brand": null, "brand:wikidata": null, "operator": null, "operator:short": null, "operator:type": null, "operator:website": null, "operator:wikidata": null, "operator:wikipedia": null, "postal_code": null, "short_name": null, "source": null, "capacity": null, "cityracks.housenum": null, "cityracks.installed": null, "cityracks.large": null, "cityracks.rackid": null, "cityracks.small": null, "cityracks.street": null, "bicycle_parking": null, "covered": null, "addr:country": null, "indoor_seating": null, "outdoor_seating": null, "cuisine": null, "payment:mastercard": null, "payment:visa": null, "shop": "supermarket", "black_owned": null, "opening_hours": null, "takeaway": null, "drink:beer": null, "drink:espresso": null, "drink:wine": null, "cocktails": null, "drink:liquor": null, "note": null, "fee": null, "disused:website": null, "diet:halal": null, "atm": null, "beauty": null, "delivery": null, "official_name": null, "drink:coffee": null, "check_date:opening_hours": null, "dispensing": null, "healthcare": null, "level": null, "happy_hours": null, "addr:housename": null, "bicycle_rental": null, "network": null, "network:wikidata": null, "network:wikipedia": null, "ref": null, "ref:gbfs": null, "second_hand": null, "diet:vegetarian": null, "drink:byob": null, "drink:tea": null, "fax": null, "craft": null, "payment:cards": null, "payment:cash": null, "payment:credit_cards": null, "payment:debit_cards": null, "drive_through": null, "tobacco": null, "opening_hours:signed": null, "diet:vegan": null, "dry_cleaning": null, "branch": null, "drink:sake": null, "contact:facebook": null, "contact:instagram": null, "contact:twitter": null, "internet_access": null, "internet_access:fee": null, "trade": null, "pawnbroker": null, "clothes": null, "bar": null, "addr:unit": null, "smoking": null, "walkup_window": null, "email": null, "leisure": null, "toilets": null, "toilets:access": null, "toilets:unisex": null, "toilets:wheelchair": null, "opening_hours:kitchen": null, "office": null, "social_facility": null, "collection_times": null, "sport": null, "check_date:service:bicycle:pump": null, "service:bicycle:pump": null, "fixme:atp": null, "fixme": null, "payment:apple_pay": null, "payment:contactless": null, "payment:financing": null, "payment:samsung_pay": null, "diet:kosher": null, "female": null, "male": null, "payment:ebt": null, "payment:coins": null, "reservation": null, "website:menu": null, "website:reservation": null, "live_music": null, "addr:place": null, "contact:website": null, "diet:gluten_free": null, "diet:pescetarian": null, "contact:email": null, "description": null, "route_ref": null, "vending": null, "drink:cocktail": null, "recycling": null, "recycling:cans": null, "recycling:glass_bottles": null, "recycling:plastic_bottles": null, "recycling_type": null, "backrest": null, "fountain": null, "contact:sms": null, "drink:bubble_tea": null, "check_date:diet:vegetarian": null, "contact:phone": null, "note:opening_hours": null, "community_centre:for": null, "lgbtq": null, "laundry_service": null, "self_service": null, "animal_boarding": null, "stroller": null, "instagram": null, "service:knife_sharpening": null, "building": null, "laptop": null, "community_centre": null, "catering": null, "survey:date": null, "phases": null, "not:brand:wikidata": null, "payment:american_express": null, "payment:discover_card": null, "start_date": null, "florist": null, "clothes:printing": null, "material": null, "toilets:disposal": null, "organic": null, "seats": null, "waste": null, "min_age": null, "cinema": null, "check_date:capacity": null, "access": null, "service:notary": null, "recycling:compost": null, "tourism": null, "recycling:food_waste": null, "recycling:green_waste": null, "hairdresser": null, "air_conditioning": null, "food": null, "public_bookcase:type": null, "addr:floor": null, "social_facility:for": null, "bottle": null, "address": null, "operating_hours": null, "payment:paypal": null, "healthcare:speciality": null, "parking": null, "armrest": null, "seats:separated": null, "two_sided": null, "operational_status": null, "direction": null, "fast_food": null, "height": null, "nycdoitt:bin": null, "building:levels": null, "fuel:propane": null, "addr:full": null, "layer": null, "service_times": null, "name:etymology:wikidata": null, "roof:levels": null, "disused:amenity": null, "operator:official": null, "building:material": null, "emergency": null, "surface": null, "shelter_type": null, "mascot": null, "polling_station": null, "beds": null, "wikipedia": null, "atm:operator": null, "barrier": null, "name:etymology": null, "theatre:type": null, "capacity:disabled": null, "books": null, "type": null, "nbhd": "jacksonheights", "compressed_air": null, "opening_hours:covid19": null, "playground": null, "drink:sangria": null, "name:es": null, "indoor": null, "information": null, "lgbtq:trans": null, "currency:USD": null, "service:bicycle:repair": null, "street_vendor": null, "colour": null, "location": null, "recycling:glass": null, "recycling:paper": null, "recycling:plastic": null, "contact:fax": null, "facebook": null, "grades": null, "brand:website": null, "opening_hours:drive_through": null, "education": null, "maxstay": null, "fenced": null, "drinking_water": null, "grade": null, "category": "Grocery", "weight_min": 7, "weight_max": 9 }, "geometry": { "type": "Point", "coordinates": [ 1018188.382865214836784, 212672.326626214315183 ] } },
{ "type": "Feature", "properties": { "element": "node", "id": 2570094564, "amenity": null, "ele": null, "gnis:feature_id": null, "name": "C-Town", "wikidata": null, "old_name": null, "phone": "+1-718-478-4207", "website": "https://www.ctownsupermarkets.com/", "wheelchair": null, "denomination": null, "religion": null, "addr:housenumber": "85-08", "addr:postcode": "11372", "addr:street": "37th Avenue", "check_date": null, "addr:city": "Jackson Heights", "addr:state": "NY", "alt_name": null, "brand": "C-Town Supermarkets", "brand:wikidata": "Q5005929", "operator": null, "operator:short": null, "operator:type": null, "operator:website": null, "operator:wikidata": null, "operator:wikipedia": null, "postal_code": null, "short_name": null, "source": null, "capacity": null, "cityracks.housenum": null, "cityracks.installed": null, "cityracks.large": null, "cityracks.rackid": null, "cityracks.small": null, "cityracks.street": null, "bicycle_parking": null, "covered": null, "addr:country": null, "indoor_seating": null, "outdoor_seating": null, "cuisine": null, "payment:mastercard": null, "payment:visa": null, "shop": "supermarket", "black_owned": null, "opening_hours": "Mo-Sa 08:00-22:00; Su 08:00-20:00", "takeaway": null, "drink:beer": null, "drink:espresso": null, "drink:wine": null, "cocktails": null, "drink:liquor": null, "note": null, "fee": null, "disused:website": null, "diet:halal": null, "atm": null, "beauty": null, "delivery": "yes", "official_name": null, "drink:coffee": null, "check_date:opening_hours": null, "dispensing": null, "healthcare": null, "level": null, "happy_hours": null, "addr:housename": null, "bicycle_rental": null, "network": null, "network:wikidata": null, "network:wikipedia": null, "ref": null, "ref:gbfs": null, "second_hand": null, "diet:vegetarian": null, "drink:byob": null, "drink:tea": null, "fax": null, "craft": null, "payment:cards": null, "payment:cash": null, "payment:credit_cards": null, "payment:debit_cards": null, "drive_through": null, "tobacco": null, "opening_hours:signed": null, "diet:vegan": null, "dry_cleaning": null, "branch": null, "drink:sake": null, "contact:facebook": null, "contact:instagram": null, "contact:twitter": null, "internet_access": null, "internet_access:fee": null, "trade": null, "pawnbroker": null, "clothes": null, "bar": null, "addr:unit": null, "smoking": null, "walkup_window": null, "email": null, "leisure": null, "toilets": null, "toilets:access": null, "toilets:unisex": null, "toilets:wheelchair": null, "opening_hours:kitchen": null, "office": null, "social_facility": null, "collection_times": null, "sport": null, "check_date:service:bicycle:pump": null, "service:bicycle:pump": null, "fixme:atp": null, "fixme": null, "payment:apple_pay": null, "payment:contactless": null, "payment:financing": null, "payment:samsung_pay": null, "diet:kosher": null, "female": null, "male": null, "payment:ebt": null, "payment:coins": null, "reservation": null, "website:menu": null, "website:reservation": null, "live_music": null, "addr:place": null, "contact:website": null, "diet:gluten_free": null, "diet:pescetarian": null, "contact:email": null, "description": null, "route_ref": null, "vending": null, "drink:cocktail": null, "recycling": null, "recycling:cans": null, "recycling:glass_bottles": null, "recycling:plastic_bottles": null, "recycling_type": null, "backrest": null, "fountain": null, "contact:sms": null, "drink:bubble_tea": null, "check_date:diet:vegetarian": null, "contact:phone": null, "note:opening_hours": null, "community_centre:for": null, "lgbtq": null, "laundry_service": null, "self_service": null, "animal_boarding": null, "stroller": null, "instagram": null, "service:knife_sharpening": null, "building": null, "laptop": null, "community_centre": null, "catering": null, "survey:date": null, "phases": null, "not:brand:wikidata": null, "payment:american_express": null, "payment:discover_card": null, "start_date": null, "florist": null, "clothes:printing": null, "material": null, "toilets:disposal": null, "organic": null, "seats": null, "waste": null, "min_age": null, "cinema": null, "check_date:capacity": null, "access": null, "service:notary": null, "recycling:compost": null, "tourism": null, "recycling:food_waste": null, "recycling:green_waste": null, "hairdresser": null, "air_conditioning": null, "food": null, "public_bookcase:type": null, "addr:floor": null, "social_facility:for": null, "bottle": null, "address": null, "operating_hours": null, "payment:paypal": null, "healthcare:speciality": null, "parking": null, "armrest": null, "seats:separated": null, "two_sided": null, "operational_status": null, "direction": null, "fast_food": null, "height": null, "nycdoitt:bin": null, "building:levels": null, "fuel:propane": null, "addr:full": null, "layer": null, "service_times": null, "name:etymology:wikidata": null, "roof:levels": null, "disused:amenity": null, "operator:official": null, "building:material": null, "emergency": null, "surface": null, "shelter_type": null, "mascot": null, "polling_station": null, "beds": null, "wikipedia": null, "atm:operator": null, "barrier": null, "name:etymology": null, "theatre:type": null, "capacity:disabled": null, "books": null, "type": null, "nbhd": "jacksonheights", "compressed_air": null, "opening_hours:covid19": null, "playground": null, "drink:sangria": null, "name:es": null, "indoor": null, "information": null, "lgbtq:trans": null, "currency:USD": null, "service:bicycle:repair": null, "street_vendor": null, "colour": null, "location": null, "recycling:glass": null, "recycling:paper": null, "recycling:plastic": null, "contact:fax": null, "facebook": null, "grades": null, "brand:website": null, "opening_hours:drive_through": null, "education": null, "maxstay": null, "fenced": null, "drinking_water": null, "grade": null, "category": "Grocery", "weight_min": 7, "weight_max": 9 }, "geometry": { "type": "Point", "coordinates": [ 1017201.282128782244399, 212530.662429288378917 ] } },
{ "type": "Feature", "properties": { "element": "node", "id": 2570174105, "amenity": null, "ele": null, "gnis:feature_id": null, "name": "Seli Grocery", "wikidata": null, "old_name": null, "phone": null, "website": null, "wheelchair": null, "denomination": null, "religion": null, "addr:housenumber": "76-01", "addr:postcode": "11372", "addr:street": "Roosevelt Avenue", "check_date": null, "addr:city": "Jackson Heights", "addr:state": "NY", "alt_name": null, "brand": null, "brand:wikidata": null, "operator": null, "operator:short": null, "operator:type": null, "operator:website": null, "operator:wikidata": null, "operator:wikipedia": null, "postal_code": null, "short_name": null, "source": null, "capacity": null, "cityracks.housenum": null, "cityracks.installed": null, "cityracks.large": null, "cityracks.rackid": null, "cityracks.small": null, "cityracks.street": null, "bicycle_parking": null, "covered": null, "addr:country": null, "indoor_seating": null, "outdoor_seating": null, "cuisine": null, "payment:mastercard": null, "payment:visa": null, "shop": "greengrocer", "black_owned": null, "opening_hours": null, "takeaway": null, "drink:beer": null, "drink:espresso": null, "drink:wine": null, "cocktails": null, "drink:liquor": null, "note": null, "fee": null, "disused:website": null, "diet:halal": null, "atm": null, "beauty": null, "delivery": null, "official_name": null, "drink:coffee": null, "check_date:opening_hours": null, "dispensing": null, "healthcare": null, "level": null, "happy_hours": null, "addr:housename": null, "bicycle_rental": null, "network": null, "network:wikidata": null, "network:wikipedia": null, "ref": null, "ref:gbfs": null, "second_hand": null, "diet:vegetarian": null, "drink:byob": null, "drink:tea": null, "fax": null, "craft": null, "payment:cards": null, "payment:cash": null, "payment:credit_cards": null, "payment:debit_cards": null, "drive_through": null, "tobacco": null, "opening_hours:signed": null, "diet:vegan": null, "dry_cleaning": null, "branch": null, "drink:sake": null, "contact:facebook": null, "contact:instagram": null, "contact:twitter": null, "internet_access": null, "internet_access:fee": null, "trade": null, "pawnbroker": null, "clothes": null, "bar": null, "addr:unit": null, "smoking": null, "walkup_window": null, "email": null, "leisure": null, "toilets": null, "toilets:access": null, "toilets:unisex": null, "toilets:wheelchair": null, "opening_hours:kitchen": null, "office": null, "social_facility": null, "collection_times": null, "sport": null, "check_date:service:bicycle:pump": null, "service:bicycle:pump": null, "fixme:atp": null, "fixme": null, "payment:apple_pay": null, "payment:contactless": null, "payment:financing": null, "payment:samsung_pay": null, "diet:kosher": null, "female": null, "male": null, "payment:ebt": null, "payment:coins": null, "reservation": null, "website:menu": null, "website:reservation": null, "live_music": null, "addr:place": null, "contact:website": null, "diet:gluten_free": null, "diet:pescetarian": null, "contact:email": null, "description": null, "route_ref": null, "vending": null, "drink:cocktail": null, "recycling": null, "recycling:cans": null, "recycling:glass_bottles": null, "recycling:plastic_bottles": null, "recycling_type": null, "backrest": null, "fountain": null, "contact:sms": null, "drink:bubble_tea": null, "check_date:diet:vegetarian": null, "contact:phone": null, "note:opening_hours": null, "community_centre:for": null, "lgbtq": null, "laundry_service": null, "self_service": null, "animal_boarding": null, "stroller": null, "instagram": null, "service:knife_sharpening": null, "building": null, "laptop": null, "community_centre": null, "catering": null, "survey:date": null, "phases": null, "not:brand:wikidata": null, "payment:american_express": null, "payment:discover_card": null, "start_date": null, "florist": null, "clothes:printing": null, "material": null, "toilets:disposal": null, "organic": null, "seats": null, "waste": null, "min_age": null, "cinema": null, "check_date:capacity": null, "access": null, "service:notary": null, "recycling:compost": null, "tourism": null, "recycling:food_waste": null, "recycling:green_waste": null, "hairdresser": null, "air_conditioning": null, "food": null, "public_bookcase:type": null, "addr:floor": null, "social_facility:for": null, "bottle": null, "address": null, "operating_hours": null, "payment:paypal": null, "healthcare:speciality": null, "parking": null, "armrest": null, "seats:separated": null, "two_sided": null, "operational_status": null, "direction": null, "fast_food": null, "height": null, "nycdoitt:bin": null, "building:levels": null, "fuel:propane": null, "addr:full": null, "layer": null, "service_times": null, "name:etymology:wikidata": null, "roof:levels": null, "disused:amenity": null, "operator:official": null, "building:material": null, "emergency": null, "surface": null, "shelter_type": null, "mascot": null, "polling_station": null, "beds": null, "wikipedia": null, "atm:operator": null, "barrier": null, "name:etymology": null, "theatre:type": null, "capacity:disabled": null, "books": null, "type": null, "nbhd": "jacksonheights", "compressed_air": null, "opening_hours:covid19": null, "playground": null, "drink:sangria": null, "name:es": null, "indoor": null, "information": null, "lgbtq:trans": null, "currency:USD": null, "service:bicycle:repair": null, "street_vendor": null, "colour": null, "location": null, "recycling:glass": null, "recycling:paper": null, "recycling:plastic": null, "contact:fax": null, "facebook": null, "grades": null, "brand:website": null, "opening_hours:drive_through": null, "education": null, "maxstay": null, "fenced": null, "drinking_water": null, "grade": null, "category": "Grocery", "weight_min": 7, "weight_max": 9 }, "geometry": { "type": "Point", "coordinates": [ 1014880.663374290452339, 211513.312891457986552 ] } },
{ "type": "Feature", "properties": { "element": "node", "id": 2570174215, "amenity": null, "ele": null, "gnis:feature_id": null, "name": "Kim's Brother", "wikidata": null, "old_name": null, "phone": null, "website": null, "wheelchair": null, "denomination": null, "religion": null, "addr:housenumber": "80-04", "addr:postcode": "11372", "addr:street": "37th Avenue", "check_date": null, "addr:city": null, "addr:state": null, "alt_name": null, "brand": null, "brand:wikidata": null, "operator": null, "operator:short": null, "operator:type": null, "operator:website": null, "operator:wikidata": null, "operator:wikipedia": null, "postal_code": null, "short_name": null, "source": null, "capacity": null, "cityracks.housenum": null, "cityracks.installed": null, "cityracks.large": null, "cityracks.rackid": null, "cityracks.small": null, "cityracks.street": null, "bicycle_parking": null, "covered": null, "addr:country": null, "indoor_seating": null, "outdoor_seating": null, "cuisine": null, "payment:mastercard": null, "payment:visa": null, "shop": "greengrocer", "black_owned": null, "opening_hours": null, "takeaway": null, "drink:beer": null, "drink:espresso": null, "drink:wine": null, "cocktails": null, "drink:liquor": null, "note": null, "fee": null, "disused:website": null, "diet:halal": null, "atm": null, "beauty": null, "delivery": null, "official_name": null, "drink:coffee": null, "check_date:opening_hours": null, "dispensing": null, "healthcare": null, "level": null, "happy_hours": null, "addr:housename": null, "bicycle_rental": null, "network": null, "network:wikidata": null, "network:wikipedia": null, "ref": null, "ref:gbfs": null, "second_hand": null, "diet:vegetarian": null, "drink:byob": null, "drink:tea": null, "fax": null, "craft": null, "payment:cards": null, "payment:cash": null, "payment:credit_cards": null, "payment:debit_cards": null, "drive_through": null, "tobacco": null, "opening_hours:signed": null, "diet:vegan": null, "dry_cleaning": null, "branch": null, "drink:sake": null, "contact:facebook": null, "contact:instagram": null, "contact:twitter": null, "internet_access": null, "internet_access:fee": null, "trade": null, "pawnbroker": null, "clothes": null, "bar": null, "addr:unit": null, "smoking": null, "walkup_window": null, "email": null, "leisure": null, "toilets": null, "toilets:access": null, "toilets:unisex": null, "toilets:wheelchair": null, "opening_hours:kitchen": null, "office": null, "social_facility": null, "collection_times": null, "sport": null, "check_date:service:bicycle:pump": null, "service:bicycle:pump": null, "fixme:atp": null, "fixme": null, "payment:apple_pay": null, "payment:contactless": null, "payment:financing": null, "payment:samsung_pay": null, "diet:kosher": null, "female": null, "male": null, "payment:ebt": null, "payment:coins": null, "reservation": null, "website:menu": null, "website:reservation": null, "live_music": null, "addr:place": null, "contact:website": null, "diet:gluten_free": null, "diet:pescetarian": null, "contact:email": null, "description": null, "route_ref": null, "vending": null, "drink:cocktail": null, "recycling": null, "recycling:cans": null, "recycling:glass_bottles": null, "recycling:plastic_bottles": null, "recycling_type": null, "backrest": null, "fountain": null, "contact:sms": null, "drink:bubble_tea": null, "check_date:diet:vegetarian": null, "contact:phone": null, "note:opening_hours": null, "community_centre:for": null, "lgbtq": null, "laundry_service": null, "self_service": null, "animal_boarding": null, "stroller": null, "instagram": null, "service:knife_sharpening": null, "building": null, "laptop": null, "community_centre": null, "catering": null, "survey:date": null, "phases": null, "not:brand:wikidata": null, "payment:american_express": null, "payment:discover_card": null, "start_date": null, "florist": null, "clothes:printing": null, "material": null, "toilets:disposal": null, "organic": null, "seats": null, "waste": null, "min_age": null, "cinema": null, "check_date:capacity": null, "access": null, "service:notary": null, "recycling:compost": null, "tourism": null, "recycling:food_waste": null, "recycling:green_waste": null, "hairdresser": null, "air_conditioning": null, "food": null, "public_bookcase:type": null, "addr:floor": null, "social_facility:for": null, "bottle": null, "address": null, "operating_hours": null, "payment:paypal": null, "healthcare:speciality": null, "parking": null, "armrest": null, "seats:separated": null, "two_sided": null, "operational_status": null, "direction": null, "fast_food": null, "height": null, "nycdoitt:bin": null, "building:levels": null, "fuel:propane": null, "addr:full": null, "layer": null, "service_times": null, "name:etymology:wikidata": null, "roof:levels": null, "disused:amenity": null, "operator:official": null, "building:material": null, "emergency": null, "surface": null, "shelter_type": null, "mascot": null, "polling_station": null, "beds": null, "wikipedia": null, "atm:operator": null, "barrier": null, "name:etymology": null, "theatre:type": null, "capacity:disabled": null, "books": null, "type": null, "nbhd": "jacksonheights", "compressed_air": null, "opening_hours:covid19": null, "playground": null, "drink:sangria": null, "name:es": null, "indoor": null, "information": null, "lgbtq:trans": null, "currency:USD": null, "service:bicycle:repair": null, "street_vendor": null, "colour": null, "location": null, "recycling:glass": null, "recycling:paper": null, "recycling:plastic": null, "contact:fax": null, "facebook": null, "grades": null, "brand:website": null, "opening_hours:drive_through": null, "education": null, "maxstay": null, "fenced": null, "drinking_water": null, "grade": null, "category": "Grocery", "weight_min": 7, "weight_max": 9 }, "geometry": { "type": "Point", "coordinates": [ 1015847.770883521647193, 212344.433489504881436 ] } },
{ "type": "Feature", "properties": { "element": "node", "id": 2570227833, "amenity": null, "ele": null, "gnis:feature_id": null, "name": "75 St Super Bazaar", "wikidata": null, "old_name": null, "phone": "+1 718-639-9720", "website": null, "wheelchair": "yes", "denomination": null, "religion": null, "addr:housenumber": "75-10", "addr:postcode": "11370", "addr:street": "31st Avenue", "check_date": null, "addr:city": null, "addr:state": null, "alt_name": null, "brand": null, "brand:wikidata": null, "operator": null, "operator:short": null, "operator:type": null, "operator:website": null, "operator:wikidata": null, "operator:wikipedia": null, "postal_code": null, "short_name": null, "source": null, "capacity": null, "cityracks.housenum": null, "cityracks.installed": null, "cityracks.large": null, "cityracks.rackid": null, "cityracks.small": null, "cityracks.street": null, "bicycle_parking": null, "covered": null, "addr:country": null, "indoor_seating": null, "outdoor_seating": null, "cuisine": null, "payment:mastercard": null, "payment:visa": null, "shop": "supermarket", "black_owned": null, "opening_hours": null, "takeaway": null, "drink:beer": null, "drink:espresso": null, "drink:wine": null, "cocktails": null, "drink:liquor": null, "note": null, "fee": null, "disused:website": null, "diet:halal": null, "atm": null, "beauty": null, "delivery": null, "official_name": null, "drink:coffee": null, "check_date:opening_hours": null, "dispensing": null, "healthcare": null, "level": "0", "happy_hours": null, "addr:housename": null, "bicycle_rental": null, "network": null, "network:wikidata": null, "network:wikipedia": null, "ref": null, "ref:gbfs": null, "second_hand": null, "diet:vegetarian": null, "drink:byob": null, "drink:tea": null, "fax": null, "craft": null, "payment:cards": null, "payment:cash": null, "payment:credit_cards": null, "payment:debit_cards": null, "drive_through": null, "tobacco": null, "opening_hours:signed": null, "diet:vegan": null, "dry_cleaning": null, "branch": null, "drink:sake": null, "contact:facebook": null, "contact:instagram": null, "contact:twitter": null, "internet_access": null, "internet_access:fee": null, "trade": null, "pawnbroker": null, "clothes": null, "bar": null, "addr:unit": null, "smoking": null, "walkup_window": null, "email": null, "leisure": null, "toilets": null, "toilets:access": null, "toilets:unisex": null, "toilets:wheelchair": null, "opening_hours:kitchen": null, "office": null, "social_facility": null, "collection_times": null, "sport": null, "check_date:service:bicycle:pump": null, "service:bicycle:pump": null, "fixme:atp": null, "fixme": null, "payment:apple_pay": null, "payment:contactless": null, "payment:financing": null, "payment:samsung_pay": null, "diet:kosher": null, "female": null, "male": null, "payment:ebt": null, "payment:coins": null, "reservation": null, "website:menu": null, "website:reservation": null, "live_music": null, "addr:place": null, "contact:website": null, "diet:gluten_free": null, "diet:pescetarian": null, "contact:email": null, "description": null, "route_ref": null, "vending": null, "drink:cocktail": null, "recycling": null, "recycling:cans": null, "recycling:glass_bottles": null, "recycling:plastic_bottles": null, "recycling_type": null, "backrest": null, "fountain": null, "contact:sms": null, "drink:bubble_tea": null, "check_date:diet:vegetarian": null, "contact:phone": null, "note:opening_hours": null, "community_centre:for": null, "lgbtq": null, "laundry_service": null, "self_service": null, "animal_boarding": null, "stroller": null, "instagram": null, "service:knife_sharpening": null, "building": null, "laptop": null, "community_centre": null, "catering": null, "survey:date": null, "phases": null, "not:brand:wikidata": null, "payment:american_express": null, "payment:discover_card": null, "start_date": null, "florist": null, "clothes:printing": null, "material": null, "toilets:disposal": null, "organic": null, "seats": null, "waste": null, "min_age": null, "cinema": null, "check_date:capacity": null, "access": null, "service:notary": null, "recycling:compost": null, "tourism": null, "recycling:food_waste": null, "recycling:green_waste": null, "hairdresser": null, "air_conditioning": null, "food": null, "public_bookcase:type": null, "addr:floor": null, "social_facility:for": null, "bottle": null, "address": null, "operating_hours": null, "payment:paypal": null, "healthcare:speciality": null, "parking": null, "armrest": null, "seats:separated": null, "two_sided": null, "operational_status": null, "direction": null, "fast_food": null, "height": null, "nycdoitt:bin": null, "building:levels": null, "fuel:propane": null, "addr:full": null, "layer": null, "service_times": null, "name:etymology:wikidata": null, "roof:levels": null, "disused:amenity": null, "operator:official": null, "building:material": null, "emergency": null, "surface": null, "shelter_type": null, "mascot": null, "polling_station": null, "beds": null, "wikipedia": null, "atm:operator": null, "barrier": null, "name:etymology": null, "theatre:type": null, "capacity:disabled": null, "books": null, "type": null, "nbhd": "jacksonheights", "compressed_air": null, "opening_hours:covid19": null, "playground": null, "drink:sangria": null, "name:es": null, "indoor": null, "information": null, "lgbtq:trans": null, "currency:USD": null, "service:bicycle:repair": null, "street_vendor": null, "colour": null, "location": null, "recycling:glass": null, "recycling:paper": null, "recycling:plastic": null, "contact:fax": null, "facebook": null, "grades": null, "brand:website": null, "opening_hours:drive_through": null, "education": null, "maxstay": null, "fenced": null, "drinking_water": null, "grade": null, "category": "Grocery", "weight_min": 7, "weight_max": 9 }, "geometry": { "type": "Point", "coordinates": [ 1014121.958658377756365, 215622.761957826354774 ] } },
{ "type": "Feature", "properties": { "element": "node", "id": 2715202789, "amenity": null, "ele": null, "gnis:feature_id": null, "name": "Food Dynasty", "wikidata": null, "old_name": null, "phone": null, "website": null, "wheelchair": null, "denomination": null, "religion": null, "addr:housenumber": "75-07", "addr:postcode": "11372", "addr:street": "37th Avenue", "check_date": null, "addr:city": null, "addr:state": null, "alt_name": null, "brand": null, "brand:wikidata": null, "operator": null, "operator:short": null, "operator:type": null, "operator:website": null, "operator:wikidata": null, "operator:wikipedia": null, "postal_code": null, "short_name": null, "source": null, "capacity": null, "cityracks.housenum": null, "cityracks.installed": null, "cityracks.large": null, "cityracks.rackid": null, "cityracks.small": null, "cityracks.street": null, "bicycle_parking": null, "covered": null, "addr:country": null, "indoor_seating": null, "outdoor_seating": null, "cuisine": null, "payment:mastercard": null, "payment:visa": null, "shop": "supermarket", "black_owned": null, "opening_hours": null, "takeaway": null, "drink:beer": null, "drink:espresso": null, "drink:wine": null, "cocktails": null, "drink:liquor": null, "note": null, "fee": null, "disused:website": null, "diet:halal": null, "atm": null, "beauty": null, "delivery": null, "official_name": null, "drink:coffee": null, "check_date:opening_hours": null, "dispensing": null, "healthcare": null, "level": null, "happy_hours": null, "addr:housename": null, "bicycle_rental": null, "network": null, "network:wikidata": null, "network:wikipedia": null, "ref": null, "ref:gbfs": null, "second_hand": null, "diet:vegetarian": null, "drink:byob": null, "drink:tea": null, "fax": null, "craft": null, "payment:cards": null, "payment:cash": null, "payment:credit_cards": null, "payment:debit_cards": null, "drive_through": null, "tobacco": null, "opening_hours:signed": null, "diet:vegan": null, "dry_cleaning": null, "branch": null, "drink:sake": null, "contact:facebook": null, "contact:instagram": null, "contact:twitter": null, "internet_access": null, "internet_access:fee": null, "trade": null, "pawnbroker": null, "clothes": null, "bar": null, "addr:unit": null, "smoking": null, "walkup_window": null, "email": null, "leisure": null, "toilets": null, "toilets:access": null, "toilets:unisex": null, "toilets:wheelchair": null, "opening_hours:kitchen": null, "office": null, "social_facility": null, "collection_times": null, "sport": null, "check_date:service:bicycle:pump": null, "service:bicycle:pump": null, "fixme:atp": null, "fixme": null, "payment:apple_pay": null, "payment:contactless": null, "payment:financing": null, "payment:samsung_pay": null, "diet:kosher": null, "female": null, "male": null, "payment:ebt": null, "payment:coins": null, "reservation": null, "website:menu": null, "website:reservation": null, "live_music": null, "addr:place": null, "contact:website": null, "diet:gluten_free": null, "diet:pescetarian": null, "contact:email": null, "description": null, "route_ref": null, "vending": null, "drink:cocktail": null, "recycling": null, "recycling:cans": null, "recycling:glass_bottles": null, "recycling:plastic_bottles": null, "recycling_type": null, "backrest": null, "fountain": null, "contact:sms": null, "drink:bubble_tea": null, "check_date:diet:vegetarian": null, "contact:phone": null, "note:opening_hours": null, "community_centre:for": null, "lgbtq": null, "laundry_service": null, "self_service": null, "animal_boarding": null, "stroller": null, "instagram": null, "service:knife_sharpening": null, "building": null, "laptop": null, "community_centre": null, "catering": null, "survey:date": null, "phases": null, "not:brand:wikidata": null, "payment:american_express": null, "payment:discover_card": null, "start_date": null, "florist": null, "clothes:printing": null, "material": null, "toilets:disposal": null, "organic": null, "seats": null, "waste": null, "min_age": null, "cinema": null, "check_date:capacity": null, "access": null, "service:notary": null, "recycling:compost": null, "tourism": null, "recycling:food_waste": null, "recycling:green_waste": null, "hairdresser": null, "air_conditioning": null, "food": null, "public_bookcase:type": null, "addr:floor": null, "social_facility:for": null, "bottle": null, "address": null, "operating_hours": null, "payment:paypal": null, "healthcare:speciality": null, "parking": null, "armrest": null, "seats:separated": null, "two_sided": null, "operational_status": null, "direction": null, "fast_food": null, "height": null, "nycdoitt:bin": null, "building:levels": null, "fuel:propane": null, "addr:full": null, "layer": null, "service_times": null, "name:etymology:wikidata": null, "roof:levels": null, "disused:amenity": null, "operator:official": null, "building:material": null, "emergency": null, "surface": null, "shelter_type": null, "mascot": null, "polling_station": null, "beds": null, "wikipedia": null, "atm:operator": null, "barrier": null, "name:etymology": null, "theatre:type": null, "capacity:disabled": null, "books": null, "type": null, "nbhd": "jacksonheights", "compressed_air": null, "opening_hours:covid19": null, "playground": null, "drink:sangria": null, "name:es": null, "indoor": null, "information": null, "lgbtq:trans": null, "currency:USD": null, "service:bicycle:repair": null, "street_vendor": null, "colour": null, "location": null, "recycling:glass": null, "recycling:paper": null, "recycling:plastic": null, "contact:fax": null, "facebook": null, "grades": null, "brand:website": null, "opening_hours:drive_through": null, "education": null, "maxstay": null, "fenced": null, "drinking_water": null, "grade": null, "category": "Grocery", "weight_min": 7, "weight_max": 9 }, "geometry": { "type": "Point", "coordinates": [ 1014597.65864036581479, 212257.544496496208012 ] } },
{ "type": "Feature", "properties": { "element": "node", "id": 2846354187, "amenity": null, "ele": null, "gnis:feature_id": null, "name": "Grocery Coatzingo", "wikidata": null, "old_name": null, "phone": "+1-718-424-4160", "website": null, "wheelchair": null, "denomination": null, "religion": null, "addr:housenumber": "76-11", "addr:postcode": "11372", "addr:street": "Roosevelt Avenue", "check_date": null, "addr:city": null, "addr:state": null, "alt_name": null, "brand": null, "brand:wikidata": null, "operator": null, "operator:short": null, "operator:type": null, "operator:website": null, "operator:wikidata": null, "operator:wikipedia": null, "postal_code": null, "short_name": null, "source": null, "capacity": null, "cityracks.housenum": null, "cityracks.installed": null, "cityracks.large": null, "cityracks.rackid": null, "cityracks.small": null, "cityracks.street": null, "bicycle_parking": null, "covered": null, "addr:country": null, "indoor_seating": null, "outdoor_seating": null, "cuisine": null, "payment:mastercard": null, "payment:visa": null, "shop": "supermarket", "black_owned": null, "opening_hours": null, "takeaway": null, "drink:beer": null, "drink:espresso": null, "drink:wine": null, "cocktails": null, "drink:liquor": null, "note": null, "fee": null, "disused:website": null, "diet:halal": null, "atm": null, "beauty": null, "delivery": null, "official_name": null, "drink:coffee": null, "check_date:opening_hours": null, "dispensing": null, "healthcare": null, "level": null, "happy_hours": null, "addr:housename": null, "bicycle_rental": null, "network": null, "network:wikidata": null, "network:wikipedia": null, "ref": null, "ref:gbfs": null, "second_hand": null, "diet:vegetarian": null, "drink:byob": null, "drink:tea": null, "fax": null, "craft": null, "payment:cards": null, "payment:cash": null, "payment:credit_cards": null, "payment:debit_cards": null, "drive_through": null, "tobacco": null, "opening_hours:signed": null, "diet:vegan": null, "dry_cleaning": null, "branch": null, "drink:sake": null, "contact:facebook": null, "contact:instagram": null, "contact:twitter": null, "internet_access": null, "internet_access:fee": null, "trade": null, "pawnbroker": null, "clothes": null, "bar": null, "addr:unit": null, "smoking": null, "walkup_window": null, "email": null, "leisure": null, "toilets": null, "toilets:access": null, "toilets:unisex": null, "toilets:wheelchair": null, "opening_hours:kitchen": null, "office": null, "social_facility": null, "collection_times": null, "sport": null, "check_date:service:bicycle:pump": null, "service:bicycle:pump": null, "fixme:atp": null, "fixme": null, "payment:apple_pay": null, "payment:contactless": null, "payment:financing": null, "payment:samsung_pay": null, "diet:kosher": null, "female": null, "male": null, "payment:ebt": null, "payment:coins": null, "reservation": null, "website:menu": null, "website:reservation": null, "live_music": null, "addr:place": null, "contact:website": null, "diet:gluten_free": null, "diet:pescetarian": null, "contact:email": null, "description": null, "route_ref": null, "vending": null, "drink:cocktail": null, "recycling": null, "recycling:cans": null, "recycling:glass_bottles": null, "recycling:plastic_bottles": null, "recycling_type": null, "backrest": null, "fountain": null, "contact:sms": null, "drink:bubble_tea": null, "check_date:diet:vegetarian": null, "contact:phone": null, "note:opening_hours": null, "community_centre:for": null, "lgbtq": null, "laundry_service": null, "self_service": null, "animal_boarding": null, "stroller": null, "instagram": null, "service:knife_sharpening": null, "building": null, "laptop": null, "community_centre": null, "catering": null, "survey:date": null, "phases": null, "not:brand:wikidata": null, "payment:american_express": null, "payment:discover_card": null, "start_date": null, "florist": null, "clothes:printing": null, "material": null, "toilets:disposal": null, "organic": null, "seats": null, "waste": null, "min_age": null, "cinema": null, "check_date:capacity": null, "access": null, "service:notary": null, "recycling:compost": null, "tourism": null, "recycling:food_waste": null, "recycling:green_waste": null, "hairdresser": null, "air_conditioning": null, "food": null, "public_bookcase:type": null, "addr:floor": null, "social_facility:for": null, "bottle": null, "address": null, "operating_hours": null, "payment:paypal": null, "healthcare:speciality": null, "parking": null, "armrest": null, "seats:separated": null, "two_sided": null, "operational_status": null, "direction": null, "fast_food": null, "height": null, "nycdoitt:bin": null, "building:levels": null, "fuel:propane": null, "addr:full": null, "layer": null, "service_times": null, "name:etymology:wikidata": null, "roof:levels": null, "disused:amenity": null, "operator:official": null, "building:material": null, "emergency": null, "surface": null, "shelter_type": null, "mascot": null, "polling_station": null, "beds": null, "wikipedia": null, "atm:operator": null, "barrier": null, "name:etymology": null, "theatre:type": null, "capacity:disabled": null, "books": null, "type": null, "nbhd": "jacksonheights", "compressed_air": null, "opening_hours:covid19": null, "playground": null, "drink:sangria": null, "name:es": null, "indoor": null, "information": null, "lgbtq:trans": null, "currency:USD": null, "service:bicycle:repair": null, "street_vendor": null, "colour": null, "location": null, "recycling:glass": null, "recycling:paper": null, "recycling:plastic": null, "contact:fax": null, "facebook": null, "grades": null, "brand:website": null, "opening_hours:drive_through": null, "education": null, "maxstay": null, "fenced": null, "drinking_water": null, "grade": null, "category": "Grocery", "weight_min": 7, "weight_max": 9 }, "geometry": { "type": "Point", "coordinates": [ 1014973.077878211857751, 211529.970661784202093 ] } },
{ "type": "Feature", "properties": { "element": "node", "id": 3682773544, "amenity": null, "ele": null, "gnis:feature_id": null, "name": "Two Brothers Farm", "wikidata": null, "old_name": null, "phone": null, "website": null, "wheelchair": null, "denomination": null, "religion": null, "addr:housenumber": null, "addr:postcode": null, "addr:street": null, "check_date": null, "addr:city": null, "addr:state": null, "alt_name": null, "brand": null, "brand:wikidata": null, "operator": null, "operator:short": null, "operator:type": null, "operator:website": null, "operator:wikidata": null, "operator:wikipedia": null, "postal_code": null, "short_name": null, "source": null, "capacity": null, "cityracks.housenum": null, "cityracks.installed": null, "cityracks.large": null, "cityracks.rackid": null, "cityracks.small": null, "cityracks.street": null, "bicycle_parking": null, "covered": null, "addr:country": null, "indoor_seating": null, "outdoor_seating": null, "cuisine": null, "payment:mastercard": null, "payment:visa": null, "shop": "greengrocer", "black_owned": null, "opening_hours": null, "takeaway": null, "drink:beer": null, "drink:espresso": null, "drink:wine": null, "cocktails": null, "drink:liquor": null, "note": null, "fee": null, "disused:website": null, "diet:halal": null, "atm": null, "beauty": null, "delivery": null, "official_name": null, "drink:coffee": null, "check_date:opening_hours": null, "dispensing": null, "healthcare": null, "level": null, "happy_hours": null, "addr:housename": null, "bicycle_rental": null, "network": null, "network:wikidata": null, "network:wikipedia": null, "ref": null, "ref:gbfs": null, "second_hand": null, "diet:vegetarian": null, "drink:byob": null, "drink:tea": null, "fax": null, "craft": null, "payment:cards": null, "payment:cash": null, "payment:credit_cards": null, "payment:debit_cards": null, "drive_through": null, "tobacco": null, "opening_hours:signed": null, "diet:vegan": null, "dry_cleaning": null, "branch": null, "drink:sake": null, "contact:facebook": null, "contact:instagram": null, "contact:twitter": null, "internet_access": null, "internet_access:fee": null, "trade": null, "pawnbroker": null, "clothes": null, "bar": null, "addr:unit": null, "smoking": null, "walkup_window": null, "email": null, "leisure": null, "toilets": null, "toilets:access": null, "toilets:unisex": null, "toilets:wheelchair": null, "opening_hours:kitchen": null, "office": null, "social_facility": null, "collection_times": null, "sport": null, "check_date:service:bicycle:pump": null, "service:bicycle:pump": null, "fixme:atp": null, "fixme": null, "payment:apple_pay": null, "payment:contactless": null, "payment:financing": null, "payment:samsung_pay": null, "diet:kosher": null, "female": null, "male": null, "payment:ebt": null, "payment:coins": null, "reservation": null, "website:menu": null, "website:reservation": null, "live_music": null, "addr:place": null, "contact:website": null, "diet:gluten_free": null, "diet:pescetarian": null, "contact:email": null, "description": null, "route_ref": null, "vending": null, "drink:cocktail": null, "recycling": null, "recycling:cans": null, "recycling:glass_bottles": null, "recycling:plastic_bottles": null, "recycling_type": null, "backrest": null, "fountain": null, "contact:sms": null, "drink:bubble_tea": null, "check_date:diet:vegetarian": null, "contact:phone": null, "note:opening_hours": null, "community_centre:for": null, "lgbtq": null, "laundry_service": null, "self_service": null, "animal_boarding": null, "stroller": null, "instagram": null, "service:knife_sharpening": null, "building": null, "laptop": null, "community_centre": null, "catering": null, "survey:date": null, "phases": null, "not:brand:wikidata": null, "payment:american_express": null, "payment:discover_card": null, "start_date": null, "florist": null, "clothes:printing": null, "material": null, "toilets:disposal": null, "organic": null, "seats": null, "waste": null, "min_age": null, "cinema": null, "check_date:capacity": null, "access": null, "service:notary": null, "recycling:compost": null, "tourism": null, "recycling:food_waste": null, "recycling:green_waste": null, "hairdresser": null, "air_conditioning": null, "food": null, "public_bookcase:type": null, "addr:floor": null, "social_facility:for": null, "bottle": null, "address": null, "operating_hours": null, "payment:paypal": null, "healthcare:speciality": null, "parking": null, "armrest": null, "seats:separated": null, "two_sided": null, "operational_status": null, "direction": null, "fast_food": null, "height": null, "nycdoitt:bin": null, "building:levels": null, "fuel:propane": null, "addr:full": null, "layer": null, "service_times": null, "name:etymology:wikidata": null, "roof:levels": null, "disused:amenity": null, "operator:official": null, "building:material": null, "emergency": null, "surface": null, "shelter_type": null, "mascot": null, "polling_station": null, "beds": null, "wikipedia": null, "atm:operator": null, "barrier": null, "name:etymology": null, "theatre:type": null, "capacity:disabled": null, "books": null, "type": null, "nbhd": "jacksonheights", "compressed_air": null, "opening_hours:covid19": null, "playground": null, "drink:sangria": null, "name:es": null, "indoor": null, "information": null, "lgbtq:trans": null, "currency:USD": null, "service:bicycle:repair": null, "street_vendor": null, "colour": null, "location": null, "recycling:glass": null, "recycling:paper": null, "recycling:plastic": null, "contact:fax": null, "facebook": null, "grades": null, "brand:website": null, "opening_hours:drive_through": null, "education": null, "maxstay": null, "fenced": null, "drinking_water": null, "grade": null, "category": "Grocery", "weight_min": 7, "weight_max": 9 }, "geometry": { "type": "Point", "coordinates": [ 1016131.195350289461203, 212383.752103550184984 ] } },
{ "type": "Feature", "properties": { "element": "node", "id": 4442552385, "amenity": null, "ele": null, "gnis:feature_id": null, "name": "Downtown Natural Market", "wikidata": null, "old_name": null, "phone": null, "website": null, "wheelchair": null, "denomination": null, "religion": null, "addr:housenumber": null, "addr:postcode": null, "addr:street": null, "check_date": null, "addr:city": null, "addr:state": null, "alt_name": null, "brand": null, "brand:wikidata": null, "operator": null, "operator:short": null, "operator:type": null, "operator:website": null, "operator:wikidata": null, "operator:wikipedia": null, "postal_code": null, "short_name": null, "source": null, "capacity": null, "cityracks.housenum": null, "cityracks.installed": null, "cityracks.large": null, "cityracks.rackid": null, "cityracks.small": null, "cityracks.street": null, "bicycle_parking": null, "covered": null, "addr:country": null, "indoor_seating": null, "outdoor_seating": null, "cuisine": null, "payment:mastercard": null, "payment:visa": null, "shop": "supermarket", "black_owned": null, "opening_hours": null, "takeaway": null, "drink:beer": null, "drink:espresso": null, "drink:wine": null, "cocktails": null, "drink:liquor": null, "note": null, "fee": null, "disused:website": null, "diet:halal": null, "atm": null, "beauty": null, "delivery": null, "official_name": null, "drink:coffee": null, "check_date:opening_hours": null, "dispensing": null, "healthcare": null, "level": null, "happy_hours": null, "addr:housename": null, "bicycle_rental": null, "network": null, "network:wikidata": null, "network:wikipedia": null, "ref": null, "ref:gbfs": null, "second_hand": null, "diet:vegetarian": null, "drink:byob": null, "drink:tea": null, "fax": null, "craft": null, "payment:cards": null, "payment:cash": null, "payment:credit_cards": null, "payment:debit_cards": null, "drive_through": null, "tobacco": null, "opening_hours:signed": null, "diet:vegan": null, "dry_cleaning": null, "branch": null, "drink:sake": null, "contact:facebook": null, "contact:instagram": null, "contact:twitter": null, "internet_access": null, "internet_access:fee": null, "trade": null, "pawnbroker": null, "clothes": null, "bar": null, "addr:unit": null, "smoking": null, "walkup_window": null, "email": null, "leisure": null, "toilets": null, "toilets:access": null, "toilets:unisex": null, "toilets:wheelchair": null, "opening_hours:kitchen": null, "office": null, "social_facility": null, "collection_times": null, "sport": null, "check_date:service:bicycle:pump": null, "service:bicycle:pump": null, "fixme:atp": null, "fixme": null, "payment:apple_pay": null, "payment:contactless": null, "payment:financing": null, "payment:samsung_pay": null, "diet:kosher": null, "female": null, "male": null, "payment:ebt": null, "payment:coins": null, "reservation": null, "website:menu": null, "website:reservation": null, "live_music": null, "addr:place": null, "contact:website": null, "diet:gluten_free": null, "diet:pescetarian": null, "contact:email": null, "description": null, "route_ref": null, "vending": null, "drink:cocktail": null, "recycling": null, "recycling:cans": null, "recycling:glass_bottles": null, "recycling:plastic_bottles": null, "recycling_type": null, "backrest": null, "fountain": null, "contact:sms": null, "drink:bubble_tea": null, "check_date:diet:vegetarian": null, "contact:phone": null, "note:opening_hours": null, "community_centre:for": null, "lgbtq": null, "laundry_service": null, "self_service": null, "animal_boarding": null, "stroller": null, "instagram": null, "service:knife_sharpening": null, "building": null, "laptop": null, "community_centre": null, "catering": null, "survey:date": null, "phases": null, "not:brand:wikidata": null, "payment:american_express": null, "payment:discover_card": null, "start_date": null, "florist": null, "clothes:printing": null, "material": null, "toilets:disposal": null, "organic": null, "seats": null, "waste": null, "min_age": null, "cinema": null, "check_date:capacity": null, "access": null, "service:notary": null, "recycling:compost": null, "tourism": null, "recycling:food_waste": null, "recycling:green_waste": null, "hairdresser": null, "air_conditioning": null, "food": null, "public_bookcase:type": null, "addr:floor": null, "social_facility:for": null, "bottle": null, "address": null, "operating_hours": null, "payment:paypal": null, "healthcare:speciality": null, "parking": null, "armrest": null, "seats:separated": null, "two_sided": null, "operational_status": null, "direction": null, "fast_food": null, "height": null, "nycdoitt:bin": null, "building:levels": null, "fuel:propane": null, "addr:full": null, "layer": null, "service_times": null, "name:etymology:wikidata": null, "roof:levels": null, "disused:amenity": null, "operator:official": null, "building:material": null, "emergency": null, "surface": null, "shelter_type": null, "mascot": null, "polling_station": null, "beds": null, "wikipedia": null, "atm:operator": null, "barrier": null, "name:etymology": null, "theatre:type": null, "capacity:disabled": null, "books": null, "type": null, "nbhd": "jacksonheights", "compressed_air": null, "opening_hours:covid19": null, "playground": null, "drink:sangria": null, "name:es": null, "indoor": null, "information": null, "lgbtq:trans": null, "currency:USD": null, "service:bicycle:repair": null, "street_vendor": null, "colour": null, "location": null, "recycling:glass": null, "recycling:paper": null, "recycling:plastic": null, "contact:fax": null, "facebook": null, "grades": null, "brand:website": null, "opening_hours:drive_through": null, "education": null, "maxstay": null, "fenced": null, "drinking_water": null, "grade": null, "category": "Grocery", "weight_min": 7, "weight_max": 9 }, "geometry": { "type": "Point", "coordinates": [ 1016885.011717119487002, 212585.649200131505495 ] } },
{ "type": "Feature", "properties": { "element": "node", "id": 5300022121, "amenity": null, "ele": null, "gnis:feature_id": null, "name": "Mi Tierra", "wikidata": null, "old_name": null, "phone": null, "website": null, "wheelchair": null, "denomination": null, "religion": null, "addr:housenumber": "81-02", "addr:postcode": null, "addr:street": "Northern Boulevard", "check_date": null, "addr:city": null, "addr:state": null, "alt_name": null, "brand": null, "brand:wikidata": null, "operator": null, "operator:short": null, "operator:type": null, "operator:website": null, "operator:wikidata": null, "operator:wikipedia": null, "postal_code": null, "short_name": null, "source": null, "capacity": null, "cityracks.housenum": null, "cityracks.installed": null, "cityracks.large": null, "cityracks.rackid": null, "cityracks.small": null, "cityracks.street": null, "bicycle_parking": null, "covered": null, "addr:country": null, "indoor_seating": null, "outdoor_seating": null, "cuisine": null, "payment:mastercard": null, "payment:visa": null, "shop": "supermarket", "black_owned": null, "opening_hours": null, "takeaway": null, "drink:beer": null, "drink:espresso": null, "drink:wine": null, "cocktails": null, "drink:liquor": null, "note": null, "fee": null, "disused:website": null, "diet:halal": null, "atm": null, "beauty": null, "delivery": null, "official_name": null, "drink:coffee": null, "check_date:opening_hours": null, "dispensing": null, "healthcare": null, "level": null, "happy_hours": null, "addr:housename": null, "bicycle_rental": null, "network": null, "network:wikidata": null, "network:wikipedia": null, "ref": null, "ref:gbfs": null, "second_hand": null, "diet:vegetarian": null, "drink:byob": null, "drink:tea": null, "fax": null, "craft": null, "payment:cards": null, "payment:cash": null, "payment:credit_cards": null, "payment:debit_cards": null, "drive_through": null, "tobacco": null, "opening_hours:signed": null, "diet:vegan": null, "dry_cleaning": null, "branch": null, "drink:sake": null, "contact:facebook": null, "contact:instagram": null, "contact:twitter": null, "internet_access": null, "internet_access:fee": null, "trade": null, "pawnbroker": null, "clothes": null, "bar": null, "addr:unit": null, "smoking": null, "walkup_window": null, "email": null, "leisure": null, "toilets": null, "toilets:access": null, "toilets:unisex": null, "toilets:wheelchair": null, "opening_hours:kitchen": null, "office": null, "social_facility": null, "collection_times": null, "sport": null, "check_date:service:bicycle:pump": null, "service:bicycle:pump": null, "fixme:atp": null, "fixme": null, "payment:apple_pay": null, "payment:contactless": null, "payment:financing": null, "payment:samsung_pay": null, "diet:kosher": null, "female": null, "male": null, "payment:ebt": null, "payment:coins": null, "reservation": null, "website:menu": null, "website:reservation": null, "live_music": null, "addr:place": null, "contact:website": null, "diet:gluten_free": null, "diet:pescetarian": null, "contact:email": null, "description": null, "route_ref": null, "vending": null, "drink:cocktail": null, "recycling": null, "recycling:cans": null, "recycling:glass_bottles": null, "recycling:plastic_bottles": null, "recycling_type": null, "backrest": null, "fountain": null, "contact:sms": null, "drink:bubble_tea": null, "check_date:diet:vegetarian": null, "contact:phone": null, "note:opening_hours": null, "community_centre:for": null, "lgbtq": null, "laundry_service": null, "self_service": null, "animal_boarding": null, "stroller": null, "instagram": null, "service:knife_sharpening": null, "building": null, "laptop": null, "community_centre": null, "catering": null, "survey:date": null, "phases": null, "not:brand:wikidata": null, "payment:american_express": null, "payment:discover_card": null, "start_date": null, "florist": null, "clothes:printing": null, "material": null, "toilets:disposal": null, "organic": null, "seats": null, "waste": null, "min_age": null, "cinema": null, "check_date:capacity": null, "access": null, "service:notary": null, "recycling:compost": null, "tourism": null, "recycling:food_waste": null, "recycling:green_waste": null, "hairdresser": null, "air_conditioning": null, "food": null, "public_bookcase:type": null, "addr:floor": null, "social_facility:for": null, "bottle": null, "address": null, "operating_hours": null, "payment:paypal": null, "healthcare:speciality": null, "parking": null, "armrest": null, "seats:separated": null, "two_sided": null, "operational_status": null, "direction": null, "fast_food": null, "height": null, "nycdoitt:bin": null, "building:levels": null, "fuel:propane": null, "addr:full": null, "layer": null, "service_times": null, "name:etymology:wikidata": null, "roof:levels": null, "disused:amenity": null, "operator:official": null, "building:material": null, "emergency": null, "surface": null, "shelter_type": null, "mascot": null, "polling_station": null, "beds": null, "wikipedia": null, "atm:operator": null, "barrier": null, "name:etymology": null, "theatre:type": null, "capacity:disabled": null, "books": null, "type": null, "nbhd": "jacksonheights", "compressed_air": null, "opening_hours:covid19": null, "playground": null, "drink:sangria": null, "name:es": null, "indoor": null, "information": null, "lgbtq:trans": null, "currency:USD": null, "service:bicycle:repair": null, "street_vendor": null, "colour": null, "location": null, "recycling:glass": null, "recycling:paper": null, "recycling:plastic": null, "contact:fax": null, "facebook": null, "grades": null, "brand:website": null, "opening_hours:drive_through": null, "education": null, "maxstay": null, "fenced": null, "drinking_water": null, "grade": null, "category": "Grocery", "weight_min": 7, "weight_max": 9 }, "geometry": { "type": "Point", "coordinates": [ 1015837.714853329700418, 214492.667749182815896 ] } },
{ "type": "Feature", "properties": { "element": "node", "id": 5344148021, "amenity": null, "ele": null, "gnis:feature_id": null, "name": "Key Food", "wikidata": null, "old_name": null, "phone": "+1 718-457-3505", "website": null, "wheelchair": null, "denomination": null, "religion": null, "addr:housenumber": null, "addr:postcode": "11372-1544", "addr:street": "Northern Boulevard", "check_date": null, "addr:city": "Jackson Heights", "addr:state": "NY", "alt_name": null, "brand": "Key Food", "brand:wikidata": "Q6398037", "operator": null, "operator:short": null, "operator:type": null, "operator:website": null, "operator:wikidata": null, "operator:wikipedia": null, "postal_code": null, "short_name": null, "source": null, "capacity": null, "cityracks.housenum": null, "cityracks.installed": null, "cityracks.large": null, "cityracks.rackid": null, "cityracks.small": null, "cityracks.street": null, "bicycle_parking": null, "covered": null, "addr:country": null, "indoor_seating": null, "outdoor_seating": null, "cuisine": null, "payment:mastercard": null, "payment:visa": null, "shop": "supermarket", "black_owned": null, "opening_hours": "Mo-Su 07:00-23:00", "takeaway": null, "drink:beer": null, "drink:espresso": null, "drink:wine": null, "cocktails": null, "drink:liquor": null, "note": null, "fee": null, "disused:website": null, "diet:halal": null, "atm": null, "beauty": null, "delivery": null, "official_name": null, "drink:coffee": null, "check_date:opening_hours": null, "dispensing": null, "healthcare": null, "level": null, "happy_hours": null, "addr:housename": null, "bicycle_rental": null, "network": null, "network:wikidata": null, "network:wikipedia": null, "ref": "1902", "ref:gbfs": null, "second_hand": null, "diet:vegetarian": null, "drink:byob": null, "drink:tea": null, "fax": null, "craft": null, "payment:cards": null, "payment:cash": null, "payment:credit_cards": null, "payment:debit_cards": null, "drive_through": null, "tobacco": null, "opening_hours:signed": null, "diet:vegan": null, "dry_cleaning": null, "branch": null, "drink:sake": null, "contact:facebook": null, "contact:instagram": null, "contact:twitter": null, "internet_access": null, "internet_access:fee": null, "trade": null, "pawnbroker": null, "clothes": null, "bar": null, "addr:unit": null, "smoking": null, "walkup_window": null, "email": null, "leisure": null, "toilets": null, "toilets:access": null, "toilets:unisex": null, "toilets:wheelchair": null, "opening_hours:kitchen": null, "office": null, "social_facility": null, "collection_times": null, "sport": null, "check_date:service:bicycle:pump": null, "service:bicycle:pump": null, "fixme:atp": null, "fixme": null, "payment:apple_pay": null, "payment:contactless": null, "payment:financing": null, "payment:samsung_pay": null, "diet:kosher": null, "female": null, "male": null, "payment:ebt": null, "payment:coins": null, "reservation": null, "website:menu": null, "website:reservation": null, "live_music": null, "addr:place": null, "contact:website": null, "diet:gluten_free": null, "diet:pescetarian": null, "contact:email": null, "description": null, "route_ref": null, "vending": null, "drink:cocktail": null, "recycling": null, "recycling:cans": null, "recycling:glass_bottles": null, "recycling:plastic_bottles": null, "recycling_type": null, "backrest": null, "fountain": null, "contact:sms": null, "drink:bubble_tea": null, "check_date:diet:vegetarian": null, "contact:phone": null, "note:opening_hours": null, "community_centre:for": null, "lgbtq": null, "laundry_service": null, "self_service": null, "animal_boarding": null, "stroller": null, "instagram": null, "service:knife_sharpening": null, "building": null, "laptop": null, "community_centre": null, "catering": null, "survey:date": null, "phases": null, "not:brand:wikidata": null, "payment:american_express": null, "payment:discover_card": null, "start_date": null, "florist": null, "clothes:printing": null, "material": null, "toilets:disposal": null, "organic": null, "seats": null, "waste": null, "min_age": null, "cinema": null, "check_date:capacity": null, "access": null, "service:notary": null, "recycling:compost": null, "tourism": null, "recycling:food_waste": null, "recycling:green_waste": null, "hairdresser": null, "air_conditioning": null, "food": null, "public_bookcase:type": null, "addr:floor": null, "social_facility:for": null, "bottle": null, "address": null, "operating_hours": null, "payment:paypal": null, "healthcare:speciality": null, "parking": null, "armrest": null, "seats:separated": null, "two_sided": null, "operational_status": null, "direction": null, "fast_food": null, "height": null, "nycdoitt:bin": null, "building:levels": null, "fuel:propane": null, "addr:full": null, "layer": null, "service_times": null, "name:etymology:wikidata": null, "roof:levels": null, "disused:amenity": null, "operator:official": null, "building:material": null, "emergency": null, "surface": null, "shelter_type": null, "mascot": null, "polling_station": null, "beds": null, "wikipedia": null, "atm:operator": null, "barrier": null, "name:etymology": null, "theatre:type": null, "capacity:disabled": null, "books": null, "type": null, "nbhd": "jacksonheights", "compressed_air": null, "opening_hours:covid19": null, "playground": null, "drink:sangria": null, "name:es": null, "indoor": null, "information": null, "lgbtq:trans": null, "currency:USD": null, "service:bicycle:repair": null, "street_vendor": null, "colour": null, "location": null, "recycling:glass": null, "recycling:paper": null, "recycling:plastic": null, "contact:fax": null, "facebook": null, "grades": null, "brand:website": null, "opening_hours:drive_through": null, "education": null, "maxstay": null, "fenced": null, "drinking_water": null, "grade": null, "category": "Grocery", "weight_min": 7, "weight_max": 9 }, "geometry": { "type": "Point", "coordinates": [ 1017151.2762637011474, 214672.06476711112191 ] } },
{ "type": "Feature", "properties": { "element": "node", "id": 7747349700, "amenity": null, "ele": null, "gnis:feature_id": null, "name": "Charles Farm", "wikidata": null, "old_name": null, "phone": null, "website": null, "wheelchair": null, "denomination": null, "religion": null, "addr:housenumber": null, "addr:postcode": null, "addr:street": null, "check_date": null, "addr:city": null, "addr:state": null, "alt_name": null, "brand": null, "brand:wikidata": null, "operator": null, "operator:short": null, "operator:type": null, "operator:website": null, "operator:wikidata": null, "operator:wikipedia": null, "postal_code": null, "short_name": null, "source": null, "capacity": null, "cityracks.housenum": null, "cityracks.installed": null, "cityracks.large": null, "cityracks.rackid": null, "cityracks.small": null, "cityracks.street": null, "bicycle_parking": null, "covered": null, "addr:country": null, "indoor_seating": null, "outdoor_seating": null, "cuisine": null, "payment:mastercard": null, "payment:visa": null, "shop": "supermarket", "black_owned": null, "opening_hours": null, "takeaway": null, "drink:beer": null, "drink:espresso": null, "drink:wine": null, "cocktails": null, "drink:liquor": null, "note": null, "fee": null, "disused:website": null, "diet:halal": null, "atm": null, "beauty": null, "delivery": null, "official_name": null, "drink:coffee": null, "check_date:opening_hours": null, "dispensing": null, "healthcare": null, "level": null, "happy_hours": null, "addr:housename": null, "bicycle_rental": null, "network": null, "network:wikidata": null, "network:wikipedia": null, "ref": null, "ref:gbfs": null, "second_hand": null, "diet:vegetarian": null, "drink:byob": null, "drink:tea": null, "fax": null, "craft": null, "payment:cards": null, "payment:cash": null, "payment:credit_cards": null, "payment:debit_cards": null, "drive_through": null, "tobacco": null, "opening_hours:signed": null, "diet:vegan": null, "dry_cleaning": null, "branch": null, "drink:sake": null, "contact:facebook": null, "contact:instagram": null, "contact:twitter": null, "internet_access": null, "internet_access:fee": null, "trade": null, "pawnbroker": null, "clothes": null, "bar": null, "addr:unit": null, "smoking": null, "walkup_window": null, "email": null, "leisure": null, "toilets": null, "toilets:access": null, "toilets:unisex": null, "toilets:wheelchair": null, "opening_hours:kitchen": null, "office": null, "social_facility": null, "collection_times": null, "sport": null, "check_date:service:bicycle:pump": null, "service:bicycle:pump": null, "fixme:atp": null, "fixme": null, "payment:apple_pay": null, "payment:contactless": null, "payment:financing": null, "payment:samsung_pay": null, "diet:kosher": null, "female": null, "male": null, "payment:ebt": null, "payment:coins": null, "reservation": null, "website:menu": null, "website:reservation": null, "live_music": null, "addr:place": null, "contact:website": null, "diet:gluten_free": null, "diet:pescetarian": null, "contact:email": null, "description": null, "route_ref": null, "vending": null, "drink:cocktail": null, "recycling": null, "recycling:cans": null, "recycling:glass_bottles": null, "recycling:plastic_bottles": null, "recycling_type": null, "backrest": null, "fountain": null, "contact:sms": null, "drink:bubble_tea": null, "check_date:diet:vegetarian": null, "contact:phone": null, "note:opening_hours": null, "community_centre:for": null, "lgbtq": null, "laundry_service": null, "self_service": null, "animal_boarding": null, "stroller": null, "instagram": null, "service:knife_sharpening": null, "building": null, "laptop": null, "community_centre": null, "catering": null, "survey:date": null, "phases": null, "not:brand:wikidata": null, "payment:american_express": null, "payment:discover_card": null, "start_date": null, "florist": null, "clothes:printing": null, "material": null, "toilets:disposal": null, "organic": null, "seats": null, "waste": null, "min_age": null, "cinema": null, "check_date:capacity": null, "access": null, "service:notary": null, "recycling:compost": null, "tourism": null, "recycling:food_waste": null, "recycling:green_waste": null, "hairdresser": null, "air_conditioning": null, "food": null, "public_bookcase:type": null, "addr:floor": null, "social_facility:for": null, "bottle": null, "address": null, "operating_hours": null, "payment:paypal": null, "healthcare:speciality": null, "parking": null, "armrest": null, "seats:separated": null, "two_sided": null, "operational_status": null, "direction": null, "fast_food": null, "height": null, "nycdoitt:bin": null, "building:levels": null, "fuel:propane": null, "addr:full": null, "layer": null, "service_times": null, "name:etymology:wikidata": null, "roof:levels": null, "disused:amenity": null, "operator:official": null, "building:material": null, "emergency": null, "surface": null, "shelter_type": null, "mascot": null, "polling_station": null, "beds": null, "wikipedia": null, "atm:operator": null, "barrier": null, "name:etymology": null, "theatre:type": null, "capacity:disabled": null, "books": null, "type": null, "nbhd": "jacksonheights", "compressed_air": null, "opening_hours:covid19": null, "playground": null, "drink:sangria": null, "name:es": null, "indoor": null, "information": null, "lgbtq:trans": null, "currency:USD": null, "service:bicycle:repair": null, "street_vendor": null, "colour": null, "location": null, "recycling:glass": null, "recycling:paper": null, "recycling:plastic": null, "contact:fax": null, "facebook": null, "grades": null, "brand:website": null, "opening_hours:drive_through": null, "education": null, "maxstay": null, "fenced": null, "drinking_water": null, "grade": null, "category": "Grocery", "weight_min": 7, "weight_max": 9 }, "geometry": { "type": "Point", "coordinates": [ 1018490.012528746621683, 212096.959240776312072 ] } },
{ "type": "Feature", "properties": { "element": "node", "id": 7747349701, "amenity": null, "ele": null, "gnis:feature_id": null, "name": "Key Food", "wikidata": null, "old_name": null, "phone": "+1 718-639-1536", "website": null, "wheelchair": null, "denomination": null, "religion": null, "addr:housenumber": "37-54", "addr:postcode": "11372", "addr:street": "90th Street", "check_date": null, "addr:city": "Jackson Heights", "addr:state": "NY", "alt_name": null, "brand": "Key Food", "brand:wikidata": "Q6398037", "operator": null, "operator:short": null, "operator:type": null, "operator:website": null, "operator:wikidata": null, "operator:wikipedia": null, "postal_code": null, "short_name": null, "source": null, "capacity": null, "cityracks.housenum": null, "cityracks.installed": null, "cityracks.large": null, "cityracks.rackid": null, "cityracks.small": null, "cityracks.street": null, "bicycle_parking": null, "covered": null, "addr:country": null, "indoor_seating": null, "outdoor_seating": null, "cuisine": null, "payment:mastercard": null, "payment:visa": null, "shop": "supermarket", "black_owned": null, "opening_hours": "Mo-Su 08:00-22:00", "takeaway": null, "drink:beer": null, "drink:espresso": null, "drink:wine": null, "cocktails": null, "drink:liquor": null, "note": null, "fee": null, "disused:website": null, "diet:halal": null, "atm": null, "beauty": null, "delivery": null, "official_name": null, "drink:coffee": null, "check_date:opening_hours": null, "dispensing": null, "healthcare": null, "level": null, "happy_hours": null, "addr:housename": null, "bicycle_rental": null, "network": null, "network:wikidata": null, "network:wikipedia": null, "ref": "2260", "ref:gbfs": null, "second_hand": null, "diet:vegetarian": null, "drink:byob": null, "drink:tea": null, "fax": null, "craft": null, "payment:cards": null, "payment:cash": null, "payment:credit_cards": null, "payment:debit_cards": null, "drive_through": null, "tobacco": null, "opening_hours:signed": null, "diet:vegan": null, "dry_cleaning": null, "branch": "Fresh", "drink:sake": null, "contact:facebook": null, "contact:instagram": null, "contact:twitter": null, "internet_access": null, "internet_access:fee": null, "trade": null, "pawnbroker": null, "clothes": null, "bar": null, "addr:unit": null, "smoking": null, "walkup_window": null, "email": null, "leisure": null, "toilets": null, "toilets:access": null, "toilets:unisex": null, "toilets:wheelchair": null, "opening_hours:kitchen": null, "office": null, "social_facility": null, "collection_times": null, "sport": null, "check_date:service:bicycle:pump": null, "service:bicycle:pump": null, "fixme:atp": null, "fixme": null, "payment:apple_pay": null, "payment:contactless": null, "payment:financing": null, "payment:samsung_pay": null, "diet:kosher": null, "female": null, "male": null, "payment:ebt": null, "payment:coins": null, "reservation": null, "website:menu": null, "website:reservation": null, "live_music": null, "addr:place": null, "contact:website": null, "diet:gluten_free": null, "diet:pescetarian": null, "contact:email": null, "description": null, "route_ref": null, "vending": null, "drink:cocktail": null, "recycling": null, "recycling:cans": null, "recycling:glass_bottles": null, "recycling:plastic_bottles": null, "recycling_type": null, "backrest": null, "fountain": null, "contact:sms": null, "drink:bubble_tea": null, "check_date:diet:vegetarian": null, "contact:phone": null, "note:opening_hours": null, "community_centre:for": null, "lgbtq": null, "laundry_service": null, "self_service": null, "animal_boarding": null, "stroller": null, "instagram": null, "service:knife_sharpening": null, "building": null, "laptop": null, "community_centre": null, "catering": null, "survey:date": null, "phases": null, "not:brand:wikidata": null, "payment:american_express": null, "payment:discover_card": null, "start_date": null, "florist": null, "clothes:printing": null, "material": null, "toilets:disposal": null, "organic": null, "seats": null, "waste": null, "min_age": null, "cinema": null, "check_date:capacity": null, "access": null, "service:notary": null, "recycling:compost": null, "tourism": null, "recycling:food_waste": null, "recycling:green_waste": null, "hairdresser": null, "air_conditioning": null, "food": null, "public_bookcase:type": null, "addr:floor": null, "social_facility:for": null, "bottle": null, "address": null, "operating_hours": null, "payment:paypal": null, "healthcare:speciality": null, "parking": null, "armrest": null, "seats:separated": null, "two_sided": null, "operational_status": null, "direction": null, "fast_food": null, "height": null, "nycdoitt:bin": null, "building:levels": null, "fuel:propane": null, "addr:full": null, "layer": null, "service_times": null, "name:etymology:wikidata": null, "roof:levels": null, "disused:amenity": null, "operator:official": null, "building:material": null, "emergency": null, "surface": null, "shelter_type": null, "mascot": null, "polling_station": null, "beds": null, "wikipedia": null, "atm:operator": null, "barrier": null, "name:etymology": null, "theatre:type": null, "capacity:disabled": null, "books": null, "type": null, "nbhd": "jacksonheights", "compressed_air": null, "opening_hours:covid19": null, "playground": null, "drink:sangria": null, "name:es": null, "indoor": null, "information": null, "lgbtq:trans": null, "currency:USD": null, "service:bicycle:repair": null, "street_vendor": null, "colour": null, "location": null, "recycling:glass": null, "recycling:paper": null, "recycling:plastic": null, "contact:fax": null, "facebook": null, "grades": null, "brand:website": null, "opening_hours:drive_through": null, "education": null, "maxstay": null, "fenced": null, "drinking_water": null, "grade": null, "category": "Grocery", "weight_min": 7, "weight_max": 9 }, "geometry": { "type": "Point", "coordinates": [ 1018411.478464109939523, 212123.663366983731976 ] } },
{ "type": "Feature", "properties": { "element": "node", "id": 8726300010, "amenity": null, "ele": null, "gnis:feature_id": null, "name": "Mina Bazaar", "wikidata": null, "old_name": null, "phone": null, "website": null, "wheelchair": null, "denomination": null, "religion": null, "addr:housenumber": null, "addr:postcode": null, "addr:street": "35th Avenue", "check_date": null, "addr:city": null, "addr:state": null, "alt_name": null, "brand": null, "brand:wikidata": null, "operator": null, "operator:short": null, "operator:type": null, "operator:website": null, "operator:wikidata": null, "operator:wikipedia": null, "postal_code": null, "short_name": null, "source": null, "capacity": null, "cityracks.housenum": null, "cityracks.installed": null, "cityracks.large": null, "cityracks.rackid": null, "cityracks.small": null, "cityracks.street": null, "bicycle_parking": null, "covered": null, "addr:country": null, "indoor_seating": null, "outdoor_seating": null, "cuisine": null, "payment:mastercard": null, "payment:visa": null, "shop": "supermarket", "black_owned": null, "opening_hours": null, "takeaway": null, "drink:beer": null, "drink:espresso": null, "drink:wine": null, "cocktails": null, "drink:liquor": null, "note": null, "fee": null, "disused:website": null, "diet:halal": null, "atm": null, "beauty": null, "delivery": null, "official_name": null, "drink:coffee": null, "check_date:opening_hours": null, "dispensing": null, "healthcare": null, "level": null, "happy_hours": null, "addr:housename": null, "bicycle_rental": null, "network": null, "network:wikidata": null, "network:wikipedia": null, "ref": null, "ref:gbfs": null, "second_hand": null, "diet:vegetarian": null, "drink:byob": null, "drink:tea": null, "fax": null, "craft": null, "payment:cards": null, "payment:cash": null, "payment:credit_cards": null, "payment:debit_cards": null, "drive_through": null, "tobacco": null, "opening_hours:signed": null, "diet:vegan": null, "dry_cleaning": null, "branch": null, "drink:sake": null, "contact:facebook": null, "contact:instagram": null, "contact:twitter": null, "internet_access": null, "internet_access:fee": null, "trade": null, "pawnbroker": null, "clothes": null, "bar": null, "addr:unit": null, "smoking": null, "walkup_window": null, "email": null, "leisure": null, "toilets": null, "toilets:access": null, "toilets:unisex": null, "toilets:wheelchair": null, "opening_hours:kitchen": null, "office": null, "social_facility": null, "collection_times": null, "sport": null, "check_date:service:bicycle:pump": null, "service:bicycle:pump": null, "fixme:atp": null, "fixme": null, "payment:apple_pay": null, "payment:contactless": null, "payment:financing": null, "payment:samsung_pay": null, "diet:kosher": null, "female": null, "male": null, "payment:ebt": null, "payment:coins": null, "reservation": null, "website:menu": null, "website:reservation": null, "live_music": null, "addr:place": null, "contact:website": null, "diet:gluten_free": null, "diet:pescetarian": null, "contact:email": null, "description": null, "route_ref": null, "vending": null, "drink:cocktail": null, "recycling": null, "recycling:cans": null, "recycling:glass_bottles": null, "recycling:plastic_bottles": null, "recycling_type": null, "backrest": null, "fountain": null, "contact:sms": null, "drink:bubble_tea": null, "check_date:diet:vegetarian": null, "contact:phone": null, "note:opening_hours": null, "community_centre:for": null, "lgbtq": null, "laundry_service": null, "self_service": null, "animal_boarding": null, "stroller": null, "instagram": null, "service:knife_sharpening": null, "building": null, "laptop": null, "community_centre": null, "catering": null, "survey:date": null, "phases": null, "not:brand:wikidata": null, "payment:american_express": null, "payment:discover_card": null, "start_date": null, "florist": null, "clothes:printing": null, "material": null, "toilets:disposal": null, "organic": null, "seats": null, "waste": null, "min_age": null, "cinema": null, "check_date:capacity": null, "access": null, "service:notary": null, "recycling:compost": null, "tourism": null, "recycling:food_waste": null, "recycling:green_waste": null, "hairdresser": null, "air_conditioning": null, "food": null, "public_bookcase:type": null, "addr:floor": null, "social_facility:for": null, "bottle": null, "address": null, "operating_hours": null, "payment:paypal": null, "healthcare:speciality": null, "parking": null, "armrest": null, "seats:separated": null, "two_sided": null, "operational_status": null, "direction": null, "fast_food": null, "height": null, "nycdoitt:bin": null, "building:levels": null, "fuel:propane": null, "addr:full": null, "layer": null, "service_times": null, "name:etymology:wikidata": null, "roof:levels": null, "disused:amenity": null, "operator:official": null, "building:material": null, "emergency": null, "surface": null, "shelter_type": null, "mascot": null, "polling_station": null, "beds": null, "wikipedia": null, "atm:operator": null, "barrier": null, "name:etymology": null, "theatre:type": null, "capacity:disabled": null, "books": null, "type": null, "nbhd": "jacksonheights", "compressed_air": null, "opening_hours:covid19": null, "playground": null, "drink:sangria": null, "name:es": null, "indoor": null, "information": null, "lgbtq:trans": null, "currency:USD": null, "service:bicycle:repair": null, "street_vendor": null, "colour": null, "location": null, "recycling:glass": null, "recycling:paper": null, "recycling:plastic": null, "contact:fax": null, "facebook": null, "grades": null, "brand:website": null, "opening_hours:drive_through": null, "education": null, "maxstay": null, "fenced": null, "drinking_water": null, "grade": null, "category": "Grocery", "weight_min": 7, "weight_max": 9 }, "geometry": { "type": "Point", "coordinates": [ 1013490.450884276884608, 212770.80221959381015 ] } },
{ "type": "Feature", "properties": { "element": "node", "id": 8726354526, "amenity": null, "ele": null, "gnis:feature_id": null, "name": "Mach Bazaar", "wikidata": null, "old_name": null, "phone": "+1 718 205 6550", "website": null, "wheelchair": null, "denomination": null, "religion": null, "addr:housenumber": null, "addr:postcode": null, "addr:street": "35th Avenue", "check_date": null, "addr:city": null, "addr:state": null, "alt_name": null, "brand": null, "brand:wikidata": null, "operator": null, "operator:short": null, "operator:type": null, "operator:website": null, "operator:wikidata": null, "operator:wikipedia": null, "postal_code": null, "short_name": null, "source": null, "capacity": null, "cityracks.housenum": null, "cityracks.installed": null, "cityracks.large": null, "cityracks.rackid": null, "cityracks.small": null, "cityracks.street": null, "bicycle_parking": null, "covered": null, "addr:country": null, "indoor_seating": null, "outdoor_seating": null, "cuisine": null, "payment:mastercard": null, "payment:visa": null, "shop": "supermarket", "black_owned": null, "opening_hours": null, "takeaway": null, "drink:beer": null, "drink:espresso": null, "drink:wine": null, "cocktails": null, "drink:liquor": null, "note": null, "fee": null, "disused:website": null, "diet:halal": null, "atm": null, "beauty": null, "delivery": null, "official_name": null, "drink:coffee": null, "check_date:opening_hours": null, "dispensing": null, "healthcare": null, "level": null, "happy_hours": null, "addr:housename": null, "bicycle_rental": null, "network": null, "network:wikidata": null, "network:wikipedia": null, "ref": null, "ref:gbfs": null, "second_hand": null, "diet:vegetarian": null, "drink:byob": null, "drink:tea": null, "fax": null, "craft": null, "payment:cards": null, "payment:cash": null, "payment:credit_cards": null, "payment:debit_cards": null, "drive_through": null, "tobacco": null, "opening_hours:signed": null, "diet:vegan": null, "dry_cleaning": null, "branch": null, "drink:sake": null, "contact:facebook": null, "contact:instagram": null, "contact:twitter": null, "internet_access": null, "internet_access:fee": null, "trade": null, "pawnbroker": null, "clothes": null, "bar": null, "addr:unit": null, "smoking": null, "walkup_window": null, "email": null, "leisure": null, "toilets": null, "toilets:access": null, "toilets:unisex": null, "toilets:wheelchair": null, "opening_hours:kitchen": null, "office": null, "social_facility": null, "collection_times": null, "sport": null, "check_date:service:bicycle:pump": null, "service:bicycle:pump": null, "fixme:atp": null, "fixme": null, "payment:apple_pay": null, "payment:contactless": null, "payment:financing": null, "payment:samsung_pay": null, "diet:kosher": null, "female": null, "male": null, "payment:ebt": null, "payment:coins": null, "reservation": null, "website:menu": null, "website:reservation": null, "live_music": null, "addr:place": null, "contact:website": null, "diet:gluten_free": null, "diet:pescetarian": null, "contact:email": null, "description": null, "route_ref": null, "vending": null, "drink:cocktail": null, "recycling": null, "recycling:cans": null, "recycling:glass_bottles": null, "recycling:plastic_bottles": null, "recycling_type": null, "backrest": null, "fountain": null, "contact:sms": null, "drink:bubble_tea": null, "check_date:diet:vegetarian": null, "contact:phone": null, "note:opening_hours": null, "community_centre:for": null, "lgbtq": null, "laundry_service": null, "self_service": null, "animal_boarding": null, "stroller": null, "instagram": null, "service:knife_sharpening": null, "building": null, "laptop": null, "community_centre": null, "catering": null, "survey:date": null, "phases": null, "not:brand:wikidata": null, "payment:american_express": null, "payment:discover_card": null, "start_date": null, "florist": null, "clothes:printing": null, "material": null, "toilets:disposal": null, "organic": null, "seats": null, "waste": null, "min_age": null, "cinema": null, "check_date:capacity": null, "access": null, "service:notary": null, "recycling:compost": null, "tourism": null, "recycling:food_waste": null, "recycling:green_waste": null, "hairdresser": null, "air_conditioning": null, "food": null, "public_bookcase:type": null, "addr:floor": null, "social_facility:for": null, "bottle": null, "address": null, "operating_hours": null, "payment:paypal": null, "healthcare:speciality": null, "parking": null, "armrest": null, "seats:separated": null, "two_sided": null, "operational_status": null, "direction": null, "fast_food": null, "height": null, "nycdoitt:bin": null, "building:levels": null, "fuel:propane": null, "addr:full": null, "layer": null, "service_times": null, "name:etymology:wikidata": null, "roof:levels": null, "disused:amenity": null, "operator:official": null, "building:material": null, "emergency": null, "surface": null, "shelter_type": null, "mascot": null, "polling_station": null, "beds": null, "wikipedia": null, "atm:operator": null, "barrier": null, "name:etymology": null, "theatre:type": null, "capacity:disabled": null, "books": null, "type": null, "nbhd": "jacksonheights", "compressed_air": null, "opening_hours:covid19": null, "playground": null, "drink:sangria": null, "name:es": null, "indoor": null, "information": null, "lgbtq:trans": null, "currency:USD": null, "service:bicycle:repair": null, "street_vendor": null, "colour": null, "location": null, "recycling:glass": null, "recycling:paper": null, "recycling:plastic": null, "contact:fax": null, "facebook": null, "grades": null, "brand:website": null, "opening_hours:drive_through": null, "education": null, "maxstay": null, "fenced": null, "drinking_water": null, "grade": null, "category": "Grocery", "weight_min": 7, "weight_max": 9 }, "geometry": { "type": "Point", "coordinates": [ 1013452.967468074522913, 212767.259406720491825 ] } },
{ "type": "Feature", "properties": { "element": "node", "id": 12766782398, "amenity": null, "ele": null, "gnis:feature_id": null, "name": "Aapna Bazaar", "wikidata": null, "old_name": null, "phone": "+1 718-565-5960", "website": "apnabazar.com", "wheelchair": null, "denomination": null, "religion": null, "addr:housenumber": "72-20", "addr:postcode": "11372", "addr:street": "37th Avenue", "check_date": "2025-04-18", "addr:city": "Jackson Heights", "addr:state": "NY", "alt_name": null, "brand": null, "brand:wikidata": null, "operator": null, "operator:short": null, "operator:type": null, "operator:website": null, "operator:wikidata": null, "operator:wikipedia": null, "postal_code": null, "short_name": null, "source": null, "capacity": null, "cityracks.housenum": null, "cityracks.installed": null, "cityracks.large": null, "cityracks.rackid": null, "cityracks.small": null, "cityracks.street": null, "bicycle_parking": null, "covered": null, "addr:country": null, "indoor_seating": null, "outdoor_seating": null, "cuisine": null, "payment:mastercard": null, "payment:visa": null, "shop": "greengrocer", "black_owned": null, "opening_hours": "24/7", "takeaway": null, "drink:beer": null, "drink:espresso": null, "drink:wine": null, "cocktails": null, "drink:liquor": null, "note": null, "fee": null, "disused:website": null, "diet:halal": null, "atm": null, "beauty": null, "delivery": null, "official_name": null, "drink:coffee": null, "check_date:opening_hours": null, "dispensing": null, "healthcare": null, "level": null, "happy_hours": null, "addr:housename": null, "bicycle_rental": null, "network": null, "network:wikidata": null, "network:wikipedia": null, "ref": null, "ref:gbfs": null, "second_hand": null, "diet:vegetarian": null, "drink:byob": null, "drink:tea": null, "fax": null, "craft": null, "payment:cards": null, "payment:cash": null, "payment:credit_cards": null, "payment:debit_cards": null, "drive_through": null, "tobacco": null, "opening_hours:signed": null, "diet:vegan": null, "dry_cleaning": null, "branch": null, "drink:sake": null, "contact:facebook": null, "contact:instagram": null, "contact:twitter": null, "internet_access": null, "internet_access:fee": null, "trade": null, "pawnbroker": null, "clothes": null, "bar": null, "addr:unit": null, "smoking": null, "walkup_window": null, "email": null, "leisure": null, "toilets": null, "toilets:access": null, "toilets:unisex": null, "toilets:wheelchair": null, "opening_hours:kitchen": null, "office": null, "social_facility": null, "collection_times": null, "sport": null, "check_date:service:bicycle:pump": null, "service:bicycle:pump": null, "fixme:atp": null, "fixme": null, "payment:apple_pay": null, "payment:contactless": null, "payment:financing": null, "payment:samsung_pay": null, "diet:kosher": null, "female": null, "male": null, "payment:ebt": null, "payment:coins": null, "reservation": null, "website:menu": null, "website:reservation": null, "live_music": null, "addr:place": null, "contact:website": null, "diet:gluten_free": null, "diet:pescetarian": null, "contact:email": null, "description": null, "route_ref": null, "vending": null, "drink:cocktail": null, "recycling": null, "recycling:cans": null, "recycling:glass_bottles": null, "recycling:plastic_bottles": null, "recycling_type": null, "backrest": null, "fountain": null, "contact:sms": null, "drink:bubble_tea": null, "check_date:diet:vegetarian": null, "contact:phone": null, "note:opening_hours": null, "community_centre:for": null, "lgbtq": null, "laundry_service": null, "self_service": null, "animal_boarding": null, "stroller": null, "instagram": null, "service:knife_sharpening": null, "building": null, "laptop": null, "community_centre": null, "catering": null, "survey:date": null, "phases": null, "not:brand:wikidata": null, "payment:american_express": null, "payment:discover_card": null, "start_date": null, "florist": null, "clothes:printing": null, "material": null, "toilets:disposal": null, "organic": null, "seats": null, "waste": null, "min_age": null, "cinema": null, "check_date:capacity": null, "access": null, "service:notary": null, "recycling:compost": null, "tourism": null, "recycling:food_waste": null, "recycling:green_waste": null, "hairdresser": null, "air_conditioning": null, "food": null, "public_bookcase:type": null, "addr:floor": null, "social_facility:for": null, "bottle": null, "address": null, "operating_hours": null, "payment:paypal": null, "healthcare:speciality": null, "parking": null, "armrest": null, "seats:separated": null, "two_sided": null, "operational_status": null, "direction": null, "fast_food": null, "height": null, "nycdoitt:bin": null, "building:levels": null, "fuel:propane": null, "addr:full": null, "layer": null, "service_times": null, "name:etymology:wikidata": null, "roof:levels": null, "disused:amenity": null, "operator:official": null, "building:material": null, "emergency": null, "surface": null, "shelter_type": null, "mascot": null, "polling_station": null, "beds": null, "wikipedia": null, "atm:operator": null, "barrier": null, "name:etymology": null, "theatre:type": null, "capacity:disabled": null, "books": null, "type": null, "nbhd": "jacksonheights", "compressed_air": null, "opening_hours:covid19": null, "playground": null, "drink:sangria": null, "name:es": null, "indoor": null, "information": null, "lgbtq:trans": null, "currency:USD": null, "service:bicycle:repair": null, "street_vendor": null, "colour": null, "location": null, "recycling:glass": null, "recycling:paper": null, "recycling:plastic": null, "contact:fax": null, "facebook": null, "grades": null, "brand:website": null, "opening_hours:drive_through": null, "education": null, "maxstay": null, "fenced": null, "drinking_water": null, "grade": null, "category": "Grocery", "weight_min": 7, "weight_max": 9 }, "geometry": { "type": "Point", "coordinates": [ 1013902.051726194098592, 212035.933357834495837 ] } },
{ "type": "Feature", "properties": { "element": "node", "id": 13381578334, "amenity": null, "ele": null, "gnis:feature_id": null, "name": "Food Bazaar", "wikidata": null, "old_name": null, "phone": null, "website": null, "wheelchair": null, "denomination": null, "religion": null, "addr:housenumber": null, "addr:postcode": null, "addr:street": null, "check_date": null, "addr:city": null, "addr:state": null, "alt_name": null, "brand": null, "brand:wikidata": null, "operator": null, "operator:short": null, "operator:type": null, "operator:website": null, "operator:wikidata": null, "operator:wikipedia": null, "postal_code": null, "short_name": null, "source": null, "capacity": null, "cityracks.housenum": null, "cityracks.installed": null, "cityracks.large": null, "cityracks.rackid": null, "cityracks.small": null, "cityracks.street": null, "bicycle_parking": null, "covered": null, "addr:country": null, "indoor_seating": null, "outdoor_seating": null, "cuisine": null, "payment:mastercard": null, "payment:visa": null, "shop": "supermarket", "black_owned": null, "opening_hours": null, "takeaway": null, "drink:beer": null, "drink:espresso": null, "drink:wine": null, "cocktails": null, "drink:liquor": null, "note": null, "fee": null, "disused:website": null, "diet:halal": null, "atm": null, "beauty": null, "delivery": null, "official_name": null, "drink:coffee": null, "check_date:opening_hours": null, "dispensing": null, "healthcare": null, "level": null, "happy_hours": null, "addr:housename": null, "bicycle_rental": null, "network": null, "network:wikidata": null, "network:wikipedia": null, "ref": null, "ref:gbfs": null, "second_hand": null, "diet:vegetarian": null, "drink:byob": null, "drink:tea": null, "fax": null, "craft": null, "payment:cards": null, "payment:cash": null, "payment:credit_cards": null, "payment:debit_cards": null, "drive_through": null, "tobacco": null, "opening_hours:signed": null, "diet:vegan": null, "dry_cleaning": null, "branch": null, "drink:sake": null, "contact:facebook": null, "contact:instagram": null, "contact:twitter": null, "internet_access": null, "internet_access:fee": null, "trade": null, "pawnbroker": null, "clothes": null, "bar": null, "addr:unit": null, "smoking": null, "walkup_window": null, "email": null, "leisure": null, "toilets": null, "toilets:access": null, "toilets:unisex": null, "toilets:wheelchair": null, "opening_hours:kitchen": null, "office": null, "social_facility": null, "collection_times": null, "sport": null, "check_date:service:bicycle:pump": null, "service:bicycle:pump": null, "fixme:atp": null, "fixme": null, "payment:apple_pay": null, "payment:contactless": null, "payment:financing": null, "payment:samsung_pay": null, "diet:kosher": null, "female": null, "male": null, "payment:ebt": null, "payment:coins": null, "reservation": null, "website:menu": null, "website:reservation": null, "live_music": null, "addr:place": null, "contact:website": null, "diet:gluten_free": null, "diet:pescetarian": null, "contact:email": null, "description": null, "route_ref": null, "vending": null, "drink:cocktail": null, "recycling": null, "recycling:cans": null, "recycling:glass_bottles": null, "recycling:plastic_bottles": null, "recycling_type": null, "backrest": null, "fountain": null, "contact:sms": null, "drink:bubble_tea": null, "check_date:diet:vegetarian": null, "contact:phone": null, "note:opening_hours": null, "community_centre:for": null, "lgbtq": null, "laundry_service": null, "self_service": null, "animal_boarding": null, "stroller": null, "instagram": null, "service:knife_sharpening": null, "building": null, "laptop": null, "community_centre": null, "catering": null, "survey:date": null, "phases": null, "not:brand:wikidata": null, "payment:american_express": null, "payment:discover_card": null, "start_date": null, "florist": null, "clothes:printing": null, "material": null, "toilets:disposal": null, "organic": null, "seats": null, "waste": null, "min_age": null, "cinema": null, "check_date:capacity": null, "access": null, "service:notary": null, "recycling:compost": null, "tourism": null, "recycling:food_waste": null, "recycling:green_waste": null, "hairdresser": null, "air_conditioning": null, "food": null, "public_bookcase:type": null, "addr:floor": null, "social_facility:for": null, "bottle": null, "address": null, "operating_hours": null, "payment:paypal": null, "healthcare:speciality": null, "parking": null, "armrest": null, "seats:separated": null, "two_sided": null, "operational_status": null, "direction": null, "fast_food": null, "height": null, "nycdoitt:bin": null, "building:levels": null, "fuel:propane": null, "addr:full": null, "layer": null, "service_times": null, "name:etymology:wikidata": null, "roof:levels": null, "disused:amenity": null, "operator:official": null, "building:material": null, "emergency": null, "surface": null, "shelter_type": null, "mascot": null, "polling_station": null, "beds": null, "wikipedia": null, "atm:operator": null, "barrier": null, "name:etymology": null, "theatre:type": null, "capacity:disabled": null, "books": null, "type": null, "nbhd": "jacksonheights", "compressed_air": null, "opening_hours:covid19": null, "playground": null, "drink:sangria": null, "name:es": null, "indoor": null, "information": null, "lgbtq:trans": null, "currency:USD": null, "service:bicycle:repair": null, "street_vendor": null, "colour": null, "location": null, "recycling:glass": null, "recycling:paper": null, "recycling:plastic": null, "contact:fax": null, "facebook": null, "grades": null, "brand:website": null, "opening_hours:drive_through": null, "education": null, "maxstay": null, "fenced": null, "drinking_water": null, "grade": null, "category": "Grocery", "weight_min": 7, "weight_max": 9 }, "geometry": { "type": "Point", "coordinates": [ 1019951.686090367031284, 213170.641978773113806 ] } },
{ "type": "Feature", "properties": { "element": "way", "id": 240742952, "amenity": null, "ele": null, "gnis:feature_id": null, "name": "Farm Country", "wikidata": null, "old_name": null, "phone": "+1 718-255-1755", "website": null, "wheelchair": "yes", "denomination": null, "religion": null, "addr:housenumber": "75-55", "addr:postcode": "11370", "addr:street": "31st Avenue", "check_date": null, "addr:city": "East Elmhurst", "addr:state": "NY", "alt_name": null, "brand": null, "brand:wikidata": null, "operator": null, "operator:short": null, "operator:type": null, "operator:website": null, "operator:wikidata": null, "operator:wikipedia": null, "postal_code": null, "short_name": null, "source": null, "capacity": null, "cityracks.housenum": null, "cityracks.installed": null, "cityracks.large": null, "cityracks.rackid": null, "cityracks.small": null, "cityracks.street": null, "bicycle_parking": null, "covered": null, "addr:country": null, "indoor_seating": null, "outdoor_seating": null, "cuisine": null, "payment:mastercard": null, "payment:visa": null, "shop": "supermarket", "black_owned": null, "opening_hours": "Mo-Su 07:00-22:00", "takeaway": null, "drink:beer": null, "drink:espresso": null, "drink:wine": null, "cocktails": null, "drink:liquor": null, "note": null, "fee": null, "disused:website": null, "diet:halal": null, "atm": null, "beauty": null, "delivery": null, "official_name": null, "drink:coffee": null, "check_date:opening_hours": null, "dispensing": null, "healthcare": null, "level": "0", "happy_hours": null, "addr:housename": null, "bicycle_rental": null, "network": null, "network:wikidata": null, "network:wikipedia": null, "ref": null, "ref:gbfs": null, "second_hand": null, "diet:vegetarian": null, "drink:byob": null, "drink:tea": null, "fax": null, "craft": null, "payment:cards": null, "payment:cash": null, "payment:credit_cards": null, "payment:debit_cards": null, "drive_through": null, "tobacco": null, "opening_hours:signed": null, "diet:vegan": null, "dry_cleaning": null, "branch": null, "drink:sake": null, "contact:facebook": null, "contact:instagram": null, "contact:twitter": null, "internet_access": null, "internet_access:fee": null, "trade": null, "pawnbroker": null, "clothes": null, "bar": null, "addr:unit": null, "smoking": null, "walkup_window": null, "email": null, "leisure": null, "toilets": null, "toilets:access": null, "toilets:unisex": null, "toilets:wheelchair": null, "opening_hours:kitchen": null, "office": null, "social_facility": null, "collection_times": null, "sport": null, "check_date:service:bicycle:pump": null, "service:bicycle:pump": null, "fixme:atp": null, "fixme": null, "payment:apple_pay": null, "payment:contactless": null, "payment:financing": null, "payment:samsung_pay": null, "diet:kosher": null, "female": null, "male": null, "payment:ebt": null, "payment:coins": null, "reservation": null, "website:menu": null, "website:reservation": null, "live_music": null, "addr:place": null, "contact:website": null, "diet:gluten_free": null, "diet:pescetarian": null, "contact:email": null, "description": null, "route_ref": null, "vending": null, "drink:cocktail": null, "recycling": null, "recycling:cans": null, "recycling:glass_bottles": null, "recycling:plastic_bottles": null, "recycling_type": null, "backrest": null, "fountain": null, "contact:sms": null, "drink:bubble_tea": null, "check_date:diet:vegetarian": null, "contact:phone": null, "note:opening_hours": null, "community_centre:for": null, "lgbtq": null, "laundry_service": null, "self_service": null, "animal_boarding": null, "stroller": null, "instagram": null, "service:knife_sharpening": null, "building": "yes", "laptop": null, "community_centre": null, "catering": null, "survey:date": null, "phases": null, "not:brand:wikidata": null, "payment:american_express": null, "payment:discover_card": null, "start_date": null, "florist": null, "clothes:printing": null, "material": null, "toilets:disposal": null, "organic": null, "seats": null, "waste": null, "min_age": null, "cinema": null, "check_date:capacity": null, "access": null, "service:notary": null, "recycling:compost": null, "tourism": null, "recycling:food_waste": null, "recycling:green_waste": null, "hairdresser": null, "air_conditioning": null, "food": null, "public_bookcase:type": null, "addr:floor": null, "social_facility:for": null, "bottle": null, "address": null, "operating_hours": null, "payment:paypal": null, "healthcare:speciality": null, "parking": null, "armrest": null, "seats:separated": null, "two_sided": null, "operational_status": null, "direction": null, "fast_food": null, "height": "8.7", "nycdoitt:bin": "4439604", "building:levels": null, "fuel:propane": null, "addr:full": null, "layer": null, "service_times": null, "name:etymology:wikidata": null, "roof:levels": null, "disused:amenity": null, "operator:official": null, "building:material": null, "emergency": null, "surface": null, "shelter_type": null, "mascot": null, "polling_station": null, "beds": null, "wikipedia": null, "atm:operator": null, "barrier": null, "name:etymology": null, "theatre:type": null, "capacity:disabled": null, "books": null, "type": null, "nbhd": "jacksonheights", "compressed_air": null, "opening_hours:covid19": null, "playground": null, "drink:sangria": null, "name:es": null, "indoor": null, "information": null, "lgbtq:trans": null, "currency:USD": null, "service:bicycle:repair": null, "street_vendor": null, "colour": null, "location": null, "recycling:glass": null, "recycling:paper": null, "recycling:plastic": null, "contact:fax": null, "facebook": null, "grades": null, "brand:website": null, "opening_hours:drive_through": null, "education": null, "maxstay": null, "fenced": null, "drinking_water": null, "grade": null, "category": "Grocery", "weight_min": 7, "weight_max": 9 }, "geometry": { "type": "Point", "coordinates": [ 1014072.081682347226888, 216244.349788004270522 ] } },
{ "type": "Feature", "properties": { "element": "way", "id": 250587638, "amenity": null, "ele": null, "gnis:feature_id": null, "name": "Patel Brothers", "wikidata": null, "old_name": null, "phone": null, "website": null, "wheelchair": null, "denomination": null, "religion": null, "addr:housenumber": null, "addr:postcode": null, "addr:street": null, "check_date": null, "addr:city": null, "addr:state": null, "alt_name": null, "brand": "Patel Brothers", "brand:wikidata": "Q55641396", "operator": null, "operator:short": null, "operator:type": null, "operator:website": null, "operator:wikidata": null, "operator:wikipedia": null, "postal_code": null, "short_name": null, "source": null, "capacity": null, "cityracks.housenum": null, "cityracks.installed": null, "cityracks.large": null, "cityracks.rackid": null, "cityracks.small": null, "cityracks.street": null, "bicycle_parking": null, "covered": null, "addr:country": null, "indoor_seating": null, "outdoor_seating": null, "cuisine": "indian", "payment:mastercard": null, "payment:visa": null, "shop": "supermarket", "black_owned": null, "opening_hours": null, "takeaway": null, "drink:beer": null, "drink:espresso": null, "drink:wine": null, "cocktails": null, "drink:liquor": null, "note": null, "fee": null, "disused:website": null, "diet:halal": null, "atm": null, "beauty": null, "delivery": null, "official_name": null, "drink:coffee": null, "check_date:opening_hours": null, "dispensing": null, "healthcare": null, "level": null, "happy_hours": null, "addr:housename": null, "bicycle_rental": null, "network": null, "network:wikidata": null, "network:wikipedia": null, "ref": null, "ref:gbfs": null, "second_hand": null, "diet:vegetarian": null, "drink:byob": null, "drink:tea": null, "fax": null, "craft": null, "payment:cards": null, "payment:cash": null, "payment:credit_cards": null, "payment:debit_cards": null, "drive_through": null, "tobacco": null, "opening_hours:signed": null, "diet:vegan": null, "dry_cleaning": null, "branch": null, "drink:sake": null, "contact:facebook": null, "contact:instagram": null, "contact:twitter": null, "internet_access": null, "internet_access:fee": null, "trade": null, "pawnbroker": null, "clothes": null, "bar": null, "addr:unit": null, "smoking": null, "walkup_window": null, "email": null, "leisure": null, "toilets": null, "toilets:access": null, "toilets:unisex": null, "toilets:wheelchair": null, "opening_hours:kitchen": null, "office": null, "social_facility": null, "collection_times": null, "sport": null, "check_date:service:bicycle:pump": null, "service:bicycle:pump": null, "fixme:atp": null, "fixme": null, "payment:apple_pay": null, "payment:contactless": null, "payment:financing": null, "payment:samsung_pay": null, "diet:kosher": null, "female": null, "male": null, "payment:ebt": null, "payment:coins": null, "reservation": null, "website:menu": null, "website:reservation": null, "live_music": null, "addr:place": null, "contact:website": null, "diet:gluten_free": null, "diet:pescetarian": null, "contact:email": null, "description": null, "route_ref": null, "vending": null, "drink:cocktail": null, "recycling": null, "recycling:cans": null, "recycling:glass_bottles": null, "recycling:plastic_bottles": null, "recycling_type": null, "backrest": null, "fountain": null, "contact:sms": null, "drink:bubble_tea": null, "check_date:diet:vegetarian": null, "contact:phone": null, "note:opening_hours": null, "community_centre:for": null, "lgbtq": null, "laundry_service": null, "self_service": null, "animal_boarding": null, "stroller": null, "instagram": null, "service:knife_sharpening": null, "building": "yes", "laptop": null, "community_centre": null, "catering": null, "survey:date": null, "phases": null, "not:brand:wikidata": null, "payment:american_express": null, "payment:discover_card": null, "start_date": null, "florist": null, "clothes:printing": null, "material": null, "toilets:disposal": null, "organic": null, "seats": null, "waste": null, "min_age": null, "cinema": null, "check_date:capacity": null, "access": null, "service:notary": null, "recycling:compost": null, "tourism": null, "recycling:food_waste": null, "recycling:green_waste": null, "hairdresser": null, "air_conditioning": null, "food": null, "public_bookcase:type": null, "addr:floor": null, "social_facility:for": null, "bottle": null, "address": null, "operating_hours": null, "payment:paypal": null, "healthcare:speciality": null, "parking": null, "armrest": null, "seats:separated": null, "two_sided": null, "operational_status": null, "direction": null, "fast_food": null, "height": "6.2", "nycdoitt:bin": "4029819", "building:levels": null, "fuel:propane": null, "addr:full": null, "layer": null, "service_times": null, "name:etymology:wikidata": null, "roof:levels": null, "disused:amenity": null, "operator:official": null, "building:material": null, "emergency": null, "surface": null, "shelter_type": null, "mascot": null, "polling_station": null, "beds": null, "wikipedia": null, "atm:operator": null, "barrier": null, "name:etymology": null, "theatre:type": null, "capacity:disabled": null, "books": null, "type": null, "nbhd": "jacksonheights", "compressed_air": null, "opening_hours:covid19": null, "playground": null, "drink:sangria": null, "name:es": null, "indoor": null, "information": null, "lgbtq:trans": null, "currency:USD": null, "service:bicycle:repair": null, "street_vendor": null, "colour": null, "location": null, "recycling:glass": null, "recycling:paper": null, "recycling:plastic": null, "contact:fax": null, "facebook": null, "grades": null, "brand:website": null, "opening_hours:drive_through": null, "education": null, "maxstay": null, "fenced": null, "drinking_water": null, "grade": null, "category": "Grocery", "weight_min": 7, "weight_max": 9 }, "geometry": { "type": "Point", "coordinates": [ 1014342.57669620832894, 211846.211895659682341 ] } },
{ "type": "Feature", "properties": { "element": "way", "id": 250613773, "amenity": null, "ele": null, "gnis:feature_id": null, "name": "Super Fresh", "wikidata": null, "old_name": null, "phone": null, "website": null, "wheelchair": null, "denomination": null, "religion": null, "addr:housenumber": "78-17", "addr:postcode": "11370", "addr:street": "Northern Boulevard", "check_date": null, "addr:city": "Jackson Heights", "addr:state": "NY", "alt_name": null, "brand": null, "brand:wikidata": null, "operator": null, "operator:short": null, "operator:type": null, "operator:website": null, "operator:wikidata": null, "operator:wikipedia": null, "postal_code": null, "short_name": null, "source": null, "capacity": null, "cityracks.housenum": null, "cityracks.installed": null, "cityracks.large": null, "cityracks.rackid": null, "cityracks.small": null, "cityracks.street": null, "bicycle_parking": null, "covered": null, "addr:country": null, "indoor_seating": null, "outdoor_seating": null, "cuisine": null, "payment:mastercard": null, "payment:visa": null, "shop": "supermarket", "black_owned": null, "opening_hours": null, "takeaway": null, "drink:beer": null, "drink:espresso": null, "drink:wine": null, "cocktails": null, "drink:liquor": null, "note": null, "fee": null, "disused:website": null, "diet:halal": null, "atm": null, "beauty": null, "delivery": null, "official_name": null, "drink:coffee": null, "check_date:opening_hours": null, "dispensing": null, "healthcare": null, "level": null, "happy_hours": null, "addr:housename": null, "bicycle_rental": null, "network": null, "network:wikidata": null, "network:wikipedia": null, "ref": null, "ref:gbfs": null, "second_hand": null, "diet:vegetarian": null, "drink:byob": null, "drink:tea": null, "fax": null, "craft": null, "payment:cards": null, "payment:cash": null, "payment:credit_cards": null, "payment:debit_cards": null, "drive_through": null, "tobacco": null, "opening_hours:signed": null, "diet:vegan": null, "dry_cleaning": null, "branch": null, "drink:sake": null, "contact:facebook": null, "contact:instagram": null, "contact:twitter": null, "internet_access": null, "internet_access:fee": null, "trade": null, "pawnbroker": null, "clothes": null, "bar": null, "addr:unit": null, "smoking": null, "walkup_window": null, "email": null, "leisure": null, "toilets": null, "toilets:access": null, "toilets:unisex": null, "toilets:wheelchair": null, "opening_hours:kitchen": null, "office": null, "social_facility": null, "collection_times": null, "sport": null, "check_date:service:bicycle:pump": null, "service:bicycle:pump": null, "fixme:atp": null, "fixme": null, "payment:apple_pay": null, "payment:contactless": null, "payment:financing": null, "payment:samsung_pay": null, "diet:kosher": null, "female": null, "male": null, "payment:ebt": null, "payment:coins": null, "reservation": null, "website:menu": null, "website:reservation": null, "live_music": null, "addr:place": null, "contact:website": null, "diet:gluten_free": null, "diet:pescetarian": null, "contact:email": null, "description": null, "route_ref": null, "vending": null, "drink:cocktail": null, "recycling": null, "recycling:cans": null, "recycling:glass_bottles": null, "recycling:plastic_bottles": null, "recycling_type": null, "backrest": null, "fountain": null, "contact:sms": null, "drink:bubble_tea": null, "check_date:diet:vegetarian": null, "contact:phone": null, "note:opening_hours": null, "community_centre:for": null, "lgbtq": null, "laundry_service": null, "self_service": null, "animal_boarding": null, "stroller": null, "instagram": null, "service:knife_sharpening": null, "building": "yes", "laptop": null, "community_centre": null, "catering": null, "survey:date": null, "phases": null, "not:brand:wikidata": null, "payment:american_express": null, "payment:discover_card": null, "start_date": null, "florist": null, "clothes:printing": null, "material": null, "toilets:disposal": null, "organic": null, "seats": null, "waste": null, "min_age": null, "cinema": null, "check_date:capacity": null, "access": null, "service:notary": null, "recycling:compost": null, "tourism": null, "recycling:food_waste": null, "recycling:green_waste": null, "hairdresser": null, "air_conditioning": null, "food": null, "public_bookcase:type": null, "addr:floor": null, "social_facility:for": null, "bottle": null, "address": null, "operating_hours": null, "payment:paypal": null, "healthcare:speciality": null, "parking": null, "armrest": null, "seats:separated": null, "two_sided": null, "operational_status": null, "direction": null, "fast_food": null, "height": "6.4", "nycdoitt:bin": "4026787", "building:levels": null, "fuel:propane": null, "addr:full": null, "layer": null, "service_times": null, "name:etymology:wikidata": null, "roof:levels": null, "disused:amenity": null, "operator:official": null, "building:material": null, "emergency": null, "surface": null, "shelter_type": null, "mascot": null, "polling_station": null, "beds": null, "wikipedia": null, "atm:operator": null, "barrier": null, "name:etymology": null, "theatre:type": null, "capacity:disabled": null, "books": null, "type": null, "nbhd": "jacksonheights", "compressed_air": null, "opening_hours:covid19": null, "playground": null, "drink:sangria": null, "name:es": null, "indoor": null, "information": null, "lgbtq:trans": null, "currency:USD": null, "service:bicycle:repair": null, "street_vendor": null, "colour": null, "location": null, "recycling:glass": null, "recycling:paper": null, "recycling:plastic": null, "contact:fax": null, "facebook": null, "grades": null, "brand:website": null, "opening_hours:drive_through": null, "education": null, "maxstay": null, "fenced": null, "drinking_water": null, "grade": null, "category": "Grocery", "weight_min": 7, "weight_max": 9 }, "geometry": { "type": "Point", "coordinates": [ 1015134.591713290894404, 214549.785541122662835 ] } }
]
}
