{
"type": "FeatureCollection",
"name": "osm_kids",
"crs": { "type": "name", "properties": { "name": "urn:ogc:def:crs:EPSG::2263" } },
"features": [
{ "type": "Feature", "properties": { "element": "node", "id": 357550025, "amenity": "school", "ele": "16", "gnis:feature_id": "944552", "name": "Boys High School", "wikidata": "Q4952658", "old_name": null, "phone": null, "website": null, "wheelchair": null, "denomination": null, "religion": null, "addr:housenumber": null, "addr:postcode": null, "addr:street": null, "check_date": null, "addr:city": null, "addr:state": null, "alt_name": null, "brand": null, "brand:wikidata": null, "operator": null, "operator:short": null, "operator:type": null, "operator:website": null, "operator:wikidata": null, "operator:wikipedia": null, "postal_code": null, "short_name": null, "source": null, "capacity": null, "cityracks.housenum": null, "cityracks.installed": null, "cityracks.large": null, "cityracks.rackid": null, "cityracks.small": null, "cityracks.street": null, "bicycle_parking": null, "covered": null, "addr:country": null, "indoor_seating": null, "outdoor_seating": null, "cuisine": null, "payment:mastercard": null, "payment:visa": null, "shop": null, "black_owned": null, "opening_hours": null, "takeaway": null, "drink:beer": null, "drink:espresso": null, "drink:wine": null, "cocktails": null, "drink:liquor": null, "note": null, "fee": null, "disused:website": null, "diet:halal": null, "atm": null, "beauty": null, "delivery": null, "official_name": null, "drink:coffee": null, "check_date:opening_hours": null, "dispensing": null, "healthcare": null, "level": null, "happy_hours": null, "addr:housename": null, "bicycle_rental": null, "network": null, "network:wikidata": null, "network:wikipedia": null, "ref": null, "ref:gbfs": null, "second_hand": null, "diet:vegetarian": null, "drink:byob": null, "drink:tea": null, "fax": null, "craft": null, "payment:cards": null, "payment:cash": null, "payment:credit_cards": null, "payment:debit_cards": null, "drive_through": null, "tobacco": null, "opening_hours:signed": null, "diet:vegan": null, "dry_cleaning": null, "branch": null, "drink:sake": null, "contact:facebook": null, "contact:instagram": null, "contact:twitter": null, "internet_access": null, "internet_access:fee": null, "trade": null, "pawnbroker": null, "clothes": null, "bar": null, "addr:unit": null, "smoking": null, "walkup_window": null, "email": null, "leisure": null, "toilets": null, "toilets:access": null, "toilets:unisex": null, "toilets:wheelchair": null, "opening_hours:kitchen": null, "office": null, "social_facility": null, "collection_times": null, "sport": null, "check_date:service:bicycle:pump": null, "service:bicycle:pump": null, "fixme:atp": null, "fixme": null, "payment:apple_pay": null, "payment:contactless": null, "payment:financing": null, "payment:samsung_pay": null, "diet:kosher": null, "female": null, "male": null, "payment:ebt": null, "payment:coins": null, "reservation": null, "website:menu": null, "website:reservation": null, "live_music": null, "addr:place": null, "contact:website": null, "diet:gluten_free": null, "diet:pescetarian": null, "contact:email": null, "description": null, "route_ref": null, "vending": null, "drink:cocktail": null, "recycling": null, "recycling:cans": null, "recycling:glass_bottles": null, "recycling:plastic_bottles": null, "recycling_type": null, "backrest": null, "fountain": null, "contact:sms": null, "drink:bubble_tea": null, "check_date:diet:vegetarian": null, "contact:phone": null, "note:opening_hours": null, "community_centre:for": null, "lgbtq": null, "laundry_service": null, "self_service": null, "animal_boarding": null, "stroller": null, "instagram": null, "service:knife_sharpening": null, "building": null, "laptop": null, "community_centre": null, "catering": null, "survey:date": null, "phases": null, "not:brand:wikidata": null, "payment:american_express": null, "payment:discover_card": null, "start_date": null, "florist": null, "clothes:printing": null, "material": null, "toilets:disposal": null, "organic": null, "seats": null, "waste": null, "min_age": null, "cinema": null, "check_date:capacity": null, "access": null, "service:notary": null, "recycling:compost": null, "tourism": null, "recycling:food_waste": null, "recycling:green_waste": null, "hairdresser": null, "air_conditioning": null, "food": null, "public_bookcase:type": null, "addr:floor": null, "social_facility:for": null, "bottle": null, "address": null, "operating_hours": null, "payment:paypal": null, "healthcare:speciality": null, "parking": null, "armrest": null, "seats:separated": null, "two_sided": null, "operational_status": null, "direction": null, "fast_food": null, "height": null, "nycdoitt:bin": null, "building:levels": null, "fuel:propane": null, "addr:full": null, "layer": null, "service_times": null, "name:etymology:wikidata": null, "roof:levels": null, "disused:amenity": null, "operator:official": null, "building:material": null, "emergency": null, "surface": null, "shelter_type": null, "mascot": null, "polling_station": null, "beds": null, "wikipedia": null, "atm:operator": null, "barrier": null, "name:etymology": null, "theatre:type": null, "capacity:disabled": null, "books": null, "type": null, "neighborhood": "bedstuy", "compressed_air": null, "opening_hours:covid19": null, "playground": null, "drink:sangria": null, "name:es": null, "indoor": null, "information": null, "lgbtq:trans": null, "currency:USD": null, "service:bicycle:repair": null, "street_vendor": null, "colour": null, "location": null, "recycling:glass": null, "recycling:paper": null, "recycling:plastic": null, "contact:fax": null, "facebook": null, "grades": null, "brand:website": null, "opening_hours:drive_through": null, "education": null, "maxstay": null, "fenced": null, "drinking_water": null, "grade": null, "category": "Kids", "weight_min": 1, "weight_max": 7 }, "geometry": { "type": "Point", "coordinates": [ 998695.281512859743088, 188781.231916939461371 ] } },
{ "type": "Feature", "properties": { "element": "node", "id": 357561540, "amenity": "school", "ele": "16", "gnis:feature_id": "951147", "name": "Brooklyn Adult Learning Center", "wikidata": null, "old_name": "Brooklyn Adult Training Center", "phone": "+1-718-638-2635", "website": "https://www.balc.school", "wheelchair": null, "denomination": null, "religion": null, "addr:housenumber": null, "addr:postcode": null, "addr:street": null, "check_date": null, "addr:city": null, "addr:state": null, "alt_name": null, "brand": null, "brand:wikidata": null, "operator": null, "operator:short": null, "operator:type": null, "operator:website": null, "operator:wikidata": null, "operator:wikipedia": null, "postal_code": null, "short_name": null, "source": null, "capacity": null, "cityracks.housenum": null, "cityracks.installed": null, "cityracks.large": null, "cityracks.rackid": null, "cityracks.small": null, "cityracks.street": null, "bicycle_parking": null, "covered": null, "addr:country": null, "indoor_seating": null, "outdoor_seating": null, "cuisine": null, "payment:mastercard": null, "payment:visa": null, "shop": null, "black_owned": null, "opening_hours": null, "takeaway": null, "drink:beer": null, "drink:espresso": null, "drink:wine": null, "cocktails": null, "drink:liquor": null, "note": null, "fee": null, "disused:website": null, "diet:halal": null, "atm": null, "beauty": null, "delivery": null, "official_name": null, "drink:coffee": null, "check_date:opening_hours": null, "dispensing": null, "healthcare": null, "level": null, "happy_hours": null, "addr:housename": null, "bicycle_rental": null, "network": null, "network:wikidata": null, "network:wikipedia": null, "ref": null, "ref:gbfs": null, "second_hand": null, "diet:vegetarian": null, "drink:byob": null, "drink:tea": null, "fax": null, "craft": null, "payment:cards": null, "payment:cash": null, "payment:credit_cards": null, "payment:debit_cards": null, "drive_through": null, "tobacco": null, "opening_hours:signed": null, "diet:vegan": null, "dry_cleaning": null, "branch": null, "drink:sake": null, "contact:facebook": null, "contact:instagram": null, "contact:twitter": null, "internet_access": null, "internet_access:fee": null, "trade": null, "pawnbroker": null, "clothes": null, "bar": null, "addr:unit": null, "smoking": null, "walkup_window": null, "email": null, "leisure": null, "toilets": null, "toilets:access": null, "toilets:unisex": null, "toilets:wheelchair": null, "opening_hours:kitchen": null, "office": null, "social_facility": null, "collection_times": null, "sport": null, "check_date:service:bicycle:pump": null, "service:bicycle:pump": null, "fixme:atp": null, "fixme": null, "payment:apple_pay": null, "payment:contactless": null, "payment:financing": null, "payment:samsung_pay": null, "diet:kosher": null, "female": null, "male": null, "payment:ebt": null, "payment:coins": null, "reservation": null, "website:menu": null, "website:reservation": null, "live_music": null, "addr:place": null, "contact:website": null, "diet:gluten_free": null, "diet:pescetarian": null, "contact:email": null, "description": null, "route_ref": null, "vending": null, "drink:cocktail": null, "recycling": null, "recycling:cans": null, "recycling:glass_bottles": null, "recycling:plastic_bottles": null, "recycling_type": null, "backrest": null, "fountain": null, "contact:sms": null, "drink:bubble_tea": null, "check_date:diet:vegetarian": null, "contact:phone": null, "note:opening_hours": null, "community_centre:for": null, "lgbtq": null, "laundry_service": null, "self_service": null, "animal_boarding": null, "stroller": null, "instagram": null, "service:knife_sharpening": null, "building": null, "laptop": null, "community_centre": null, "catering": null, "survey:date": null, "phases": null, "not:brand:wikidata": null, "payment:american_express": null, "payment:discover_card": null, "start_date": null, "florist": null, "clothes:printing": null, "material": null, "toilets:disposal": null, "organic": null, "seats": null, "waste": null, "min_age": null, "cinema": null, "check_date:capacity": null, "access": null, "service:notary": null, "recycling:compost": null, "tourism": null, "recycling:food_waste": null, "recycling:green_waste": null, "hairdresser": null, "air_conditioning": null, "food": null, "public_bookcase:type": null, "addr:floor": null, "social_facility:for": null, "bottle": null, "address": null, "operating_hours": null, "payment:paypal": null, "healthcare:speciality": null, "parking": null, "armrest": null, "seats:separated": null, "two_sided": null, "operational_status": null, "direction": null, "fast_food": null, "height": null, "nycdoitt:bin": null, "building:levels": null, "fuel:propane": null, "addr:full": null, "layer": null, "service_times": null, "name:etymology:wikidata": null, "roof:levels": null, "disused:amenity": null, "operator:official": null, "building:material": null, "emergency": null, "surface": null, "shelter_type": null, "mascot": null, "polling_station": null, "beds": null, "wikipedia": null, "atm:operator": null, "barrier": null, "name:etymology": null, "theatre:type": null, "capacity:disabled": null, "books": null, "type": null, "neighborhood": "bedstuy", "compressed_air": null, "opening_hours:covid19": null, "playground": null, "drink:sangria": null, "name:es": null, "indoor": null, "information": null, "lgbtq:trans": null, "currency:USD": null, "service:bicycle:repair": null, "street_vendor": null, "colour": null, "location": null, "recycling:glass": null, "recycling:paper": null, "recycling:plastic": null, "contact:fax": null, "facebook": null, "grades": null, "brand:website": null, "opening_hours:drive_through": null, "education": null, "maxstay": null, "fenced": null, "drinking_water": null, "grade": null, "category": "Kids", "weight_min": 1, "weight_max": 7 }, "geometry": { "type": "Point", "coordinates": [ 998233.488417170243338, 187558.269648472836707 ] } },
{ "type": "Feature", "properties": { "element": "node", "id": 357567177, "amenity": "school", "ele": "16", "gnis:feature_id": "954233", "name": "Junior Academy", "wikidata": null, "old_name": null, "phone": null, "website": null, "wheelchair": null, "denomination": null, "religion": null, "addr:housenumber": null, "addr:postcode": null, "addr:street": null, "check_date": null, "addr:city": null, "addr:state": null, "alt_name": null, "brand": null, "brand:wikidata": null, "operator": null, "operator:short": null, "operator:type": null, "operator:website": null, "operator:wikidata": null, "operator:wikipedia": null, "postal_code": null, "short_name": null, "source": null, "capacity": null, "cityracks.housenum": null, "cityracks.installed": null, "cityracks.large": null, "cityracks.rackid": null, "cityracks.small": null, "cityracks.street": null, "bicycle_parking": null, "covered": null, "addr:country": null, "indoor_seating": null, "outdoor_seating": null, "cuisine": null, "payment:mastercard": null, "payment:visa": null, "shop": null, "black_owned": null, "opening_hours": null, "takeaway": null, "drink:beer": null, "drink:espresso": null, "drink:wine": null, "cocktails": null, "drink:liquor": null, "note": null, "fee": null, "disused:website": null, "diet:halal": null, "atm": null, "beauty": null, "delivery": null, "official_name": null, "drink:coffee": null, "check_date:opening_hours": null, "dispensing": null, "healthcare": null, "level": null, "happy_hours": null, "addr:housename": null, "bicycle_rental": null, "network": null, "network:wikidata": null, "network:wikipedia": null, "ref": null, "ref:gbfs": null, "second_hand": null, "diet:vegetarian": null, "drink:byob": null, "drink:tea": null, "fax": null, "craft": null, "payment:cards": null, "payment:cash": null, "payment:credit_cards": null, "payment:debit_cards": null, "drive_through": null, "tobacco": null, "opening_hours:signed": null, "diet:vegan": null, "dry_cleaning": null, "branch": null, "drink:sake": null, "contact:facebook": null, "contact:instagram": null, "contact:twitter": null, "internet_access": null, "internet_access:fee": null, "trade": null, "pawnbroker": null, "clothes": null, "bar": null, "addr:unit": null, "smoking": null, "walkup_window": null, "email": null, "leisure": null, "toilets": null, "toilets:access": null, "toilets:unisex": null, "toilets:wheelchair": null, "opening_hours:kitchen": null, "office": null, "social_facility": null, "collection_times": null, "sport": null, "check_date:service:bicycle:pump": null, "service:bicycle:pump": null, "fixme:atp": null, "fixme": null, "payment:apple_pay": null, "payment:contactless": null, "payment:financing": null, "payment:samsung_pay": null, "diet:kosher": null, "female": null, "male": null, "payment:ebt": null, "payment:coins": null, "reservation": null, "website:menu": null, "website:reservation": null, "live_music": null, "addr:place": null, "contact:website": null, "diet:gluten_free": null, "diet:pescetarian": null, "contact:email": null, "description": null, "route_ref": null, "vending": null, "drink:cocktail": null, "recycling": null, "recycling:cans": null, "recycling:glass_bottles": null, "recycling:plastic_bottles": null, "recycling_type": null, "backrest": null, "fountain": null, "contact:sms": null, "drink:bubble_tea": null, "check_date:diet:vegetarian": null, "contact:phone": null, "note:opening_hours": null, "community_centre:for": null, "lgbtq": null, "laundry_service": null, "self_service": null, "animal_boarding": null, "stroller": null, "instagram": null, "service:knife_sharpening": null, "building": null, "laptop": null, "community_centre": null, "catering": null, "survey:date": null, "phases": null, "not:brand:wikidata": null, "payment:american_express": null, "payment:discover_card": null, "start_date": null, "florist": null, "clothes:printing": null, "material": null, "toilets:disposal": null, "organic": null, "seats": null, "waste": null, "min_age": null, "cinema": null, "check_date:capacity": null, "access": null, "service:notary": null, "recycling:compost": null, "tourism": null, "recycling:food_waste": null, "recycling:green_waste": null, "hairdresser": null, "air_conditioning": null, "food": null, "public_bookcase:type": null, "addr:floor": null, "social_facility:for": null, "bottle": null, "address": null, "operating_hours": null, "payment:paypal": null, "healthcare:speciality": null, "parking": null, "armrest": null, "seats:separated": null, "two_sided": null, "operational_status": null, "direction": null, "fast_food": null, "height": null, "nycdoitt:bin": null, "building:levels": null, "fuel:propane": null, "addr:full": null, "layer": null, "service_times": null, "name:etymology:wikidata": null, "roof:levels": null, "disused:amenity": null, "operator:official": null, "building:material": null, "emergency": null, "surface": null, "shelter_type": null, "mascot": null, "polling_station": null, "beds": null, "wikipedia": null, "atm:operator": null, "barrier": null, "name:etymology": null, "theatre:type": null, "capacity:disabled": null, "books": null, "type": null, "neighborhood": "bedstuy", "compressed_air": null, "opening_hours:covid19": null, "playground": null, "drink:sangria": null, "name:es": null, "indoor": null, "information": null, "lgbtq:trans": null, "currency:USD": null, "service:bicycle:repair": null, "street_vendor": null, "colour": null, "location": null, "recycling:glass": null, "recycling:paper": null, "recycling:plastic": null, "contact:fax": null, "facebook": null, "grades": null, "brand:website": null, "opening_hours:drive_through": null, "education": null, "maxstay": null, "fenced": null, "drinking_water": null, "grade": null, "category": "Kids", "weight_min": 1, "weight_max": 7 }, "geometry": { "type": "Point", "coordinates": [ 1005011.237592430086806, 190506.227311409078538 ] } },
{ "type": "Feature", "properties": { "element": "node", "id": 357567532, "amenity": "school", "ele": "17", "gnis:feature_id": "954333", "name": "Junior High School K057 Whitelaw Reid", "wikidata": null, "old_name": null, "phone": null, "website": null, "wheelchair": null, "denomination": null, "religion": null, "addr:housenumber": null, "addr:postcode": null, "addr:street": null, "check_date": null, "addr:city": null, "addr:state": null, "alt_name": null, "brand": null, "brand:wikidata": null, "operator": null, "operator:short": null, "operator:type": null, "operator:website": null, "operator:wikidata": null, "operator:wikipedia": null, "postal_code": null, "short_name": null, "source": null, "capacity": null, "cityracks.housenum": null, "cityracks.installed": null, "cityracks.large": null, "cityracks.rackid": null, "cityracks.small": null, "cityracks.street": null, "bicycle_parking": null, "covered": null, "addr:country": null, "indoor_seating": null, "outdoor_seating": null, "cuisine": null, "payment:mastercard": null, "payment:visa": null, "shop": null, "black_owned": null, "opening_hours": null, "takeaway": null, "drink:beer": null, "drink:espresso": null, "drink:wine": null, "cocktails": null, "drink:liquor": null, "note": null, "fee": null, "disused:website": null, "diet:halal": null, "atm": null, "beauty": null, "delivery": null, "official_name": null, "drink:coffee": null, "check_date:opening_hours": null, "dispensing": null, "healthcare": null, "level": null, "happy_hours": null, "addr:housename": null, "bicycle_rental": null, "network": null, "network:wikidata": null, "network:wikipedia": null, "ref": null, "ref:gbfs": null, "second_hand": null, "diet:vegetarian": null, "drink:byob": null, "drink:tea": null, "fax": null, "craft": null, "payment:cards": null, "payment:cash": null, "payment:credit_cards": null, "payment:debit_cards": null, "drive_through": null, "tobacco": null, "opening_hours:signed": null, "diet:vegan": null, "dry_cleaning": null, "branch": null, "drink:sake": null, "contact:facebook": null, "contact:instagram": null, "contact:twitter": null, "internet_access": null, "internet_access:fee": null, "trade": null, "pawnbroker": null, "clothes": null, "bar": null, "addr:unit": null, "smoking": null, "walkup_window": null, "email": null, "leisure": null, "toilets": null, "toilets:access": null, "toilets:unisex": null, "toilets:wheelchair": null, "opening_hours:kitchen": null, "office": null, "social_facility": null, "collection_times": null, "sport": null, "check_date:service:bicycle:pump": null, "service:bicycle:pump": null, "fixme:atp": null, "fixme": null, "payment:apple_pay": null, "payment:contactless": null, "payment:financing": null, "payment:samsung_pay": null, "diet:kosher": null, "female": null, "male": null, "payment:ebt": null, "payment:coins": null, "reservation": null, "website:menu": null, "website:reservation": null, "live_music": null, "addr:place": null, "contact:website": null, "diet:gluten_free": null, "diet:pescetarian": null, "contact:email": null, "description": null, "route_ref": null, "vending": null, "drink:cocktail": null, "recycling": null, "recycling:cans": null, "recycling:glass_bottles": null, "recycling:plastic_bottles": null, "recycling_type": null, "backrest": null, "fountain": null, "contact:sms": null, "drink:bubble_tea": null, "check_date:diet:vegetarian": null, "contact:phone": null, "note:opening_hours": null, "community_centre:for": null, "lgbtq": null, "laundry_service": null, "self_service": null, "animal_boarding": null, "stroller": null, "instagram": null, "service:knife_sharpening": null, "building": null, "laptop": null, "community_centre": null, "catering": null, "survey:date": null, "phases": null, "not:brand:wikidata": null, "payment:american_express": null, "payment:discover_card": null, "start_date": null, "florist": null, "clothes:printing": null, "material": null, "toilets:disposal": null, "organic": null, "seats": null, "waste": null, "min_age": null, "cinema": null, "check_date:capacity": null, "access": null, "service:notary": null, "recycling:compost": null, "tourism": null, "recycling:food_waste": null, "recycling:green_waste": null, "hairdresser": null, "air_conditioning": null, "food": null, "public_bookcase:type": null, "addr:floor": null, "social_facility:for": null, "bottle": null, "address": null, "operating_hours": null, "payment:paypal": null, "healthcare:speciality": null, "parking": null, "armrest": null, "seats:separated": null, "two_sided": null, "operational_status": null, "direction": null, "fast_food": null, "height": null, "nycdoitt:bin": null, "building:levels": null, "fuel:propane": null, "addr:full": null, "layer": null, "service_times": null, "name:etymology:wikidata": null, "roof:levels": null, "disused:amenity": null, "operator:official": null, "building:material": null, "emergency": null, "surface": null, "shelter_type": null, "mascot": null, "polling_station": null, "beds": null, "wikipedia": null, "atm:operator": null, "barrier": null, "name:etymology": null, "theatre:type": null, "capacity:disabled": null, "books": null, "type": null, "neighborhood": "bedstuy", "compressed_air": null, "opening_hours:covid19": null, "playground": null, "drink:sangria": null, "name:es": null, "indoor": null, "information": null, "lgbtq:trans": null, "currency:USD": null, "service:bicycle:repair": null, "street_vendor": null, "colour": null, "location": null, "recycling:glass": null, "recycling:paper": null, "recycling:plastic": null, "contact:fax": null, "facebook": null, "grades": null, "brand:website": null, "opening_hours:drive_through": null, "education": null, "maxstay": null, "fenced": null, "drinking_water": null, "grade": null, "category": "Kids", "weight_min": 1, "weight_max": 7 }, "geometry": { "type": "Point", "coordinates": [ 1002695.280672086053528, 191149.253525176492985 ] } },
{ "type": "Feature", "properties": { "element": "node", "id": 357573242, "amenity": "school", "ele": "5", "gnis:feature_id": "958471", "name": "New York Community College of Applied Arts and Sciences", "wikidata": null, "old_name": null, "phone": null, "website": null, "wheelchair": null, "denomination": null, "religion": null, "addr:housenumber": null, "addr:postcode": null, "addr:street": null, "check_date": null, "addr:city": null, "addr:state": null, "alt_name": null, "brand": null, "brand:wikidata": null, "operator": null, "operator:short": null, "operator:type": null, "operator:website": null, "operator:wikidata": null, "operator:wikipedia": null, "postal_code": null, "short_name": null, "source": null, "capacity": null, "cityracks.housenum": null, "cityracks.installed": null, "cityracks.large": null, "cityracks.rackid": null, "cityracks.small": null, "cityracks.street": null, "bicycle_parking": null, "covered": null, "addr:country": null, "indoor_seating": null, "outdoor_seating": null, "cuisine": null, "payment:mastercard": null, "payment:visa": null, "shop": null, "black_owned": null, "opening_hours": null, "takeaway": null, "drink:beer": null, "drink:espresso": null, "drink:wine": null, "cocktails": null, "drink:liquor": null, "note": null, "fee": null, "disused:website": null, "diet:halal": null, "atm": null, "beauty": null, "delivery": null, "official_name": null, "drink:coffee": null, "check_date:opening_hours": null, "dispensing": null, "healthcare": null, "level": null, "happy_hours": null, "addr:housename": null, "bicycle_rental": null, "network": null, "network:wikidata": null, "network:wikipedia": null, "ref": null, "ref:gbfs": null, "second_hand": null, "diet:vegetarian": null, "drink:byob": null, "drink:tea": null, "fax": null, "craft": null, "payment:cards": null, "payment:cash": null, "payment:credit_cards": null, "payment:debit_cards": null, "drive_through": null, "tobacco": null, "opening_hours:signed": null, "diet:vegan": null, "dry_cleaning": null, "branch": null, "drink:sake": null, "contact:facebook": null, "contact:instagram": null, "contact:twitter": null, "internet_access": null, "internet_access:fee": null, "trade": null, "pawnbroker": null, "clothes": null, "bar": null, "addr:unit": null, "smoking": null, "walkup_window": null, "email": null, "leisure": null, "toilets": null, "toilets:access": null, "toilets:unisex": null, "toilets:wheelchair": null, "opening_hours:kitchen": null, "office": null, "social_facility": null, "collection_times": null, "sport": null, "check_date:service:bicycle:pump": null, "service:bicycle:pump": null, "fixme:atp": null, "fixme": null, "payment:apple_pay": null, "payment:contactless": null, "payment:financing": null, "payment:samsung_pay": null, "diet:kosher": null, "female": null, "male": null, "payment:ebt": null, "payment:coins": null, "reservation": null, "website:menu": null, "website:reservation": null, "live_music": null, "addr:place": null, "contact:website": null, "diet:gluten_free": null, "diet:pescetarian": null, "contact:email": null, "description": null, "route_ref": null, "vending": null, "drink:cocktail": null, "recycling": null, "recycling:cans": null, "recycling:glass_bottles": null, "recycling:plastic_bottles": null, "recycling_type": null, "backrest": null, "fountain": null, "contact:sms": null, "drink:bubble_tea": null, "check_date:diet:vegetarian": null, "contact:phone": null, "note:opening_hours": null, "community_centre:for": null, "lgbtq": null, "laundry_service": null, "self_service": null, "animal_boarding": null, "stroller": null, "instagram": null, "service:knife_sharpening": null, "building": null, "laptop": null, "community_centre": null, "catering": null, "survey:date": null, "phases": null, "not:brand:wikidata": null, "payment:american_express": null, "payment:discover_card": null, "start_date": null, "florist": null, "clothes:printing": null, "material": null, "toilets:disposal": null, "organic": null, "seats": null, "waste": null, "min_age": null, "cinema": null, "check_date:capacity": null, "access": null, "service:notary": null, "recycling:compost": null, "tourism": null, "recycling:food_waste": null, "recycling:green_waste": null, "hairdresser": null, "air_conditioning": null, "food": null, "public_bookcase:type": null, "addr:floor": null, "social_facility:for": null, "bottle": null, "address": null, "operating_hours": null, "payment:paypal": null, "healthcare:speciality": null, "parking": null, "armrest": null, "seats:separated": null, "two_sided": null, "operational_status": null, "direction": null, "fast_food": null, "height": null, "nycdoitt:bin": null, "building:levels": null, "fuel:propane": null, "addr:full": null, "layer": null, "service_times": null, "name:etymology:wikidata": null, "roof:levels": null, "disused:amenity": null, "operator:official": null, "building:material": null, "emergency": null, "surface": null, "shelter_type": null, "mascot": null, "polling_station": null, "beds": null, "wikipedia": null, "atm:operator": null, "barrier": null, "name:etymology": null, "theatre:type": null, "capacity:disabled": null, "books": null, "type": null, "neighborhood": "bedstuy", "compressed_air": null, "opening_hours:covid19": null, "playground": null, "drink:sangria": null, "name:es": null, "indoor": null, "information": null, "lgbtq:trans": null, "currency:USD": null, "service:bicycle:repair": null, "street_vendor": null, "colour": null, "location": null, "recycling:glass": null, "recycling:paper": null, "recycling:plastic": null, "contact:fax": null, "facebook": null, "grades": null, "brand:website": null, "opening_hours:drive_through": null, "education": null, "maxstay": null, "fenced": null, "drinking_water": null, "grade": null, "category": "Kids", "weight_min": 1, "weight_max": 7 }, "geometry": { "type": "Point", "coordinates": [ 995457.180451210238971, 193738.33964462345466 ] } },
{ "type": "Feature", "properties": { "element": "node", "id": 357585174, "amenity": "school", "ele": "23", "gnis:feature_id": "963673", "name": "Saint Johns Preparatory School", "wikidata": null, "old_name": null, "phone": null, "website": null, "wheelchair": "yes", "denomination": null, "religion": null, "addr:housenumber": null, "addr:postcode": null, "addr:street": null, "check_date": null, "addr:city": null, "addr:state": null, "alt_name": null, "brand": null, "brand:wikidata": null, "operator": null, "operator:short": null, "operator:type": null, "operator:website": null, "operator:wikidata": null, "operator:wikipedia": null, "postal_code": null, "short_name": null, "source": null, "capacity": null, "cityracks.housenum": null, "cityracks.installed": null, "cityracks.large": null, "cityracks.rackid": null, "cityracks.small": null, "cityracks.street": null, "bicycle_parking": null, "covered": null, "addr:country": null, "indoor_seating": null, "outdoor_seating": null, "cuisine": null, "payment:mastercard": null, "payment:visa": null, "shop": null, "black_owned": null, "opening_hours": null, "takeaway": null, "drink:beer": null, "drink:espresso": null, "drink:wine": null, "cocktails": null, "drink:liquor": null, "note": null, "fee": null, "disused:website": null, "diet:halal": null, "atm": null, "beauty": null, "delivery": null, "official_name": null, "drink:coffee": null, "check_date:opening_hours": null, "dispensing": null, "healthcare": null, "level": null, "happy_hours": null, "addr:housename": null, "bicycle_rental": null, "network": null, "network:wikidata": null, "network:wikipedia": null, "ref": null, "ref:gbfs": null, "second_hand": null, "diet:vegetarian": null, "drink:byob": null, "drink:tea": null, "fax": null, "craft": null, "payment:cards": null, "payment:cash": null, "payment:credit_cards": null, "payment:debit_cards": null, "drive_through": null, "tobacco": null, "opening_hours:signed": null, "diet:vegan": null, "dry_cleaning": null, "branch": null, "drink:sake": null, "contact:facebook": null, "contact:instagram": null, "contact:twitter": null, "internet_access": null, "internet_access:fee": null, "trade": null, "pawnbroker": null, "clothes": null, "bar": null, "addr:unit": null, "smoking": null, "walkup_window": null, "email": null, "leisure": null, "toilets": null, "toilets:access": null, "toilets:unisex": null, "toilets:wheelchair": null, "opening_hours:kitchen": null, "office": null, "social_facility": null, "collection_times": null, "sport": null, "check_date:service:bicycle:pump": null, "service:bicycle:pump": null, "fixme:atp": null, "fixme": null, "payment:apple_pay": null, "payment:contactless": null, "payment:financing": null, "payment:samsung_pay": null, "diet:kosher": null, "female": null, "male": null, "payment:ebt": null, "payment:coins": null, "reservation": null, "website:menu": null, "website:reservation": null, "live_music": null, "addr:place": null, "contact:website": null, "diet:gluten_free": null, "diet:pescetarian": null, "contact:email": null, "description": null, "route_ref": null, "vending": null, "drink:cocktail": null, "recycling": null, "recycling:cans": null, "recycling:glass_bottles": null, "recycling:plastic_bottles": null, "recycling_type": null, "backrest": null, "fountain": null, "contact:sms": null, "drink:bubble_tea": null, "check_date:diet:vegetarian": null, "contact:phone": null, "note:opening_hours": null, "community_centre:for": null, "lgbtq": null, "laundry_service": null, "self_service": null, "animal_boarding": null, "stroller": null, "instagram": null, "service:knife_sharpening": null, "building": null, "laptop": null, "community_centre": null, "catering": null, "survey:date": null, "phases": null, "not:brand:wikidata": null, "payment:american_express": null, "payment:discover_card": null, "start_date": null, "florist": null, "clothes:printing": null, "material": null, "toilets:disposal": null, "organic": null, "seats": null, "waste": null, "min_age": null, "cinema": null, "check_date:capacity": null, "access": null, "service:notary": null, "recycling:compost": null, "tourism": null, "recycling:food_waste": null, "recycling:green_waste": null, "hairdresser": null, "air_conditioning": null, "food": null, "public_bookcase:type": null, "addr:floor": null, "social_facility:for": null, "bottle": null, "address": null, "operating_hours": null, "payment:paypal": null, "healthcare:speciality": null, "parking": null, "armrest": null, "seats:separated": null, "two_sided": null, "operational_status": null, "direction": null, "fast_food": null, "height": null, "nycdoitt:bin": null, "building:levels": null, "fuel:propane": null, "addr:full": null, "layer": null, "service_times": null, "name:etymology:wikidata": null, "roof:levels": null, "disused:amenity": null, "operator:official": null, "building:material": null, "emergency": null, "surface": null, "shelter_type": null, "mascot": null, "polling_station": null, "beds": null, "wikipedia": null, "atm:operator": null, "barrier": null, "name:etymology": null, "theatre:type": null, "capacity:disabled": null, "books": null, "type": null, "neighborhood": "bedstuy", "compressed_air": null, "opening_hours:covid19": null, "playground": null, "drink:sangria": null, "name:es": null, "indoor": null, "information": null, "lgbtq:trans": null, "currency:USD": null, "service:bicycle:repair": null, "street_vendor": null, "colour": null, "location": null, "recycling:glass": null, "recycling:paper": null, "recycling:plastic": null, "contact:fax": null, "facebook": null, "grades": null, "brand:website": null, "opening_hours:drive_through": null, "education": null, "maxstay": null, "fenced": null, "drinking_water": null, "grade": null, "category": "Kids", "weight_min": 1, "weight_max": 7 }, "geometry": { "type": "Point", "coordinates": [ 1001543.788170752464794, 192452.596838891447987 ] } },
{ "type": "Feature", "properties": { "element": "node", "id": 357618963, "amenity": "school", "ele": null, "gnis:feature_id": null, "name": "Bethel Seventh Day Adventist School", "wikidata": null, "old_name": null, "phone": "+1-718-866-4226", "website": "https://www.betheladventist.org", "wheelchair": null, "denomination": "seventh_day_adventist", "religion": "christian", "addr:housenumber": null, "addr:postcode": null, "addr:street": null, "check_date": null, "addr:city": null, "addr:state": null, "alt_name": null, "brand": null, "brand:wikidata": null, "operator": null, "operator:short": null, "operator:type": null, "operator:website": null, "operator:wikidata": null, "operator:wikipedia": null, "postal_code": null, "short_name": null, "source": null, "capacity": null, "cityracks.housenum": null, "cityracks.installed": null, "cityracks.large": null, "cityracks.rackid": null, "cityracks.small": null, "cityracks.street": null, "bicycle_parking": null, "covered": null, "addr:country": null, "indoor_seating": null, "outdoor_seating": null, "cuisine": null, "payment:mastercard": null, "payment:visa": null, "shop": null, "black_owned": null, "opening_hours": null, "takeaway": null, "drink:beer": null, "drink:espresso": null, "drink:wine": null, "cocktails": null, "drink:liquor": null, "note": null, "fee": null, "disused:website": null, "diet:halal": null, "atm": null, "beauty": null, "delivery": null, "official_name": null, "drink:coffee": null, "check_date:opening_hours": null, "dispensing": null, "healthcare": null, "level": null, "happy_hours": null, "addr:housename": null, "bicycle_rental": null, "network": null, "network:wikidata": null, "network:wikipedia": null, "ref": null, "ref:gbfs": null, "second_hand": null, "diet:vegetarian": null, "drink:byob": null, "drink:tea": null, "fax": null, "craft": null, "payment:cards": null, "payment:cash": null, "payment:credit_cards": null, "payment:debit_cards": null, "drive_through": null, "tobacco": null, "opening_hours:signed": null, "diet:vegan": null, "dry_cleaning": null, "branch": null, "drink:sake": null, "contact:facebook": null, "contact:instagram": null, "contact:twitter": null, "internet_access": null, "internet_access:fee": null, "trade": null, "pawnbroker": null, "clothes": null, "bar": null, "addr:unit": null, "smoking": null, "walkup_window": null, "email": null, "leisure": null, "toilets": null, "toilets:access": null, "toilets:unisex": null, "toilets:wheelchair": null, "opening_hours:kitchen": null, "office": null, "social_facility": null, "collection_times": null, "sport": null, "check_date:service:bicycle:pump": null, "service:bicycle:pump": null, "fixme:atp": null, "fixme": null, "payment:apple_pay": null, "payment:contactless": null, "payment:financing": null, "payment:samsung_pay": null, "diet:kosher": null, "female": null, "male": null, "payment:ebt": null, "payment:coins": null, "reservation": null, "website:menu": null, "website:reservation": null, "live_music": null, "addr:place": null, "contact:website": null, "diet:gluten_free": null, "diet:pescetarian": null, "contact:email": null, "description": null, "route_ref": null, "vending": null, "drink:cocktail": null, "recycling": null, "recycling:cans": null, "recycling:glass_bottles": null, "recycling:plastic_bottles": null, "recycling_type": null, "backrest": null, "fountain": null, "contact:sms": null, "drink:bubble_tea": null, "check_date:diet:vegetarian": null, "contact:phone": null, "note:opening_hours": null, "community_centre:for": null, "lgbtq": null, "laundry_service": null, "self_service": null, "animal_boarding": null, "stroller": null, "instagram": null, "service:knife_sharpening": null, "building": null, "laptop": null, "community_centre": null, "catering": null, "survey:date": null, "phases": null, "not:brand:wikidata": null, "payment:american_express": null, "payment:discover_card": null, "start_date": null, "florist": null, "clothes:printing": null, "material": null, "toilets:disposal": null, "organic": null, "seats": null, "waste": null, "min_age": null, "cinema": null, "check_date:capacity": null, "access": null, "service:notary": null, "recycling:compost": null, "tourism": null, "recycling:food_waste": null, "recycling:green_waste": null, "hairdresser": null, "air_conditioning": null, "food": null, "public_bookcase:type": null, "addr:floor": null, "social_facility:for": null, "bottle": null, "address": null, "operating_hours": null, "payment:paypal": null, "healthcare:speciality": null, "parking": null, "armrest": null, "seats:separated": null, "two_sided": null, "operational_status": null, "direction": null, "fast_food": null, "height": null, "nycdoitt:bin": null, "building:levels": null, "fuel:propane": null, "addr:full": null, "layer": null, "service_times": null, "name:etymology:wikidata": null, "roof:levels": null, "disused:amenity": null, "operator:official": null, "building:material": null, "emergency": null, "surface": null, "shelter_type": null, "mascot": null, "polling_station": null, "beds": null, "wikipedia": null, "atm:operator": null, "barrier": null, "name:etymology": null, "theatre:type": null, "capacity:disabled": null, "books": null, "type": null, "neighborhood": "bedstuy", "compressed_air": null, "opening_hours:covid19": null, "playground": null, "drink:sangria": null, "name:es": null, "indoor": null, "information": null, "lgbtq:trans": null, "currency:USD": null, "service:bicycle:repair": null, "street_vendor": null, "colour": null, "location": null, "recycling:glass": null, "recycling:paper": null, "recycling:plastic": null, "contact:fax": null, "facebook": null, "grades": null, "brand:website": null, "opening_hours:drive_through": null, "education": null, "maxstay": null, "fenced": null, "drinking_water": null, "grade": null, "category": "Kids", "weight_min": 1, "weight_max": 7 }, "geometry": { "type": "Point", "coordinates": [ 994991.339570047683083, 187614.030203077127226 ] } },
{ "type": "Feature", "properties": { "element": "node", "id": 357619358, "amenity": "school", "ele": "16", "gnis:feature_id": "2081904", "name": "K553 Brooklyn Academy High School", "wikidata": null, "old_name": null, "phone": null, "website": null, "wheelchair": null, "denomination": null, "religion": null, "addr:housenumber": null, "addr:postcode": null, "addr:street": null, "check_date": null, "addr:city": null, "addr:state": null, "alt_name": null, "brand": null, "brand:wikidata": null, "operator": null, "operator:short": null, "operator:type": null, "operator:website": null, "operator:wikidata": null, "operator:wikipedia": null, "postal_code": null, "short_name": null, "source": null, "capacity": null, "cityracks.housenum": null, "cityracks.installed": null, "cityracks.large": null, "cityracks.rackid": null, "cityracks.small": null, "cityracks.street": null, "bicycle_parking": null, "covered": null, "addr:country": null, "indoor_seating": null, "outdoor_seating": null, "cuisine": null, "payment:mastercard": null, "payment:visa": null, "shop": null, "black_owned": null, "opening_hours": null, "takeaway": null, "drink:beer": null, "drink:espresso": null, "drink:wine": null, "cocktails": null, "drink:liquor": null, "note": null, "fee": null, "disused:website": null, "diet:halal": null, "atm": null, "beauty": null, "delivery": null, "official_name": null, "drink:coffee": null, "check_date:opening_hours": null, "dispensing": null, "healthcare": null, "level": null, "happy_hours": null, "addr:housename": null, "bicycle_rental": null, "network": null, "network:wikidata": null, "network:wikipedia": null, "ref": null, "ref:gbfs": null, "second_hand": null, "diet:vegetarian": null, "drink:byob": null, "drink:tea": null, "fax": null, "craft": null, "payment:cards": null, "payment:cash": null, "payment:credit_cards": null, "payment:debit_cards": null, "drive_through": null, "tobacco": null, "opening_hours:signed": null, "diet:vegan": null, "dry_cleaning": null, "branch": null, "drink:sake": null, "contact:facebook": null, "contact:instagram": null, "contact:twitter": null, "internet_access": null, "internet_access:fee": null, "trade": null, "pawnbroker": null, "clothes": null, "bar": null, "addr:unit": null, "smoking": null, "walkup_window": null, "email": null, "leisure": null, "toilets": null, "toilets:access": null, "toilets:unisex": null, "toilets:wheelchair": null, "opening_hours:kitchen": null, "office": null, "social_facility": null, "collection_times": null, "sport": null, "check_date:service:bicycle:pump": null, "service:bicycle:pump": null, "fixme:atp": null, "fixme": null, "payment:apple_pay": null, "payment:contactless": null, "payment:financing": null, "payment:samsung_pay": null, "diet:kosher": null, "female": null, "male": null, "payment:ebt": null, "payment:coins": null, "reservation": null, "website:menu": null, "website:reservation": null, "live_music": null, "addr:place": null, "contact:website": null, "diet:gluten_free": null, "diet:pescetarian": null, "contact:email": null, "description": null, "route_ref": null, "vending": null, "drink:cocktail": null, "recycling": null, "recycling:cans": null, "recycling:glass_bottles": null, "recycling:plastic_bottles": null, "recycling_type": null, "backrest": null, "fountain": null, "contact:sms": null, "drink:bubble_tea": null, "check_date:diet:vegetarian": null, "contact:phone": null, "note:opening_hours": null, "community_centre:for": null, "lgbtq": null, "laundry_service": null, "self_service": null, "animal_boarding": null, "stroller": null, "instagram": null, "service:knife_sharpening": null, "building": null, "laptop": null, "community_centre": null, "catering": null, "survey:date": null, "phases": null, "not:brand:wikidata": null, "payment:american_express": null, "payment:discover_card": null, "start_date": null, "florist": null, "clothes:printing": null, "material": null, "toilets:disposal": null, "organic": null, "seats": null, "waste": null, "min_age": null, "cinema": null, "check_date:capacity": null, "access": null, "service:notary": null, "recycling:compost": null, "tourism": null, "recycling:food_waste": null, "recycling:green_waste": null, "hairdresser": null, "air_conditioning": null, "food": null, "public_bookcase:type": null, "addr:floor": null, "social_facility:for": null, "bottle": null, "address": null, "operating_hours": null, "payment:paypal": null, "healthcare:speciality": null, "parking": null, "armrest": null, "seats:separated": null, "two_sided": null, "operational_status": null, "direction": null, "fast_food": null, "height": null, "nycdoitt:bin": null, "building:levels": null, "fuel:propane": null, "addr:full": null, "layer": null, "service_times": null, "name:etymology:wikidata": null, "roof:levels": null, "disused:amenity": null, "operator:official": null, "building:material": null, "emergency": null, "surface": null, "shelter_type": null, "mascot": null, "polling_station": null, "beds": null, "wikipedia": null, "atm:operator": null, "barrier": null, "name:etymology": null, "theatre:type": null, "capacity:disabled": null, "books": null, "type": null, "neighborhood": "bedstuy", "compressed_air": null, "opening_hours:covid19": null, "playground": null, "drink:sangria": null, "name:es": null, "indoor": null, "information": null, "lgbtq:trans": null, "currency:USD": null, "service:bicycle:repair": null, "street_vendor": null, "colour": null, "location": null, "recycling:glass": null, "recycling:paper": null, "recycling:plastic": null, "contact:fax": null, "facebook": null, "grades": null, "brand:website": null, "opening_hours:drive_through": null, "education": null, "maxstay": null, "fenced": null, "drinking_water": null, "grade": null, "category": "Kids", "weight_min": 1, "weight_max": 7 }, "geometry": { "type": "Point", "coordinates": [ 998804.256843302049674, 188723.878836026298814 ] } },
{ "type": "Feature", "properties": { "element": "node", "id": 357619415, "amenity": "school", "ele": "18", "gnis:feature_id": "2082107", "name": "Clara Muhammad School of Masjid Khal", "wikidata": null, "old_name": null, "phone": null, "website": "http://www.cmsbrooklyn.org/", "wheelchair": null, "denomination": null, "religion": "muslim", "addr:housenumber": "1174", "addr:postcode": "11216", "addr:street": "Bedford Avenue", "check_date": "2025-06-12", "addr:city": null, "addr:state": null, "alt_name": null, "brand": null, "brand:wikidata": null, "operator": null, "operator:short": null, "operator:type": null, "operator:website": null, "operator:wikidata": null, "operator:wikipedia": null, "postal_code": null, "short_name": null, "source": null, "capacity": null, "cityracks.housenum": null, "cityracks.installed": null, "cityracks.large": null, "cityracks.rackid": null, "cityracks.small": null, "cityracks.street": null, "bicycle_parking": null, "covered": null, "addr:country": null, "indoor_seating": null, "outdoor_seating": null, "cuisine": null, "payment:mastercard": null, "payment:visa": null, "shop": null, "black_owned": null, "opening_hours": null, "takeaway": null, "drink:beer": null, "drink:espresso": null, "drink:wine": null, "cocktails": null, "drink:liquor": null, "note": null, "fee": null, "disused:website": null, "diet:halal": null, "atm": null, "beauty": null, "delivery": null, "official_name": null, "drink:coffee": null, "check_date:opening_hours": null, "dispensing": null, "healthcare": null, "level": null, "happy_hours": null, "addr:housename": null, "bicycle_rental": null, "network": null, "network:wikidata": null, "network:wikipedia": null, "ref": null, "ref:gbfs": null, "second_hand": null, "diet:vegetarian": null, "drink:byob": null, "drink:tea": null, "fax": null, "craft": null, "payment:cards": null, "payment:cash": null, "payment:credit_cards": null, "payment:debit_cards": null, "drive_through": null, "tobacco": null, "opening_hours:signed": null, "diet:vegan": null, "dry_cleaning": null, "branch": null, "drink:sake": null, "contact:facebook": null, "contact:instagram": null, "contact:twitter": null, "internet_access": null, "internet_access:fee": null, "trade": null, "pawnbroker": null, "clothes": null, "bar": null, "addr:unit": null, "smoking": null, "walkup_window": null, "email": null, "leisure": null, "toilets": null, "toilets:access": null, "toilets:unisex": null, "toilets:wheelchair": null, "opening_hours:kitchen": null, "office": null, "social_facility": null, "collection_times": null, "sport": null, "check_date:service:bicycle:pump": null, "service:bicycle:pump": null, "fixme:atp": null, "fixme": null, "payment:apple_pay": null, "payment:contactless": null, "payment:financing": null, "payment:samsung_pay": null, "diet:kosher": null, "female": null, "male": null, "payment:ebt": null, "payment:coins": null, "reservation": null, "website:menu": null, "website:reservation": null, "live_music": null, "addr:place": null, "contact:website": null, "diet:gluten_free": null, "diet:pescetarian": null, "contact:email": null, "description": null, "route_ref": null, "vending": null, "drink:cocktail": null, "recycling": null, "recycling:cans": null, "recycling:glass_bottles": null, "recycling:plastic_bottles": null, "recycling_type": null, "backrest": null, "fountain": null, "contact:sms": null, "drink:bubble_tea": null, "check_date:diet:vegetarian": null, "contact:phone": null, "note:opening_hours": null, "community_centre:for": null, "lgbtq": null, "laundry_service": null, "self_service": null, "animal_boarding": null, "stroller": null, "instagram": null, "service:knife_sharpening": null, "building": null, "laptop": null, "community_centre": null, "catering": null, "survey:date": null, "phases": null, "not:brand:wikidata": null, "payment:american_express": null, "payment:discover_card": null, "start_date": null, "florist": null, "clothes:printing": null, "material": null, "toilets:disposal": null, "organic": null, "seats": null, "waste": null, "min_age": null, "cinema": null, "check_date:capacity": null, "access": null, "service:notary": null, "recycling:compost": null, "tourism": null, "recycling:food_waste": null, "recycling:green_waste": null, "hairdresser": null, "air_conditioning": null, "food": null, "public_bookcase:type": null, "addr:floor": null, "social_facility:for": null, "bottle": null, "address": null, "operating_hours": null, "payment:paypal": null, "healthcare:speciality": null, "parking": null, "armrest": null, "seats:separated": null, "two_sided": null, "operational_status": null, "direction": null, "fast_food": null, "height": null, "nycdoitt:bin": null, "building:levels": null, "fuel:propane": null, "addr:full": null, "layer": null, "service_times": null, "name:etymology:wikidata": null, "roof:levels": null, "disused:amenity": null, "operator:official": null, "building:material": null, "emergency": null, "surface": null, "shelter_type": null, "mascot": null, "polling_station": null, "beds": null, "wikipedia": null, "atm:operator": null, "barrier": null, "name:etymology": null, "theatre:type": null, "capacity:disabled": null, "books": null, "type": null, "neighborhood": "bedstuy", "compressed_air": null, "opening_hours:covid19": null, "playground": null, "drink:sangria": null, "name:es": null, "indoor": null, "information": null, "lgbtq:trans": null, "currency:USD": null, "service:bicycle:repair": null, "street_vendor": null, "colour": null, "location": null, "recycling:glass": null, "recycling:paper": null, "recycling:plastic": null, "contact:fax": null, "facebook": null, "grades": null, "brand:website": null, "opening_hours:drive_through": null, "education": null, "maxstay": null, "fenced": null, "drinking_water": null, "grade": null, "category": "Kids", "weight_min": 1, "weight_max": 7 }, "geometry": { "type": "Point", "coordinates": [ 996955.505898511619307, 188454.034426231082762 ] } },
{ "type": "Feature", "properties": { "element": "node", "id": 357630669, "amenity": "school", "ele": "18", "gnis:feature_id": "2363672", "name": "Knowledge And Power Preparatory VII Middle School", "wikidata": null, "old_name": null, "phone": null, "website": null, "wheelchair": null, "denomination": null, "religion": null, "addr:housenumber": null, "addr:postcode": null, "addr:street": null, "check_date": null, "addr:city": null, "addr:state": null, "alt_name": null, "brand": null, "brand:wikidata": null, "operator": null, "operator:short": null, "operator:type": null, "operator:website": null, "operator:wikidata": null, "operator:wikipedia": null, "postal_code": null, "short_name": null, "source": null, "capacity": null, "cityracks.housenum": null, "cityracks.installed": null, "cityracks.large": null, "cityracks.rackid": null, "cityracks.small": null, "cityracks.street": null, "bicycle_parking": null, "covered": null, "addr:country": null, "indoor_seating": null, "outdoor_seating": null, "cuisine": null, "payment:mastercard": null, "payment:visa": null, "shop": null, "black_owned": null, "opening_hours": null, "takeaway": null, "drink:beer": null, "drink:espresso": null, "drink:wine": null, "cocktails": null, "drink:liquor": null, "note": null, "fee": null, "disused:website": null, "diet:halal": null, "atm": null, "beauty": null, "delivery": null, "official_name": null, "drink:coffee": null, "check_date:opening_hours": null, "dispensing": null, "healthcare": null, "level": null, "happy_hours": null, "addr:housename": null, "bicycle_rental": null, "network": null, "network:wikidata": null, "network:wikipedia": null, "ref": null, "ref:gbfs": null, "second_hand": null, "diet:vegetarian": null, "drink:byob": null, "drink:tea": null, "fax": null, "craft": null, "payment:cards": null, "payment:cash": null, "payment:credit_cards": null, "payment:debit_cards": null, "drive_through": null, "tobacco": null, "opening_hours:signed": null, "diet:vegan": null, "dry_cleaning": null, "branch": null, "drink:sake": null, "contact:facebook": null, "contact:instagram": null, "contact:twitter": null, "internet_access": null, "internet_access:fee": null, "trade": null, "pawnbroker": null, "clothes": null, "bar": null, "addr:unit": null, "smoking": null, "walkup_window": null, "email": null, "leisure": null, "toilets": null, "toilets:access": null, "toilets:unisex": null, "toilets:wheelchair": null, "opening_hours:kitchen": null, "office": null, "social_facility": null, "collection_times": null, "sport": null, "check_date:service:bicycle:pump": null, "service:bicycle:pump": null, "fixme:atp": null, "fixme": null, "payment:apple_pay": null, "payment:contactless": null, "payment:financing": null, "payment:samsung_pay": null, "diet:kosher": null, "female": null, "male": null, "payment:ebt": null, "payment:coins": null, "reservation": null, "website:menu": null, "website:reservation": null, "live_music": null, "addr:place": null, "contact:website": null, "diet:gluten_free": null, "diet:pescetarian": null, "contact:email": null, "description": null, "route_ref": null, "vending": null, "drink:cocktail": null, "recycling": null, "recycling:cans": null, "recycling:glass_bottles": null, "recycling:plastic_bottles": null, "recycling_type": null, "backrest": null, "fountain": null, "contact:sms": null, "drink:bubble_tea": null, "check_date:diet:vegetarian": null, "contact:phone": null, "note:opening_hours": null, "community_centre:for": null, "lgbtq": null, "laundry_service": null, "self_service": null, "animal_boarding": null, "stroller": null, "instagram": null, "service:knife_sharpening": null, "building": null, "laptop": null, "community_centre": null, "catering": null, "survey:date": null, "phases": null, "not:brand:wikidata": null, "payment:american_express": null, "payment:discover_card": null, "start_date": null, "florist": null, "clothes:printing": null, "material": null, "toilets:disposal": null, "organic": null, "seats": null, "waste": null, "min_age": null, "cinema": null, "check_date:capacity": null, "access": null, "service:notary": null, "recycling:compost": null, "tourism": null, "recycling:food_waste": null, "recycling:green_waste": null, "hairdresser": null, "air_conditioning": null, "food": null, "public_bookcase:type": null, "addr:floor": null, "social_facility:for": null, "bottle": null, "address": null, "operating_hours": null, "payment:paypal": null, "healthcare:speciality": null, "parking": null, "armrest": null, "seats:separated": null, "two_sided": null, "operational_status": null, "direction": null, "fast_food": null, "height": null, "nycdoitt:bin": null, "building:levels": null, "fuel:propane": null, "addr:full": null, "layer": null, "service_times": null, "name:etymology:wikidata": null, "roof:levels": null, "disused:amenity": null, "operator:official": null, "building:material": null, "emergency": null, "surface": null, "shelter_type": null, "mascot": null, "polling_station": null, "beds": null, "wikipedia": null, "atm:operator": null, "barrier": null, "name:etymology": null, "theatre:type": null, "capacity:disabled": null, "books": null, "type": null, "neighborhood": "bedstuy", "compressed_air": null, "opening_hours:covid19": null, "playground": null, "drink:sangria": null, "name:es": null, "indoor": null, "information": null, "lgbtq:trans": null, "currency:USD": null, "service:bicycle:repair": null, "street_vendor": null, "colour": null, "location": null, "recycling:glass": null, "recycling:paper": null, "recycling:plastic": null, "contact:fax": null, "facebook": null, "grades": null, "brand:website": null, "opening_hours:drive_through": null, "education": null, "maxstay": null, "fenced": null, "drinking_water": null, "grade": null, "category": "Kids", "weight_min": 1, "weight_max": 7 }, "geometry": { "type": "Point", "coordinates": [ 995727.667351185693406, 191474.55418309988454 ] } },
{ "type": "Feature", "properties": { "element": "node", "id": 357648474, "amenity": "school", "ele": "17", "gnis:feature_id": "2493034", "name": "K385 School of Business Finance and Entrepreneurship", "wikidata": null, "old_name": null, "phone": null, "website": null, "wheelchair": null, "denomination": null, "religion": null, "addr:housenumber": null, "addr:postcode": null, "addr:street": null, "check_date": null, "addr:city": null, "addr:state": null, "alt_name": null, "brand": null, "brand:wikidata": null, "operator": null, "operator:short": null, "operator:type": null, "operator:website": null, "operator:wikidata": null, "operator:wikipedia": null, "postal_code": null, "short_name": null, "source": null, "capacity": null, "cityracks.housenum": null, "cityracks.installed": null, "cityracks.large": null, "cityracks.rackid": null, "cityracks.small": null, "cityracks.street": null, "bicycle_parking": null, "covered": null, "addr:country": null, "indoor_seating": null, "outdoor_seating": null, "cuisine": null, "payment:mastercard": null, "payment:visa": null, "shop": null, "black_owned": null, "opening_hours": null, "takeaway": null, "drink:beer": null, "drink:espresso": null, "drink:wine": null, "cocktails": null, "drink:liquor": null, "note": null, "fee": null, "disused:website": null, "diet:halal": null, "atm": null, "beauty": null, "delivery": null, "official_name": null, "drink:coffee": null, "check_date:opening_hours": null, "dispensing": null, "healthcare": null, "level": null, "happy_hours": null, "addr:housename": null, "bicycle_rental": null, "network": null, "network:wikidata": null, "network:wikipedia": null, "ref": null, "ref:gbfs": null, "second_hand": null, "diet:vegetarian": null, "drink:byob": null, "drink:tea": null, "fax": null, "craft": null, "payment:cards": null, "payment:cash": null, "payment:credit_cards": null, "payment:debit_cards": null, "drive_through": null, "tobacco": null, "opening_hours:signed": null, "diet:vegan": null, "dry_cleaning": null, "branch": null, "drink:sake": null, "contact:facebook": null, "contact:instagram": null, "contact:twitter": null, "internet_access": null, "internet_access:fee": null, "trade": null, "pawnbroker": null, "clothes": null, "bar": null, "addr:unit": null, "smoking": null, "walkup_window": null, "email": null, "leisure": null, "toilets": null, "toilets:access": null, "toilets:unisex": null, "toilets:wheelchair": null, "opening_hours:kitchen": null, "office": null, "social_facility": null, "collection_times": null, "sport": null, "check_date:service:bicycle:pump": null, "service:bicycle:pump": null, "fixme:atp": null, "fixme": null, "payment:apple_pay": null, "payment:contactless": null, "payment:financing": null, "payment:samsung_pay": null, "diet:kosher": null, "female": null, "male": null, "payment:ebt": null, "payment:coins": null, "reservation": null, "website:menu": null, "website:reservation": null, "live_music": null, "addr:place": null, "contact:website": null, "diet:gluten_free": null, "diet:pescetarian": null, "contact:email": null, "description": null, "route_ref": null, "vending": null, "drink:cocktail": null, "recycling": null, "recycling:cans": null, "recycling:glass_bottles": null, "recycling:plastic_bottles": null, "recycling_type": null, "backrest": null, "fountain": null, "contact:sms": null, "drink:bubble_tea": null, "check_date:diet:vegetarian": null, "contact:phone": null, "note:opening_hours": null, "community_centre:for": null, "lgbtq": null, "laundry_service": null, "self_service": null, "animal_boarding": null, "stroller": null, "instagram": null, "service:knife_sharpening": null, "building": null, "laptop": null, "community_centre": null, "catering": null, "survey:date": null, "phases": null, "not:brand:wikidata": null, "payment:american_express": null, "payment:discover_card": null, "start_date": null, "florist": null, "clothes:printing": null, "material": null, "toilets:disposal": null, "organic": null, "seats": null, "waste": null, "min_age": null, "cinema": null, "check_date:capacity": null, "access": null, "service:notary": null, "recycling:compost": null, "tourism": null, "recycling:food_waste": null, "recycling:green_waste": null, "hairdresser": null, "air_conditioning": null, "food": null, "public_bookcase:type": null, "addr:floor": null, "social_facility:for": null, "bottle": null, "address": null, "operating_hours": null, "payment:paypal": null, "healthcare:speciality": null, "parking": null, "armrest": null, "seats:separated": null, "two_sided": null, "operational_status": null, "direction": null, "fast_food": null, "height": null, "nycdoitt:bin": null, "building:levels": null, "fuel:propane": null, "addr:full": null, "layer": null, "service_times": null, "name:etymology:wikidata": null, "roof:levels": null, "disused:amenity": null, "operator:official": null, "building:material": null, "emergency": null, "surface": null, "shelter_type": null, "mascot": null, "polling_station": null, "beds": null, "wikipedia": null, "atm:operator": null, "barrier": null, "name:etymology": null, "theatre:type": null, "capacity:disabled": null, "books": null, "type": null, "neighborhood": "bedstuy", "compressed_air": null, "opening_hours:covid19": null, "playground": null, "drink:sangria": null, "name:es": null, "indoor": null, "information": null, "lgbtq:trans": null, "currency:USD": null, "service:bicycle:repair": null, "street_vendor": null, "colour": null, "location": null, "recycling:glass": null, "recycling:paper": null, "recycling:plastic": null, "contact:fax": null, "facebook": null, "grades": null, "brand:website": null, "opening_hours:drive_through": null, "education": null, "maxstay": null, "fenced": null, "drinking_water": null, "grade": null, "category": "Kids", "weight_min": 1, "weight_max": 7 }, "geometry": { "type": "Point", "coordinates": [ 1002757.623637398821302, 191291.82709994216566 ] } },
{ "type": "Feature", "properties": { "element": "node", "id": 2550150500, "amenity": "school", "ele": null, "gnis:feature_id": null, "name": "Clinton Hill Middle School", "wikidata": null, "old_name": null, "phone": "+1-718-783-1570", "website": "https://www.brooklynprospect.org/our-schools/clinton-hill-middle/", "wheelchair": null, "denomination": null, "religion": null, "addr:housenumber": "1100", "addr:postcode": "11238", "addr:street": "Fulton Street", "check_date": null, "addr:city": null, "addr:state": null, "alt_name": "Brooklyn Prospect Clinton Hill Middle School", "brand": null, "brand:wikidata": null, "operator": "Brooklyn Prospect Charter School", "operator:short": null, "operator:type": null, "operator:website": null, "operator:wikidata": null, "operator:wikipedia": null, "postal_code": null, "short_name": null, "source": null, "capacity": null, "cityracks.housenum": null, "cityracks.installed": null, "cityracks.large": null, "cityracks.rackid": null, "cityracks.small": null, "cityracks.street": null, "bicycle_parking": null, "covered": null, "addr:country": null, "indoor_seating": null, "outdoor_seating": null, "cuisine": null, "payment:mastercard": null, "payment:visa": null, "shop": null, "black_owned": null, "opening_hours": null, "takeaway": null, "drink:beer": null, "drink:espresso": null, "drink:wine": null, "cocktails": null, "drink:liquor": null, "note": null, "fee": null, "disused:website": null, "diet:halal": null, "atm": null, "beauty": null, "delivery": null, "official_name": null, "drink:coffee": null, "check_date:opening_hours": null, "dispensing": null, "healthcare": null, "level": null, "happy_hours": null, "addr:housename": null, "bicycle_rental": null, "network": null, "network:wikidata": null, "network:wikipedia": null, "ref": null, "ref:gbfs": null, "second_hand": null, "diet:vegetarian": null, "drink:byob": null, "drink:tea": null, "fax": null, "craft": null, "payment:cards": null, "payment:cash": null, "payment:credit_cards": null, "payment:debit_cards": null, "drive_through": null, "tobacco": null, "opening_hours:signed": null, "diet:vegan": null, "dry_cleaning": null, "branch": null, "drink:sake": null, "contact:facebook": null, "contact:instagram": null, "contact:twitter": null, "internet_access": null, "internet_access:fee": null, "trade": null, "pawnbroker": null, "clothes": null, "bar": null, "addr:unit": null, "smoking": null, "walkup_window": null, "email": null, "leisure": null, "toilets": null, "toilets:access": null, "toilets:unisex": null, "toilets:wheelchair": null, "opening_hours:kitchen": null, "office": null, "social_facility": null, "collection_times": null, "sport": null, "check_date:service:bicycle:pump": null, "service:bicycle:pump": null, "fixme:atp": null, "fixme": null, "payment:apple_pay": null, "payment:contactless": null, "payment:financing": null, "payment:samsung_pay": null, "diet:kosher": null, "female": null, "male": null, "payment:ebt": null, "payment:coins": null, "reservation": null, "website:menu": null, "website:reservation": null, "live_music": null, "addr:place": null, "contact:website": null, "diet:gluten_free": null, "diet:pescetarian": null, "contact:email": null, "description": null, "route_ref": null, "vending": null, "drink:cocktail": null, "recycling": null, "recycling:cans": null, "recycling:glass_bottles": null, "recycling:plastic_bottles": null, "recycling_type": null, "backrest": null, "fountain": null, "contact:sms": null, "drink:bubble_tea": null, "check_date:diet:vegetarian": null, "contact:phone": null, "note:opening_hours": null, "community_centre:for": null, "lgbtq": null, "laundry_service": null, "self_service": null, "animal_boarding": null, "stroller": null, "instagram": null, "service:knife_sharpening": null, "building": null, "laptop": null, "community_centre": null, "catering": null, "survey:date": null, "phases": null, "not:brand:wikidata": null, "payment:american_express": null, "payment:discover_card": null, "start_date": null, "florist": null, "clothes:printing": null, "material": null, "toilets:disposal": null, "organic": null, "seats": null, "waste": null, "min_age": null, "cinema": null, "check_date:capacity": null, "access": null, "service:notary": null, "recycling:compost": null, "tourism": null, "recycling:food_waste": null, "recycling:green_waste": null, "hairdresser": null, "air_conditioning": null, "food": null, "public_bookcase:type": null, "addr:floor": null, "social_facility:for": null, "bottle": null, "address": null, "operating_hours": null, "payment:paypal": null, "healthcare:speciality": null, "parking": null, "armrest": null, "seats:separated": null, "two_sided": null, "operational_status": null, "direction": null, "fast_food": null, "height": null, "nycdoitt:bin": null, "building:levels": null, "fuel:propane": null, "addr:full": null, "layer": null, "service_times": null, "name:etymology:wikidata": null, "roof:levels": null, "disused:amenity": null, "operator:official": null, "building:material": null, "emergency": null, "surface": null, "shelter_type": null, "mascot": null, "polling_station": null, "beds": null, "wikipedia": null, "atm:operator": null, "barrier": null, "name:etymology": null, "theatre:type": null, "capacity:disabled": null, "books": null, "type": null, "neighborhood": "bedstuy", "compressed_air": null, "opening_hours:covid19": null, "playground": null, "drink:sangria": null, "name:es": null, "indoor": null, "information": null, "lgbtq:trans": null, "currency:USD": null, "service:bicycle:repair": null, "street_vendor": null, "colour": null, "location": null, "recycling:glass": null, "recycling:paper": null, "recycling:plastic": null, "contact:fax": null, "facebook": null, "grades": null, "brand:website": null, "opening_hours:drive_through": null, "education": null, "maxstay": null, "fenced": null, "drinking_water": null, "grade": null, "category": "Kids", "weight_min": 1, "weight_max": 7 }, "geometry": { "type": "Point", "coordinates": [ 996214.22416980122216, 187471.860294435027754 ] } },
{ "type": "Feature", "properties": { "element": "node", "id": 5629683216, "amenity": "school", "ele": null, "gnis:feature_id": null, "name": "Brooklyn High School for Law and Technology", "wikidata": null, "old_name": null, "phone": "+1-718-919-1256", "website": "https://bklawtech.com/", "wheelchair": null, "denomination": null, "religion": null, "addr:housenumber": "1396", "addr:postcode": null, "addr:street": "Broadway", "check_date": "2024-06-26", "addr:city": null, "addr:state": null, "alt_name": null, "brand": null, "brand:wikidata": null, "operator": null, "operator:short": null, "operator:type": null, "operator:website": null, "operator:wikidata": null, "operator:wikipedia": null, "postal_code": null, "short_name": null, "source": null, "capacity": null, "cityracks.housenum": null, "cityracks.installed": null, "cityracks.large": null, "cityracks.rackid": null, "cityracks.small": null, "cityracks.street": null, "bicycle_parking": null, "covered": null, "addr:country": null, "indoor_seating": null, "outdoor_seating": null, "cuisine": null, "payment:mastercard": null, "payment:visa": null, "shop": null, "black_owned": null, "opening_hours": null, "takeaway": null, "drink:beer": null, "drink:espresso": null, "drink:wine": null, "cocktails": null, "drink:liquor": null, "note": null, "fee": null, "disused:website": null, "diet:halal": null, "atm": null, "beauty": null, "delivery": null, "official_name": null, "drink:coffee": null, "check_date:opening_hours": null, "dispensing": null, "healthcare": null, "level": null, "happy_hours": null, "addr:housename": null, "bicycle_rental": null, "network": null, "network:wikidata": null, "network:wikipedia": null, "ref": null, "ref:gbfs": null, "second_hand": null, "diet:vegetarian": null, "drink:byob": null, "drink:tea": null, "fax": "+1-718-919-2661", "craft": null, "payment:cards": null, "payment:cash": null, "payment:credit_cards": null, "payment:debit_cards": null, "drive_through": null, "tobacco": null, "opening_hours:signed": null, "diet:vegan": null, "dry_cleaning": null, "branch": null, "drink:sake": null, "contact:facebook": null, "contact:instagram": null, "contact:twitter": null, "internet_access": null, "internet_access:fee": null, "trade": null, "pawnbroker": null, "clothes": null, "bar": null, "addr:unit": null, "smoking": null, "walkup_window": null, "email": null, "leisure": null, "toilets": null, "toilets:access": null, "toilets:unisex": null, "toilets:wheelchair": null, "opening_hours:kitchen": null, "office": null, "social_facility": null, "collection_times": null, "sport": null, "check_date:service:bicycle:pump": null, "service:bicycle:pump": null, "fixme:atp": null, "fixme": null, "payment:apple_pay": null, "payment:contactless": null, "payment:financing": null, "payment:samsung_pay": null, "diet:kosher": null, "female": null, "male": null, "payment:ebt": null, "payment:coins": null, "reservation": null, "website:menu": null, "website:reservation": null, "live_music": null, "addr:place": null, "contact:website": null, "diet:gluten_free": null, "diet:pescetarian": null, "contact:email": null, "description": null, "route_ref": null, "vending": null, "drink:cocktail": null, "recycling": null, "recycling:cans": null, "recycling:glass_bottles": null, "recycling:plastic_bottles": null, "recycling_type": null, "backrest": null, "fountain": null, "contact:sms": null, "drink:bubble_tea": null, "check_date:diet:vegetarian": null, "contact:phone": null, "note:opening_hours": null, "community_centre:for": null, "lgbtq": null, "laundry_service": null, "self_service": null, "animal_boarding": null, "stroller": null, "instagram": null, "service:knife_sharpening": null, "building": null, "laptop": null, "community_centre": null, "catering": null, "survey:date": null, "phases": null, "not:brand:wikidata": null, "payment:american_express": null, "payment:discover_card": null, "start_date": null, "florist": null, "clothes:printing": null, "material": null, "toilets:disposal": null, "organic": null, "seats": null, "waste": null, "min_age": null, "cinema": null, "check_date:capacity": null, "access": null, "service:notary": null, "recycling:compost": null, "tourism": null, "recycling:food_waste": null, "recycling:green_waste": null, "hairdresser": null, "air_conditioning": null, "food": null, "public_bookcase:type": null, "addr:floor": null, "social_facility:for": null, "bottle": null, "address": null, "operating_hours": null, "payment:paypal": null, "healthcare:speciality": null, "parking": null, "armrest": null, "seats:separated": null, "two_sided": null, "operational_status": null, "direction": null, "fast_food": null, "height": null, "nycdoitt:bin": null, "building:levels": null, "fuel:propane": null, "addr:full": null, "layer": null, "service_times": null, "name:etymology:wikidata": null, "roof:levels": null, "disused:amenity": null, "operator:official": null, "building:material": null, "emergency": null, "surface": null, "shelter_type": null, "mascot": null, "polling_station": null, "beds": null, "wikipedia": null, "atm:operator": null, "barrier": null, "name:etymology": null, "theatre:type": null, "capacity:disabled": null, "books": null, "type": null, "neighborhood": "bedstuy", "compressed_air": null, "opening_hours:covid19": null, "playground": null, "drink:sangria": null, "name:es": null, "indoor": null, "information": null, "lgbtq:trans": null, "currency:USD": null, "service:bicycle:repair": null, "street_vendor": null, "colour": null, "location": null, "recycling:glass": null, "recycling:paper": null, "recycling:plastic": null, "contact:fax": null, "facebook": null, "grades": null, "brand:website": null, "opening_hours:drive_through": null, "education": null, "maxstay": null, "fenced": null, "drinking_water": null, "grade": null, "category": "Kids", "weight_min": 1, "weight_max": 7 }, "geometry": { "type": "Point", "coordinates": [ 1006194.546704902895726, 190147.385017411637818 ] } },
{ "type": "Feature", "properties": { "element": "node", "id": 13874761909, "amenity": "school", "ele": null, "gnis:feature_id": null, "name": "P.S. 003 - The Bedford Village", "wikidata": null, "old_name": null, "phone": null, "website": "https://www.schools.nyc.gov/schools/K003", "wheelchair": null, "denomination": null, "religion": null, "addr:housenumber": null, "addr:postcode": null, "addr:street": null, "check_date": null, "addr:city": null, "addr:state": null, "alt_name": null, "brand": null, "brand:wikidata": null, "operator": "New York City Department of Education", "operator:short": "NYC Public Schools", "operator:type": "public", "operator:website": null, "operator:wikidata": "Q408230", "operator:wikipedia": null, "postal_code": null, "short_name": null, "source": null, "capacity": null, "cityracks.housenum": null, "cityracks.installed": null, "cityracks.large": null, "cityracks.rackid": null, "cityracks.small": null, "cityracks.street": null, "bicycle_parking": null, "covered": null, "addr:country": null, "indoor_seating": null, "outdoor_seating": null, "cuisine": null, "payment:mastercard": null, "payment:visa": null, "shop": null, "black_owned": null, "opening_hours": null, "takeaway": null, "drink:beer": null, "drink:espresso": null, "drink:wine": null, "cocktails": null, "drink:liquor": null, "note": null, "fee": null, "disused:website": null, "diet:halal": null, "atm": null, "beauty": null, "delivery": null, "official_name": null, "drink:coffee": null, "check_date:opening_hours": null, "dispensing": null, "healthcare": null, "level": null, "happy_hours": null, "addr:housename": null, "bicycle_rental": null, "network": null, "network:wikidata": null, "network:wikipedia": null, "ref": null, "ref:gbfs": null, "second_hand": null, "diet:vegetarian": null, "drink:byob": null, "drink:tea": null, "fax": null, "craft": null, "payment:cards": null, "payment:cash": null, "payment:credit_cards": null, "payment:debit_cards": null, "drive_through": null, "tobacco": null, "opening_hours:signed": null, "diet:vegan": null, "dry_cleaning": null, "branch": null, "drink:sake": null, "contact:facebook": null, "contact:instagram": null, "contact:twitter": null, "internet_access": null, "internet_access:fee": null, "trade": null, "pawnbroker": null, "clothes": null, "bar": null, "addr:unit": null, "smoking": null, "walkup_window": null, "email": null, "leisure": null, "toilets": null, "toilets:access": null, "toilets:unisex": null, "toilets:wheelchair": null, "opening_hours:kitchen": null, "office": null, "social_facility": null, "collection_times": null, "sport": null, "check_date:service:bicycle:pump": null, "service:bicycle:pump": null, "fixme:atp": null, "fixme": null, "payment:apple_pay": null, "payment:contactless": null, "payment:financing": null, "payment:samsung_pay": null, "diet:kosher": null, "female": null, "male": null, "payment:ebt": null, "payment:coins": null, "reservation": null, "website:menu": null, "website:reservation": null, "live_music": null, "addr:place": null, "contact:website": null, "diet:gluten_free": null, "diet:pescetarian": null, "contact:email": null, "description": null, "route_ref": null, "vending": null, "drink:cocktail": null, "recycling": null, "recycling:cans": null, "recycling:glass_bottles": null, "recycling:plastic_bottles": null, "recycling_type": null, "backrest": null, "fountain": null, "contact:sms": null, "drink:bubble_tea": null, "check_date:diet:vegetarian": null, "contact:phone": null, "note:opening_hours": null, "community_centre:for": null, "lgbtq": null, "laundry_service": null, "self_service": null, "animal_boarding": null, "stroller": null, "instagram": null, "service:knife_sharpening": null, "building": null, "laptop": null, "community_centre": null, "catering": null, "survey:date": null, "phases": null, "not:brand:wikidata": null, "payment:american_express": null, "payment:discover_card": null, "start_date": null, "florist": null, "clothes:printing": null, "material": null, "toilets:disposal": null, "organic": null, "seats": null, "waste": null, "min_age": null, "cinema": null, "check_date:capacity": null, "access": null, "service:notary": null, "recycling:compost": null, "tourism": null, "recycling:food_waste": null, "recycling:green_waste": null, "hairdresser": null, "air_conditioning": null, "food": null, "public_bookcase:type": null, "addr:floor": null, "social_facility:for": null, "bottle": null, "address": null, "operating_hours": null, "payment:paypal": null, "healthcare:speciality": null, "parking": null, "armrest": null, "seats:separated": null, "two_sided": null, "operational_status": null, "direction": null, "fast_food": null, "height": null, "nycdoitt:bin": null, "building:levels": null, "fuel:propane": null, "addr:full": null, "layer": null, "service_times": null, "name:etymology:wikidata": null, "roof:levels": null, "disused:amenity": null, "operator:official": null, "building:material": null, "emergency": null, "surface": null, "shelter_type": null, "mascot": null, "polling_station": null, "beds": null, "wikipedia": null, "atm:operator": null, "barrier": null, "name:etymology": null, "theatre:type": null, "capacity:disabled": null, "books": null, "type": null, "neighborhood": "bedstuy", "compressed_air": null, "opening_hours:covid19": null, "playground": null, "drink:sangria": null, "name:es": null, "indoor": null, "information": null, "lgbtq:trans": null, "currency:USD": null, "service:bicycle:repair": null, "street_vendor": null, "colour": null, "location": null, "recycling:glass": null, "recycling:paper": null, "recycling:plastic": null, "contact:fax": null, "facebook": null, "grades": null, "brand:website": null, "opening_hours:drive_through": null, "education": null, "maxstay": null, "fenced": null, "drinking_water": null, "grade": null, "category": "Kids", "weight_min": 1, "weight_max": 7 }, "geometry": { "type": "Point", "coordinates": [ 996622.935993158025667, 187915.200306297250791 ] } },
{ "type": "Feature", "properties": { "element": "relation", "id": 3364345, "amenity": "school", "ele": "17", "gnis:feature_id": "961519", "name": "Public School 21", "wikidata": null, "old_name": null, "phone": null, "website": null, "wheelchair": null, "denomination": null, "religion": null, "addr:housenumber": "180", "addr:postcode": "11233", "addr:street": "Chauncey Street", "check_date": null, "addr:city": null, "addr:state": null, "alt_name": null, "brand": null, "brand:wikidata": null, "operator": null, "operator:short": null, "operator:type": null, "operator:website": null, "operator:wikidata": null, "operator:wikipedia": null, "postal_code": null, "short_name": null, "source": null, "capacity": null, "cityracks.housenum": null, "cityracks.installed": null, "cityracks.large": null, "cityracks.rackid": null, "cityracks.small": null, "cityracks.street": null, "bicycle_parking": null, "covered": null, "addr:country": null, "indoor_seating": null, "outdoor_seating": null, "cuisine": null, "payment:mastercard": null, "payment:visa": null, "shop": null, "black_owned": null, "opening_hours": null, "takeaway": null, "drink:beer": null, "drink:espresso": null, "drink:wine": null, "cocktails": null, "drink:liquor": null, "note": null, "fee": null, "disused:website": null, "diet:halal": null, "atm": null, "beauty": null, "delivery": null, "official_name": null, "drink:coffee": null, "check_date:opening_hours": null, "dispensing": null, "healthcare": null, "level": null, "happy_hours": null, "addr:housename": null, "bicycle_rental": null, "network": null, "network:wikidata": null, "network:wikipedia": null, "ref": null, "ref:gbfs": null, "second_hand": null, "diet:vegetarian": null, "drink:byob": null, "drink:tea": null, "fax": null, "craft": null, "payment:cards": null, "payment:cash": null, "payment:credit_cards": null, "payment:debit_cards": null, "drive_through": null, "tobacco": null, "opening_hours:signed": null, "diet:vegan": null, "dry_cleaning": null, "branch": null, "drink:sake": null, "contact:facebook": null, "contact:instagram": null, "contact:twitter": null, "internet_access": null, "internet_access:fee": null, "trade": null, "pawnbroker": null, "clothes": null, "bar": null, "addr:unit": null, "smoking": null, "walkup_window": null, "email": null, "leisure": null, "toilets": null, "toilets:access": null, "toilets:unisex": null, "toilets:wheelchair": null, "opening_hours:kitchen": null, "office": null, "social_facility": null, "collection_times": null, "sport": null, "check_date:service:bicycle:pump": null, "service:bicycle:pump": null, "fixme:atp": null, "fixme": null, "payment:apple_pay": null, "payment:contactless": null, "payment:financing": null, "payment:samsung_pay": null, "diet:kosher": null, "female": null, "male": null, "payment:ebt": null, "payment:coins": null, "reservation": null, "website:menu": null, "website:reservation": null, "live_music": null, "addr:place": null, "contact:website": null, "diet:gluten_free": null, "diet:pescetarian": null, "contact:email": null, "description": null, "route_ref": null, "vending": null, "drink:cocktail": null, "recycling": null, "recycling:cans": null, "recycling:glass_bottles": null, "recycling:plastic_bottles": null, "recycling_type": null, "backrest": null, "fountain": null, "contact:sms": null, "drink:bubble_tea": null, "check_date:diet:vegetarian": null, "contact:phone": null, "note:opening_hours": null, "community_centre:for": null, "lgbtq": null, "laundry_service": null, "self_service": null, "animal_boarding": null, "stroller": null, "instagram": null, "service:knife_sharpening": null, "building": "yes", "laptop": null, "community_centre": null, "catering": null, "survey:date": null, "phases": null, "not:brand:wikidata": null, "payment:american_express": null, "payment:discover_card": null, "start_date": null, "florist": null, "clothes:printing": null, "material": null, "toilets:disposal": null, "organic": null, "seats": null, "waste": null, "min_age": null, "cinema": null, "check_date:capacity": null, "access": null, "service:notary": null, "recycling:compost": null, "tourism": null, "recycling:food_waste": null, "recycling:green_waste": null, "hairdresser": null, "air_conditioning": null, "food": null, "public_bookcase:type": null, "addr:floor": null, "social_facility:for": null, "bottle": null, "address": null, "operating_hours": null, "payment:paypal": null, "healthcare:speciality": null, "parking": null, "armrest": null, "seats:separated": null, "two_sided": null, "operational_status": null, "direction": null, "fast_food": null, "height": "14.6", "nycdoitt:bin": "3047914", "building:levels": null, "fuel:propane": null, "addr:full": null, "layer": null, "service_times": null, "name:etymology:wikidata": null, "roof:levels": null, "disused:amenity": null, "operator:official": null, "building:material": null, "emergency": null, "surface": null, "shelter_type": null, "mascot": null, "polling_station": null, "beds": null, "wikipedia": null, "atm:operator": null, "barrier": null, "name:etymology": null, "theatre:type": null, "capacity:disabled": null, "books": null, "type": "multipolygon", "neighborhood": "bedstuy", "compressed_air": null, "opening_hours:covid19": null, "playground": null, "drink:sangria": null, "name:es": null, "indoor": null, "information": null, "lgbtq:trans": null, "currency:USD": null, "service:bicycle:repair": null, "street_vendor": null, "colour": null, "location": null, "recycling:glass": null, "recycling:paper": null, "recycling:plastic": null, "contact:fax": null, "facebook": null, "grades": null, "brand:website": null, "opening_hours:drive_through": null, "education": null, "maxstay": null, "fenced": null, "drinking_water": null, "grade": null, "category": "Kids", "weight_min": 1, "weight_max": 7 }, "geometry": { "type": "Point", "coordinates": [ 1004684.525816650013439, 187172.915249511250295 ] } },
{ "type": "Feature", "properties": { "element": "way", "id": 249967647, "amenity": "school", "ele": "13", "gnis:feature_id": "961730", "name": "Public School 5 Dr. Ronald McNair", "wikidata": "Q102036671", "old_name": null, "phone": null, "website": "https://www.schools.nyc.gov/schools/K005", "wheelchair": null, "denomination": null, "religion": null, "addr:housenumber": null, "addr:postcode": null, "addr:street": null, "check_date": "2022-12-04", "addr:city": null, "addr:state": null, "alt_name": null, "brand": null, "brand:wikidata": null, "operator": null, "operator:short": null, "operator:type": null, "operator:website": null, "operator:wikidata": null, "operator:wikipedia": null, "postal_code": null, "short_name": null, "source": null, "capacity": null, "cityracks.housenum": null, "cityracks.installed": null, "cityracks.large": null, "cityracks.rackid": null, "cityracks.small": null, "cityracks.street": null, "bicycle_parking": null, "covered": null, "addr:country": null, "indoor_seating": null, "outdoor_seating": null, "cuisine": null, "payment:mastercard": null, "payment:visa": null, "shop": null, "black_owned": null, "opening_hours": null, "takeaway": null, "drink:beer": null, "drink:espresso": null, "drink:wine": null, "cocktails": null, "drink:liquor": null, "note": null, "fee": null, "disused:website": null, "diet:halal": null, "atm": null, "beauty": null, "delivery": null, "official_name": null, "drink:coffee": null, "check_date:opening_hours": null, "dispensing": null, "healthcare": null, "level": null, "happy_hours": null, "addr:housename": null, "bicycle_rental": null, "network": null, "network:wikidata": null, "network:wikipedia": null, "ref": null, "ref:gbfs": null, "second_hand": null, "diet:vegetarian": null, "drink:byob": null, "drink:tea": null, "fax": null, "craft": null, "payment:cards": null, "payment:cash": null, "payment:credit_cards": null, "payment:debit_cards": null, "drive_through": null, "tobacco": null, "opening_hours:signed": null, "diet:vegan": null, "dry_cleaning": null, "branch": null, "drink:sake": null, "contact:facebook": null, "contact:instagram": null, "contact:twitter": null, "internet_access": null, "internet_access:fee": null, "trade": null, "pawnbroker": null, "clothes": null, "bar": null, "addr:unit": null, "smoking": null, "walkup_window": null, "email": null, "leisure": null, "toilets": null, "toilets:access": null, "toilets:unisex": null, "toilets:wheelchair": null, "opening_hours:kitchen": null, "office": null, "social_facility": null, "collection_times": null, "sport": null, "check_date:service:bicycle:pump": null, "service:bicycle:pump": null, "fixme:atp": null, "fixme": null, "payment:apple_pay": null, "payment:contactless": null, "payment:financing": null, "payment:samsung_pay": null, "diet:kosher": null, "female": null, "male": null, "payment:ebt": null, "payment:coins": null, "reservation": null, "website:menu": null, "website:reservation": null, "live_music": null, "addr:place": null, "contact:website": null, "diet:gluten_free": null, "diet:pescetarian": null, "contact:email": null, "description": null, "route_ref": null, "vending": null, "drink:cocktail": null, "recycling": null, "recycling:cans": null, "recycling:glass_bottles": null, "recycling:plastic_bottles": null, "recycling_type": null, "backrest": null, "fountain": null, "contact:sms": null, "drink:bubble_tea": null, "check_date:diet:vegetarian": null, "contact:phone": null, "note:opening_hours": null, "community_centre:for": null, "lgbtq": null, "laundry_service": null, "self_service": null, "animal_boarding": null, "stroller": null, "instagram": null, "service:knife_sharpening": null, "building": null, "laptop": null, "community_centre": null, "catering": null, "survey:date": null, "phases": null, "not:brand:wikidata": null, "payment:american_express": null, "payment:discover_card": null, "start_date": null, "florist": null, "clothes:printing": null, "material": null, "toilets:disposal": null, "organic": null, "seats": null, "waste": null, "min_age": null, "cinema": null, "check_date:capacity": null, "access": null, "service:notary": null, "recycling:compost": null, "tourism": null, "recycling:food_waste": null, "recycling:green_waste": null, "hairdresser": null, "air_conditioning": null, "food": null, "public_bookcase:type": null, "addr:floor": null, "social_facility:for": null, "bottle": null, "address": null, "operating_hours": null, "payment:paypal": null, "healthcare:speciality": null, "parking": null, "armrest": null, "seats:separated": null, "two_sided": null, "operational_status": null, "direction": null, "fast_food": null, "height": null, "nycdoitt:bin": null, "building:levels": null, "fuel:propane": null, "addr:full": null, "layer": null, "service_times": null, "name:etymology:wikidata": "Q315730", "roof:levels": null, "disused:amenity": null, "operator:official": null, "building:material": null, "emergency": null, "surface": null, "shelter_type": null, "mascot": null, "polling_station": null, "beds": null, "wikipedia": null, "atm:operator": null, "barrier": null, "name:etymology": null, "theatre:type": null, "capacity:disabled": null, "books": null, "type": null, "neighborhood": "bedstuy", "compressed_air": null, "opening_hours:covid19": null, "playground": null, "drink:sangria": null, "name:es": null, "indoor": null, "information": null, "lgbtq:trans": null, "currency:USD": null, "service:bicycle:repair": null, "street_vendor": null, "colour": null, "location": null, "recycling:glass": null, "recycling:paper": null, "recycling:plastic": null, "contact:fax": null, "facebook": null, "grades": null, "brand:website": null, "opening_hours:drive_through": null, "education": null, "maxstay": null, "fenced": null, "drinking_water": null, "grade": null, "category": "Kids", "weight_min": 1, "weight_max": 7 }, "geometry": { "type": "Point", "coordinates": [ 1005711.971060180221684, 188968.138280254730489 ] } },
{ "type": "Feature", "properties": { "element": "way", "id": 249986033, "amenity": "school", "ele": null, "gnis:feature_id": null, "name": "The Co-op School", "wikidata": null, "old_name": null, "phone": null, "website": null, "wheelchair": null, "denomination": null, "religion": null, "addr:housenumber": "87", "addr:postcode": "11238", "addr:street": "Irving Place", "check_date": null, "addr:city": null, "addr:state": null, "alt_name": null, "brand": null, "brand:wikidata": null, "operator": null, "operator:short": null, "operator:type": null, "operator:website": null, "operator:wikidata": null, "operator:wikipedia": null, "postal_code": null, "short_name": null, "source": null, "capacity": null, "cityracks.housenum": null, "cityracks.installed": null, "cityracks.large": null, "cityracks.rackid": null, "cityracks.small": null, "cityracks.street": null, "bicycle_parking": null, "covered": null, "addr:country": null, "indoor_seating": null, "outdoor_seating": null, "cuisine": null, "payment:mastercard": null, "payment:visa": null, "shop": null, "black_owned": null, "opening_hours": null, "takeaway": null, "drink:beer": null, "drink:espresso": null, "drink:wine": null, "cocktails": null, "drink:liquor": null, "note": null, "fee": null, "disused:website": null, "diet:halal": null, "atm": null, "beauty": null, "delivery": null, "official_name": null, "drink:coffee": null, "check_date:opening_hours": null, "dispensing": null, "healthcare": null, "level": null, "happy_hours": null, "addr:housename": null, "bicycle_rental": null, "network": null, "network:wikidata": null, "network:wikipedia": null, "ref": null, "ref:gbfs": null, "second_hand": null, "diet:vegetarian": null, "drink:byob": null, "drink:tea": null, "fax": null, "craft": null, "payment:cards": null, "payment:cash": null, "payment:credit_cards": null, "payment:debit_cards": null, "drive_through": null, "tobacco": null, "opening_hours:signed": null, "diet:vegan": null, "dry_cleaning": null, "branch": null, "drink:sake": null, "contact:facebook": null, "contact:instagram": null, "contact:twitter": null, "internet_access": null, "internet_access:fee": null, "trade": null, "pawnbroker": null, "clothes": null, "bar": null, "addr:unit": null, "smoking": null, "walkup_window": null, "email": null, "leisure": null, "toilets": null, "toilets:access": null, "toilets:unisex": null, "toilets:wheelchair": null, "opening_hours:kitchen": null, "office": null, "social_facility": null, "collection_times": null, "sport": null, "check_date:service:bicycle:pump": null, "service:bicycle:pump": null, "fixme:atp": null, "fixme": null, "payment:apple_pay": null, "payment:contactless": null, "payment:financing": null, "payment:samsung_pay": null, "diet:kosher": null, "female": null, "male": null, "payment:ebt": null, "payment:coins": null, "reservation": null, "website:menu": null, "website:reservation": null, "live_music": null, "addr:place": null, "contact:website": null, "diet:gluten_free": null, "diet:pescetarian": null, "contact:email": null, "description": null, "route_ref": null, "vending": null, "drink:cocktail": null, "recycling": null, "recycling:cans": null, "recycling:glass_bottles": null, "recycling:plastic_bottles": null, "recycling_type": null, "backrest": null, "fountain": null, "contact:sms": null, "drink:bubble_tea": null, "check_date:diet:vegetarian": null, "contact:phone": null, "note:opening_hours": null, "community_centre:for": null, "lgbtq": null, "laundry_service": null, "self_service": null, "animal_boarding": null, "stroller": null, "instagram": null, "service:knife_sharpening": null, "building": "yes", "laptop": null, "community_centre": null, "catering": null, "survey:date": null, "phases": null, "not:brand:wikidata": null, "payment:american_express": null, "payment:discover_card": null, "start_date": null, "florist": null, "clothes:printing": null, "material": null, "toilets:disposal": null, "organic": null, "seats": null, "waste": null, "min_age": null, "cinema": null, "check_date:capacity": null, "access": null, "service:notary": null, "recycling:compost": null, "tourism": null, "recycling:food_waste": null, "recycling:green_waste": null, "hairdresser": null, "air_conditioning": null, "food": null, "public_bookcase:type": null, "addr:floor": null, "social_facility:for": null, "bottle": null, "address": null, "operating_hours": null, "payment:paypal": null, "healthcare:speciality": null, "parking": null, "armrest": null, "seats:separated": null, "two_sided": null, "operational_status": null, "direction": null, "fast_food": null, "height": "13.8", "nycdoitt:bin": "3057263", "building:levels": null, "fuel:propane": null, "addr:full": null, "layer": null, "service_times": null, "name:etymology:wikidata": null, "roof:levels": null, "disused:amenity": null, "operator:official": null, "building:material": null, "emergency": null, "surface": null, "shelter_type": null, "mascot": null, "polling_station": null, "beds": null, "wikipedia": null, "atm:operator": null, "barrier": null, "name:etymology": null, "theatre:type": null, "capacity:disabled": null, "books": null, "type": null, "neighborhood": "bedstuy", "compressed_air": null, "opening_hours:covid19": null, "playground": null, "drink:sangria": null, "name:es": null, "indoor": null, "information": null, "lgbtq:trans": null, "currency:USD": null, "service:bicycle:repair": null, "street_vendor": null, "colour": null, "location": null, "recycling:glass": null, "recycling:paper": null, "recycling:plastic": null, "contact:fax": null, "facebook": null, "grades": null, "brand:website": null, "opening_hours:drive_through": null, "education": null, "maxstay": null, "fenced": null, "drinking_water": null, "grade": null, "category": "Kids", "weight_min": 1, "weight_max": 7 }, "geometry": { "type": "Point", "coordinates": [ 995509.482839799020439, 187919.734651469800156 ] } },
{ "type": "Feature", "properties": { "element": "way", "id": 249986055, "amenity": "school", "ele": "21", "gnis:feature_id": "2097639", "name": "The Brooklyn Waldorf School", "wikidata": "Q4974918", "old_name": "Saint Peter Claver Institute", "phone": "+1-718-783-3270", "website": null, "wheelchair": null, "denomination": null, "religion": null, "addr:housenumber": "11", "addr:postcode": "11238", "addr:street": "Jefferson Avenue", "check_date": null, "addr:city": null, "addr:state": null, "alt_name": "Claver Castle", "brand": null, "brand:wikidata": null, "operator": null, "operator:short": null, "operator:type": null, "operator:website": null, "operator:wikidata": null, "operator:wikipedia": null, "postal_code": null, "short_name": null, "source": null, "capacity": null, "cityracks.housenum": null, "cityracks.installed": null, "cityracks.large": null, "cityracks.rackid": null, "cityracks.small": null, "cityracks.street": null, "bicycle_parking": null, "covered": null, "addr:country": null, "indoor_seating": null, "outdoor_seating": null, "cuisine": null, "payment:mastercard": null, "payment:visa": null, "shop": null, "black_owned": null, "opening_hours": null, "takeaway": null, "drink:beer": null, "drink:espresso": null, "drink:wine": null, "cocktails": null, "drink:liquor": null, "note": null, "fee": null, "disused:website": null, "diet:halal": null, "atm": null, "beauty": null, "delivery": null, "official_name": null, "drink:coffee": null, "check_date:opening_hours": null, "dispensing": null, "healthcare": null, "level": null, "happy_hours": null, "addr:housename": null, "bicycle_rental": null, "network": null, "network:wikidata": null, "network:wikipedia": null, "ref": null, "ref:gbfs": null, "second_hand": null, "diet:vegetarian": null, "drink:byob": null, "drink:tea": null, "fax": "+1-718-783-7209", "craft": null, "payment:cards": null, "payment:cash": null, "payment:credit_cards": null, "payment:debit_cards": null, "drive_through": null, "tobacco": null, "opening_hours:signed": null, "diet:vegan": null, "dry_cleaning": null, "branch": null, "drink:sake": null, "contact:facebook": null, "contact:instagram": null, "contact:twitter": null, "internet_access": null, "internet_access:fee": null, "trade": null, "pawnbroker": null, "clothes": null, "bar": null, "addr:unit": null, "smoking": null, "walkup_window": null, "email": null, "leisure": null, "toilets": null, "toilets:access": null, "toilets:unisex": null, "toilets:wheelchair": null, "opening_hours:kitchen": null, "office": null, "social_facility": null, "collection_times": null, "sport": null, "check_date:service:bicycle:pump": null, "service:bicycle:pump": null, "fixme:atp": null, "fixme": null, "payment:apple_pay": null, "payment:contactless": null, "payment:financing": null, "payment:samsung_pay": null, "diet:kosher": null, "female": null, "male": null, "payment:ebt": null, "payment:coins": null, "reservation": null, "website:menu": null, "website:reservation": null, "live_music": null, "addr:place": null, "contact:website": null, "diet:gluten_free": null, "diet:pescetarian": null, "contact:email": "info@brooklynwaldorf.org", "description": null, "route_ref": null, "vending": null, "drink:cocktail": null, "recycling": null, "recycling:cans": null, "recycling:glass_bottles": null, "recycling:plastic_bottles": null, "recycling_type": null, "backrest": null, "fountain": null, "contact:sms": null, "drink:bubble_tea": null, "check_date:diet:vegetarian": null, "contact:phone": null, "note:opening_hours": null, "community_centre:for": null, "lgbtq": null, "laundry_service": null, "self_service": null, "animal_boarding": null, "stroller": null, "instagram": null, "service:knife_sharpening": null, "building": "yes", "laptop": null, "community_centre": null, "catering": null, "survey:date": null, "phases": null, "not:brand:wikidata": null, "payment:american_express": null, "payment:discover_card": null, "start_date": null, "florist": null, "clothes:printing": null, "material": null, "toilets:disposal": null, "organic": null, "seats": null, "waste": null, "min_age": null, "cinema": null, "check_date:capacity": null, "access": null, "service:notary": null, "recycling:compost": null, "tourism": null, "recycling:food_waste": null, "recycling:green_waste": null, "hairdresser": null, "air_conditioning": null, "food": null, "public_bookcase:type": null, "addr:floor": null, "social_facility:for": null, "bottle": null, "address": null, "operating_hours": null, "payment:paypal": null, "healthcare:speciality": null, "parking": null, "armrest": null, "seats:separated": null, "two_sided": null, "operational_status": null, "direction": null, "fast_food": null, "height": "19.0", "nycdoitt:bin": "3057308", "building:levels": null, "fuel:propane": null, "addr:full": null, "layer": null, "service_times": null, "name:etymology:wikidata": null, "roof:levels": null, "disused:amenity": null, "operator:official": null, "building:material": null, "emergency": null, "surface": null, "shelter_type": null, "mascot": null, "polling_station": null, "beds": null, "wikipedia": null, "atm:operator": null, "barrier": null, "name:etymology": null, "theatre:type": null, "capacity:disabled": null, "books": null, "type": null, "neighborhood": "bedstuy", "compressed_air": null, "opening_hours:covid19": null, "playground": null, "drink:sangria": null, "name:es": null, "indoor": null, "information": null, "lgbtq:trans": null, "currency:USD": null, "service:bicycle:repair": null, "street_vendor": null, "colour": null, "location": null, "recycling:glass": null, "recycling:paper": null, "recycling:plastic": null, "contact:fax": null, "facebook": null, "grades": null, "brand:website": null, "opening_hours:drive_through": null, "education": null, "maxstay": null, "fenced": null, "drinking_water": null, "grade": null, "category": "Kids", "weight_min": 1, "weight_max": 7 }, "geometry": { "type": "Point", "coordinates": [ 996106.54965620895382, 188000.92314900906058 ] } },
{ "type": "Feature", "properties": { "element": "way", "id": 364956413, "amenity": "school", "ele": null, "gnis:feature_id": null, "name": "Boys and Girls High School", "wikidata": "Q4952707", "old_name": null, "phone": null, "website": null, "wheelchair": null, "denomination": null, "religion": null, "addr:housenumber": null, "addr:postcode": null, "addr:street": null, "check_date": null, "addr:city": null, "addr:state": null, "alt_name": null, "brand": null, "brand:wikidata": null, "operator": null, "operator:short": null, "operator:type": null, "operator:website": null, "operator:wikidata": null, "operator:wikipedia": null, "postal_code": null, "short_name": null, "source": null, "capacity": null, "cityracks.housenum": null, "cityracks.installed": null, "cityracks.large": null, "cityracks.rackid": null, "cityracks.small": null, "cityracks.street": null, "bicycle_parking": null, "covered": null, "addr:country": null, "indoor_seating": null, "outdoor_seating": null, "cuisine": null, "payment:mastercard": null, "payment:visa": null, "shop": null, "black_owned": null, "opening_hours": null, "takeaway": null, "drink:beer": null, "drink:espresso": null, "drink:wine": null, "cocktails": null, "drink:liquor": null, "note": null, "fee": null, "disused:website": null, "diet:halal": null, "atm": null, "beauty": null, "delivery": null, "official_name": null, "drink:coffee": null, "check_date:opening_hours": null, "dispensing": null, "healthcare": null, "level": null, "happy_hours": null, "addr:housename": null, "bicycle_rental": null, "network": null, "network:wikidata": null, "network:wikipedia": null, "ref": null, "ref:gbfs": null, "second_hand": null, "diet:vegetarian": null, "drink:byob": null, "drink:tea": null, "fax": null, "craft": null, "payment:cards": null, "payment:cash": null, "payment:credit_cards": null, "payment:debit_cards": null, "drive_through": null, "tobacco": null, "opening_hours:signed": null, "diet:vegan": null, "dry_cleaning": null, "branch": null, "drink:sake": null, "contact:facebook": null, "contact:instagram": null, "contact:twitter": null, "internet_access": null, "internet_access:fee": null, "trade": null, "pawnbroker": null, "clothes": null, "bar": null, "addr:unit": null, "smoking": null, "walkup_window": null, "email": null, "leisure": null, "toilets": null, "toilets:access": null, "toilets:unisex": null, "toilets:wheelchair": null, "opening_hours:kitchen": null, "office": null, "social_facility": null, "collection_times": null, "sport": null, "check_date:service:bicycle:pump": null, "service:bicycle:pump": null, "fixme:atp": null, "fixme": null, "payment:apple_pay": null, "payment:contactless": null, "payment:financing": null, "payment:samsung_pay": null, "diet:kosher": null, "female": null, "male": null, "payment:ebt": null, "payment:coins": null, "reservation": null, "website:menu": null, "website:reservation": null, "live_music": null, "addr:place": null, "contact:website": null, "diet:gluten_free": null, "diet:pescetarian": null, "contact:email": null, "description": null, "route_ref": null, "vending": null, "drink:cocktail": null, "recycling": null, "recycling:cans": null, "recycling:glass_bottles": null, "recycling:plastic_bottles": null, "recycling_type": null, "backrest": null, "fountain": null, "contact:sms": null, "drink:bubble_tea": null, "check_date:diet:vegetarian": null, "contact:phone": null, "note:opening_hours": null, "community_centre:for": null, "lgbtq": null, "laundry_service": null, "self_service": null, "animal_boarding": null, "stroller": null, "instagram": null, "service:knife_sharpening": null, "building": null, "laptop": null, "community_centre": null, "catering": null, "survey:date": null, "phases": null, "not:brand:wikidata": null, "payment:american_express": null, "payment:discover_card": null, "start_date": null, "florist": null, "clothes:printing": null, "material": null, "toilets:disposal": null, "organic": null, "seats": null, "waste": null, "min_age": null, "cinema": null, "check_date:capacity": null, "access": null, "service:notary": null, "recycling:compost": null, "tourism": null, "recycling:food_waste": null, "recycling:green_waste": null, "hairdresser": null, "air_conditioning": null, "food": null, "public_bookcase:type": null, "addr:floor": null, "social_facility:for": null, "bottle": null, "address": null, "operating_hours": null, "payment:paypal": null, "healthcare:speciality": null, "parking": null, "armrest": null, "seats:separated": null, "two_sided": null, "operational_status": null, "direction": null, "fast_food": null, "height": null, "nycdoitt:bin": null, "building:levels": null, "fuel:propane": null, "addr:full": null, "layer": null, "service_times": null, "name:etymology:wikidata": null, "roof:levels": null, "disused:amenity": null, "operator:official": null, "building:material": null, "emergency": null, "surface": null, "shelter_type": null, "mascot": "Kangaroos", "polling_station": null, "beds": null, "wikipedia": null, "atm:operator": null, "barrier": null, "name:etymology": null, "theatre:type": null, "capacity:disabled": null, "books": null, "type": null, "neighborhood": "bedstuy", "compressed_air": null, "opening_hours:covid19": null, "playground": null, "drink:sangria": null, "name:es": null, "indoor": null, "information": null, "lgbtq:trans": null, "currency:USD": null, "service:bicycle:repair": null, "street_vendor": null, "colour": null, "location": null, "recycling:glass": null, "recycling:paper": null, "recycling:plastic": null, "contact:fax": null, "facebook": null, "grades": null, "brand:website": null, "opening_hours:drive_through": null, "education": null, "maxstay": null, "fenced": null, "drinking_water": null, "grade": null, "category": "Kids", "weight_min": 1, "weight_max": 7 }, "geometry": { "type": "Point", "coordinates": [ 1003270.123868109541945, 186483.132477987295715 ] } },
{ "type": "Feature", "properties": { "element": "way", "id": 365937390, "amenity": "school", "ele": "18", "gnis:feature_id": "961273", "name": "Intermediate School 117", "wikidata": null, "old_name": null, "phone": null, "website": null, "wheelchair": null, "denomination": null, "religion": null, "addr:housenumber": null, "addr:postcode": null, "addr:street": null, "check_date": null, "addr:city": null, "addr:state": null, "alt_name": null, "brand": null, "brand:wikidata": null, "operator": null, "operator:short": null, "operator:type": null, "operator:website": null, "operator:wikidata": null, "operator:wikipedia": null, "postal_code": null, "short_name": null, "source": null, "capacity": null, "cityracks.housenum": null, "cityracks.installed": null, "cityracks.large": null, "cityracks.rackid": null, "cityracks.small": null, "cityracks.street": null, "bicycle_parking": null, "covered": null, "addr:country": null, "indoor_seating": null, "outdoor_seating": null, "cuisine": null, "payment:mastercard": null, "payment:visa": null, "shop": null, "black_owned": null, "opening_hours": null, "takeaway": null, "drink:beer": null, "drink:espresso": null, "drink:wine": null, "cocktails": null, "drink:liquor": null, "note": null, "fee": null, "disused:website": null, "diet:halal": null, "atm": null, "beauty": null, "delivery": null, "official_name": null, "drink:coffee": null, "check_date:opening_hours": null, "dispensing": null, "healthcare": null, "level": null, "happy_hours": null, "addr:housename": null, "bicycle_rental": null, "network": null, "network:wikidata": null, "network:wikipedia": null, "ref": null, "ref:gbfs": null, "second_hand": null, "diet:vegetarian": null, "drink:byob": null, "drink:tea": null, "fax": null, "craft": null, "payment:cards": null, "payment:cash": null, "payment:credit_cards": null, "payment:debit_cards": null, "drive_through": null, "tobacco": null, "opening_hours:signed": null, "diet:vegan": null, "dry_cleaning": null, "branch": null, "drink:sake": null, "contact:facebook": null, "contact:instagram": null, "contact:twitter": null, "internet_access": null, "internet_access:fee": null, "trade": null, "pawnbroker": null, "clothes": null, "bar": null, "addr:unit": null, "smoking": null, "walkup_window": null, "email": null, "leisure": null, "toilets": null, "toilets:access": null, "toilets:unisex": null, "toilets:wheelchair": null, "opening_hours:kitchen": null, "office": null, "social_facility": null, "collection_times": null, "sport": null, "check_date:service:bicycle:pump": null, "service:bicycle:pump": null, "fixme:atp": null, "fixme": null, "payment:apple_pay": null, "payment:contactless": null, "payment:financing": null, "payment:samsung_pay": null, "diet:kosher": null, "female": null, "male": null, "payment:ebt": null, "payment:coins": null, "reservation": null, "website:menu": null, "website:reservation": null, "live_music": null, "addr:place": null, "contact:website": null, "diet:gluten_free": null, "diet:pescetarian": null, "contact:email": null, "description": null, "route_ref": null, "vending": null, "drink:cocktail": null, "recycling": null, "recycling:cans": null, "recycling:glass_bottles": null, "recycling:plastic_bottles": null, "recycling_type": null, "backrest": null, "fountain": null, "contact:sms": null, "drink:bubble_tea": null, "check_date:diet:vegetarian": null, "contact:phone": null, "note:opening_hours": null, "community_centre:for": null, "lgbtq": null, "laundry_service": null, "self_service": null, "animal_boarding": null, "stroller": null, "instagram": null, "service:knife_sharpening": null, "building": null, "laptop": null, "community_centre": null, "catering": null, "survey:date": null, "phases": null, "not:brand:wikidata": null, "payment:american_express": null, "payment:discover_card": null, "start_date": null, "florist": null, "clothes:printing": null, "material": null, "toilets:disposal": null, "organic": null, "seats": null, "waste": null, "min_age": null, "cinema": null, "check_date:capacity": null, "access": null, "service:notary": null, "recycling:compost": null, "tourism": null, "recycling:food_waste": null, "recycling:green_waste": null, "hairdresser": null, "air_conditioning": null, "food": null, "public_bookcase:type": null, "addr:floor": null, "social_facility:for": null, "bottle": null, "address": null, "operating_hours": null, "payment:paypal": null, "healthcare:speciality": null, "parking": null, "armrest": null, "seats:separated": null, "two_sided": null, "operational_status": null, "direction": null, "fast_food": null, "height": null, "nycdoitt:bin": null, "building:levels": null, "fuel:propane": null, "addr:full": null, "layer": null, "service_times": null, "name:etymology:wikidata": null, "roof:levels": null, "disused:amenity": null, "operator:official": null, "building:material": null, "emergency": null, "surface": null, "shelter_type": null, "mascot": null, "polling_station": null, "beds": null, "wikipedia": null, "atm:operator": null, "barrier": null, "name:etymology": null, "theatre:type": null, "capacity:disabled": null, "books": null, "type": null, "neighborhood": "bedstuy", "compressed_air": null, "opening_hours:covid19": null, "playground": null, "drink:sangria": null, "name:es": null, "indoor": null, "information": null, "lgbtq:trans": null, "currency:USD": null, "service:bicycle:repair": null, "street_vendor": null, "colour": null, "location": null, "recycling:glass": null, "recycling:paper": null, "recycling:plastic": null, "contact:fax": null, "facebook": null, "grades": null, "brand:website": null, "opening_hours:drive_through": null, "education": null, "maxstay": null, "fenced": null, "drinking_water": null, "grade": null, "category": "Kids", "weight_min": 1, "weight_max": 7 }, "geometry": { "type": "Point", "coordinates": [ 995825.350290383212268, 191426.487326271424536 ] } },
{ "type": "Feature", "properties": { "element": "way", "id": 392694312, "amenity": "school", "ele": "10", "gnis:feature_id": null, "name": "Public School 54", "wikidata": null, "old_name": null, "phone": null, "website": null, "wheelchair": null, "denomination": null, "religion": null, "addr:housenumber": "195", "addr:postcode": "11205", "addr:street": "Sandford Street", "check_date": null, "addr:city": "Brooklyn", "addr:state": "NY", "alt_name": null, "brand": null, "brand:wikidata": null, "operator": null, "operator:short": null, "operator:type": null, "operator:website": null, "operator:wikidata": null, "operator:wikipedia": null, "postal_code": null, "short_name": null, "source": null, "capacity": null, "cityracks.housenum": null, "cityracks.installed": null, "cityracks.large": null, "cityracks.rackid": null, "cityracks.small": null, "cityracks.street": null, "bicycle_parking": null, "covered": null, "addr:country": null, "indoor_seating": null, "outdoor_seating": null, "cuisine": null, "payment:mastercard": null, "payment:visa": null, "shop": null, "black_owned": null, "opening_hours": null, "takeaway": null, "drink:beer": null, "drink:espresso": null, "drink:wine": null, "cocktails": null, "drink:liquor": null, "note": null, "fee": null, "disused:website": null, "diet:halal": null, "atm": null, "beauty": null, "delivery": null, "official_name": null, "drink:coffee": null, "check_date:opening_hours": null, "dispensing": null, "healthcare": null, "level": null, "happy_hours": null, "addr:housename": null, "bicycle_rental": null, "network": null, "network:wikidata": null, "network:wikipedia": null, "ref": null, "ref:gbfs": null, "second_hand": null, "diet:vegetarian": null, "drink:byob": null, "drink:tea": null, "fax": null, "craft": null, "payment:cards": null, "payment:cash": null, "payment:credit_cards": null, "payment:debit_cards": null, "drive_through": null, "tobacco": null, "opening_hours:signed": null, "diet:vegan": null, "dry_cleaning": null, "branch": null, "drink:sake": null, "contact:facebook": null, "contact:instagram": null, "contact:twitter": null, "internet_access": null, "internet_access:fee": null, "trade": null, "pawnbroker": null, "clothes": null, "bar": null, "addr:unit": null, "smoking": null, "walkup_window": null, "email": null, "leisure": null, "toilets": null, "toilets:access": null, "toilets:unisex": null, "toilets:wheelchair": null, "opening_hours:kitchen": null, "office": null, "social_facility": null, "collection_times": null, "sport": null, "check_date:service:bicycle:pump": null, "service:bicycle:pump": null, "fixme:atp": null, "fixme": null, "payment:apple_pay": null, "payment:contactless": null, "payment:financing": null, "payment:samsung_pay": null, "diet:kosher": null, "female": null, "male": null, "payment:ebt": null, "payment:coins": null, "reservation": null, "website:menu": null, "website:reservation": null, "live_music": null, "addr:place": null, "contact:website": null, "diet:gluten_free": null, "diet:pescetarian": null, "contact:email": null, "description": null, "route_ref": null, "vending": null, "drink:cocktail": null, "recycling": null, "recycling:cans": null, "recycling:glass_bottles": null, "recycling:plastic_bottles": null, "recycling_type": null, "backrest": null, "fountain": null, "contact:sms": null, "drink:bubble_tea": null, "check_date:diet:vegetarian": null, "contact:phone": null, "note:opening_hours": null, "community_centre:for": null, "lgbtq": null, "laundry_service": null, "self_service": null, "animal_boarding": null, "stroller": null, "instagram": null, "service:knife_sharpening": null, "building": null, "laptop": null, "community_centre": null, "catering": null, "survey:date": null, "phases": null, "not:brand:wikidata": null, "payment:american_express": null, "payment:discover_card": null, "start_date": null, "florist": null, "clothes:printing": null, "material": null, "toilets:disposal": null, "organic": null, "seats": null, "waste": null, "min_age": null, "cinema": null, "check_date:capacity": null, "access": null, "service:notary": null, "recycling:compost": null, "tourism": null, "recycling:food_waste": null, "recycling:green_waste": null, "hairdresser": null, "air_conditioning": null, "food": null, "public_bookcase:type": null, "addr:floor": null, "social_facility:for": null, "bottle": null, "address": null, "operating_hours": null, "payment:paypal": null, "healthcare:speciality": null, "parking": null, "armrest": null, "seats:separated": null, "two_sided": null, "operational_status": null, "direction": null, "fast_food": null, "height": null, "nycdoitt:bin": null, "building:levels": null, "fuel:propane": null, "addr:full": null, "layer": null, "service_times": null, "name:etymology:wikidata": null, "roof:levels": null, "disused:amenity": null, "operator:official": null, "building:material": null, "emergency": null, "surface": null, "shelter_type": null, "mascot": null, "polling_station": "yes", "beds": null, "wikipedia": null, "atm:operator": null, "barrier": null, "name:etymology": null, "theatre:type": null, "capacity:disabled": null, "books": null, "type": null, "neighborhood": "bedstuy", "compressed_air": null, "opening_hours:covid19": null, "playground": null, "drink:sangria": null, "name:es": null, "indoor": null, "information": null, "lgbtq:trans": null, "currency:USD": null, "service:bicycle:repair": null, "street_vendor": null, "colour": null, "location": null, "recycling:glass": null, "recycling:paper": null, "recycling:plastic": null, "contact:fax": null, "facebook": null, "grades": null, "brand:website": null, "opening_hours:drive_through": null, "education": null, "maxstay": null, "fenced": null, "drinking_water": null, "grade": null, "category": "Kids", "weight_min": 1, "weight_max": 7 }, "geometry": { "type": "Point", "coordinates": [ 997408.091193635598756, 191654.276652475382434 ] } },
{ "type": "Feature", "properties": { "element": "way", "id": 551946385, "amenity": "school", "ele": null, "gnis:feature_id": null, "name": "Public School 373 Brooklyn Transition Center", "wikidata": null, "old_name": null, "phone": null, "website": "https://www.p373kbtc.org/", "wheelchair": null, "denomination": null, "religion": null, "addr:housenumber": "185", "addr:postcode": "11206", "addr:street": "Ellery Street", "check_date": null, "addr:city": "Brooklyn", "addr:state": "NY", "alt_name": null, "brand": null, "brand:wikidata": null, "operator": null, "operator:short": null, "operator:type": null, "operator:website": null, "operator:wikidata": null, "operator:wikipedia": null, "postal_code": null, "short_name": null, "source": null, "capacity": null, "cityracks.housenum": null, "cityracks.installed": null, "cityracks.large": null, "cityracks.rackid": null, "cityracks.small": null, "cityracks.street": null, "bicycle_parking": null, "covered": null, "addr:country": "US", "indoor_seating": null, "outdoor_seating": null, "cuisine": null, "payment:mastercard": null, "payment:visa": null, "shop": null, "black_owned": null, "opening_hours": null, "takeaway": null, "drink:beer": null, "drink:espresso": null, "drink:wine": null, "cocktails": null, "drink:liquor": null, "note": null, "fee": null, "disused:website": null, "diet:halal": null, "atm": null, "beauty": null, "delivery": null, "official_name": null, "drink:coffee": null, "check_date:opening_hours": null, "dispensing": null, "healthcare": null, "level": null, "happy_hours": null, "addr:housename": null, "bicycle_rental": null, "network": null, "network:wikidata": null, "network:wikipedia": null, "ref": null, "ref:gbfs": null, "second_hand": null, "diet:vegetarian": null, "drink:byob": null, "drink:tea": null, "fax": null, "craft": null, "payment:cards": null, "payment:cash": null, "payment:credit_cards": null, "payment:debit_cards": null, "drive_through": null, "tobacco": null, "opening_hours:signed": null, "diet:vegan": null, "dry_cleaning": null, "branch": null, "drink:sake": null, "contact:facebook": null, "contact:instagram": null, "contact:twitter": null, "internet_access": null, "internet_access:fee": null, "trade": null, "pawnbroker": null, "clothes": null, "bar": null, "addr:unit": null, "smoking": null, "walkup_window": null, "email": null, "leisure": null, "toilets": null, "toilets:access": null, "toilets:unisex": null, "toilets:wheelchair": null, "opening_hours:kitchen": null, "office": null, "social_facility": null, "collection_times": null, "sport": null, "check_date:service:bicycle:pump": null, "service:bicycle:pump": null, "fixme:atp": null, "fixme": null, "payment:apple_pay": null, "payment:contactless": null, "payment:financing": null, "payment:samsung_pay": null, "diet:kosher": null, "female": null, "male": null, "payment:ebt": null, "payment:coins": null, "reservation": null, "website:menu": null, "website:reservation": null, "live_music": null, "addr:place": null, "contact:website": null, "diet:gluten_free": null, "diet:pescetarian": null, "contact:email": null, "description": null, "route_ref": null, "vending": null, "drink:cocktail": null, "recycling": null, "recycling:cans": null, "recycling:glass_bottles": null, "recycling:plastic_bottles": null, "recycling_type": null, "backrest": null, "fountain": null, "contact:sms": null, "drink:bubble_tea": null, "check_date:diet:vegetarian": null, "contact:phone": null, "note:opening_hours": null, "community_centre:for": null, "lgbtq": null, "laundry_service": null, "self_service": null, "animal_boarding": null, "stroller": null, "instagram": null, "service:knife_sharpening": null, "building": null, "laptop": null, "community_centre": null, "catering": null, "survey:date": null, "phases": null, "not:brand:wikidata": null, "payment:american_express": null, "payment:discover_card": null, "start_date": null, "florist": null, "clothes:printing": null, "material": null, "toilets:disposal": null, "organic": null, "seats": null, "waste": null, "min_age": null, "cinema": null, "check_date:capacity": null, "access": null, "service:notary": null, "recycling:compost": null, "tourism": null, "recycling:food_waste": null, "recycling:green_waste": null, "hairdresser": null, "air_conditioning": null, "food": null, "public_bookcase:type": null, "addr:floor": null, "social_facility:for": null, "bottle": null, "address": null, "operating_hours": null, "payment:paypal": null, "healthcare:speciality": null, "parking": null, "armrest": null, "seats:separated": null, "two_sided": null, "operational_status": null, "direction": null, "fast_food": null, "height": null, "nycdoitt:bin": null, "building:levels": null, "fuel:propane": null, "addr:full": null, "layer": null, "service_times": null, "name:etymology:wikidata": null, "roof:levels": null, "disused:amenity": null, "operator:official": null, "building:material": null, "emergency": null, "surface": null, "shelter_type": null, "mascot": null, "polling_station": null, "beds": null, "wikipedia": null, "atm:operator": null, "barrier": null, "name:etymology": null, "theatre:type": null, "capacity:disabled": null, "books": null, "type": null, "neighborhood": "bedstuy", "compressed_air": null, "opening_hours:covid19": null, "playground": null, "drink:sangria": null, "name:es": null, "indoor": null, "information": null, "lgbtq:trans": null, "currency:USD": null, "service:bicycle:repair": null, "street_vendor": null, "colour": null, "location": null, "recycling:glass": null, "recycling:paper": null, "recycling:plastic": null, "contact:fax": null, "facebook": null, "grades": null, "brand:website": null, "opening_hours:drive_through": null, "education": null, "maxstay": null, "fenced": null, "drinking_water": null, "grade": null, "category": "Kids", "weight_min": 1, "weight_max": 7 }, "geometry": { "type": "Point", "coordinates": [ 999344.666742618312128, 194001.498779142042622 ] } },
{ "type": "Feature", "properties": { "element": "way", "id": 562604078, "amenity": "school", "ele": null, "gnis:feature_id": null, "name": "P.S. 157", "wikidata": null, "old_name": null, "phone": null, "website": null, "wheelchair": null, "denomination": null, "religion": null, "addr:housenumber": null, "addr:postcode": null, "addr:street": null, "check_date": null, "addr:city": null, "addr:state": null, "alt_name": null, "brand": null, "brand:wikidata": null, "operator": null, "operator:short": null, "operator:type": null, "operator:website": null, "operator:wikidata": null, "operator:wikipedia": null, "postal_code": null, "short_name": null, "source": null, "capacity": null, "cityracks.housenum": null, "cityracks.installed": null, "cityracks.large": null, "cityracks.rackid": null, "cityracks.small": null, "cityracks.street": null, "bicycle_parking": null, "covered": null, "addr:country": null, "indoor_seating": null, "outdoor_seating": null, "cuisine": null, "payment:mastercard": null, "payment:visa": null, "shop": null, "black_owned": null, "opening_hours": null, "takeaway": null, "drink:beer": null, "drink:espresso": null, "drink:wine": null, "cocktails": null, "drink:liquor": null, "note": null, "fee": null, "disused:website": null, "diet:halal": null, "atm": null, "beauty": null, "delivery": null, "official_name": null, "drink:coffee": null, "check_date:opening_hours": null, "dispensing": null, "healthcare": null, "level": null, "happy_hours": null, "addr:housename": null, "bicycle_rental": null, "network": null, "network:wikidata": null, "network:wikipedia": null, "ref": null, "ref:gbfs": null, "second_hand": null, "diet:vegetarian": null, "drink:byob": null, "drink:tea": null, "fax": null, "craft": null, "payment:cards": null, "payment:cash": null, "payment:credit_cards": null, "payment:debit_cards": null, "drive_through": null, "tobacco": null, "opening_hours:signed": null, "diet:vegan": null, "dry_cleaning": null, "branch": null, "drink:sake": null, "contact:facebook": null, "contact:instagram": null, "contact:twitter": null, "internet_access": null, "internet_access:fee": null, "trade": null, "pawnbroker": null, "clothes": null, "bar": null, "addr:unit": null, "smoking": null, "walkup_window": null, "email": null, "leisure": null, "toilets": null, "toilets:access": null, "toilets:unisex": null, "toilets:wheelchair": null, "opening_hours:kitchen": null, "office": null, "social_facility": null, "collection_times": null, "sport": null, "check_date:service:bicycle:pump": null, "service:bicycle:pump": null, "fixme:atp": null, "fixme": null, "payment:apple_pay": null, "payment:contactless": null, "payment:financing": null, "payment:samsung_pay": null, "diet:kosher": null, "female": null, "male": null, "payment:ebt": null, "payment:coins": null, "reservation": null, "website:menu": null, "website:reservation": null, "live_music": null, "addr:place": null, "contact:website": null, "diet:gluten_free": null, "diet:pescetarian": null, "contact:email": null, "description": null, "route_ref": null, "vending": null, "drink:cocktail": null, "recycling": null, "recycling:cans": null, "recycling:glass_bottles": null, "recycling:plastic_bottles": null, "recycling_type": null, "backrest": null, "fountain": null, "contact:sms": null, "drink:bubble_tea": null, "check_date:diet:vegetarian": null, "contact:phone": null, "note:opening_hours": null, "community_centre:for": null, "lgbtq": null, "laundry_service": null, "self_service": null, "animal_boarding": null, "stroller": null, "instagram": null, "service:knife_sharpening": null, "building": null, "laptop": null, "community_centre": null, "catering": null, "survey:date": null, "phases": null, "not:brand:wikidata": null, "payment:american_express": null, "payment:discover_card": null, "start_date": null, "florist": null, "clothes:printing": null, "material": null, "toilets:disposal": null, "organic": null, "seats": null, "waste": null, "min_age": null, "cinema": null, "check_date:capacity": null, "access": null, "service:notary": null, "recycling:compost": null, "tourism": null, "recycling:food_waste": null, "recycling:green_waste": null, "hairdresser": null, "air_conditioning": null, "food": null, "public_bookcase:type": null, "addr:floor": null, "social_facility:for": null, "bottle": null, "address": null, "operating_hours": null, "payment:paypal": null, "healthcare:speciality": null, "parking": null, "armrest": null, "seats:separated": null, "two_sided": null, "operational_status": null, "direction": null, "fast_food": null, "height": null, "nycdoitt:bin": null, "building:levels": null, "fuel:propane": null, "addr:full": null, "layer": null, "service_times": null, "name:etymology:wikidata": null, "roof:levels": null, "disused:amenity": null, "operator:official": null, "building:material": null, "emergency": null, "surface": null, "shelter_type": null, "mascot": null, "polling_station": null, "beds": null, "wikipedia": null, "atm:operator": null, "barrier": null, "name:etymology": null, "theatre:type": null, "capacity:disabled": null, "books": null, "type": null, "neighborhood": "bedstuy", "compressed_air": null, "opening_hours:covid19": null, "playground": null, "drink:sangria": null, "name:es": null, "indoor": null, "information": null, "lgbtq:trans": null, "currency:USD": null, "service:bicycle:repair": null, "street_vendor": null, "colour": null, "location": null, "recycling:glass": null, "recycling:paper": null, "recycling:plastic": null, "contact:fax": null, "facebook": null, "grades": null, "brand:website": null, "opening_hours:drive_through": null, "education": null, "maxstay": null, "fenced": null, "drinking_water": null, "grade": null, "category": "Kids", "weight_min": 1, "weight_max": 7 }, "geometry": { "type": "Point", "coordinates": [ 995342.687379670795053, 192631.806714692065725 ] } },
{ "type": "Feature", "properties": { "element": "way", "id": 920654881, "amenity": "school", "ele": "19", "gnis:feature_id": "961914", "name": "Public School 93 William H. Prescott", "wikidata": null, "old_name": null, "phone": null, "website": "https://www.schools.nyc.gov/schools/K093", "wheelchair": null, "denomination": null, "religion": null, "addr:housenumber": "31", "addr:postcode": "11216", "addr:street": "New York Avenue", "check_date": null, "addr:city": "Brooklyn", "addr:state": "NY", "alt_name": "Public School 93", "brand": null, "brand:wikidata": null, "operator": "New York City Department of Education", "operator:short": "NYC Public Schools", "operator:type": "public", "operator:website": null, "operator:wikidata": "Q408230", "operator:wikipedia": "en:New York City Department of Education", "postal_code": null, "short_name": "P.S. 93", "source": null, "capacity": null, "cityracks.housenum": null, "cityracks.installed": null, "cityracks.large": null, "cityracks.rackid": null, "cityracks.small": null, "cityracks.street": null, "bicycle_parking": null, "covered": null, "addr:country": null, "indoor_seating": null, "outdoor_seating": null, "cuisine": null, "payment:mastercard": null, "payment:visa": null, "shop": null, "black_owned": null, "opening_hours": null, "takeaway": null, "drink:beer": null, "drink:espresso": null, "drink:wine": null, "cocktails": null, "drink:liquor": null, "note": null, "fee": null, "disused:website": null, "diet:halal": null, "atm": null, "beauty": null, "delivery": null, "official_name": null, "drink:coffee": null, "check_date:opening_hours": null, "dispensing": null, "healthcare": null, "level": null, "happy_hours": null, "addr:housename": null, "bicycle_rental": null, "network": null, "network:wikidata": null, "network:wikipedia": null, "ref": "K93", "ref:gbfs": null, "second_hand": null, "diet:vegetarian": null, "drink:byob": null, "drink:tea": null, "fax": null, "craft": null, "payment:cards": null, "payment:cash": null, "payment:credit_cards": null, "payment:debit_cards": null, "drive_through": null, "tobacco": null, "opening_hours:signed": null, "diet:vegan": null, "dry_cleaning": null, "branch": null, "drink:sake": null, "contact:facebook": null, "contact:instagram": null, "contact:twitter": null, "internet_access": null, "internet_access:fee": null, "trade": null, "pawnbroker": null, "clothes": null, "bar": null, "addr:unit": null, "smoking": null, "walkup_window": null, "email": null, "leisure": null, "toilets": null, "toilets:access": null, "toilets:unisex": null, "toilets:wheelchair": null, "opening_hours:kitchen": null, "office": null, "social_facility": null, "collection_times": null, "sport": null, "check_date:service:bicycle:pump": null, "service:bicycle:pump": null, "fixme:atp": null, "fixme": null, "payment:apple_pay": null, "payment:contactless": null, "payment:financing": null, "payment:samsung_pay": null, "diet:kosher": null, "female": null, "male": null, "payment:ebt": null, "payment:coins": null, "reservation": null, "website:menu": null, "website:reservation": null, "live_music": null, "addr:place": null, "contact:website": null, "diet:gluten_free": null, "diet:pescetarian": null, "contact:email": null, "description": null, "route_ref": null, "vending": null, "drink:cocktail": null, "recycling": null, "recycling:cans": null, "recycling:glass_bottles": null, "recycling:plastic_bottles": null, "recycling_type": null, "backrest": null, "fountain": null, "contact:sms": null, "drink:bubble_tea": null, "check_date:diet:vegetarian": null, "contact:phone": null, "note:opening_hours": null, "community_centre:for": null, "lgbtq": null, "laundry_service": null, "self_service": null, "animal_boarding": null, "stroller": null, "instagram": null, "service:knife_sharpening": null, "building": null, "laptop": null, "community_centre": null, "catering": null, "survey:date": null, "phases": null, "not:brand:wikidata": null, "payment:american_express": null, "payment:discover_card": null, "start_date": null, "florist": null, "clothes:printing": null, "material": null, "toilets:disposal": null, "organic": null, "seats": null, "waste": null, "min_age": null, "cinema": null, "check_date:capacity": null, "access": null, "service:notary": null, "recycling:compost": null, "tourism": null, "recycling:food_waste": null, "recycling:green_waste": null, "hairdresser": null, "air_conditioning": null, "food": null, "public_bookcase:type": null, "addr:floor": null, "social_facility:for": null, "bottle": null, "address": null, "operating_hours": null, "payment:paypal": null, "healthcare:speciality": null, "parking": null, "armrest": null, "seats:separated": null, "two_sided": null, "operational_status": null, "direction": null, "fast_food": null, "height": null, "nycdoitt:bin": null, "building:levels": null, "fuel:propane": null, "addr:full": null, "layer": null, "service_times": null, "name:etymology:wikidata": null, "roof:levels": null, "disused:amenity": null, "operator:official": null, "building:material": null, "emergency": null, "surface": null, "shelter_type": null, "mascot": null, "polling_station": "yes", "beds": null, "wikipedia": null, "atm:operator": null, "barrier": null, "name:etymology": null, "theatre:type": null, "capacity:disabled": null, "books": null, "type": null, "neighborhood": "bedstuy", "compressed_air": null, "opening_hours:covid19": null, "playground": null, "drink:sangria": null, "name:es": null, "indoor": null, "information": null, "lgbtq:trans": null, "currency:USD": null, "service:bicycle:repair": null, "street_vendor": null, "colour": null, "location": null, "recycling:glass": null, "recycling:paper": null, "recycling:plastic": null, "contact:fax": null, "facebook": null, "grades": null, "brand:website": null, "opening_hours:drive_through": null, "education": null, "maxstay": null, "fenced": null, "drinking_water": null, "grade": null, "category": "Kids", "weight_min": 1, "weight_max": 7 }, "geometry": { "type": "Point", "coordinates": [ 999112.620364886359312, 186652.442469959030859 ] } },
{ "type": "Feature", "properties": { "element": "way", "id": 920659577, "amenity": "school", "ele": "16", "gnis:feature_id": "961690", "name": "Public School 40 George W. Carver", "wikidata": null, "old_name": null, "phone": null, "website": "https://www.schools.nyc.gov/schools/K040", "wheelchair": null, "denomination": null, "religion": null, "addr:housenumber": "265", "addr:postcode": "11233", "addr:street": "Ralph Avenue", "check_date": null, "addr:city": "Brooklyn", "addr:state": "NY", "alt_name": "Public School 40", "brand": null, "brand:wikidata": null, "operator": "New York City Department of Education", "operator:short": "NYC Public Schools", "operator:type": "public", "operator:website": null, "operator:wikidata": "Q408230", "operator:wikipedia": null, "postal_code": null, "short_name": null, "source": null, "capacity": null, "cityracks.housenum": null, "cityracks.installed": null, "cityracks.large": null, "cityracks.rackid": null, "cityracks.small": null, "cityracks.street": null, "bicycle_parking": null, "covered": null, "addr:country": null, "indoor_seating": null, "outdoor_seating": null, "cuisine": null, "payment:mastercard": null, "payment:visa": null, "shop": null, "black_owned": null, "opening_hours": null, "takeaway": null, "drink:beer": null, "drink:espresso": null, "drink:wine": null, "cocktails": null, "drink:liquor": null, "note": null, "fee": null, "disused:website": null, "diet:halal": null, "atm": null, "beauty": null, "delivery": null, "official_name": null, "drink:coffee": null, "check_date:opening_hours": null, "dispensing": null, "healthcare": null, "level": null, "happy_hours": null, "addr:housename": null, "bicycle_rental": null, "network": null, "network:wikidata": null, "network:wikipedia": null, "ref": null, "ref:gbfs": null, "second_hand": null, "diet:vegetarian": null, "drink:byob": null, "drink:tea": null, "fax": null, "craft": null, "payment:cards": null, "payment:cash": null, "payment:credit_cards": null, "payment:debit_cards": null, "drive_through": null, "tobacco": null, "opening_hours:signed": null, "diet:vegan": null, "dry_cleaning": null, "branch": null, "drink:sake": null, "contact:facebook": null, "contact:instagram": null, "contact:twitter": null, "internet_access": null, "internet_access:fee": null, "trade": null, "pawnbroker": null, "clothes": null, "bar": null, "addr:unit": null, "smoking": null, "walkup_window": null, "email": null, "leisure": null, "toilets": null, "toilets:access": null, "toilets:unisex": null, "toilets:wheelchair": null, "opening_hours:kitchen": null, "office": null, "social_facility": null, "collection_times": null, "sport": null, "check_date:service:bicycle:pump": null, "service:bicycle:pump": null, "fixme:atp": null, "fixme": null, "payment:apple_pay": null, "payment:contactless": null, "payment:financing": null, "payment:samsung_pay": null, "diet:kosher": null, "female": null, "male": null, "payment:ebt": null, "payment:coins": null, "reservation": null, "website:menu": null, "website:reservation": null, "live_music": null, "addr:place": null, "contact:website": null, "diet:gluten_free": null, "diet:pescetarian": null, "contact:email": null, "description": null, "route_ref": null, "vending": null, "drink:cocktail": null, "recycling": null, "recycling:cans": null, "recycling:glass_bottles": null, "recycling:plastic_bottles": null, "recycling_type": null, "backrest": null, "fountain": null, "contact:sms": null, "drink:bubble_tea": null, "check_date:diet:vegetarian": null, "contact:phone": null, "note:opening_hours": null, "community_centre:for": null, "lgbtq": null, "laundry_service": null, "self_service": null, "animal_boarding": null, "stroller": null, "instagram": null, "service:knife_sharpening": null, "building": null, "laptop": null, "community_centre": null, "catering": null, "survey:date": null, "phases": null, "not:brand:wikidata": null, "payment:american_express": null, "payment:discover_card": null, "start_date": null, "florist": null, "clothes:printing": null, "material": null, "toilets:disposal": null, "organic": null, "seats": null, "waste": null, "min_age": null, "cinema": null, "check_date:capacity": null, "access": null, "service:notary": null, "recycling:compost": null, "tourism": null, "recycling:food_waste": null, "recycling:green_waste": null, "hairdresser": null, "air_conditioning": null, "food": null, "public_bookcase:type": null, "addr:floor": null, "social_facility:for": null, "bottle": null, "address": null, "operating_hours": null, "payment:paypal": null, "healthcare:speciality": null, "parking": null, "armrest": null, "seats:separated": null, "two_sided": null, "operational_status": null, "direction": null, "fast_food": null, "height": null, "nycdoitt:bin": null, "building:levels": null, "fuel:propane": null, "addr:full": null, "layer": null, "service_times": null, "name:etymology:wikidata": "Q296898", "roof:levels": null, "disused:amenity": null, "operator:official": null, "building:material": null, "emergency": null, "surface": null, "shelter_type": null, "mascot": null, "polling_station": null, "beds": null, "wikipedia": null, "atm:operator": null, "barrier": null, "name:etymology": "George Washington Carver", "theatre:type": null, "capacity:disabled": null, "books": null, "type": null, "neighborhood": "bedstuy", "compressed_air": null, "opening_hours:covid19": null, "playground": null, "drink:sangria": null, "name:es": null, "indoor": null, "information": null, "lgbtq:trans": null, "currency:USD": null, "service:bicycle:repair": null, "street_vendor": null, "colour": null, "location": null, "recycling:glass": null, "recycling:paper": null, "recycling:plastic": null, "contact:fax": null, "facebook": null, "grades": null, "brand:website": null, "opening_hours:drive_through": null, "education": null, "maxstay": null, "fenced": null, "drinking_water": null, "grade": null, "category": "Kids", "weight_min": 1, "weight_max": 7 }, "geometry": { "type": "Point", "coordinates": [ 1006029.401316134608351, 187101.743829202256165 ] } },
{ "type": "Feature", "properties": { "element": "way", "id": 1016414347, "amenity": "school", "ele": null, "gnis:feature_id": null, "name": "Public School 304", "wikidata": null, "old_name": null, "phone": null, "website": null, "wheelchair": null, "denomination": null, "religion": null, "addr:housenumber": null, "addr:postcode": null, "addr:street": null, "check_date": "2025-03-31", "addr:city": null, "addr:state": null, "alt_name": null, "brand": null, "brand:wikidata": null, "operator": null, "operator:short": null, "operator:type": null, "operator:website": null, "operator:wikidata": null, "operator:wikipedia": null, "postal_code": null, "short_name": null, "source": null, "capacity": null, "cityracks.housenum": null, "cityracks.installed": null, "cityracks.large": null, "cityracks.rackid": null, "cityracks.small": null, "cityracks.street": null, "bicycle_parking": null, "covered": null, "addr:country": null, "indoor_seating": null, "outdoor_seating": null, "cuisine": null, "payment:mastercard": null, "payment:visa": null, "shop": null, "black_owned": null, "opening_hours": null, "takeaway": null, "drink:beer": null, "drink:espresso": null, "drink:wine": null, "cocktails": null, "drink:liquor": null, "note": null, "fee": null, "disused:website": null, "diet:halal": null, "atm": null, "beauty": null, "delivery": null, "official_name": null, "drink:coffee": null, "check_date:opening_hours": null, "dispensing": null, "healthcare": null, "level": null, "happy_hours": null, "addr:housename": null, "bicycle_rental": null, "network": null, "network:wikidata": null, "network:wikipedia": null, "ref": null, "ref:gbfs": null, "second_hand": null, "diet:vegetarian": null, "drink:byob": null, "drink:tea": null, "fax": null, "craft": null, "payment:cards": null, "payment:cash": null, "payment:credit_cards": null, "payment:debit_cards": null, "drive_through": null, "tobacco": null, "opening_hours:signed": null, "diet:vegan": null, "dry_cleaning": null, "branch": null, "drink:sake": null, "contact:facebook": null, "contact:instagram": null, "contact:twitter": null, "internet_access": null, "internet_access:fee": null, "trade": null, "pawnbroker": null, "clothes": null, "bar": null, "addr:unit": null, "smoking": null, "walkup_window": null, "email": null, "leisure": null, "toilets": null, "toilets:access": null, "toilets:unisex": null, "toilets:wheelchair": null, "opening_hours:kitchen": null, "office": null, "social_facility": null, "collection_times": null, "sport": null, "check_date:service:bicycle:pump": null, "service:bicycle:pump": null, "fixme:atp": null, "fixme": null, "payment:apple_pay": null, "payment:contactless": null, "payment:financing": null, "payment:samsung_pay": null, "diet:kosher": null, "female": null, "male": null, "payment:ebt": null, "payment:coins": null, "reservation": null, "website:menu": null, "website:reservation": null, "live_music": null, "addr:place": null, "contact:website": null, "diet:gluten_free": null, "diet:pescetarian": null, "contact:email": null, "description": null, "route_ref": null, "vending": null, "drink:cocktail": null, "recycling": null, "recycling:cans": null, "recycling:glass_bottles": null, "recycling:plastic_bottles": null, "recycling_type": null, "backrest": null, "fountain": null, "contact:sms": null, "drink:bubble_tea": null, "check_date:diet:vegetarian": null, "contact:phone": null, "note:opening_hours": null, "community_centre:for": null, "lgbtq": null, "laundry_service": null, "self_service": null, "animal_boarding": null, "stroller": null, "instagram": null, "service:knife_sharpening": null, "building": null, "laptop": null, "community_centre": null, "catering": null, "survey:date": null, "phases": null, "not:brand:wikidata": null, "payment:american_express": null, "payment:discover_card": null, "start_date": null, "florist": null, "clothes:printing": null, "material": null, "toilets:disposal": null, "organic": null, "seats": null, "waste": null, "min_age": null, "cinema": null, "check_date:capacity": null, "access": null, "service:notary": null, "recycling:compost": null, "tourism": null, "recycling:food_waste": null, "recycling:green_waste": null, "hairdresser": null, "air_conditioning": null, "food": null, "public_bookcase:type": null, "addr:floor": null, "social_facility:for": null, "bottle": null, "address": null, "operating_hours": null, "payment:paypal": null, "healthcare:speciality": null, "parking": null, "armrest": null, "seats:separated": null, "two_sided": null, "operational_status": null, "direction": null, "fast_food": null, "height": null, "nycdoitt:bin": null, "building:levels": null, "fuel:propane": null, "addr:full": null, "layer": null, "service_times": null, "name:etymology:wikidata": null, "roof:levels": null, "disused:amenity": null, "operator:official": null, "building:material": null, "emergency": null, "surface": null, "shelter_type": null, "mascot": null, "polling_station": null, "beds": null, "wikipedia": null, "atm:operator": null, "barrier": null, "name:etymology": null, "theatre:type": null, "capacity:disabled": null, "books": null, "type": null, "neighborhood": "bedstuy", "compressed_air": null, "opening_hours:covid19": null, "playground": null, "drink:sangria": null, "name:es": null, "indoor": null, "information": null, "lgbtq:trans": null, "currency:USD": null, "service:bicycle:repair": null, "street_vendor": null, "colour": null, "location": null, "recycling:glass": null, "recycling:paper": null, "recycling:plastic": null, "contact:fax": null, "facebook": null, "grades": null, "brand:website": null, "opening_hours:drive_through": null, "education": null, "maxstay": null, "fenced": null, "drinking_water": null, "grade": null, "category": "Kids", "weight_min": 1, "weight_max": 7 }, "geometry": { "type": "Point", "coordinates": [ 1000682.485076271696016, 192024.301451449573506 ] } },
{ "type": "Feature", "properties": { "element": "way", "id": 1016414649, "amenity": "school", "ele": null, "gnis:feature_id": null, "name": "Public School 23", "wikidata": null, "old_name": null, "phone": null, "website": null, "wheelchair": null, "denomination": null, "religion": null, "addr:housenumber": null, "addr:postcode": null, "addr:street": null, "check_date": null, "addr:city": null, "addr:state": null, "alt_name": null, "brand": null, "brand:wikidata": null, "operator": null, "operator:short": null, "operator:type": null, "operator:website": null, "operator:wikidata": null, "operator:wikipedia": null, "postal_code": null, "short_name": null, "source": null, "capacity": null, "cityracks.housenum": null, "cityracks.installed": null, "cityracks.large": null, "cityracks.rackid": null, "cityracks.small": null, "cityracks.street": null, "bicycle_parking": null, "covered": null, "addr:country": null, "indoor_seating": null, "outdoor_seating": null, "cuisine": null, "payment:mastercard": null, "payment:visa": null, "shop": null, "black_owned": null, "opening_hours": null, "takeaway": null, "drink:beer": null, "drink:espresso": null, "drink:wine": null, "cocktails": null, "drink:liquor": null, "note": null, "fee": null, "disused:website": null, "diet:halal": null, "atm": null, "beauty": null, "delivery": null, "official_name": null, "drink:coffee": null, "check_date:opening_hours": null, "dispensing": null, "healthcare": null, "level": null, "happy_hours": null, "addr:housename": null, "bicycle_rental": null, "network": null, "network:wikidata": null, "network:wikipedia": null, "ref": null, "ref:gbfs": null, "second_hand": null, "diet:vegetarian": null, "drink:byob": null, "drink:tea": null, "fax": null, "craft": null, "payment:cards": null, "payment:cash": null, "payment:credit_cards": null, "payment:debit_cards": null, "drive_through": null, "tobacco": null, "opening_hours:signed": null, "diet:vegan": null, "dry_cleaning": null, "branch": null, "drink:sake": null, "contact:facebook": null, "contact:instagram": null, "contact:twitter": null, "internet_access": null, "internet_access:fee": null, "trade": null, "pawnbroker": null, "clothes": null, "bar": null, "addr:unit": null, "smoking": null, "walkup_window": null, "email": null, "leisure": null, "toilets": null, "toilets:access": null, "toilets:unisex": null, "toilets:wheelchair": null, "opening_hours:kitchen": null, "office": null, "social_facility": null, "collection_times": null, "sport": null, "check_date:service:bicycle:pump": null, "service:bicycle:pump": null, "fixme:atp": null, "fixme": null, "payment:apple_pay": null, "payment:contactless": null, "payment:financing": null, "payment:samsung_pay": null, "diet:kosher": null, "female": null, "male": null, "payment:ebt": null, "payment:coins": null, "reservation": null, "website:menu": null, "website:reservation": null, "live_music": null, "addr:place": null, "contact:website": null, "diet:gluten_free": null, "diet:pescetarian": null, "contact:email": null, "description": null, "route_ref": null, "vending": null, "drink:cocktail": null, "recycling": null, "recycling:cans": null, "recycling:glass_bottles": null, "recycling:plastic_bottles": null, "recycling_type": null, "backrest": null, "fountain": null, "contact:sms": null, "drink:bubble_tea": null, "check_date:diet:vegetarian": null, "contact:phone": null, "note:opening_hours": null, "community_centre:for": null, "lgbtq": null, "laundry_service": null, "self_service": null, "animal_boarding": null, "stroller": null, "instagram": null, "service:knife_sharpening": null, "building": null, "laptop": null, "community_centre": null, "catering": null, "survey:date": null, "phases": null, "not:brand:wikidata": null, "payment:american_express": null, "payment:discover_card": null, "start_date": null, "florist": null, "clothes:printing": null, "material": null, "toilets:disposal": null, "organic": null, "seats": null, "waste": null, "min_age": null, "cinema": null, "check_date:capacity": null, "access": null, "service:notary": null, "recycling:compost": null, "tourism": null, "recycling:food_waste": null, "recycling:green_waste": null, "hairdresser": null, "air_conditioning": null, "food": null, "public_bookcase:type": null, "addr:floor": null, "social_facility:for": null, "bottle": null, "address": null, "operating_hours": null, "payment:paypal": null, "healthcare:speciality": null, "parking": null, "armrest": null, "seats:separated": null, "two_sided": null, "operational_status": null, "direction": null, "fast_food": null, "height": null, "nycdoitt:bin": null, "building:levels": null, "fuel:propane": null, "addr:full": null, "layer": null, "service_times": null, "name:etymology:wikidata": null, "roof:levels": null, "disused:amenity": null, "operator:official": null, "building:material": null, "emergency": null, "surface": null, "shelter_type": null, "mascot": null, "polling_station": null, "beds": null, "wikipedia": null, "atm:operator": null, "barrier": null, "name:etymology": null, "theatre:type": null, "capacity:disabled": null, "books": null, "type": null, "neighborhood": "bedstuy", "compressed_air": null, "opening_hours:covid19": null, "playground": null, "drink:sangria": null, "name:es": null, "indoor": null, "information": null, "lgbtq:trans": null, "currency:USD": null, "service:bicycle:repair": null, "street_vendor": null, "colour": null, "location": null, "recycling:glass": null, "recycling:paper": null, "recycling:plastic": null, "contact:fax": null, "facebook": null, "grades": null, "brand:website": null, "opening_hours:drive_through": null, "education": null, "maxstay": null, "fenced": null, "drinking_water": null, "grade": null, "category": "Kids", "weight_min": 1, "weight_max": 7 }, "geometry": { "type": "Point", "coordinates": [ 998744.426136864, 192277.23464787271223 ] } },
{ "type": "Feature", "properties": { "element": "way", "id": 1016414798, "amenity": "school", "ele": null, "gnis:feature_id": null, "name": "Public School 256", "wikidata": null, "old_name": null, "phone": null, "website": null, "wheelchair": null, "denomination": null, "religion": null, "addr:housenumber": null, "addr:postcode": null, "addr:street": null, "check_date": "2025-05-07", "addr:city": null, "addr:state": null, "alt_name": null, "brand": null, "brand:wikidata": null, "operator": null, "operator:short": null, "operator:type": null, "operator:website": null, "operator:wikidata": null, "operator:wikipedia": null, "postal_code": null, "short_name": null, "source": null, "capacity": null, "cityracks.housenum": null, "cityracks.installed": null, "cityracks.large": null, "cityracks.rackid": null, "cityracks.small": null, "cityracks.street": null, "bicycle_parking": null, "covered": null, "addr:country": null, "indoor_seating": null, "outdoor_seating": null, "cuisine": null, "payment:mastercard": null, "payment:visa": null, "shop": null, "black_owned": null, "opening_hours": null, "takeaway": null, "drink:beer": null, "drink:espresso": null, "drink:wine": null, "cocktails": null, "drink:liquor": null, "note": null, "fee": null, "disused:website": null, "diet:halal": null, "atm": null, "beauty": null, "delivery": null, "official_name": null, "drink:coffee": null, "check_date:opening_hours": null, "dispensing": null, "healthcare": null, "level": null, "happy_hours": null, "addr:housename": null, "bicycle_rental": null, "network": null, "network:wikidata": null, "network:wikipedia": null, "ref": null, "ref:gbfs": null, "second_hand": null, "diet:vegetarian": null, "drink:byob": null, "drink:tea": null, "fax": null, "craft": null, "payment:cards": null, "payment:cash": null, "payment:credit_cards": null, "payment:debit_cards": null, "drive_through": null, "tobacco": null, "opening_hours:signed": null, "diet:vegan": null, "dry_cleaning": null, "branch": null, "drink:sake": null, "contact:facebook": null, "contact:instagram": null, "contact:twitter": null, "internet_access": null, "internet_access:fee": null, "trade": null, "pawnbroker": null, "clothes": null, "bar": null, "addr:unit": null, "smoking": null, "walkup_window": null, "email": null, "leisure": null, "toilets": null, "toilets:access": null, "toilets:unisex": null, "toilets:wheelchair": null, "opening_hours:kitchen": null, "office": null, "social_facility": null, "collection_times": null, "sport": null, "check_date:service:bicycle:pump": null, "service:bicycle:pump": null, "fixme:atp": null, "fixme": null, "payment:apple_pay": null, "payment:contactless": null, "payment:financing": null, "payment:samsung_pay": null, "diet:kosher": null, "female": null, "male": null, "payment:ebt": null, "payment:coins": null, "reservation": null, "website:menu": null, "website:reservation": null, "live_music": null, "addr:place": null, "contact:website": null, "diet:gluten_free": null, "diet:pescetarian": null, "contact:email": null, "description": null, "route_ref": null, "vending": null, "drink:cocktail": null, "recycling": null, "recycling:cans": null, "recycling:glass_bottles": null, "recycling:plastic_bottles": null, "recycling_type": null, "backrest": null, "fountain": null, "contact:sms": null, "drink:bubble_tea": null, "check_date:diet:vegetarian": null, "contact:phone": null, "note:opening_hours": null, "community_centre:for": null, "lgbtq": null, "laundry_service": null, "self_service": null, "animal_boarding": null, "stroller": null, "instagram": null, "service:knife_sharpening": null, "building": null, "laptop": null, "community_centre": null, "catering": null, "survey:date": null, "phases": null, "not:brand:wikidata": null, "payment:american_express": null, "payment:discover_card": null, "start_date": null, "florist": null, "clothes:printing": null, "material": null, "toilets:disposal": null, "organic": null, "seats": null, "waste": null, "min_age": null, "cinema": null, "check_date:capacity": null, "access": null, "service:notary": null, "recycling:compost": null, "tourism": null, "recycling:food_waste": null, "recycling:green_waste": null, "hairdresser": null, "air_conditioning": null, "food": null, "public_bookcase:type": null, "addr:floor": null, "social_facility:for": null, "bottle": null, "address": null, "operating_hours": null, "payment:paypal": null, "healthcare:speciality": null, "parking": null, "armrest": null, "seats:separated": null, "two_sided": null, "operational_status": null, "direction": null, "fast_food": null, "height": null, "nycdoitt:bin": null, "building:levels": null, "fuel:propane": null, "addr:full": null, "layer": null, "service_times": null, "name:etymology:wikidata": null, "roof:levels": null, "disused:amenity": null, "operator:official": null, "building:material": null, "emergency": null, "surface": null, "shelter_type": null, "mascot": null, "polling_station": null, "beds": null, "wikipedia": null, "atm:operator": null, "barrier": null, "name:etymology": null, "theatre:type": null, "capacity:disabled": null, "books": null, "type": null, "neighborhood": "bedstuy", "compressed_air": null, "opening_hours:covid19": null, "playground": null, "drink:sangria": null, "name:es": null, "indoor": null, "information": null, "lgbtq:trans": null, "currency:USD": null, "service:bicycle:repair": null, "street_vendor": null, "colour": null, "location": null, "recycling:glass": null, "recycling:paper": null, "recycling:plastic": null, "contact:fax": null, "facebook": null, "grades": null, "brand:website": null, "opening_hours:drive_through": null, "education": null, "maxstay": null, "fenced": null, "drinking_water": null, "grade": null, "category": "Kids", "weight_min": 1, "weight_max": 7 }, "geometry": { "type": "Point", "coordinates": [ 998157.526454408769496, 190841.676872631971492 ] } },
{ "type": "Feature", "properties": { "element": "way", "id": 1016415179, "amenity": "school", "ele": null, "gnis:feature_id": null, "name": "Public School 129", "wikidata": null, "old_name": null, "phone": null, "website": null, "wheelchair": null, "denomination": null, "religion": null, "addr:housenumber": null, "addr:postcode": null, "addr:street": null, "check_date": null, "addr:city": null, "addr:state": null, "alt_name": null, "brand": null, "brand:wikidata": null, "operator": null, "operator:short": null, "operator:type": null, "operator:website": null, "operator:wikidata": null, "operator:wikipedia": null, "postal_code": null, "short_name": null, "source": null, "capacity": null, "cityracks.housenum": null, "cityracks.installed": null, "cityracks.large": null, "cityracks.rackid": null, "cityracks.small": null, "cityracks.street": null, "bicycle_parking": null, "covered": null, "addr:country": null, "indoor_seating": null, "outdoor_seating": null, "cuisine": null, "payment:mastercard": null, "payment:visa": null, "shop": null, "black_owned": null, "opening_hours": null, "takeaway": null, "drink:beer": null, "drink:espresso": null, "drink:wine": null, "cocktails": null, "drink:liquor": null, "note": null, "fee": null, "disused:website": null, "diet:halal": null, "atm": null, "beauty": null, "delivery": null, "official_name": null, "drink:coffee": null, "check_date:opening_hours": null, "dispensing": null, "healthcare": null, "level": null, "happy_hours": null, "addr:housename": null, "bicycle_rental": null, "network": null, "network:wikidata": null, "network:wikipedia": null, "ref": null, "ref:gbfs": null, "second_hand": null, "diet:vegetarian": null, "drink:byob": null, "drink:tea": null, "fax": null, "craft": null, "payment:cards": null, "payment:cash": null, "payment:credit_cards": null, "payment:debit_cards": null, "drive_through": null, "tobacco": null, "opening_hours:signed": null, "diet:vegan": null, "dry_cleaning": null, "branch": null, "drink:sake": null, "contact:facebook": null, "contact:instagram": null, "contact:twitter": null, "internet_access": null, "internet_access:fee": null, "trade": null, "pawnbroker": null, "clothes": null, "bar": null, "addr:unit": null, "smoking": null, "walkup_window": null, "email": null, "leisure": null, "toilets": null, "toilets:access": null, "toilets:unisex": null, "toilets:wheelchair": null, "opening_hours:kitchen": null, "office": null, "social_facility": null, "collection_times": null, "sport": null, "check_date:service:bicycle:pump": null, "service:bicycle:pump": null, "fixme:atp": null, "fixme": null, "payment:apple_pay": null, "payment:contactless": null, "payment:financing": null, "payment:samsung_pay": null, "diet:kosher": null, "female": null, "male": null, "payment:ebt": null, "payment:coins": null, "reservation": null, "website:menu": null, "website:reservation": null, "live_music": null, "addr:place": null, "contact:website": null, "diet:gluten_free": null, "diet:pescetarian": null, "contact:email": null, "description": null, "route_ref": null, "vending": null, "drink:cocktail": null, "recycling": null, "recycling:cans": null, "recycling:glass_bottles": null, "recycling:plastic_bottles": null, "recycling_type": null, "backrest": null, "fountain": null, "contact:sms": null, "drink:bubble_tea": null, "check_date:diet:vegetarian": null, "contact:phone": null, "note:opening_hours": null, "community_centre:for": null, "lgbtq": null, "laundry_service": null, "self_service": null, "animal_boarding": null, "stroller": null, "instagram": null, "service:knife_sharpening": null, "building": null, "laptop": null, "community_centre": null, "catering": null, "survey:date": null, "phases": null, "not:brand:wikidata": null, "payment:american_express": null, "payment:discover_card": null, "start_date": null, "florist": null, "clothes:printing": null, "material": null, "toilets:disposal": null, "organic": null, "seats": null, "waste": null, "min_age": null, "cinema": null, "check_date:capacity": null, "access": null, "service:notary": null, "recycling:compost": null, "tourism": null, "recycling:food_waste": null, "recycling:green_waste": null, "hairdresser": null, "air_conditioning": null, "food": null, "public_bookcase:type": null, "addr:floor": null, "social_facility:for": null, "bottle": null, "address": null, "operating_hours": null, "payment:paypal": null, "healthcare:speciality": null, "parking": null, "armrest": null, "seats:separated": null, "two_sided": null, "operational_status": null, "direction": null, "fast_food": null, "height": null, "nycdoitt:bin": null, "building:levels": null, "fuel:propane": null, "addr:full": null, "layer": null, "service_times": null, "name:etymology:wikidata": null, "roof:levels": null, "disused:amenity": null, "operator:official": null, "building:material": null, "emergency": null, "surface": null, "shelter_type": null, "mascot": null, "polling_station": null, "beds": null, "wikipedia": null, "atm:operator": null, "barrier": null, "name:etymology": null, "theatre:type": null, "capacity:disabled": null, "books": null, "type": null, "neighborhood": "bedstuy", "compressed_air": null, "opening_hours:covid19": null, "playground": null, "drink:sangria": null, "name:es": null, "indoor": null, "information": null, "lgbtq:trans": null, "currency:USD": null, "service:bicycle:repair": null, "street_vendor": null, "colour": null, "location": null, "recycling:glass": null, "recycling:paper": null, "recycling:plastic": null, "contact:fax": null, "facebook": null, "grades": null, "brand:website": null, "opening_hours:drive_through": null, "education": null, "maxstay": null, "fenced": null, "drinking_water": null, "grade": null, "category": "Kids", "weight_min": 1, "weight_max": 7 }, "geometry": { "type": "Point", "coordinates": [ 1002168.379348395043053, 190065.559344175067963 ] } },
{ "type": "Feature", "properties": { "element": "way", "id": 1104542901, "amenity": "school", "ele": null, "gnis:feature_id": null, "name": "Public School 26", "wikidata": null, "old_name": null, "phone": null, "website": null, "wheelchair": null, "denomination": null, "religion": null, "addr:housenumber": null, "addr:postcode": null, "addr:street": null, "check_date": "2025-05-04", "addr:city": null, "addr:state": null, "alt_name": "The Jesse Owens School", "brand": null, "brand:wikidata": null, "operator": null, "operator:short": null, "operator:type": null, "operator:website": null, "operator:wikidata": null, "operator:wikipedia": null, "postal_code": null, "short_name": null, "source": null, "capacity": null, "cityracks.housenum": null, "cityracks.installed": null, "cityracks.large": null, "cityracks.rackid": null, "cityracks.small": null, "cityracks.street": null, "bicycle_parking": null, "covered": null, "addr:country": null, "indoor_seating": null, "outdoor_seating": null, "cuisine": null, "payment:mastercard": null, "payment:visa": null, "shop": null, "black_owned": null, "opening_hours": null, "takeaway": null, "drink:beer": null, "drink:espresso": null, "drink:wine": null, "cocktails": null, "drink:liquor": null, "note": null, "fee": null, "disused:website": null, "diet:halal": null, "atm": null, "beauty": null, "delivery": null, "official_name": null, "drink:coffee": null, "check_date:opening_hours": null, "dispensing": null, "healthcare": null, "level": null, "happy_hours": null, "addr:housename": null, "bicycle_rental": null, "network": null, "network:wikidata": null, "network:wikipedia": null, "ref": null, "ref:gbfs": null, "second_hand": null, "diet:vegetarian": null, "drink:byob": null, "drink:tea": null, "fax": null, "craft": null, "payment:cards": null, "payment:cash": null, "payment:credit_cards": null, "payment:debit_cards": null, "drive_through": null, "tobacco": null, "opening_hours:signed": null, "diet:vegan": null, "dry_cleaning": null, "branch": null, "drink:sake": null, "contact:facebook": null, "contact:instagram": null, "contact:twitter": null, "internet_access": null, "internet_access:fee": null, "trade": null, "pawnbroker": null, "clothes": null, "bar": null, "addr:unit": null, "smoking": null, "walkup_window": null, "email": null, "leisure": null, "toilets": null, "toilets:access": null, "toilets:unisex": null, "toilets:wheelchair": null, "opening_hours:kitchen": null, "office": null, "social_facility": null, "collection_times": null, "sport": null, "check_date:service:bicycle:pump": null, "service:bicycle:pump": null, "fixme:atp": null, "fixme": null, "payment:apple_pay": null, "payment:contactless": null, "payment:financing": null, "payment:samsung_pay": null, "diet:kosher": null, "female": null, "male": null, "payment:ebt": null, "payment:coins": null, "reservation": null, "website:menu": null, "website:reservation": null, "live_music": null, "addr:place": null, "contact:website": null, "diet:gluten_free": null, "diet:pescetarian": null, "contact:email": null, "description": null, "route_ref": null, "vending": null, "drink:cocktail": null, "recycling": null, "recycling:cans": null, "recycling:glass_bottles": null, "recycling:plastic_bottles": null, "recycling_type": null, "backrest": null, "fountain": null, "contact:sms": null, "drink:bubble_tea": null, "check_date:diet:vegetarian": null, "contact:phone": null, "note:opening_hours": null, "community_centre:for": null, "lgbtq": null, "laundry_service": null, "self_service": null, "animal_boarding": null, "stroller": null, "instagram": null, "service:knife_sharpening": null, "building": null, "laptop": null, "community_centre": null, "catering": null, "survey:date": null, "phases": null, "not:brand:wikidata": null, "payment:american_express": null, "payment:discover_card": null, "start_date": null, "florist": null, "clothes:printing": null, "material": null, "toilets:disposal": null, "organic": null, "seats": null, "waste": null, "min_age": null, "cinema": null, "check_date:capacity": null, "access": null, "service:notary": null, "recycling:compost": null, "tourism": null, "recycling:food_waste": null, "recycling:green_waste": null, "hairdresser": null, "air_conditioning": null, "food": null, "public_bookcase:type": null, "addr:floor": null, "social_facility:for": null, "bottle": null, "address": null, "operating_hours": null, "payment:paypal": null, "healthcare:speciality": null, "parking": null, "armrest": null, "seats:separated": null, "two_sided": null, "operational_status": null, "direction": null, "fast_food": null, "height": null, "nycdoitt:bin": null, "building:levels": null, "fuel:propane": null, "addr:full": null, "layer": null, "service_times": null, "name:etymology:wikidata": null, "roof:levels": null, "disused:amenity": null, "operator:official": null, "building:material": null, "emergency": null, "surface": null, "shelter_type": null, "mascot": null, "polling_station": null, "beds": null, "wikipedia": null, "atm:operator": null, "barrier": null, "name:etymology": null, "theatre:type": null, "capacity:disabled": null, "books": null, "type": null, "neighborhood": "bedstuy", "compressed_air": null, "opening_hours:covid19": null, "playground": null, "drink:sangria": null, "name:es": null, "indoor": null, "information": null, "lgbtq:trans": null, "currency:USD": null, "service:bicycle:repair": null, "street_vendor": null, "colour": null, "location": null, "recycling:glass": null, "recycling:paper": null, "recycling:plastic": null, "contact:fax": null, "facebook": null, "grades": null, "brand:website": null, "opening_hours:drive_through": null, "education": null, "maxstay": null, "fenced": null, "drinking_water": null, "grade": null, "category": "Kids", "weight_min": 1, "weight_max": 7 }, "geometry": { "type": "Point", "coordinates": [ 1003271.581066984334029, 191235.519193250162061 ] } },
{ "type": "Feature", "properties": { "element": "way", "id": 1104543354, "amenity": "school", "ele": null, "gnis:feature_id": null, "name": "Public School 18", "wikidata": null, "old_name": null, "phone": null, "website": null, "wheelchair": null, "denomination": null, "religion": null, "addr:housenumber": null, "addr:postcode": null, "addr:street": null, "check_date": "2025-05-08", "addr:city": null, "addr:state": null, "alt_name": null, "brand": null, "brand:wikidata": null, "operator": null, "operator:short": null, "operator:type": null, "operator:website": null, "operator:wikidata": null, "operator:wikipedia": null, "postal_code": null, "short_name": null, "source": null, "capacity": null, "cityracks.housenum": null, "cityracks.installed": null, "cityracks.large": null, "cityracks.rackid": null, "cityracks.small": null, "cityracks.street": null, "bicycle_parking": null, "covered": null, "addr:country": null, "indoor_seating": null, "outdoor_seating": null, "cuisine": null, "payment:mastercard": null, "payment:visa": null, "shop": null, "black_owned": null, "opening_hours": null, "takeaway": null, "drink:beer": null, "drink:espresso": null, "drink:wine": null, "cocktails": null, "drink:liquor": null, "note": null, "fee": null, "disused:website": null, "diet:halal": null, "atm": null, "beauty": null, "delivery": null, "official_name": null, "drink:coffee": null, "check_date:opening_hours": null, "dispensing": null, "healthcare": null, "level": null, "happy_hours": null, "addr:housename": null, "bicycle_rental": null, "network": null, "network:wikidata": null, "network:wikipedia": null, "ref": null, "ref:gbfs": null, "second_hand": null, "diet:vegetarian": null, "drink:byob": null, "drink:tea": null, "fax": null, "craft": null, "payment:cards": null, "payment:cash": null, "payment:credit_cards": null, "payment:debit_cards": null, "drive_through": null, "tobacco": null, "opening_hours:signed": null, "diet:vegan": null, "dry_cleaning": null, "branch": null, "drink:sake": null, "contact:facebook": null, "contact:instagram": null, "contact:twitter": null, "internet_access": null, "internet_access:fee": null, "trade": null, "pawnbroker": null, "clothes": null, "bar": null, "addr:unit": null, "smoking": null, "walkup_window": null, "email": null, "leisure": null, "toilets": null, "toilets:access": null, "toilets:unisex": null, "toilets:wheelchair": null, "opening_hours:kitchen": null, "office": null, "social_facility": null, "collection_times": null, "sport": null, "check_date:service:bicycle:pump": null, "service:bicycle:pump": null, "fixme:atp": null, "fixme": null, "payment:apple_pay": null, "payment:contactless": null, "payment:financing": null, "payment:samsung_pay": null, "diet:kosher": null, "female": null, "male": null, "payment:ebt": null, "payment:coins": null, "reservation": null, "website:menu": null, "website:reservation": null, "live_music": null, "addr:place": null, "contact:website": null, "diet:gluten_free": null, "diet:pescetarian": null, "contact:email": null, "description": null, "route_ref": null, "vending": null, "drink:cocktail": null, "recycling": null, "recycling:cans": null, "recycling:glass_bottles": null, "recycling:plastic_bottles": null, "recycling_type": null, "backrest": null, "fountain": null, "contact:sms": null, "drink:bubble_tea": null, "check_date:diet:vegetarian": null, "contact:phone": null, "note:opening_hours": null, "community_centre:for": null, "lgbtq": null, "laundry_service": null, "self_service": null, "animal_boarding": null, "stroller": null, "instagram": null, "service:knife_sharpening": null, "building": null, "laptop": null, "community_centre": null, "catering": null, "survey:date": null, "phases": null, "not:brand:wikidata": null, "payment:american_express": null, "payment:discover_card": null, "start_date": null, "florist": null, "clothes:printing": null, "material": null, "toilets:disposal": null, "organic": null, "seats": null, "waste": null, "min_age": null, "cinema": null, "check_date:capacity": null, "access": null, "service:notary": null, "recycling:compost": null, "tourism": null, "recycling:food_waste": null, "recycling:green_waste": null, "hairdresser": null, "air_conditioning": null, "food": null, "public_bookcase:type": null, "addr:floor": null, "social_facility:for": null, "bottle": null, "address": null, "operating_hours": null, "payment:paypal": null, "healthcare:speciality": null, "parking": null, "armrest": null, "seats:separated": null, "two_sided": null, "operational_status": null, "direction": null, "fast_food": null, "height": null, "nycdoitt:bin": null, "building:levels": null, "fuel:propane": null, "addr:full": null, "layer": null, "service_times": null, "name:etymology:wikidata": null, "roof:levels": null, "disused:amenity": null, "operator:official": null, "building:material": null, "emergency": null, "surface": null, "shelter_type": null, "mascot": null, "polling_station": null, "beds": null, "wikipedia": null, "atm:operator": null, "barrier": null, "name:etymology": null, "theatre:type": null, "capacity:disabled": null, "books": null, "type": null, "neighborhood": "bedstuy", "compressed_air": null, "opening_hours:covid19": null, "playground": null, "drink:sangria": null, "name:es": null, "indoor": null, "information": null, "lgbtq:trans": null, "currency:USD": null, "service:bicycle:repair": null, "street_vendor": null, "colour": null, "location": null, "recycling:glass": null, "recycling:paper": null, "recycling:plastic": null, "contact:fax": null, "facebook": null, "grades": null, "brand:website": null, "opening_hours:drive_through": null, "education": null, "maxstay": null, "fenced": null, "drinking_water": null, "grade": null, "category": "Kids", "weight_min": 1, "weight_max": 7 }, "geometry": { "type": "Point", "coordinates": [ 1002355.395428168587387, 191742.905437295761658 ] } },
{ "type": "Feature", "properties": { "element": "way", "id": 1214429592, "amenity": "school", "ele": "15", "gnis:feature_id": "961574", "name": "Public School 25", "wikidata": "Q74850221", "old_name": null, "phone": null, "website": null, "wheelchair": null, "denomination": null, "religion": null, "addr:housenumber": "787", "addr:postcode": "11221", "addr:street": "Lafayette Avenue", "check_date": null, "addr:city": null, "addr:state": null, "alt_name": null, "brand": null, "brand:wikidata": null, "operator": null, "operator:short": null, "operator:type": null, "operator:website": null, "operator:wikidata": null, "operator:wikipedia": null, "postal_code": null, "short_name": null, "source": null, "capacity": null, "cityracks.housenum": null, "cityracks.installed": null, "cityracks.large": null, "cityracks.rackid": null, "cityracks.small": null, "cityracks.street": null, "bicycle_parking": null, "covered": null, "addr:country": null, "indoor_seating": null, "outdoor_seating": null, "cuisine": null, "payment:mastercard": null, "payment:visa": null, "shop": null, "black_owned": null, "opening_hours": null, "takeaway": null, "drink:beer": null, "drink:espresso": null, "drink:wine": null, "cocktails": null, "drink:liquor": null, "note": null, "fee": null, "disused:website": null, "diet:halal": null, "atm": null, "beauty": null, "delivery": null, "official_name": null, "drink:coffee": null, "check_date:opening_hours": null, "dispensing": null, "healthcare": null, "level": null, "happy_hours": null, "addr:housename": null, "bicycle_rental": null, "network": null, "network:wikidata": null, "network:wikipedia": null, "ref": null, "ref:gbfs": null, "second_hand": null, "diet:vegetarian": null, "drink:byob": null, "drink:tea": null, "fax": null, "craft": null, "payment:cards": null, "payment:cash": null, "payment:credit_cards": null, "payment:debit_cards": null, "drive_through": null, "tobacco": null, "opening_hours:signed": null, "diet:vegan": null, "dry_cleaning": null, "branch": null, "drink:sake": null, "contact:facebook": null, "contact:instagram": null, "contact:twitter": null, "internet_access": null, "internet_access:fee": null, "trade": null, "pawnbroker": null, "clothes": null, "bar": null, "addr:unit": null, "smoking": null, "walkup_window": null, "email": null, "leisure": null, "toilets": null, "toilets:access": null, "toilets:unisex": null, "toilets:wheelchair": null, "opening_hours:kitchen": null, "office": null, "social_facility": null, "collection_times": null, "sport": null, "check_date:service:bicycle:pump": null, "service:bicycle:pump": null, "fixme:atp": null, "fixme": null, "payment:apple_pay": null, "payment:contactless": null, "payment:financing": null, "payment:samsung_pay": null, "diet:kosher": null, "female": null, "male": null, "payment:ebt": null, "payment:coins": null, "reservation": null, "website:menu": null, "website:reservation": null, "live_music": null, "addr:place": null, "contact:website": null, "diet:gluten_free": null, "diet:pescetarian": null, "contact:email": null, "description": null, "route_ref": null, "vending": null, "drink:cocktail": null, "recycling": null, "recycling:cans": null, "recycling:glass_bottles": null, "recycling:plastic_bottles": null, "recycling_type": null, "backrest": null, "fountain": null, "contact:sms": null, "drink:bubble_tea": null, "check_date:diet:vegetarian": null, "contact:phone": null, "note:opening_hours": null, "community_centre:for": null, "lgbtq": null, "laundry_service": null, "self_service": null, "animal_boarding": null, "stroller": null, "instagram": null, "service:knife_sharpening": null, "building": null, "laptop": null, "community_centre": null, "catering": null, "survey:date": null, "phases": null, "not:brand:wikidata": null, "payment:american_express": null, "payment:discover_card": null, "start_date": null, "florist": null, "clothes:printing": null, "material": null, "toilets:disposal": null, "organic": null, "seats": null, "waste": null, "min_age": null, "cinema": null, "check_date:capacity": null, "access": null, "service:notary": null, "recycling:compost": null, "tourism": null, "recycling:food_waste": null, "recycling:green_waste": null, "hairdresser": null, "air_conditioning": null, "food": null, "public_bookcase:type": null, "addr:floor": null, "social_facility:for": null, "bottle": null, "address": null, "operating_hours": null, "payment:paypal": null, "healthcare:speciality": null, "parking": null, "armrest": null, "seats:separated": null, "two_sided": null, "operational_status": null, "direction": null, "fast_food": null, "height": "21.2", "nycdoitt:bin": "3049858", "building:levels": null, "fuel:propane": null, "addr:full": null, "layer": null, "service_times": null, "name:etymology:wikidata": null, "roof:levels": null, "disused:amenity": null, "operator:official": null, "building:material": null, "emergency": null, "surface": null, "shelter_type": null, "mascot": null, "polling_station": null, "beds": null, "wikipedia": null, "atm:operator": null, "barrier": null, "name:etymology": null, "theatre:type": null, "capacity:disabled": null, "books": null, "type": null, "neighborhood": "bedstuy", "compressed_air": null, "opening_hours:covid19": null, "playground": null, "drink:sangria": null, "name:es": null, "indoor": null, "information": null, "lgbtq:trans": null, "currency:USD": null, "service:bicycle:repair": null, "street_vendor": null, "colour": null, "location": null, "recycling:glass": null, "recycling:paper": null, "recycling:plastic": null, "contact:fax": null, "facebook": null, "grades": null, "brand:website": null, "opening_hours:drive_through": null, "education": null, "maxstay": null, "fenced": null, "drinking_water": null, "grade": null, "category": "Kids", "weight_min": 1, "weight_max": 7 }, "geometry": { "type": "Point", "coordinates": [ 1000635.41718318592757, 191199.658973533281824 ] } },
{ "type": "Feature", "properties": { "element": "node", "id": 357647499, "amenity": "school", "ele": "18", "gnis:feature_id": "2487057", "name": "Plaza College", "wikidata": null, "old_name": null, "phone": null, "website": null, "wheelchair": null, "denomination": null, "religion": null, "addr:housenumber": null, "addr:postcode": null, "addr:street": null, "check_date": null, "addr:city": null, "addr:state": null, "alt_name": null, "brand": null, "brand:wikidata": null, "operator": null, "operator:short": null, "operator:type": null, "operator:website": null, "operator:wikidata": null, "operator:wikipedia": null, "postal_code": null, "short_name": null, "source": null, "capacity": null, "cityracks.housenum": null, "cityracks.installed": null, "cityracks.large": null, "cityracks.rackid": null, "cityracks.small": null, "cityracks.street": null, "bicycle_parking": null, "covered": null, "addr:country": null, "indoor_seating": null, "outdoor_seating": null, "cuisine": null, "payment:mastercard": null, "payment:visa": null, "shop": null, "black_owned": null, "opening_hours": null, "takeaway": null, "drink:beer": null, "drink:espresso": null, "drink:wine": null, "cocktails": null, "drink:liquor": null, "note": null, "fee": null, "disused:website": null, "diet:halal": null, "atm": null, "beauty": null, "delivery": null, "official_name": null, "drink:coffee": null, "check_date:opening_hours": null, "dispensing": null, "healthcare": null, "level": null, "happy_hours": null, "addr:housename": null, "bicycle_rental": null, "network": null, "network:wikidata": null, "network:wikipedia": null, "ref": null, "ref:gbfs": null, "second_hand": null, "diet:vegetarian": null, "drink:byob": null, "drink:tea": null, "fax": null, "craft": null, "payment:cards": null, "payment:cash": null, "payment:credit_cards": null, "payment:debit_cards": null, "drive_through": null, "tobacco": null, "opening_hours:signed": null, "diet:vegan": null, "dry_cleaning": null, "branch": null, "drink:sake": null, "contact:facebook": null, "contact:instagram": null, "contact:twitter": null, "internet_access": null, "internet_access:fee": null, "trade": null, "pawnbroker": null, "clothes": null, "bar": null, "addr:unit": null, "smoking": null, "walkup_window": null, "email": null, "leisure": null, "toilets": null, "toilets:access": null, "toilets:unisex": null, "toilets:wheelchair": null, "opening_hours:kitchen": null, "office": null, "social_facility": null, "collection_times": null, "sport": null, "check_date:service:bicycle:pump": null, "service:bicycle:pump": null, "fixme:atp": null, "fixme": null, "payment:apple_pay": null, "payment:contactless": null, "payment:financing": null, "payment:samsung_pay": null, "diet:kosher": null, "female": null, "male": null, "payment:ebt": null, "payment:coins": null, "reservation": null, "website:menu": null, "website:reservation": null, "live_music": null, "addr:place": null, "contact:website": null, "diet:gluten_free": null, "diet:pescetarian": null, "contact:email": null, "description": null, "route_ref": null, "vending": null, "drink:cocktail": null, "recycling": null, "recycling:cans": null, "recycling:glass_bottles": null, "recycling:plastic_bottles": null, "recycling_type": null, "backrest": null, "fountain": null, "contact:sms": null, "drink:bubble_tea": null, "check_date:diet:vegetarian": null, "contact:phone": null, "note:opening_hours": null, "community_centre:for": null, "lgbtq": null, "laundry_service": null, "self_service": null, "animal_boarding": null, "stroller": null, "instagram": null, "service:knife_sharpening": null, "building": null, "laptop": null, "community_centre": null, "catering": null, "survey:date": null, "phases": null, "not:brand:wikidata": null, "payment:american_express": null, "payment:discover_card": null, "start_date": null, "florist": null, "clothes:printing": null, "material": null, "toilets:disposal": null, "organic": null, "seats": null, "waste": null, "min_age": null, "cinema": null, "check_date:capacity": null, "access": null, "service:notary": null, "recycling:compost": null, "tourism": null, "recycling:food_waste": null, "recycling:green_waste": null, "hairdresser": null, "air_conditioning": null, "food": null, "public_bookcase:type": null, "addr:floor": null, "social_facility:for": null, "bottle": null, "address": null, "operating_hours": null, "payment:paypal": null, "healthcare:speciality": null, "parking": null, "armrest": null, "seats:separated": null, "two_sided": null, "operational_status": null, "direction": null, "fast_food": null, "height": null, "nycdoitt:bin": null, "building:levels": null, "fuel:propane": null, "addr:full": null, "layer": null, "service_times": null, "name:etymology:wikidata": null, "roof:levels": null, "disused:amenity": null, "operator:official": null, "building:material": null, "emergency": null, "surface": null, "shelter_type": null, "mascot": null, "polling_station": null, "beds": null, "wikipedia": null, "atm:operator": null, "barrier": null, "name:etymology": null, "theatre:type": null, "capacity:disabled": null, "books": null, "type": null, "neighborhood": "jacksonheights", "compressed_air": null, "opening_hours:covid19": null, "playground": null, "drink:sangria": null, "name:es": null, "indoor": null, "information": null, "lgbtq:trans": null, "currency:USD": null, "service:bicycle:repair": null, "street_vendor": null, "colour": null, "location": null, "recycling:glass": null, "recycling:paper": null, "recycling:plastic": null, "contact:fax": null, "facebook": null, "grades": null, "brand:website": null, "opening_hours:drive_through": null, "education": null, "maxstay": null, "fenced": null, "drinking_water": null, "grade": null, "category": "Kids", "weight_min": 1, "weight_max": 7 }, "geometry": { "type": "Point", "coordinates": [ 1014343.521427203551866, 212237.225500412576366 ] } },
{ "type": "Feature", "properties": { "element": "node", "id": 2570139383, "amenity": "school", "ele": null, "gnis:feature_id": null, "name": "Renaissance Charter School", "wikidata": "Q17182293", "old_name": null, "phone": null, "website": "http://www.renaissancecharter.org/", "wheelchair": null, "denomination": null, "religion": null, "addr:housenumber": "35-59", "addr:postcode": "11372", "addr:street": "81st Street", "check_date": null, "addr:city": null, "addr:state": null, "alt_name": null, "brand": null, "brand:wikidata": null, "operator": null, "operator:short": null, "operator:type": null, "operator:website": null, "operator:wikidata": null, "operator:wikipedia": null, "postal_code": null, "short_name": null, "source": null, "capacity": null, "cityracks.housenum": null, "cityracks.installed": null, "cityracks.large": null, "cityracks.rackid": null, "cityracks.small": null, "cityracks.street": null, "bicycle_parking": null, "covered": null, "addr:country": null, "indoor_seating": null, "outdoor_seating": null, "cuisine": null, "payment:mastercard": null, "payment:visa": null, "shop": null, "black_owned": null, "opening_hours": null, "takeaway": null, "drink:beer": null, "drink:espresso": null, "drink:wine": null, "cocktails": null, "drink:liquor": null, "note": null, "fee": null, "disused:website": null, "diet:halal": null, "atm": null, "beauty": null, "delivery": null, "official_name": null, "drink:coffee": null, "check_date:opening_hours": null, "dispensing": null, "healthcare": null, "level": null, "happy_hours": null, "addr:housename": null, "bicycle_rental": null, "network": null, "network:wikidata": null, "network:wikipedia": null, "ref": null, "ref:gbfs": null, "second_hand": null, "diet:vegetarian": null, "drink:byob": null, "drink:tea": null, "fax": null, "craft": null, "payment:cards": null, "payment:cash": null, "payment:credit_cards": null, "payment:debit_cards": null, "drive_through": null, "tobacco": null, "opening_hours:signed": null, "diet:vegan": null, "dry_cleaning": null, "branch": null, "drink:sake": null, "contact:facebook": null, "contact:instagram": null, "contact:twitter": null, "internet_access": null, "internet_access:fee": null, "trade": null, "pawnbroker": null, "clothes": null, "bar": null, "addr:unit": null, "smoking": null, "walkup_window": null, "email": null, "leisure": null, "toilets": null, "toilets:access": null, "toilets:unisex": null, "toilets:wheelchair": null, "opening_hours:kitchen": null, "office": null, "social_facility": null, "collection_times": null, "sport": null, "check_date:service:bicycle:pump": null, "service:bicycle:pump": null, "fixme:atp": null, "fixme": null, "payment:apple_pay": null, "payment:contactless": null, "payment:financing": null, "payment:samsung_pay": null, "diet:kosher": null, "female": null, "male": null, "payment:ebt": null, "payment:coins": null, "reservation": null, "website:menu": null, "website:reservation": null, "live_music": null, "addr:place": null, "contact:website": null, "diet:gluten_free": null, "diet:pescetarian": null, "contact:email": null, "description": null, "route_ref": null, "vending": null, "drink:cocktail": null, "recycling": null, "recycling:cans": null, "recycling:glass_bottles": null, "recycling:plastic_bottles": null, "recycling_type": null, "backrest": null, "fountain": null, "contact:sms": null, "drink:bubble_tea": null, "check_date:diet:vegetarian": null, "contact:phone": null, "note:opening_hours": null, "community_centre:for": null, "lgbtq": null, "laundry_service": null, "self_service": null, "animal_boarding": null, "stroller": null, "instagram": null, "service:knife_sharpening": null, "building": null, "laptop": null, "community_centre": null, "catering": null, "survey:date": null, "phases": null, "not:brand:wikidata": null, "payment:american_express": null, "payment:discover_card": null, "start_date": null, "florist": null, "clothes:printing": null, "material": null, "toilets:disposal": null, "organic": null, "seats": null, "waste": null, "min_age": null, "cinema": null, "check_date:capacity": null, "access": null, "service:notary": null, "recycling:compost": null, "tourism": null, "recycling:food_waste": null, "recycling:green_waste": null, "hairdresser": null, "air_conditioning": null, "food": null, "public_bookcase:type": null, "addr:floor": null, "social_facility:for": null, "bottle": null, "address": null, "operating_hours": null, "payment:paypal": null, "healthcare:speciality": null, "parking": null, "armrest": null, "seats:separated": null, "two_sided": null, "operational_status": null, "direction": null, "fast_food": null, "height": null, "nycdoitt:bin": null, "building:levels": null, "fuel:propane": null, "addr:full": null, "layer": null, "service_times": null, "name:etymology:wikidata": null, "roof:levels": null, "disused:amenity": null, "operator:official": null, "building:material": null, "emergency": null, "surface": null, "shelter_type": null, "mascot": null, "polling_station": null, "beds": null, "wikipedia": null, "atm:operator": null, "barrier": null, "name:etymology": null, "theatre:type": null, "capacity:disabled": null, "books": null, "type": null, "neighborhood": "jacksonheights", "compressed_air": null, "opening_hours:covid19": null, "playground": null, "drink:sangria": null, "name:es": null, "indoor": null, "information": null, "lgbtq:trans": null, "currency:USD": null, "service:bicycle:repair": null, "street_vendor": null, "colour": null, "location": null, "recycling:glass": null, "recycling:paper": null, "recycling:plastic": null, "contact:fax": null, "facebook": null, "grades": null, "brand:website": null, "opening_hours:drive_through": null, "education": null, "maxstay": null, "fenced": null, "drinking_water": null, "grade": null, "category": "Kids", "weight_min": 1, "weight_max": 7 }, "geometry": { "type": "Point", "coordinates": [ 1016067.614897875464521, 212525.139144602231681 ] } },
{ "type": "Feature", "properties": { "element": "relation", "id": 6654661, "amenity": "school", "ele": null, "gnis:feature_id": null, "name": "I.S. 230Q - Annex", "wikidata": null, "old_name": null, "phone": null, "website": "https://is-230.echalksites.com/", "wheelchair": null, "denomination": null, "religion": null, "addr:housenumber": "74-03", "addr:postcode": "11372", "addr:street": "34th Avenue", "check_date": null, "addr:city": "Jackson Heights", "addr:state": "NY", "alt_name": null, "brand": null, "brand:wikidata": null, "operator": null, "operator:short": null, "operator:type": null, "operator:website": null, "operator:wikidata": null, "operator:wikipedia": null, "postal_code": null, "short_name": null, "source": null, "capacity": null, "cityracks.housenum": null, "cityracks.installed": null, "cityracks.large": null, "cityracks.rackid": null, "cityracks.small": null, "cityracks.street": null, "bicycle_parking": null, "covered": null, "addr:country": null, "indoor_seating": null, "outdoor_seating": null, "cuisine": null, "payment:mastercard": null, "payment:visa": null, "shop": null, "black_owned": null, "opening_hours": null, "takeaway": null, "drink:beer": null, "drink:espresso": null, "drink:wine": null, "cocktails": null, "drink:liquor": null, "note": null, "fee": null, "disused:website": null, "diet:halal": null, "atm": null, "beauty": null, "delivery": null, "official_name": null, "drink:coffee": null, "check_date:opening_hours": null, "dispensing": null, "healthcare": null, "level": null, "happy_hours": null, "addr:housename": null, "bicycle_rental": null, "network": null, "network:wikidata": null, "network:wikipedia": null, "ref": null, "ref:gbfs": null, "second_hand": null, "diet:vegetarian": null, "drink:byob": null, "drink:tea": null, "fax": null, "craft": null, "payment:cards": null, "payment:cash": null, "payment:credit_cards": null, "payment:debit_cards": null, "drive_through": null, "tobacco": null, "opening_hours:signed": null, "diet:vegan": null, "dry_cleaning": null, "branch": null, "drink:sake": null, "contact:facebook": null, "contact:instagram": null, "contact:twitter": null, "internet_access": null, "internet_access:fee": null, "trade": null, "pawnbroker": null, "clothes": null, "bar": null, "addr:unit": null, "smoking": null, "walkup_window": null, "email": null, "leisure": null, "toilets": null, "toilets:access": null, "toilets:unisex": null, "toilets:wheelchair": null, "opening_hours:kitchen": null, "office": null, "social_facility": null, "collection_times": null, "sport": null, "check_date:service:bicycle:pump": null, "service:bicycle:pump": null, "fixme:atp": null, "fixme": null, "payment:apple_pay": null, "payment:contactless": null, "payment:financing": null, "payment:samsung_pay": null, "diet:kosher": null, "female": null, "male": null, "payment:ebt": null, "payment:coins": null, "reservation": null, "website:menu": null, "website:reservation": null, "live_music": null, "addr:place": null, "contact:website": null, "diet:gluten_free": null, "diet:pescetarian": null, "contact:email": null, "description": null, "route_ref": null, "vending": null, "drink:cocktail": null, "recycling": null, "recycling:cans": null, "recycling:glass_bottles": null, "recycling:plastic_bottles": null, "recycling_type": null, "backrest": null, "fountain": null, "contact:sms": null, "drink:bubble_tea": null, "check_date:diet:vegetarian": null, "contact:phone": null, "note:opening_hours": null, "community_centre:for": null, "lgbtq": null, "laundry_service": null, "self_service": null, "animal_boarding": null, "stroller": null, "instagram": null, "service:knife_sharpening": null, "building": null, "laptop": null, "community_centre": null, "catering": null, "survey:date": null, "phases": null, "not:brand:wikidata": null, "payment:american_express": null, "payment:discover_card": null, "start_date": null, "florist": null, "clothes:printing": null, "material": null, "toilets:disposal": null, "organic": null, "seats": null, "waste": null, "min_age": null, "cinema": null, "check_date:capacity": null, "access": null, "service:notary": null, "recycling:compost": null, "tourism": null, "recycling:food_waste": null, "recycling:green_waste": null, "hairdresser": null, "air_conditioning": null, "food": null, "public_bookcase:type": null, "addr:floor": null, "social_facility:for": null, "bottle": null, "address": null, "operating_hours": null, "payment:paypal": null, "healthcare:speciality": null, "parking": null, "armrest": null, "seats:separated": null, "two_sided": null, "operational_status": null, "direction": null, "fast_food": null, "height": null, "nycdoitt:bin": null, "building:levels": null, "fuel:propane": null, "addr:full": null, "layer": null, "service_times": null, "name:etymology:wikidata": null, "roof:levels": null, "disused:amenity": null, "operator:official": null, "building:material": null, "emergency": null, "surface": null, "shelter_type": null, "mascot": null, "polling_station": null, "beds": null, "wikipedia": null, "atm:operator": null, "barrier": null, "name:etymology": null, "theatre:type": null, "capacity:disabled": null, "books": null, "type": "multipolygon", "neighborhood": "jacksonheights", "compressed_air": null, "opening_hours:covid19": null, "playground": null, "drink:sangria": null, "name:es": null, "indoor": null, "information": null, "lgbtq:trans": null, "currency:USD": null, "service:bicycle:repair": null, "street_vendor": null, "colour": null, "location": null, "recycling:glass": null, "recycling:paper": null, "recycling:plastic": null, "contact:fax": null, "facebook": null, "grades": null, "brand:website": null, "opening_hours:drive_through": null, "education": null, "maxstay": null, "fenced": null, "drinking_water": null, "grade": "6", "category": "Kids", "weight_min": 1, "weight_max": 7 }, "geometry": { "type": "Point", "coordinates": [ 1014112.524510833434761, 213719.265711268410087 ] } },
{ "type": "Feature", "properties": { "element": "way", "id": 250583708, "amenity": "school", "ele": null, "gnis:feature_id": null, "name": "P.S. 222Q - Fire Fighter Christopher A. Santora School", "wikidata": null, "old_name": null, "phone": "+1-718-429-2563", "website": "https://www.schools.nyc.gov/schools/Q222", "wheelchair": "yes", "denomination": null, "religion": null, "addr:housenumber": "86-15", "addr:postcode": "11372", "addr:street": "37th Avenue", "check_date": null, "addr:city": "Jackson Heights", "addr:state": "NY", "alt_name": "Fire Fighter Christopher A. Santora School", "brand": null, "brand:wikidata": null, "operator": "New York City Department of Education", "operator:short": "NYC Public Schools", "operator:type": "public", "operator:website": null, "operator:wikidata": "Q408230", "operator:wikipedia": null, "postal_code": null, "short_name": "P.S. Q222", "source": null, "capacity": null, "cityracks.housenum": null, "cityracks.installed": null, "cityracks.large": null, "cityracks.rackid": null, "cityracks.small": null, "cityracks.street": null, "bicycle_parking": null, "covered": null, "addr:country": null, "indoor_seating": null, "outdoor_seating": null, "cuisine": null, "payment:mastercard": null, "payment:visa": null, "shop": null, "black_owned": null, "opening_hours": null, "takeaway": null, "drink:beer": null, "drink:espresso": null, "drink:wine": null, "cocktails": null, "drink:liquor": null, "note": null, "fee": null, "disused:website": null, "diet:halal": null, "atm": null, "beauty": null, "delivery": null, "official_name": null, "drink:coffee": null, "check_date:opening_hours": null, "dispensing": null, "healthcare": null, "level": null, "happy_hours": null, "addr:housename": null, "bicycle_rental": null, "network": null, "network:wikidata": null, "network:wikipedia": null, "ref": "Q222", "ref:gbfs": null, "second_hand": null, "diet:vegetarian": null, "drink:byob": null, "drink:tea": null, "fax": "+1-718-429-3484", "craft": null, "payment:cards": null, "payment:cash": null, "payment:credit_cards": null, "payment:debit_cards": null, "drive_through": null, "tobacco": null, "opening_hours:signed": null, "diet:vegan": null, "dry_cleaning": null, "branch": null, "drink:sake": null, "contact:facebook": null, "contact:instagram": null, "contact:twitter": null, "internet_access": null, "internet_access:fee": null, "trade": null, "pawnbroker": null, "clothes": null, "bar": null, "addr:unit": null, "smoking": null, "walkup_window": null, "email": null, "leisure": null, "toilets": null, "toilets:access": null, "toilets:unisex": null, "toilets:wheelchair": null, "opening_hours:kitchen": null, "office": null, "social_facility": null, "collection_times": null, "sport": null, "check_date:service:bicycle:pump": null, "service:bicycle:pump": null, "fixme:atp": null, "fixme": null, "payment:apple_pay": null, "payment:contactless": null, "payment:financing": null, "payment:samsung_pay": null, "diet:kosher": null, "female": null, "male": null, "payment:ebt": null, "payment:coins": null, "reservation": null, "website:menu": null, "website:reservation": null, "live_music": null, "addr:place": null, "contact:website": null, "diet:gluten_free": null, "diet:pescetarian": null, "contact:email": null, "description": null, "route_ref": null, "vending": null, "drink:cocktail": null, "recycling": null, "recycling:cans": null, "recycling:glass_bottles": null, "recycling:plastic_bottles": null, "recycling_type": null, "backrest": null, "fountain": null, "contact:sms": null, "drink:bubble_tea": null, "check_date:diet:vegetarian": null, "contact:phone": null, "note:opening_hours": null, "community_centre:for": null, "lgbtq": null, "laundry_service": null, "self_service": null, "animal_boarding": null, "stroller": null, "instagram": null, "service:knife_sharpening": null, "building": "school", "laptop": null, "community_centre": null, "catering": null, "survey:date": null, "phases": null, "not:brand:wikidata": null, "payment:american_express": null, "payment:discover_card": null, "start_date": null, "florist": null, "clothes:printing": null, "material": null, "toilets:disposal": null, "organic": null, "seats": null, "waste": null, "min_age": null, "cinema": null, "check_date:capacity": null, "access": null, "service:notary": null, "recycling:compost": null, "tourism": null, "recycling:food_waste": null, "recycling:green_waste": null, "hairdresser": null, "air_conditioning": null, "food": null, "public_bookcase:type": null, "addr:floor": null, "social_facility:for": null, "bottle": null, "address": null, "operating_hours": null, "payment:paypal": null, "healthcare:speciality": null, "parking": null, "armrest": null, "seats:separated": null, "two_sided": null, "operational_status": null, "direction": null, "fast_food": null, "height": "22.8", "nycdoitt:bin": "4035854", "building:levels": null, "fuel:propane": null, "addr:full": null, "layer": null, "service_times": null, "name:etymology:wikidata": null, "roof:levels": null, "disused:amenity": null, "operator:official": null, "building:material": null, "emergency": null, "surface": null, "shelter_type": null, "mascot": null, "polling_station": null, "beds": null, "wikipedia": null, "atm:operator": null, "barrier": null, "name:etymology": null, "theatre:type": null, "capacity:disabled": null, "books": null, "type": null, "neighborhood": "jacksonheights", "compressed_air": null, "opening_hours:covid19": null, "playground": null, "drink:sangria": null, "name:es": null, "indoor": null, "information": null, "lgbtq:trans": null, "currency:USD": null, "service:bicycle:repair": null, "street_vendor": null, "colour": null, "location": null, "recycling:glass": null, "recycling:paper": null, "recycling:plastic": null, "contact:fax": null, "facebook": null, "grades": "PK;0-2", "brand:website": null, "opening_hours:drive_through": null, "education": null, "maxstay": null, "fenced": null, "drinking_water": null, "grade": null, "category": "Kids", "weight_min": 1, "weight_max": 7 }, "geometry": { "type": "Point", "coordinates": [ 1017500.697535743005574, 212706.259541234583594 ] } },
{ "type": "Feature", "properties": { "element": "way", "id": 250586269, "amenity": "school", "ele": "21", "gnis:feature_id": "963579", "name": "Saint Joan of Arc School", "wikidata": null, "old_name": null, "phone": null, "website": null, "wheelchair": null, "denomination": null, "religion": null, "addr:housenumber": null, "addr:postcode": null, "addr:street": null, "check_date": null, "addr:city": null, "addr:state": null, "alt_name": null, "brand": null, "brand:wikidata": null, "operator": null, "operator:short": null, "operator:type": null, "operator:website": null, "operator:wikidata": null, "operator:wikipedia": null, "postal_code": null, "short_name": null, "source": null, "capacity": null, "cityracks.housenum": null, "cityracks.installed": null, "cityracks.large": null, "cityracks.rackid": null, "cityracks.small": null, "cityracks.street": null, "bicycle_parking": null, "covered": null, "addr:country": null, "indoor_seating": null, "outdoor_seating": null, "cuisine": null, "payment:mastercard": null, "payment:visa": null, "shop": null, "black_owned": null, "opening_hours": null, "takeaway": null, "drink:beer": null, "drink:espresso": null, "drink:wine": null, "cocktails": null, "drink:liquor": null, "note": null, "fee": null, "disused:website": null, "diet:halal": null, "atm": null, "beauty": null, "delivery": null, "official_name": null, "drink:coffee": null, "check_date:opening_hours": null, "dispensing": null, "healthcare": null, "level": null, "happy_hours": null, "addr:housename": null, "bicycle_rental": null, "network": null, "network:wikidata": null, "network:wikipedia": null, "ref": null, "ref:gbfs": null, "second_hand": null, "diet:vegetarian": null, "drink:byob": null, "drink:tea": null, "fax": null, "craft": null, "payment:cards": null, "payment:cash": null, "payment:credit_cards": null, "payment:debit_cards": null, "drive_through": null, "tobacco": null, "opening_hours:signed": null, "diet:vegan": null, "dry_cleaning": null, "branch": null, "drink:sake": null, "contact:facebook": null, "contact:instagram": null, "contact:twitter": null, "internet_access": null, "internet_access:fee": null, "trade": null, "pawnbroker": null, "clothes": null, "bar": null, "addr:unit": null, "smoking": null, "walkup_window": null, "email": null, "leisure": null, "toilets": null, "toilets:access": null, "toilets:unisex": null, "toilets:wheelchair": null, "opening_hours:kitchen": null, "office": null, "social_facility": null, "collection_times": null, "sport": null, "check_date:service:bicycle:pump": null, "service:bicycle:pump": null, "fixme:atp": null, "fixme": null, "payment:apple_pay": null, "payment:contactless": null, "payment:financing": null, "payment:samsung_pay": null, "diet:kosher": null, "female": null, "male": null, "payment:ebt": null, "payment:coins": null, "reservation": null, "website:menu": null, "website:reservation": null, "live_music": null, "addr:place": null, "contact:website": null, "diet:gluten_free": null, "diet:pescetarian": null, "contact:email": null, "description": null, "route_ref": null, "vending": null, "drink:cocktail": null, "recycling": null, "recycling:cans": null, "recycling:glass_bottles": null, "recycling:plastic_bottles": null, "recycling_type": null, "backrest": null, "fountain": null, "contact:sms": null, "drink:bubble_tea": null, "check_date:diet:vegetarian": null, "contact:phone": null, "note:opening_hours": null, "community_centre:for": null, "lgbtq": null, "laundry_service": null, "self_service": null, "animal_boarding": null, "stroller": null, "instagram": null, "service:knife_sharpening": null, "building": "school", "laptop": null, "community_centre": null, "catering": null, "survey:date": null, "phases": null, "not:brand:wikidata": null, "payment:american_express": null, "payment:discover_card": null, "start_date": null, "florist": null, "clothes:printing": null, "material": null, "toilets:disposal": null, "organic": null, "seats": null, "waste": null, "min_age": null, "cinema": null, "check_date:capacity": null, "access": null, "service:notary": null, "recycling:compost": null, "tourism": null, "recycling:food_waste": null, "recycling:green_waste": null, "hairdresser": null, "air_conditioning": null, "food": null, "public_bookcase:type": null, "addr:floor": null, "social_facility:for": null, "bottle": null, "address": null, "operating_hours": null, "payment:paypal": null, "healthcare:speciality": null, "parking": null, "armrest": null, "seats:separated": null, "two_sided": null, "operational_status": null, "direction": null, "fast_food": null, "height": "17.4", "nycdoitt:bin": "4437133", "building:levels": null, "fuel:propane": null, "addr:full": null, "layer": null, "service_times": null, "name:etymology:wikidata": null, "roof:levels": null, "disused:amenity": null, "operator:official": null, "building:material": null, "emergency": null, "surface": null, "shelter_type": null, "mascot": null, "polling_station": null, "beds": null, "wikipedia": null, "atm:operator": null, "barrier": null, "name:etymology": null, "theatre:type": null, "capacity:disabled": null, "books": null, "type": null, "neighborhood": "jacksonheights", "compressed_air": null, "opening_hours:covid19": null, "playground": null, "drink:sangria": null, "name:es": null, "indoor": null, "information": null, "lgbtq:trans": null, "currency:USD": null, "service:bicycle:repair": null, "street_vendor": null, "colour": null, "location": null, "recycling:glass": null, "recycling:paper": null, "recycling:plastic": null, "contact:fax": null, "facebook": null, "grades": null, "brand:website": null, "opening_hours:drive_through": null, "education": null, "maxstay": null, "fenced": null, "drinking_water": null, "grade": null, "category": "Kids", "weight_min": 1, "weight_max": 7 }, "geometry": { "type": "Point", "coordinates": [ 1016287.998641938669607, 213007.721625140751712 ] } },
{ "type": "Feature", "properties": { "element": "way", "id": 265922494, "amenity": "school", "ele": "18", "gnis:feature_id": "961810", "name": "P.S. 69Q - The Jackson Heights School", "wikidata": null, "old_name": null, "phone": null, "website": "https://www.ps69q.com/", "wheelchair": null, "denomination": null, "religion": null, "addr:housenumber": "77-02", "addr:postcode": "11372", "addr:street": "37th Avenue", "check_date": null, "addr:city": "Jackson Heights", "addr:state": "NY", "alt_name": "Public School 69 Queens;P.S. 69Q", "brand": null, "brand:wikidata": null, "operator": "New York City Department of Education", "operator:short": "NYC Public Schools", "operator:type": "public", "operator:website": null, "operator:wikidata": "Q408230", "operator:wikipedia": "en:New York City Department of Education", "postal_code": null, "short_name": "P.S. 69", "source": null, "capacity": null, "cityracks.housenum": null, "cityracks.installed": null, "cityracks.large": null, "cityracks.rackid": null, "cityracks.small": null, "cityracks.street": null, "bicycle_parking": null, "covered": null, "addr:country": null, "indoor_seating": null, "outdoor_seating": null, "cuisine": null, "payment:mastercard": null, "payment:visa": null, "shop": null, "black_owned": null, "opening_hours": null, "takeaway": null, "drink:beer": null, "drink:espresso": null, "drink:wine": null, "cocktails": null, "drink:liquor": null, "note": null, "fee": null, "disused:website": null, "diet:halal": null, "atm": null, "beauty": null, "delivery": null, "official_name": "The School Of Cultural and Performing Arts", "drink:coffee": null, "check_date:opening_hours": null, "dispensing": null, "healthcare": null, "level": null, "happy_hours": null, "addr:housename": null, "bicycle_rental": null, "network": null, "network:wikidata": null, "network:wikipedia": null, "ref": "Q69", "ref:gbfs": null, "second_hand": null, "diet:vegetarian": null, "drink:byob": null, "drink:tea": null, "fax": null, "craft": null, "payment:cards": null, "payment:cash": null, "payment:credit_cards": null, "payment:debit_cards": null, "drive_through": null, "tobacco": null, "opening_hours:signed": null, "diet:vegan": null, "dry_cleaning": null, "branch": null, "drink:sake": null, "contact:facebook": null, "contact:instagram": null, "contact:twitter": null, "internet_access": null, "internet_access:fee": null, "trade": null, "pawnbroker": null, "clothes": null, "bar": null, "addr:unit": null, "smoking": null, "walkup_window": null, "email": null, "leisure": null, "toilets": null, "toilets:access": null, "toilets:unisex": null, "toilets:wheelchair": null, "opening_hours:kitchen": null, "office": null, "social_facility": null, "collection_times": null, "sport": null, "check_date:service:bicycle:pump": null, "service:bicycle:pump": null, "fixme:atp": null, "fixme": null, "payment:apple_pay": null, "payment:contactless": null, "payment:financing": null, "payment:samsung_pay": null, "diet:kosher": null, "female": null, "male": null, "payment:ebt": null, "payment:coins": null, "reservation": null, "website:menu": null, "website:reservation": null, "live_music": null, "addr:place": null, "contact:website": null, "diet:gluten_free": null, "diet:pescetarian": null, "contact:email": null, "description": null, "route_ref": null, "vending": null, "drink:cocktail": null, "recycling": null, "recycling:cans": null, "recycling:glass_bottles": null, "recycling:plastic_bottles": null, "recycling_type": null, "backrest": null, "fountain": null, "contact:sms": null, "drink:bubble_tea": null, "check_date:diet:vegetarian": null, "contact:phone": null, "note:opening_hours": null, "community_centre:for": null, "lgbtq": null, "laundry_service": null, "self_service": null, "animal_boarding": null, "stroller": null, "instagram": null, "service:knife_sharpening": null, "building": null, "laptop": null, "community_centre": null, "catering": null, "survey:date": null, "phases": null, "not:brand:wikidata": null, "payment:american_express": null, "payment:discover_card": null, "start_date": null, "florist": null, "clothes:printing": null, "material": null, "toilets:disposal": null, "organic": null, "seats": null, "waste": null, "min_age": null, "cinema": null, "check_date:capacity": null, "access": null, "service:notary": null, "recycling:compost": null, "tourism": null, "recycling:food_waste": null, "recycling:green_waste": null, "hairdresser": null, "air_conditioning": null, "food": null, "public_bookcase:type": null, "addr:floor": null, "social_facility:for": null, "bottle": null, "address": null, "operating_hours": null, "payment:paypal": null, "healthcare:speciality": null, "parking": null, "armrest": null, "seats:separated": null, "two_sided": null, "operational_status": null, "direction": null, "fast_food": null, "height": null, "nycdoitt:bin": null, "building:levels": null, "fuel:propane": null, "addr:full": null, "layer": null, "service_times": null, "name:etymology:wikidata": null, "roof:levels": null, "disused:amenity": null, "operator:official": null, "building:material": null, "emergency": null, "surface": null, "shelter_type": null, "mascot": null, "polling_station": null, "beds": null, "wikipedia": null, "atm:operator": null, "barrier": null, "name:etymology": null, "theatre:type": null, "capacity:disabled": null, "books": null, "type": null, "neighborhood": "jacksonheights", "compressed_air": null, "opening_hours:covid19": null, "playground": null, "drink:sangria": null, "name:es": null, "indoor": null, "information": null, "lgbtq:trans": null, "currency:USD": null, "service:bicycle:repair": null, "street_vendor": null, "colour": null, "location": null, "recycling:glass": null, "recycling:paper": null, "recycling:plastic": null, "contact:fax": null, "facebook": null, "grades": null, "brand:website": null, "opening_hours:drive_through": null, "education": null, "maxstay": null, "fenced": null, "drinking_water": null, "grade": null, "category": "Kids", "weight_min": 1, "weight_max": 7 }, "geometry": { "type": "Point", "coordinates": [ 1015154.11593915137928, 212103.831034581729909 ] } },
{ "type": "Feature", "properties": { "element": "way", "id": 281390870, "amenity": "school", "ele": "8", "gnis:feature_id": "959599", "name": "Our Lady of Fatima School", "wikidata": null, "old_name": null, "phone": null, "website": "https://ourladyoffatimaschool.org/", "wheelchair": null, "denomination": "roman_catholic", "religion": "christian", "addr:housenumber": "25-34", "addr:postcode": "11370", "addr:street": "80th Street", "check_date": null, "addr:city": null, "addr:state": null, "alt_name": null, "brand": null, "brand:wikidata": null, "operator": "Catholic Diocese of Brooklyn", "operator:short": null, "operator:type": "religious", "operator:website": null, "operator:wikidata": "Q867353", "operator:wikipedia": null, "postal_code": null, "short_name": "OLF", "source": null, "capacity": null, "cityracks.housenum": null, "cityracks.installed": null, "cityracks.large": null, "cityracks.rackid": null, "cityracks.small": null, "cityracks.street": null, "bicycle_parking": null, "covered": null, "addr:country": null, "indoor_seating": null, "outdoor_seating": null, "cuisine": null, "payment:mastercard": null, "payment:visa": null, "shop": null, "black_owned": null, "opening_hours": null, "takeaway": null, "drink:beer": null, "drink:espresso": null, "drink:wine": null, "cocktails": null, "drink:liquor": null, "note": null, "fee": null, "disused:website": null, "diet:halal": null, "atm": null, "beauty": null, "delivery": null, "official_name": null, "drink:coffee": null, "check_date:opening_hours": null, "dispensing": null, "healthcare": null, "level": null, "happy_hours": null, "addr:housename": null, "bicycle_rental": null, "network": null, "network:wikidata": null, "network:wikipedia": null, "ref": null, "ref:gbfs": null, "second_hand": null, "diet:vegetarian": null, "drink:byob": null, "drink:tea": null, "fax": null, "craft": null, "payment:cards": null, "payment:cash": null, "payment:credit_cards": null, "payment:debit_cards": null, "drive_through": null, "tobacco": null, "opening_hours:signed": null, "diet:vegan": null, "dry_cleaning": null, "branch": null, "drink:sake": null, "contact:facebook": null, "contact:instagram": null, "contact:twitter": null, "internet_access": null, "internet_access:fee": null, "trade": null, "pawnbroker": null, "clothes": null, "bar": null, "addr:unit": null, "smoking": null, "walkup_window": null, "email": null, "leisure": null, "toilets": null, "toilets:access": null, "toilets:unisex": null, "toilets:wheelchair": null, "opening_hours:kitchen": null, "office": null, "social_facility": null, "collection_times": null, "sport": null, "check_date:service:bicycle:pump": null, "service:bicycle:pump": null, "fixme:atp": null, "fixme": null, "payment:apple_pay": null, "payment:contactless": null, "payment:financing": null, "payment:samsung_pay": null, "diet:kosher": null, "female": null, "male": null, "payment:ebt": null, "payment:coins": null, "reservation": null, "website:menu": null, "website:reservation": null, "live_music": null, "addr:place": null, "contact:website": null, "diet:gluten_free": null, "diet:pescetarian": null, "contact:email": null, "description": null, "route_ref": null, "vending": null, "drink:cocktail": null, "recycling": null, "recycling:cans": null, "recycling:glass_bottles": null, "recycling:plastic_bottles": null, "recycling_type": null, "backrest": null, "fountain": null, "contact:sms": null, "drink:bubble_tea": null, "check_date:diet:vegetarian": null, "contact:phone": null, "note:opening_hours": null, "community_centre:for": null, "lgbtq": null, "laundry_service": null, "self_service": null, "animal_boarding": null, "stroller": null, "instagram": null, "service:knife_sharpening": null, "building": "school", "laptop": null, "community_centre": null, "catering": null, "survey:date": null, "phases": null, "not:brand:wikidata": null, "payment:american_express": null, "payment:discover_card": null, "start_date": null, "florist": null, "clothes:printing": null, "material": null, "toilets:disposal": null, "organic": null, "seats": null, "waste": null, "min_age": null, "cinema": null, "check_date:capacity": null, "access": null, "service:notary": null, "recycling:compost": null, "tourism": null, "recycling:food_waste": null, "recycling:green_waste": null, "hairdresser": null, "air_conditioning": null, "food": null, "public_bookcase:type": null, "addr:floor": null, "social_facility:for": null, "bottle": null, "address": null, "operating_hours": null, "payment:paypal": null, "healthcare:speciality": null, "parking": null, "armrest": null, "seats:separated": null, "two_sided": null, "operational_status": null, "direction": null, "fast_food": null, "height": "13.6", "nycdoitt:bin": "4439088", "building:levels": null, "fuel:propane": null, "addr:full": null, "layer": null, "service_times": null, "name:etymology:wikidata": null, "roof:levels": null, "disused:amenity": null, "operator:official": null, "building:material": null, "emergency": null, "surface": null, "shelter_type": null, "mascot": null, "polling_station": null, "beds": null, "wikipedia": null, "atm:operator": null, "barrier": null, "name:etymology": null, "theatre:type": null, "capacity:disabled": null, "books": null, "type": null, "neighborhood": "jacksonheights", "compressed_air": null, "opening_hours:covid19": null, "playground": null, "drink:sangria": null, "name:es": null, "indoor": null, "information": null, "lgbtq:trans": null, "currency:USD": null, "service:bicycle:repair": null, "street_vendor": null, "colour": null, "location": null, "recycling:glass": null, "recycling:paper": null, "recycling:plastic": null, "contact:fax": null, "facebook": null, "grades": null, "brand:website": null, "opening_hours:drive_through": null, "education": null, "maxstay": null, "fenced": null, "drinking_water": null, "grade": null, "category": "Kids", "weight_min": 1, "weight_max": 7 }, "geometry": { "type": "Point", "coordinates": [ 1015070.632093058549799, 216760.675857535301475 ] } },
{ "type": "Feature", "properties": { "element": "way", "id": 361768797, "amenity": "school", "ele": null, "gnis:feature_id": null, "name": "Garden School", "wikidata": "Q5522301", "old_name": null, "phone": null, "website": "https://www.gardenschool.org/", "wheelchair": null, "denomination": null, "religion": null, "addr:housenumber": null, "addr:postcode": null, "addr:street": null, "check_date": null, "addr:city": null, "addr:state": null, "alt_name": null, "brand": null, "brand:wikidata": null, "operator": null, "operator:short": null, "operator:type": null, "operator:website": null, "operator:wikidata": null, "operator:wikipedia": null, "postal_code": null, "short_name": null, "source": null, "capacity": null, "cityracks.housenum": null, "cityracks.installed": null, "cityracks.large": null, "cityracks.rackid": null, "cityracks.small": null, "cityracks.street": null, "bicycle_parking": null, "covered": null, "addr:country": null, "indoor_seating": null, "outdoor_seating": null, "cuisine": null, "payment:mastercard": null, "payment:visa": null, "shop": null, "black_owned": null, "opening_hours": null, "takeaway": null, "drink:beer": null, "drink:espresso": null, "drink:wine": null, "cocktails": null, "drink:liquor": null, "note": null, "fee": null, "disused:website": null, "diet:halal": null, "atm": null, "beauty": null, "delivery": null, "official_name": null, "drink:coffee": null, "check_date:opening_hours": null, "dispensing": null, "healthcare": null, "level": null, "happy_hours": null, "addr:housename": null, "bicycle_rental": null, "network": null, "network:wikidata": null, "network:wikipedia": null, "ref": null, "ref:gbfs": null, "second_hand": null, "diet:vegetarian": null, "drink:byob": null, "drink:tea": null, "fax": null, "craft": null, "payment:cards": null, "payment:cash": null, "payment:credit_cards": null, "payment:debit_cards": null, "drive_through": null, "tobacco": null, "opening_hours:signed": null, "diet:vegan": null, "dry_cleaning": null, "branch": null, "drink:sake": null, "contact:facebook": null, "contact:instagram": null, "contact:twitter": null, "internet_access": null, "internet_access:fee": null, "trade": null, "pawnbroker": null, "clothes": null, "bar": null, "addr:unit": null, "smoking": null, "walkup_window": null, "email": null, "leisure": null, "toilets": null, "toilets:access": null, "toilets:unisex": null, "toilets:wheelchair": null, "opening_hours:kitchen": null, "office": null, "social_facility": null, "collection_times": null, "sport": null, "check_date:service:bicycle:pump": null, "service:bicycle:pump": null, "fixme:atp": null, "fixme": null, "payment:apple_pay": null, "payment:contactless": null, "payment:financing": null, "payment:samsung_pay": null, "diet:kosher": null, "female": null, "male": null, "payment:ebt": null, "payment:coins": null, "reservation": null, "website:menu": null, "website:reservation": null, "live_music": null, "addr:place": null, "contact:website": null, "diet:gluten_free": null, "diet:pescetarian": null, "contact:email": null, "description": null, "route_ref": null, "vending": null, "drink:cocktail": null, "recycling": null, "recycling:cans": null, "recycling:glass_bottles": null, "recycling:plastic_bottles": null, "recycling_type": null, "backrest": null, "fountain": null, "contact:sms": null, "drink:bubble_tea": null, "check_date:diet:vegetarian": null, "contact:phone": null, "note:opening_hours": null, "community_centre:for": null, "lgbtq": null, "laundry_service": null, "self_service": null, "animal_boarding": null, "stroller": null, "instagram": null, "service:knife_sharpening": null, "building": null, "laptop": null, "community_centre": null, "catering": null, "survey:date": null, "phases": null, "not:brand:wikidata": null, "payment:american_express": null, "payment:discover_card": null, "start_date": null, "florist": null, "clothes:printing": null, "material": null, "toilets:disposal": null, "organic": null, "seats": null, "waste": null, "min_age": null, "cinema": null, "check_date:capacity": null, "access": null, "service:notary": null, "recycling:compost": null, "tourism": null, "recycling:food_waste": null, "recycling:green_waste": null, "hairdresser": null, "air_conditioning": null, "food": null, "public_bookcase:type": null, "addr:floor": null, "social_facility:for": null, "bottle": null, "address": null, "operating_hours": null, "payment:paypal": null, "healthcare:speciality": null, "parking": null, "armrest": null, "seats:separated": null, "two_sided": null, "operational_status": null, "direction": null, "fast_food": null, "height": null, "nycdoitt:bin": null, "building:levels": null, "fuel:propane": null, "addr:full": null, "layer": null, "service_times": null, "name:etymology:wikidata": null, "roof:levels": null, "disused:amenity": null, "operator:official": null, "building:material": null, "emergency": null, "surface": null, "shelter_type": null, "mascot": null, "polling_station": null, "beds": null, "wikipedia": null, "atm:operator": null, "barrier": null, "name:etymology": null, "theatre:type": null, "capacity:disabled": null, "books": null, "type": null, "neighborhood": "jacksonheights", "compressed_air": null, "opening_hours:covid19": null, "playground": null, "drink:sangria": null, "name:es": null, "indoor": null, "information": null, "lgbtq:trans": null, "currency:USD": null, "service:bicycle:repair": null, "street_vendor": null, "colour": null, "location": null, "recycling:glass": null, "recycling:paper": null, "recycling:plastic": null, "contact:fax": null, "facebook": null, "grades": null, "brand:website": null, "opening_hours:drive_through": null, "education": null, "maxstay": null, "fenced": null, "drinking_water": null, "grade": null, "category": "Kids", "weight_min": 1, "weight_max": 7 }, "geometry": { "type": "Point", "coordinates": [ 1015138.807649894384667, 214177.428408327279612 ] } },
{ "type": "Feature", "properties": { "element": "way", "id": 361768798, "amenity": "school", "ele": "20", "gnis:feature_id": "954264", "name": "I.S. 145Q - Joseph Pulitzer Magnet School of Innovation and Applied Learning", "wikidata": null, "old_name": null, "phone": null, "website": "https://www.145innovators.com/", "wheelchair": null, "denomination": null, "religion": null, "addr:housenumber": "33-34", "addr:postcode": "11372", "addr:street": "80th Street", "check_date": null, "addr:city": "Jackson Heights", "addr:state": "NY", "alt_name": "Joseph Pulitzer School;Intermediate School 145 Queens;I.S. 145Q", "brand": null, "brand:wikidata": null, "operator": "New York City Department of Education", "operator:short": "NYC Public Schools", "operator:type": "public", "operator:website": null, "operator:wikidata": "Q408230", "operator:wikipedia": "en:New York City Department of Education", "postal_code": null, "short_name": "I.S. 145", "source": null, "capacity": null, "cityracks.housenum": null, "cityracks.installed": null, "cityracks.large": null, "cityracks.rackid": null, "cityracks.small": null, "cityracks.street": null, "bicycle_parking": null, "covered": null, "addr:country": null, "indoor_seating": null, "outdoor_seating": null, "cuisine": null, "payment:mastercard": null, "payment:visa": null, "shop": null, "black_owned": null, "opening_hours": null, "takeaway": null, "drink:beer": null, "drink:espresso": null, "drink:wine": null, "cocktails": null, "drink:liquor": null, "note": null, "fee": null, "disused:website": null, "diet:halal": null, "atm": null, "beauty": null, "delivery": null, "official_name": "Magnet School of Innovation and Applied Learning", "drink:coffee": null, "check_date:opening_hours": null, "dispensing": null, "healthcare": null, "level": null, "happy_hours": null, "addr:housename": null, "bicycle_rental": null, "network": null, "network:wikidata": null, "network:wikipedia": null, "ref": "Q145", "ref:gbfs": null, "second_hand": null, "diet:vegetarian": null, "drink:byob": null, "drink:tea": null, "fax": null, "craft": null, "payment:cards": null, "payment:cash": null, "payment:credit_cards": null, "payment:debit_cards": null, "drive_through": null, "tobacco": null, "opening_hours:signed": null, "diet:vegan": null, "dry_cleaning": null, "branch": null, "drink:sake": null, "contact:facebook": null, "contact:instagram": null, "contact:twitter": null, "internet_access": null, "internet_access:fee": null, "trade": null, "pawnbroker": null, "clothes": null, "bar": null, "addr:unit": null, "smoking": null, "walkup_window": null, "email": null, "leisure": null, "toilets": null, "toilets:access": null, "toilets:unisex": null, "toilets:wheelchair": null, "opening_hours:kitchen": null, "office": null, "social_facility": null, "collection_times": null, "sport": null, "check_date:service:bicycle:pump": null, "service:bicycle:pump": null, "fixme:atp": null, "fixme": null, "payment:apple_pay": null, "payment:contactless": null, "payment:financing": null, "payment:samsung_pay": null, "diet:kosher": null, "female": null, "male": null, "payment:ebt": null, "payment:coins": null, "reservation": null, "website:menu": null, "website:reservation": null, "live_music": null, "addr:place": null, "contact:website": null, "diet:gluten_free": null, "diet:pescetarian": null, "contact:email": null, "description": null, "route_ref": null, "vending": null, "drink:cocktail": null, "recycling": null, "recycling:cans": null, "recycling:glass_bottles": null, "recycling:plastic_bottles": null, "recycling_type": null, "backrest": null, "fountain": null, "contact:sms": null, "drink:bubble_tea": null, "check_date:diet:vegetarian": null, "contact:phone": null, "note:opening_hours": null, "community_centre:for": null, "lgbtq": null, "laundry_service": null, "self_service": null, "animal_boarding": null, "stroller": null, "instagram": null, "service:knife_sharpening": null, "building": null, "laptop": null, "community_centre": null, "catering": null, "survey:date": null, "phases": null, "not:brand:wikidata": null, "payment:american_express": null, "payment:discover_card": null, "start_date": null, "florist": null, "clothes:printing": null, "material": null, "toilets:disposal": null, "organic": null, "seats": null, "waste": null, "min_age": null, "cinema": null, "check_date:capacity": null, "access": null, "service:notary": null, "recycling:compost": null, "tourism": null, "recycling:food_waste": null, "recycling:green_waste": null, "hairdresser": null, "air_conditioning": null, "food": null, "public_bookcase:type": null, "addr:floor": null, "social_facility:for": null, "bottle": null, "address": null, "operating_hours": null, "payment:paypal": null, "healthcare:speciality": null, "parking": null, "armrest": null, "seats:separated": null, "two_sided": null, "operational_status": null, "direction": null, "fast_food": null, "height": null, "nycdoitt:bin": null, "building:levels": null, "fuel:propane": null, "addr:full": null, "layer": null, "service_times": null, "name:etymology:wikidata": "Q173417", "roof:levels": null, "disused:amenity": null, "operator:official": null, "building:material": null, "emergency": null, "surface": null, "shelter_type": null, "mascot": null, "polling_station": null, "beds": null, "wikipedia": null, "atm:operator": null, "barrier": null, "name:etymology": "Joseph Pulitzer", "theatre:type": null, "capacity:disabled": null, "books": null, "type": null, "neighborhood": "jacksonheights", "compressed_air": null, "opening_hours:covid19": null, "playground": null, "drink:sangria": null, "name:es": null, "indoor": null, "information": null, "lgbtq:trans": null, "currency:USD": null, "service:bicycle:repair": null, "street_vendor": null, "colour": null, "location": null, "recycling:glass": null, "recycling:paper": null, "recycling:plastic": null, "contact:fax": null, "facebook": null, "grades": null, "brand:website": null, "opening_hours:drive_through": null, "education": null, "maxstay": null, "fenced": null, "drinking_water": null, "grade": null, "category": "Kids", "weight_min": 1, "weight_max": 7 }, "geometry": { "type": "Point", "coordinates": [ 1015414.360916097997688, 214148.592716194252716 ] } },
{ "type": "Feature", "properties": { "element": "way", "id": 369863738, "amenity": "school", "ele": "9", "gnis:feature_id": "2080371", "name": "Lexington School for the Deaf", "wikidata": "Q6537860", "old_name": null, "phone": null, "website": "https://www.lexnyc.org/", "wheelchair": null, "denomination": null, "religion": null, "addr:housenumber": "25-26", "addr:postcode": "11370", "addr:street": "75th Street", "check_date": null, "addr:city": "East Elmhurst", "addr:state": "NY", "alt_name": null, "brand": null, "brand:wikidata": null, "operator": null, "operator:short": null, "operator:type": null, "operator:website": null, "operator:wikidata": null, "operator:wikipedia": null, "postal_code": null, "short_name": null, "source": null, "capacity": null, "cityracks.housenum": null, "cityracks.installed": null, "cityracks.large": null, "cityracks.rackid": null, "cityracks.small": null, "cityracks.street": null, "bicycle_parking": null, "covered": null, "addr:country": null, "indoor_seating": null, "outdoor_seating": null, "cuisine": null, "payment:mastercard": null, "payment:visa": null, "shop": null, "black_owned": null, "opening_hours": null, "takeaway": null, "drink:beer": null, "drink:espresso": null, "drink:wine": null, "cocktails": null, "drink:liquor": null, "note": null, "fee": null, "disused:website": null, "diet:halal": null, "atm": null, "beauty": null, "delivery": null, "official_name": null, "drink:coffee": null, "check_date:opening_hours": null, "dispensing": null, "healthcare": null, "level": null, "happy_hours": null, "addr:housename": null, "bicycle_rental": null, "network": null, "network:wikidata": null, "network:wikipedia": null, "ref": null, "ref:gbfs": null, "second_hand": null, "diet:vegetarian": null, "drink:byob": null, "drink:tea": null, "fax": null, "craft": null, "payment:cards": null, "payment:cash": null, "payment:credit_cards": null, "payment:debit_cards": null, "drive_through": null, "tobacco": null, "opening_hours:signed": null, "diet:vegan": null, "dry_cleaning": null, "branch": null, "drink:sake": null, "contact:facebook": null, "contact:instagram": null, "contact:twitter": null, "internet_access": null, "internet_access:fee": null, "trade": null, "pawnbroker": null, "clothes": null, "bar": null, "addr:unit": null, "smoking": null, "walkup_window": null, "email": null, "leisure": null, "toilets": null, "toilets:access": null, "toilets:unisex": null, "toilets:wheelchair": null, "opening_hours:kitchen": null, "office": null, "social_facility": null, "collection_times": null, "sport": null, "check_date:service:bicycle:pump": null, "service:bicycle:pump": null, "fixme:atp": null, "fixme": null, "payment:apple_pay": null, "payment:contactless": null, "payment:financing": null, "payment:samsung_pay": null, "diet:kosher": null, "female": null, "male": null, "payment:ebt": null, "payment:coins": null, "reservation": null, "website:menu": null, "website:reservation": null, "live_music": null, "addr:place": null, "contact:website": null, "diet:gluten_free": null, "diet:pescetarian": null, "contact:email": null, "description": null, "route_ref": null, "vending": null, "drink:cocktail": null, "recycling": null, "recycling:cans": null, "recycling:glass_bottles": null, "recycling:plastic_bottles": null, "recycling_type": null, "backrest": null, "fountain": null, "contact:sms": null, "drink:bubble_tea": null, "check_date:diet:vegetarian": null, "contact:phone": null, "note:opening_hours": null, "community_centre:for": null, "lgbtq": null, "laundry_service": null, "self_service": null, "animal_boarding": null, "stroller": null, "instagram": null, "service:knife_sharpening": null, "building": null, "laptop": null, "community_centre": null, "catering": null, "survey:date": null, "phases": null, "not:brand:wikidata": null, "payment:american_express": null, "payment:discover_card": null, "start_date": null, "florist": null, "clothes:printing": null, "material": null, "toilets:disposal": null, "organic": null, "seats": null, "waste": null, "min_age": null, "cinema": null, "check_date:capacity": null, "access": null, "service:notary": null, "recycling:compost": null, "tourism": null, "recycling:food_waste": null, "recycling:green_waste": null, "hairdresser": null, "air_conditioning": null, "food": null, "public_bookcase:type": null, "addr:floor": null, "social_facility:for": null, "bottle": null, "address": null, "operating_hours": null, "payment:paypal": null, "healthcare:speciality": null, "parking": null, "armrest": null, "seats:separated": null, "two_sided": null, "operational_status": null, "direction": null, "fast_food": null, "height": null, "nycdoitt:bin": "4437060", "building:levels": null, "fuel:propane": null, "addr:full": null, "layer": null, "service_times": null, "name:etymology:wikidata": null, "roof:levels": null, "disused:amenity": null, "operator:official": null, "building:material": null, "emergency": null, "surface": null, "shelter_type": null, "mascot": null, "polling_station": null, "beds": null, "wikipedia": "en:Lexington School and Center for the Deaf", "atm:operator": null, "barrier": null, "name:etymology": null, "theatre:type": null, "capacity:disabled": null, "books": null, "type": null, "neighborhood": "jacksonheights", "compressed_air": null, "opening_hours:covid19": null, "playground": null, "drink:sangria": null, "name:es": null, "indoor": null, "information": null, "lgbtq:trans": null, "currency:USD": null, "service:bicycle:repair": null, "street_vendor": null, "colour": null, "location": null, "recycling:glass": null, "recycling:paper": null, "recycling:plastic": null, "contact:fax": null, "facebook": null, "grades": null, "brand:website": null, "opening_hours:drive_through": null, "education": "school", "maxstay": null, "fenced": null, "drinking_water": null, "grade": null, "category": "Kids", "weight_min": 1, "weight_max": 7 }, "geometry": { "type": "Point", "coordinates": [ 1013614.431226337095723, 216677.295950066589285 ] } },
{ "type": "Feature", "properties": { "element": "way", "id": 375378869, "amenity": "school", "ele": "9", "gnis:feature_id": "957979", "name": "Monsignor McClancy Memorial High School", "wikidata": "Q6902588", "old_name": null, "phone": "+1-718-397-9343", "website": "https://msgrmcclancy.org/", "wheelchair": null, "denomination": "catholic", "religion": "christian", "addr:housenumber": "71-06", "addr:postcode": "11370", "addr:street": "31st Avenue", "check_date": null, "addr:city": "East Elmhurst", "addr:state": "NY", "alt_name": null, "brand": null, "brand:wikidata": null, "operator": null, "operator:short": null, "operator:type": null, "operator:website": null, "operator:wikidata": null, "operator:wikipedia": null, "postal_code": null, "short_name": null, "source": null, "capacity": null, "cityracks.housenum": null, "cityracks.installed": null, "cityracks.large": null, "cityracks.rackid": null, "cityracks.small": null, "cityracks.street": null, "bicycle_parking": null, "covered": null, "addr:country": null, "indoor_seating": null, "outdoor_seating": null, "cuisine": null, "payment:mastercard": null, "payment:visa": null, "shop": null, "black_owned": null, "opening_hours": null, "takeaway": null, "drink:beer": null, "drink:espresso": null, "drink:wine": null, "cocktails": null, "drink:liquor": null, "note": null, "fee": null, "disused:website": null, "diet:halal": null, "atm": null, "beauty": null, "delivery": null, "official_name": null, "drink:coffee": null, "check_date:opening_hours": null, "dispensing": null, "healthcare": null, "level": null, "happy_hours": null, "addr:housename": null, "bicycle_rental": null, "network": null, "network:wikidata": null, "network:wikipedia": null, "ref": null, "ref:gbfs": null, "second_hand": null, "diet:vegetarian": null, "drink:byob": null, "drink:tea": null, "fax": null, "craft": null, "payment:cards": null, "payment:cash": null, "payment:credit_cards": null, "payment:debit_cards": null, "drive_through": null, "tobacco": null, "opening_hours:signed": null, "diet:vegan": null, "dry_cleaning": null, "branch": null, "drink:sake": null, "contact:facebook": null, "contact:instagram": null, "contact:twitter": null, "internet_access": null, "internet_access:fee": null, "trade": null, "pawnbroker": null, "clothes": null, "bar": null, "addr:unit": null, "smoking": null, "walkup_window": null, "email": null, "leisure": null, "toilets": null, "toilets:access": null, "toilets:unisex": null, "toilets:wheelchair": null, "opening_hours:kitchen": null, "office": null, "social_facility": null, "collection_times": null, "sport": null, "check_date:service:bicycle:pump": null, "service:bicycle:pump": null, "fixme:atp": null, "fixme": null, "payment:apple_pay": null, "payment:contactless": null, "payment:financing": null, "payment:samsung_pay": null, "diet:kosher": null, "female": null, "male": null, "payment:ebt": null, "payment:coins": null, "reservation": null, "website:menu": null, "website:reservation": null, "live_music": null, "addr:place": null, "contact:website": null, "diet:gluten_free": null, "diet:pescetarian": null, "contact:email": null, "description": null, "route_ref": null, "vending": null, "drink:cocktail": null, "recycling": null, "recycling:cans": null, "recycling:glass_bottles": null, "recycling:plastic_bottles": null, "recycling_type": null, "backrest": null, "fountain": null, "contact:sms": null, "drink:bubble_tea": null, "check_date:diet:vegetarian": null, "contact:phone": null, "note:opening_hours": null, "community_centre:for": null, "lgbtq": null, "laundry_service": null, "self_service": null, "animal_boarding": null, "stroller": null, "instagram": null, "service:knife_sharpening": null, "building": null, "laptop": null, "community_centre": null, "catering": null, "survey:date": null, "phases": null, "not:brand:wikidata": null, "payment:american_express": null, "payment:discover_card": null, "start_date": null, "florist": null, "clothes:printing": null, "material": null, "toilets:disposal": null, "organic": null, "seats": null, "waste": null, "min_age": null, "cinema": null, "check_date:capacity": null, "access": null, "service:notary": null, "recycling:compost": null, "tourism": null, "recycling:food_waste": null, "recycling:green_waste": null, "hairdresser": null, "air_conditioning": null, "food": null, "public_bookcase:type": null, "addr:floor": null, "social_facility:for": null, "bottle": null, "address": null, "operating_hours": null, "payment:paypal": null, "healthcare:speciality": null, "parking": null, "armrest": null, "seats:separated": null, "two_sided": null, "operational_status": null, "direction": null, "fast_food": null, "height": null, "nycdoitt:bin": null, "building:levels": null, "fuel:propane": null, "addr:full": null, "layer": null, "service_times": null, "name:etymology:wikidata": null, "roof:levels": null, "disused:amenity": null, "operator:official": null, "building:material": null, "emergency": null, "surface": null, "shelter_type": null, "mascot": null, "polling_station": null, "beds": null, "wikipedia": "en:Monsignor McClancy Memorial High School", "atm:operator": null, "barrier": null, "name:etymology": null, "theatre:type": null, "capacity:disabled": null, "books": null, "type": null, "neighborhood": "jacksonheights", "compressed_air": null, "opening_hours:covid19": null, "playground": null, "drink:sangria": null, "name:es": null, "indoor": null, "information": null, "lgbtq:trans": null, "currency:USD": null, "service:bicycle:repair": null, "street_vendor": null, "colour": null, "location": null, "recycling:glass": null, "recycling:paper": null, "recycling:plastic": null, "contact:fax": null, "facebook": null, "grades": null, "brand:website": null, "opening_hours:drive_through": null, "education": null, "maxstay": null, "fenced": null, "drinking_water": null, "grade": null, "category": "Kids", "weight_min": 1, "weight_max": 7 }, "geometry": { "type": "Point", "coordinates": [ 1013287.968197508016601, 215263.970613883429905 ] } },
{ "type": "Feature", "properties": { "element": "way", "id": 377158544, "amenity": "school", "ele": "22", "gnis:feature_id": "961361", "name": "P.S. 149Q - The Christa McAuliffe School", "wikidata": null, "old_name": null, "phone": null, "website": "https://www.ps149q.org/", "wheelchair": null, "denomination": null, "religion": null, "addr:housenumber": "93-11", "addr:postcode": "11372", "addr:street": "34th Avenue", "check_date": null, "addr:city": "East Elmhurst", "addr:state": "NY", "alt_name": null, "brand": null, "brand:wikidata": null, "operator": "New York City Department of Education", "operator:short": "NYC Public Schools", "operator:type": "public", "operator:website": null, "operator:wikidata": "Q408230", "operator:wikipedia": null, "postal_code": null, "short_name": null, "source": null, "capacity": null, "cityracks.housenum": null, "cityracks.installed": null, "cityracks.large": null, "cityracks.rackid": null, "cityracks.small": null, "cityracks.street": null, "bicycle_parking": null, "covered": null, "addr:country": null, "indoor_seating": null, "outdoor_seating": null, "cuisine": null, "payment:mastercard": null, "payment:visa": null, "shop": null, "black_owned": null, "opening_hours": null, "takeaway": null, "drink:beer": null, "drink:espresso": null, "drink:wine": null, "cocktails": null, "drink:liquor": null, "note": null, "fee": null, "disused:website": null, "diet:halal": null, "atm": null, "beauty": null, "delivery": null, "official_name": null, "drink:coffee": null, "check_date:opening_hours": null, "dispensing": null, "healthcare": null, "level": null, "happy_hours": null, "addr:housename": null, "bicycle_rental": null, "network": null, "network:wikidata": null, "network:wikipedia": null, "ref": null, "ref:gbfs": null, "second_hand": null, "diet:vegetarian": null, "drink:byob": null, "drink:tea": null, "fax": null, "craft": null, "payment:cards": null, "payment:cash": null, "payment:credit_cards": null, "payment:debit_cards": null, "drive_through": null, "tobacco": null, "opening_hours:signed": null, "diet:vegan": null, "dry_cleaning": null, "branch": null, "drink:sake": null, "contact:facebook": null, "contact:instagram": null, "contact:twitter": null, "internet_access": null, "internet_access:fee": null, "trade": null, "pawnbroker": null, "clothes": null, "bar": null, "addr:unit": null, "smoking": null, "walkup_window": null, "email": null, "leisure": null, "toilets": null, "toilets:access": null, "toilets:unisex": null, "toilets:wheelchair": null, "opening_hours:kitchen": null, "office": null, "social_facility": null, "collection_times": null, "sport": null, "check_date:service:bicycle:pump": null, "service:bicycle:pump": null, "fixme:atp": null, "fixme": null, "payment:apple_pay": null, "payment:contactless": null, "payment:financing": null, "payment:samsung_pay": null, "diet:kosher": null, "female": null, "male": null, "payment:ebt": null, "payment:coins": null, "reservation": null, "website:menu": null, "website:reservation": null, "live_music": null, "addr:place": null, "contact:website": null, "diet:gluten_free": null, "diet:pescetarian": null, "contact:email": null, "description": null, "route_ref": null, "vending": null, "drink:cocktail": null, "recycling": null, "recycling:cans": null, "recycling:glass_bottles": null, "recycling:plastic_bottles": null, "recycling_type": null, "backrest": null, "fountain": null, "contact:sms": null, "drink:bubble_tea": null, "check_date:diet:vegetarian": null, "contact:phone": null, "note:opening_hours": null, "community_centre:for": null, "lgbtq": null, "laundry_service": null, "self_service": null, "animal_boarding": null, "stroller": null, "instagram": null, "service:knife_sharpening": null, "building": null, "laptop": null, "community_centre": null, "catering": null, "survey:date": null, "phases": null, "not:brand:wikidata": null, "payment:american_express": null, "payment:discover_card": null, "start_date": null, "florist": null, "clothes:printing": null, "material": null, "toilets:disposal": null, "organic": null, "seats": null, "waste": null, "min_age": null, "cinema": null, "check_date:capacity": null, "access": null, "service:notary": null, "recycling:compost": null, "tourism": null, "recycling:food_waste": null, "recycling:green_waste": null, "hairdresser": null, "air_conditioning": null, "food": null, "public_bookcase:type": null, "addr:floor": null, "social_facility:for": null, "bottle": null, "address": null, "operating_hours": null, "payment:paypal": null, "healthcare:speciality": null, "parking": null, "armrest": null, "seats:separated": null, "two_sided": null, "operational_status": null, "direction": null, "fast_food": null, "height": null, "nycdoitt:bin": null, "building:levels": null, "fuel:propane": null, "addr:full": null, "layer": null, "service_times": null, "name:etymology:wikidata": null, "roof:levels": null, "disused:amenity": null, "operator:official": null, "building:material": null, "emergency": null, "surface": null, "shelter_type": null, "mascot": null, "polling_station": null, "beds": null, "wikipedia": null, "atm:operator": null, "barrier": null, "name:etymology": null, "theatre:type": null, "capacity:disabled": null, "books": null, "type": null, "neighborhood": "jacksonheights", "compressed_air": null, "opening_hours:covid19": null, "playground": null, "drink:sangria": null, "name:es": null, "indoor": null, "information": null, "lgbtq:trans": null, "currency:USD": null, "service:bicycle:repair": null, "street_vendor": null, "colour": null, "location": null, "recycling:glass": null, "recycling:paper": null, "recycling:plastic": null, "contact:fax": null, "facebook": null, "grades": null, "brand:website": null, "opening_hours:drive_through": null, "education": null, "maxstay": null, "fenced": null, "drinking_water": null, "grade": null, "category": "Kids", "weight_min": 1, "weight_max": 7 }, "geometry": { "type": "Point", "coordinates": [ 1019040.541160776279867, 214471.073588581057265 ] } },
{ "type": "Feature", "properties": { "element": "way", "id": 448339843, "amenity": "school", "ele": null, "gnis:feature_id": null, "name": "P.S. 212Q", "wikidata": null, "old_name": null, "phone": null, "website": "https://www.ps212q.com/", "wheelchair": null, "denomination": null, "religion": null, "addr:housenumber": "34-25", "addr:postcode": "11372", "addr:street": "82nd Street", "check_date": null, "addr:city": "Jackson Heights", "addr:state": "NY", "alt_name": null, "brand": null, "brand:wikidata": null, "operator": null, "operator:short": null, "operator:type": null, "operator:website": null, "operator:wikidata": null, "operator:wikipedia": null, "postal_code": null, "short_name": null, "source": null, "capacity": null, "cityracks.housenum": null, "cityracks.installed": null, "cityracks.large": null, "cityracks.rackid": null, "cityracks.small": null, "cityracks.street": null, "bicycle_parking": null, "covered": null, "addr:country": null, "indoor_seating": null, "outdoor_seating": null, "cuisine": null, "payment:mastercard": null, "payment:visa": null, "shop": null, "black_owned": null, "opening_hours": null, "takeaway": null, "drink:beer": null, "drink:espresso": null, "drink:wine": null, "cocktails": null, "drink:liquor": null, "note": null, "fee": null, "disused:website": null, "diet:halal": null, "atm": null, "beauty": null, "delivery": null, "official_name": null, "drink:coffee": null, "check_date:opening_hours": null, "dispensing": null, "healthcare": null, "level": null, "happy_hours": null, "addr:housename": null, "bicycle_rental": null, "network": null, "network:wikidata": null, "network:wikipedia": null, "ref": null, "ref:gbfs": null, "second_hand": null, "diet:vegetarian": null, "drink:byob": null, "drink:tea": null, "fax": null, "craft": null, "payment:cards": null, "payment:cash": null, "payment:credit_cards": null, "payment:debit_cards": null, "drive_through": null, "tobacco": null, "opening_hours:signed": null, "diet:vegan": null, "dry_cleaning": null, "branch": null, "drink:sake": null, "contact:facebook": null, "contact:instagram": null, "contact:twitter": null, "internet_access": null, "internet_access:fee": null, "trade": null, "pawnbroker": null, "clothes": null, "bar": null, "addr:unit": null, "smoking": null, "walkup_window": null, "email": null, "leisure": null, "toilets": null, "toilets:access": null, "toilets:unisex": null, "toilets:wheelchair": null, "opening_hours:kitchen": null, "office": null, "social_facility": null, "collection_times": null, "sport": null, "check_date:service:bicycle:pump": null, "service:bicycle:pump": null, "fixme:atp": null, "fixme": null, "payment:apple_pay": null, "payment:contactless": null, "payment:financing": null, "payment:samsung_pay": null, "diet:kosher": null, "female": null, "male": null, "payment:ebt": null, "payment:coins": null, "reservation": null, "website:menu": null, "website:reservation": null, "live_music": null, "addr:place": null, "contact:website": null, "diet:gluten_free": null, "diet:pescetarian": null, "contact:email": null, "description": null, "route_ref": null, "vending": null, "drink:cocktail": null, "recycling": null, "recycling:cans": null, "recycling:glass_bottles": null, "recycling:plastic_bottles": null, "recycling_type": null, "backrest": null, "fountain": null, "contact:sms": null, "drink:bubble_tea": null, "check_date:diet:vegetarian": null, "contact:phone": null, "note:opening_hours": null, "community_centre:for": null, "lgbtq": null, "laundry_service": null, "self_service": null, "animal_boarding": null, "stroller": null, "instagram": null, "service:knife_sharpening": null, "building": null, "laptop": null, "community_centre": null, "catering": null, "survey:date": null, "phases": null, "not:brand:wikidata": null, "payment:american_express": null, "payment:discover_card": null, "start_date": null, "florist": null, "clothes:printing": null, "material": null, "toilets:disposal": null, "organic": null, "seats": null, "waste": null, "min_age": null, "cinema": null, "check_date:capacity": null, "access": null, "service:notary": null, "recycling:compost": null, "tourism": null, "recycling:food_waste": null, "recycling:green_waste": null, "hairdresser": null, "air_conditioning": null, "food": null, "public_bookcase:type": null, "addr:floor": null, "social_facility:for": null, "bottle": null, "address": null, "operating_hours": null, "payment:paypal": null, "healthcare:speciality": null, "parking": null, "armrest": null, "seats:separated": null, "two_sided": null, "operational_status": null, "direction": null, "fast_food": null, "height": null, "nycdoitt:bin": null, "building:levels": null, "fuel:propane": null, "addr:full": null, "layer": null, "service_times": null, "name:etymology:wikidata": null, "roof:levels": null, "disused:amenity": null, "operator:official": null, "building:material": null, "emergency": null, "surface": null, "shelter_type": null, "mascot": null, "polling_station": null, "beds": null, "wikipedia": null, "atm:operator": null, "barrier": null, "name:etymology": null, "theatre:type": null, "capacity:disabled": null, "books": null, "type": null, "neighborhood": "jacksonheights", "compressed_air": null, "opening_hours:covid19": null, "playground": null, "drink:sangria": null, "name:es": null, "indoor": null, "information": null, "lgbtq:trans": null, "currency:USD": null, "service:bicycle:repair": null, "street_vendor": null, "colour": null, "location": null, "recycling:glass": null, "recycling:paper": null, "recycling:plastic": null, "contact:fax": null, "facebook": null, "grades": null, "brand:website": null, "opening_hours:drive_through": null, "education": null, "maxstay": null, "fenced": null, "drinking_water": null, "grade": null, "category": "Kids", "weight_min": 1, "weight_max": 7 }, "geometry": { "type": "Point", "coordinates": [ 1016234.640590736758895, 213673.819556035858113 ] } },
{ "type": "Feature", "properties": { "element": "way", "id": 620998517, "amenity": "school", "ele": null, "gnis:feature_id": null, "name": "P.S. 398Q - The Héctor Figueroa School", "wikidata": null, "old_name": null, "phone": "+1-929-463-7200", "website": "https://www.ps398queens.org/", "wheelchair": null, "denomination": null, "religion": "no", "addr:housenumber": "69-01", "addr:postcode": "11377", "addr:street": "34th Avenue", "check_date": "2025-04-14", "addr:city": "Jackson Heights", "addr:state": "NY", "alt_name": "Public School 398Q", "brand": null, "brand:wikidata": null, "operator": "New York City Department of Education", "operator:short": "NYC Public Schools", "operator:type": "public", "operator:website": null, "operator:wikidata": "Q408230", "operator:wikipedia": null, "postal_code": null, "short_name": "PS 398Q", "source": null, "capacity": null, "cityracks.housenum": null, "cityracks.installed": null, "cityracks.large": null, "cityracks.rackid": null, "cityracks.small": null, "cityracks.street": null, "bicycle_parking": null, "covered": null, "addr:country": "US", "indoor_seating": null, "outdoor_seating": null, "cuisine": null, "payment:mastercard": null, "payment:visa": null, "shop": null, "black_owned": null, "opening_hours": null, "takeaway": null, "drink:beer": null, "drink:espresso": null, "drink:wine": null, "cocktails": null, "drink:liquor": null, "note": null, "fee": null, "disused:website": null, "diet:halal": null, "atm": null, "beauty": null, "delivery": null, "official_name": null, "drink:coffee": null, "check_date:opening_hours": null, "dispensing": null, "healthcare": null, "level": null, "happy_hours": null, "addr:housename": null, "bicycle_rental": null, "network": null, "network:wikidata": null, "network:wikipedia": null, "ref": null, "ref:gbfs": null, "second_hand": null, "diet:vegetarian": null, "drink:byob": null, "drink:tea": null, "fax": null, "craft": null, "payment:cards": null, "payment:cash": null, "payment:credit_cards": null, "payment:debit_cards": null, "drive_through": null, "tobacco": null, "opening_hours:signed": null, "diet:vegan": null, "dry_cleaning": null, "branch": null, "drink:sake": null, "contact:facebook": null, "contact:instagram": null, "contact:twitter": null, "internet_access": null, "internet_access:fee": null, "trade": null, "pawnbroker": null, "clothes": null, "bar": null, "addr:unit": null, "smoking": null, "walkup_window": null, "email": null, "leisure": null, "toilets": null, "toilets:access": null, "toilets:unisex": null, "toilets:wheelchair": null, "opening_hours:kitchen": null, "office": null, "social_facility": null, "collection_times": null, "sport": null, "check_date:service:bicycle:pump": null, "service:bicycle:pump": null, "fixme:atp": null, "fixme": null, "payment:apple_pay": null, "payment:contactless": null, "payment:financing": null, "payment:samsung_pay": null, "diet:kosher": null, "female": null, "male": null, "payment:ebt": null, "payment:coins": null, "reservation": null, "website:menu": null, "website:reservation": null, "live_music": null, "addr:place": null, "contact:website": null, "diet:gluten_free": null, "diet:pescetarian": null, "contact:email": null, "description": null, "route_ref": null, "vending": null, "drink:cocktail": null, "recycling": null, "recycling:cans": null, "recycling:glass_bottles": null, "recycling:plastic_bottles": null, "recycling_type": null, "backrest": null, "fountain": null, "contact:sms": null, "drink:bubble_tea": null, "check_date:diet:vegetarian": null, "contact:phone": null, "note:opening_hours": null, "community_centre:for": null, "lgbtq": null, "laundry_service": null, "self_service": null, "animal_boarding": null, "stroller": null, "instagram": null, "service:knife_sharpening": null, "building": null, "laptop": null, "community_centre": null, "catering": null, "survey:date": null, "phases": null, "not:brand:wikidata": null, "payment:american_express": null, "payment:discover_card": null, "start_date": null, "florist": null, "clothes:printing": null, "material": null, "toilets:disposal": null, "organic": null, "seats": null, "waste": null, "min_age": null, "cinema": null, "check_date:capacity": null, "access": null, "service:notary": null, "recycling:compost": null, "tourism": null, "recycling:food_waste": null, "recycling:green_waste": null, "hairdresser": null, "air_conditioning": null, "food": null, "public_bookcase:type": null, "addr:floor": null, "social_facility:for": null, "bottle": null, "address": null, "operating_hours": null, "payment:paypal": null, "healthcare:speciality": null, "parking": null, "armrest": null, "seats:separated": null, "two_sided": null, "operational_status": null, "direction": null, "fast_food": null, "height": null, "nycdoitt:bin": null, "building:levels": "5", "fuel:propane": null, "addr:full": null, "layer": null, "service_times": null, "name:etymology:wikidata": null, "roof:levels": null, "disused:amenity": null, "operator:official": null, "building:material": null, "emergency": null, "surface": null, "shelter_type": null, "mascot": null, "polling_station": null, "beds": null, "wikipedia": null, "atm:operator": null, "barrier": null, "name:etymology": null, "theatre:type": null, "capacity:disabled": null, "books": null, "type": null, "neighborhood": "jacksonheights", "compressed_air": null, "opening_hours:covid19": null, "playground": null, "drink:sangria": null, "name:es": null, "indoor": null, "information": null, "lgbtq:trans": null, "currency:USD": null, "service:bicycle:repair": null, "street_vendor": null, "colour": null, "location": null, "recycling:glass": null, "recycling:paper": null, "recycling:plastic": null, "contact:fax": null, "facebook": null, "grades": "PK;0-5;SE", "brand:website": null, "opening_hours:drive_through": null, "education": null, "maxstay": null, "fenced": null, "drinking_water": null, "grade": null, "category": "Kids", "weight_min": 1, "weight_max": 7 }, "geometry": { "type": "Point", "coordinates": [ 1012870.618091906304471, 213550.469926379912067 ] } },
{ "type": "Feature", "properties": { "element": "way", "id": 1263917686, "amenity": "school", "ele": null, "gnis:feature_id": null, "name": "P.S. 148Q - The Ruby G. Allen School", "wikidata": null, "old_name": null, "phone": null, "website": "https://www.ps148q.com/", "wheelchair": null, "denomination": null, "religion": null, "addr:housenumber": "89-02", "addr:postcode": "11369", "addr:street": "32nd Avenue", "check_date": null, "addr:city": null, "addr:state": null, "alt_name": null, "brand": null, "brand:wikidata": null, "operator": "New York City Department of Education", "operator:short": "NYC Public Schools", "operator:type": "public", "operator:website": null, "operator:wikidata": "Q408230", "operator:wikipedia": null, "postal_code": null, "short_name": null, "source": null, "capacity": null, "cityracks.housenum": null, "cityracks.installed": null, "cityracks.large": null, "cityracks.rackid": null, "cityracks.small": null, "cityracks.street": null, "bicycle_parking": null, "covered": null, "addr:country": null, "indoor_seating": null, "outdoor_seating": null, "cuisine": null, "payment:mastercard": null, "payment:visa": null, "shop": null, "black_owned": null, "opening_hours": null, "takeaway": null, "drink:beer": null, "drink:espresso": null, "drink:wine": null, "cocktails": null, "drink:liquor": null, "note": null, "fee": null, "disused:website": null, "diet:halal": null, "atm": null, "beauty": null, "delivery": null, "official_name": null, "drink:coffee": null, "check_date:opening_hours": null, "dispensing": null, "healthcare": null, "level": null, "happy_hours": null, "addr:housename": null, "bicycle_rental": null, "network": null, "network:wikidata": null, "network:wikipedia": null, "ref": null, "ref:gbfs": null, "second_hand": null, "diet:vegetarian": null, "drink:byob": null, "drink:tea": null, "fax": null, "craft": null, "payment:cards": null, "payment:cash": null, "payment:credit_cards": null, "payment:debit_cards": null, "drive_through": null, "tobacco": null, "opening_hours:signed": null, "diet:vegan": null, "dry_cleaning": null, "branch": null, "drink:sake": null, "contact:facebook": null, "contact:instagram": null, "contact:twitter": null, "internet_access": null, "internet_access:fee": null, "trade": null, "pawnbroker": null, "clothes": null, "bar": null, "addr:unit": null, "smoking": null, "walkup_window": null, "email": null, "leisure": null, "toilets": null, "toilets:access": null, "toilets:unisex": null, "toilets:wheelchair": null, "opening_hours:kitchen": null, "office": null, "social_facility": null, "collection_times": null, "sport": null, "check_date:service:bicycle:pump": null, "service:bicycle:pump": null, "fixme:atp": null, "fixme": null, "payment:apple_pay": null, "payment:contactless": null, "payment:financing": null, "payment:samsung_pay": null, "diet:kosher": null, "female": null, "male": null, "payment:ebt": null, "payment:coins": null, "reservation": null, "website:menu": null, "website:reservation": null, "live_music": null, "addr:place": null, "contact:website": null, "diet:gluten_free": null, "diet:pescetarian": null, "contact:email": null, "description": null, "route_ref": null, "vending": null, "drink:cocktail": null, "recycling": null, "recycling:cans": null, "recycling:glass_bottles": null, "recycling:plastic_bottles": null, "recycling_type": null, "backrest": null, "fountain": null, "contact:sms": null, "drink:bubble_tea": null, "check_date:diet:vegetarian": null, "contact:phone": null, "note:opening_hours": null, "community_centre:for": null, "lgbtq": null, "laundry_service": null, "self_service": null, "animal_boarding": null, "stroller": null, "instagram": null, "service:knife_sharpening": null, "building": null, "laptop": null, "community_centre": null, "catering": null, "survey:date": null, "phases": null, "not:brand:wikidata": null, "payment:american_express": null, "payment:discover_card": null, "start_date": null, "florist": null, "clothes:printing": null, "material": null, "toilets:disposal": null, "organic": null, "seats": null, "waste": null, "min_age": null, "cinema": null, "check_date:capacity": null, "access": null, "service:notary": null, "recycling:compost": null, "tourism": null, "recycling:food_waste": null, "recycling:green_waste": null, "hairdresser": null, "air_conditioning": null, "food": null, "public_bookcase:type": null, "addr:floor": null, "social_facility:for": null, "bottle": null, "address": null, "operating_hours": null, "payment:paypal": null, "healthcare:speciality": null, "parking": null, "armrest": null, "seats:separated": null, "two_sided": null, "operational_status": null, "direction": null, "fast_food": null, "height": null, "nycdoitt:bin": null, "building:levels": null, "fuel:propane": null, "addr:full": null, "layer": null, "service_times": null, "name:etymology:wikidata": null, "roof:levels": null, "disused:amenity": null, "operator:official": null, "building:material": null, "emergency": null, "surface": null, "shelter_type": null, "mascot": null, "polling_station": null, "beds": null, "wikipedia": null, "atm:operator": null, "barrier": null, "name:etymology": null, "theatre:type": null, "capacity:disabled": null, "books": null, "type": null, "neighborhood": "jacksonheights", "compressed_air": null, "opening_hours:covid19": null, "playground": null, "drink:sangria": null, "name:es": null, "indoor": null, "information": null, "lgbtq:trans": null, "currency:USD": null, "service:bicycle:repair": null, "street_vendor": null, "colour": null, "location": null, "recycling:glass": null, "recycling:paper": null, "recycling:plastic": null, "contact:fax": null, "facebook": null, "grades": null, "brand:website": null, "opening_hours:drive_through": null, "education": null, "maxstay": null, "fenced": null, "drinking_water": null, "grade": null, "category": "Kids", "weight_min": 1, "weight_max": 7 }, "geometry": { "type": "Point", "coordinates": [ 1017853.864481266122311, 215460.308106510754442 ] } },
{ "type": "Feature", "properties": { "element": "way", "id": 1541167611, "amenity": "school", "ele": null, "gnis:feature_id": null, "name": "P.S. 280Q", "wikidata": null, "old_name": null, "phone": null, "website": "https://ps280q.org/", "wheelchair": null, "denomination": null, "religion": null, "addr:housenumber": "34-20", "addr:postcode": "11372", "addr:street": "94th Street", "check_date": null, "addr:city": "Jackson Heights", "addr:state": "NY", "alt_name": null, "brand": null, "brand:wikidata": null, "operator": null, "operator:short": null, "operator:type": null, "operator:website": null, "operator:wikidata": null, "operator:wikipedia": null, "postal_code": null, "short_name": null, "source": null, "capacity": null, "cityracks.housenum": null, "cityracks.installed": null, "cityracks.large": null, "cityracks.rackid": null, "cityracks.small": null, "cityracks.street": null, "bicycle_parking": null, "covered": null, "addr:country": null, "indoor_seating": null, "outdoor_seating": null, "cuisine": null, "payment:mastercard": null, "payment:visa": null, "shop": null, "black_owned": null, "opening_hours": null, "takeaway": null, "drink:beer": null, "drink:espresso": null, "drink:wine": null, "cocktails": null, "drink:liquor": null, "note": null, "fee": null, "disused:website": null, "diet:halal": null, "atm": null, "beauty": null, "delivery": null, "official_name": null, "drink:coffee": null, "check_date:opening_hours": null, "dispensing": null, "healthcare": null, "level": null, "happy_hours": null, "addr:housename": null, "bicycle_rental": null, "network": null, "network:wikidata": null, "network:wikipedia": null, "ref": null, "ref:gbfs": null, "second_hand": null, "diet:vegetarian": null, "drink:byob": null, "drink:tea": null, "fax": null, "craft": null, "payment:cards": null, "payment:cash": null, "payment:credit_cards": null, "payment:debit_cards": null, "drive_through": null, "tobacco": null, "opening_hours:signed": null, "diet:vegan": null, "dry_cleaning": null, "branch": null, "drink:sake": null, "contact:facebook": null, "contact:instagram": null, "contact:twitter": null, "internet_access": null, "internet_access:fee": null, "trade": null, "pawnbroker": null, "clothes": null, "bar": null, "addr:unit": null, "smoking": null, "walkup_window": null, "email": null, "leisure": null, "toilets": null, "toilets:access": null, "toilets:unisex": null, "toilets:wheelchair": null, "opening_hours:kitchen": null, "office": null, "social_facility": null, "collection_times": null, "sport": null, "check_date:service:bicycle:pump": null, "service:bicycle:pump": null, "fixme:atp": null, "fixme": null, "payment:apple_pay": null, "payment:contactless": null, "payment:financing": null, "payment:samsung_pay": null, "diet:kosher": null, "female": null, "male": null, "payment:ebt": null, "payment:coins": null, "reservation": null, "website:menu": null, "website:reservation": null, "live_music": null, "addr:place": null, "contact:website": null, "diet:gluten_free": null, "diet:pescetarian": null, "contact:email": null, "description": null, "route_ref": null, "vending": null, "drink:cocktail": null, "recycling": null, "recycling:cans": null, "recycling:glass_bottles": null, "recycling:plastic_bottles": null, "recycling_type": null, "backrest": null, "fountain": null, "contact:sms": null, "drink:bubble_tea": null, "check_date:diet:vegetarian": null, "contact:phone": null, "note:opening_hours": null, "community_centre:for": null, "lgbtq": null, "laundry_service": null, "self_service": null, "animal_boarding": null, "stroller": null, "instagram": null, "service:knife_sharpening": null, "building": null, "laptop": null, "community_centre": null, "catering": null, "survey:date": null, "phases": null, "not:brand:wikidata": null, "payment:american_express": null, "payment:discover_card": null, "start_date": null, "florist": null, "clothes:printing": null, "material": null, "toilets:disposal": null, "organic": null, "seats": null, "waste": null, "min_age": null, "cinema": null, "check_date:capacity": null, "access": null, "service:notary": null, "recycling:compost": null, "tourism": null, "recycling:food_waste": null, "recycling:green_waste": null, "hairdresser": null, "air_conditioning": null, "food": null, "public_bookcase:type": null, "addr:floor": null, "social_facility:for": null, "bottle": null, "address": null, "operating_hours": null, "payment:paypal": null, "healthcare:speciality": null, "parking": null, "armrest": null, "seats:separated": null, "two_sided": null, "operational_status": null, "direction": null, "fast_food": null, "height": null, "nycdoitt:bin": null, "building:levels": null, "fuel:propane": null, "addr:full": null, "layer": null, "service_times": null, "name:etymology:wikidata": null, "roof:levels": null, "disused:amenity": null, "operator:official": null, "building:material": null, "emergency": null, "surface": null, "shelter_type": null, "mascot": null, "polling_station": null, "beds": null, "wikipedia": null, "atm:operator": null, "barrier": null, "name:etymology": null, "theatre:type": null, "capacity:disabled": null, "books": null, "type": null, "neighborhood": "jacksonheights", "compressed_air": null, "opening_hours:covid19": null, "playground": null, "drink:sangria": null, "name:es": null, "indoor": null, "information": null, "lgbtq:trans": null, "currency:USD": null, "service:bicycle:repair": null, "street_vendor": null, "colour": null, "location": null, "recycling:glass": null, "recycling:paper": null, "recycling:plastic": null, "contact:fax": null, "facebook": null, "grades": null, "brand:website": null, "opening_hours:drive_through": null, "education": "school", "maxstay": null, "fenced": null, "drinking_water": null, "grade": null, "category": "Kids", "weight_min": 1, "weight_max": 7 }, "geometry": { "type": "Point", "coordinates": [ 1019186.993002216331661, 213839.82569194631651 ] } }
]
}
