{
"type": "FeatureCollection",
"name": "population_by_blockgroup",
"crs": { "type": "name", "properties": { "name": "urn:ogc:def:crs:OGC:1.3:CRS84" } },
"features": [
{ "type": "Feature", "properties": { "GISJOIN": "G36004700371005", "Total Pop (Race/Ethnicity)": 394, "Not Hispanic or Latino": 342, "Not Hispanic or Latino: White alone": 0, "Not Hispanic or Latino: Black or African American alone": 314, "Not Hispanic or Latino: American Indian and Alaska Native alone": 0, "Not Hispanic or Latino: Asian alone": 11, "Not Hispanic or Latino: Native Hawaiian and Other Pacific Islander alone": 0, "Not Hispanic or Latino: Some other race alone": 0, "Not Hispanic or Latino: Two or more races": 17, "Not Hispanic or Latino: Two or more races: Two races including Some other race": 0, "Not Hispanic or Latino: Two or more races: Two races excluding Some other race, and three or more races": 17, "Hispanic or Latino": 52, "Total Households (Income)": 215, "Less than $10,000": 52, "$10,000 to $14,999": 0, "$15,000 to $19,999": 0, "$20,000 to $24,999": 0, "$25,000 to $29,999": 0, "$30,000 to $34,999": 0, "$35,000 to $39,999": 0, "$40,000 to $44,999": 54, "$45,000 to $49,999": 0, "$50,000 to $59,999": 0, "$60,000 to $74,999": 0, "$75,000 to $99,999": 49, "$100,000 to $124,999": 26, "$125,000 to $149,999": 34, "$150,000 to $199,999": 0, "$200,000 or more": 0, "COUNTY": "Kings County", "TRACTCE": "037100", "BLKGRPCE": "5", "Area (Sq Mi)": 0.015400386100386101, "zip_code": "11233", "block_group": "0371005", "bg_area": 429343.01885175129, "overlap_area": 2.3955811386219921, "frac_in_neighborhood": 5.5796438591893515e-06, "pop_in_neighborhood": 0.0021983796805206046, "neighborhood": "bedstuy" }, "geometry": { "type": "MultiPolygon", "coordinates": [ [ [ [ -73.910799026960149, 40.678277428822724 ], [ -73.913072023028576, 40.67840043304016 ], [ -73.913559022847068, 40.678426434646944 ], [ -73.916301018858888, 40.678576438446349 ], [ -73.916393018786351, 40.67890543832192 ], [ -73.913739021003266, 40.679209432140148 ], [ -73.911082023261883, 40.679514426744042 ], [ -73.91093902444014, 40.678782427921405 ], [ -73.910799026960149, 40.678277428822724 ] ] ] ] } },
{ "type": "Feature", "properties": { "GISJOIN": "G36004700371004", "Total Pop (Race/Ethnicity)": 1126, "Not Hispanic or Latino": 850, "Not Hispanic or Latino: White alone": 43, "Not Hispanic or Latino: Black or African American alone": 796, "Not Hispanic or Latino: American Indian and Alaska Native alone": 0, "Not Hispanic or Latino: Asian alone": 11, "Not Hispanic or Latino: Native Hawaiian and Other Pacific Islander alone": 0, "Not Hispanic or Latino: Some other race alone": 0, "Not Hispanic or Latino: Two or more races": 0, "Not Hispanic or Latino: Two or more races: Two races including Some other race": 0, "Not Hispanic or Latino: Two or more races: Two races excluding Some other race, and three or more races": 0, "Hispanic or Latino": 276, "Total Households (Income)": 403, "Less than $10,000": 11, "$10,000 to $14,999": 12, "$15,000 to $19,999": 9, "$20,000 to $24,999": 43, "$25,000 to $29,999": 0, "$30,000 to $34,999": 0, "$35,000 to $39,999": 33, "$40,000 to $44,999": 0, "$45,000 to $49,999": 0, "$50,000 to $59,999": 28, "$60,000 to $74,999": 122, "$75,000 to $99,999": 0, "$100,000 to $124,999": 0, "$125,000 to $149,999": 48, "$150,000 to $199,999": 44, "$200,000 or more": 53, "COUNTY": "Kings County", "TRACTCE": "037100", "BLKGRPCE": "4", "Area (Sq Mi)": 0.014308494208494208, "zip_code": "11233", "block_group": "0371004", "bg_area": 398899.6332584059, "overlap_area": 12.749718074069101, "frac_in_neighborhood": 3.1962220596502467e-05, "pop_in_neighborhood": 0.03598946039166178, "neighborhood": "bedstuy" }, "geometry": { "type": "MultiPolygon", "coordinates": [ [ [ [ -73.911082023261883, 40.679514426744042 ], [ -73.913739021003266, 40.679209432140148 ], [ -73.916393018786351, 40.67890543832192 ], [ -73.916540015839658, 40.679636437335184 ], [ -73.91388301796006, 40.679934431054711 ], [ -73.91122502140361, 40.680239425393786 ], [ -73.911082023261883, 40.679514426744042 ] ] ] ] } },
{ "type": "Feature", "properties": { "GISJOIN": "G36004700303002", "Total Pop (Race/Ethnicity)": 871, "Not Hispanic or Latino": 681, "Not Hispanic or Latino: White alone": 1, "Not Hispanic or Latino: Black or African American alone": 555, "Not Hispanic or Latino: American Indian and Alaska Native alone": 0, "Not Hispanic or Latino: Asian alone": 0, "Not Hispanic or Latino: Native Hawaiian and Other Pacific Islander alone": 0, "Not Hispanic or Latino: Some other race alone": 0, "Not Hispanic or Latino: Two or more races": 125, "Not Hispanic or Latino: Two or more races: Two races including Some other race": 125, "Not Hispanic or Latino: Two or more races: Two races excluding Some other race, and three or more races": 0, "Hispanic or Latino": 190, "Total Households (Income)": 285, "Less than $10,000": 47, "$10,000 to $14,999": 24, "$15,000 to $19,999": 0, "$20,000 to $24,999": 15, "$25,000 to $29,999": 0, "$30,000 to $34,999": 0, "$35,000 to $39,999": 0, "$40,000 to $44,999": 61, "$45,000 to $49,999": 0, "$50,000 to $59,999": 23, "$60,000 to $74,999": 0, "$75,000 to $99,999": 32, "$100,000 to $124,999": 27, "$125,000 to $149,999": 0, "$150,000 to $199,999": 56, "$200,000 or more": 0, "COUNTY": "Kings County", "TRACTCE": "030300", "BLKGRPCE": "2", "Area (Sq Mi)": 0.03155752895752896, "zip_code": "11233", "block_group": "0303002", "bg_area": 879778.05093515781, "overlap_area": 0.0020782530985692686, "frac_in_neighborhood": 2.3622470421490907e-09, "pop_in_neighborhood": 2.0575171737118581e-06, "neighborhood": "bedstuy" }, "geometry": { "type": "MultiPolygon", "coordinates": [ [ [ [ -73.919541027858699, 40.673541456040191 ], [ -73.922132024297184, 40.673683461354692 ], [ -73.922049023058747, 40.674573458294041 ], [ -73.922021021111718, 40.674857457905247 ], [ -73.921975020884986, 40.675347456632664 ], [ -73.921901017667537, 40.676130454210892 ], [ -73.921832016194273, 40.676848453021485 ], [ -73.92181601702724, 40.677018452618363 ], [ -73.920946016967662, 40.676979451108117 ], [ -73.920106017753923, 40.676933449877673 ], [ -73.919219020051685, 40.676885448601553 ], [ -73.919238020578348, 40.676706448811558 ], [ -73.91931202181803, 40.675988450599498 ], [ -73.919385024191044, 40.675212451756103 ], [ -73.919455026543204, 40.674437453579152 ], [ -73.919541027858699, 40.673541456040191 ] ] ] ] } },
{ "type": "Feature", "properties": { "GISJOIN": "G36004700301003", "Total Pop (Race/Ethnicity)": 751, "Not Hispanic or Latino": 677, "Not Hispanic or Latino: White alone": 182, "Not Hispanic or Latino: Black or African American alone": 469, "Not Hispanic or Latino: American Indian and Alaska Native alone": 0, "Not Hispanic or Latino: Asian alone": 14, "Not Hispanic or Latino: Native Hawaiian and Other Pacific Islander alone": 0, "Not Hispanic or Latino: Some other race alone": 0, "Not Hispanic or Latino: Two or more races": 12, "Not Hispanic or Latino: Two or more races: Two races including Some other race": 0, "Not Hispanic or Latino: Two or more races: Two races excluding Some other race, and three or more races": 12, "Hispanic or Latino": 74, "Total Households (Income)": 420, "Less than $10,000": 63, "$10,000 to $14,999": 12, "$15,000 to $19,999": 0, "$20,000 to $24,999": 0, "$25,000 to $29,999": 33, "$30,000 to $34,999": 0, "$35,000 to $39,999": 36, "$40,000 to $44,999": 0, "$45,000 to $49,999": 11, "$50,000 to $59,999": 32, "$60,000 to $74,999": 0, "$75,000 to $99,999": 27, "$100,000 to $124,999": 35, "$125,000 to $149,999": 62, "$150,000 to $199,999": 28, "$200,000 or more": 81, "COUNTY": "Kings County", "TRACTCE": "030100", "BLKGRPCE": "3", "Area (Sq Mi)": 0.036196138996138993, "zip_code": "11233", "block_group": "0301003", "bg_area": 1009077.415737755, "overlap_area": 17.922204446045011, "frac_in_neighborhood": 1.7760980640857728e-05, "pop_in_neighborhood": 0.013338496461284153, "neighborhood": "bedstuy" }, "geometry": { "type": "MultiPolygon", "coordinates": [ [ [ [ -73.916465023449675, 40.676646443058132 ], [ -73.917395022432856, 40.676759444505002 ], [ -73.918308022008119, 40.67683544652327 ], [ -73.919219020051685, 40.676885448601553 ], [ -73.920106017753923, 40.676933449877673 ], [ -73.920946016967662, 40.676979451108117 ], [ -73.92181601702724, 40.677018452618363 ], [ -73.921711013581074, 40.678115450047123 ], [ -73.921646010954106, 40.678869448095199 ], [ -73.919050014975895, 40.678728443667062 ], [ -73.917968017285716, 40.678668441688558 ], [ -73.916301018858888, 40.678576438446349 ], [ -73.916354020694854, 40.677823440131057 ], [ -73.916465023449675, 40.676646443058132 ] ] ] ] } },
{ "type": "Feature", "properties": { "GISJOIN": "G36004700379003", "Total Pop (Race/Ethnicity)": 1725, "Not Hispanic or Latino": 1630, "Not Hispanic or Latino: White alone": 154, "Not Hispanic or Latino: Black or African American alone": 1412, "Not Hispanic or Latino: American Indian and Alaska Native alone": 0, "Not Hispanic or Latino: Asian alone": 0, "Not Hispanic or Latino: Native Hawaiian and Other Pacific Islander alone": 0, "Not Hispanic or Latino: Some other race alone": 0, "Not Hispanic or Latino: Two or more races": 64, "Not Hispanic or Latino: Two or more races: Two races including Some other race": 15, "Not Hispanic or Latino: Two or more races: Two races excluding Some other race, and three or more races": 49, "Hispanic or Latino": 95, "Total Households (Income)": 625, "Less than $10,000": 47, "$10,000 to $14,999": 0, "$15,000 to $19,999": 65, "$20,000 to $24,999": 43, "$25,000 to $29,999": 0, "$30,000 to $34,999": 22, "$35,000 to $39,999": 19, "$40,000 to $44,999": 0, "$45,000 to $49,999": 56, "$50,000 to $59,999": 56, "$60,000 to $74,999": 62, "$75,000 to $99,999": 116, "$100,000 to $124,999": 48, "$125,000 to $149,999": 0, "$150,000 to $199,999": 55, "$200,000 or more": 36, "COUNTY": "Kings County", "TRACTCE": "037900", "BLKGRPCE": "3", "Area (Sq Mi)": 0.026633204633204632, "zip_code": "11233", "block_group": "0379003", "bg_area": 742507.36907613347, "overlap_area": 742241.97052365402, "frac_in_neighborhood": 0.99964256441951593, "pop_in_neighborhood": 1724.3834236236651, "neighborhood": "bedstuy" }, "geometry": { "type": "MultiPolygon", "coordinates": [ [ [ [ -73.916540015839658, 40.679636437335184 ], [ -73.916393018786351, 40.67890543832192 ], [ -73.916301018858888, 40.678576438446349 ], [ -73.917968017285716, 40.678668441688558 ], [ -73.919050014975895, 40.678728443667062 ], [ -73.921646010954106, 40.678869448095199 ], [ -73.921835011573918, 40.678945448442171 ], [ -73.921973010649097, 40.679077447841344 ], [ -73.922132008353188, 40.679744446996331 ], [ -73.919430011694189, 40.680054441279047 ], [ -73.916687014040221, 40.680370435553954 ], [ -73.916540015839658, 40.679636437335184 ] ] ] ] } },
{ "type": "Feature", "properties": { "GISJOIN": "G36004700299001", "Total Pop (Race/Ethnicity)": 2011, "Not Hispanic or Latino": 1852, "Not Hispanic or Latino: White alone": 263, "Not Hispanic or Latino: Black or African American alone": 1513, "Not Hispanic or Latino: American Indian and Alaska Native alone": 0, "Not Hispanic or Latino: Asian alone": 17, "Not Hispanic or Latino: Native Hawaiian and Other Pacific Islander alone": 0, "Not Hispanic or Latino: Some other race alone": 0, "Not Hispanic or Latino: Two or more races": 59, "Not Hispanic or Latino: Two or more races: Two races including Some other race": 0, "Not Hispanic or Latino: Two or more races: Two races excluding Some other race, and three or more races": 59, "Hispanic or Latino": 159, "Total Households (Income)": 771, "Less than $10,000": 115, "$10,000 to $14,999": 0, "$15,000 to $19,999": 20, "$20,000 to $24,999": 6, "$25,000 to $29,999": 10, "$30,000 to $34,999": 0, "$35,000 to $39,999": 0, "$40,000 to $44,999": 0, "$45,000 to $49,999": 0, "$50,000 to $59,999": 74, "$60,000 to $74,999": 64, "$75,000 to $99,999": 147, "$100,000 to $124,999": 49, "$125,000 to $149,999": 5, "$150,000 to $199,999": 93, "$200,000 or more": 188, "COUNTY": "Kings County", "TRACTCE": "029900", "BLKGRPCE": "1", "Area (Sq Mi)": 0.027299227799227801, "zip_code": "11233", "block_group": "0299001", "bg_area": 761059.92732927122, "overlap_area": 760905.85638308898, "frac_in_neighborhood": 0.99979755740560028, "pop_in_neighborhood": 2010.5928879426622, "neighborhood": "bedstuy" }, "geometry": { "type": "MultiPolygon", "coordinates": [ [ [ [ -73.92181601702724, 40.677018452618363 ], [ -73.922806014781159, 40.677066454298114 ], [ -73.923779013675357, 40.677117456065808 ], [ -73.924765011701055, 40.677172458133327 ], [ -73.926594010253069, 40.677277461117157 ], [ -73.926492007262354, 40.678377458103746 ], [ -73.924662009710275, 40.678275455264149 ], [ -73.924593006772866, 40.679031454171863 ], [ -73.922505009626903, 40.678916449386932 ], [ -73.921646010954106, 40.678869448095199 ], [ -73.921711013581074, 40.678115450047123 ], [ -73.92181601702724, 40.677018452618363 ] ] ] ] } },
{ "type": "Feature", "properties": { "GISJOIN": "G36004700307003", "Total Pop (Race/Ethnicity)": 3208, "Not Hispanic or Latino": 3065, "Not Hispanic or Latino: White alone": 464, "Not Hispanic or Latino: Black or African American alone": 2130, "Not Hispanic or Latino: American Indian and Alaska Native alone": 0, "Not Hispanic or Latino: Asian alone": 243, "Not Hispanic or Latino: Native Hawaiian and Other Pacific Islander alone": 0, "Not Hispanic or Latino: Some other race alone": 45, "Not Hispanic or Latino: Two or more races": 183, "Not Hispanic or Latino: Two or more races: Two races including Some other race": 63, "Not Hispanic or Latino: Two or more races: Two races excluding Some other race, and three or more races": 120, "Hispanic or Latino": 143, "Total Households (Income)": 1249, "Less than $10,000": 0, "$10,000 to $14,999": 87, "$15,000 to $19,999": 0, "$20,000 to $24,999": 0, "$25,000 to $29,999": 0, "$30,000 to $34,999": 0, "$35,000 to $39,999": 0, "$40,000 to $44,999": 138, "$45,000 to $49,999": 29, "$50,000 to $59,999": 204, "$60,000 to $74,999": 36, "$75,000 to $99,999": 121, "$100,000 to $124,999": 112, "$125,000 to $149,999": 281, "$150,000 to $199,999": 90, "$200,000 or more": 151, "COUNTY": "Kings County", "TRACTCE": "030700", "BLKGRPCE": "3", "Area (Sq Mi)": 0.070678378378378384, "zip_code": "11233", "block_group": "0307003", "bg_area": 1970391.9490006573, "overlap_area": 4615.0721839074258, "frac_in_neighborhood": 0.0023422102319531385, "pop_in_neighborhood": 7.5138104241056682, "neighborhood": "bedstuy" }, "geometry": { "type": "MultiPolygon", "coordinates": [ [ [ [ -73.921901017667537, 40.676130454210892 ], [ -73.923061016820867, 40.676193456915165 ], [ -73.924013015346674, 40.676245458237233 ], [ -73.924831014673757, 40.67629245998436 ], [ -73.925246014164301, 40.67631346122058 ], [ -73.92614301249391, 40.676362462021018 ], [ -73.927110010580705, 40.676416464519249 ], [ -73.927615009500883, 40.676443465092539 ], [ -73.927688013109645, 40.675662467043239 ], [ -73.927761014134731, 40.67488646854499 ], [ -73.927257015778352, 40.674859467613246 ], [ -73.926283016094033, 40.674806466236461 ], [ -73.925857016303823, 40.674783465230902 ], [ -73.92539501744308, 40.674758464631402 ], [ -73.924996019055271, 40.674735463871585 ], [ -73.923669020506594, 40.674663461908253 ], [ -73.923196020921566, 40.674637461227661 ], [ -73.922049023058747, 40.674573458294041 ], [ -73.922132024297184, 40.673683461354692 ], [ -73.925082020280342, 40.673843466631688 ], [ -73.925945019497064, 40.673891467736503 ], [ -73.92784001651323, 40.673995471404844 ], [ -73.930615012656702, 40.674146475430504 ], [ -73.930530010661485, 40.675038473369675 ], [ -73.930457009159895, 40.675817471945294 ], [ -73.930383006295997, 40.676596469184609 ], [ -73.930321004977216, 40.677316467490414 ], [ -73.930318004632483, 40.677350468281467 ], [ -73.930321004763286, 40.677391468138296 ], [ -73.930322004106358, 40.677484467632759 ], [ -73.928227007437854, 40.677377463575894 ], [ -73.927532008503277, 40.67733646240854 ], [ -73.926594010253069, 40.677277461117157 ], [ -73.924765011701055, 40.677172458133327 ], [ -73.923779013675357, 40.677117456065808 ], [ -73.922806014781159, 40.677066454298114 ], [ -73.92181601702724, 40.677018452618363 ], [ -73.921832016194273, 40.676848453021485 ], [ -73.921901017667537, 40.676130454210892 ] ] ] ] } },
{ "type": "Feature", "properties": { "GISJOIN": "G36004700299002", "Total Pop (Race/Ethnicity)": 1317, "Not Hispanic or Latino": 1074, "Not Hispanic or Latino: White alone": 360, "Not Hispanic or Latino: Black or African American alone": 602, "Not Hispanic or Latino: American Indian and Alaska Native alone": 0, "Not Hispanic or Latino: Asian alone": 80, "Not Hispanic or Latino: Native Hawaiian and Other Pacific Islander alone": 7, "Not Hispanic or Latino: Some other race alone": 0, "Not Hispanic or Latino: Two or more races": 25, "Not Hispanic or Latino: Two or more races: Two races including Some other race": 0, "Not Hispanic or Latino: Two or more races: Two races excluding Some other race, and three or more races": 25, "Hispanic or Latino": 243, "Total Households (Income)": 476, "Less than $10,000": 78, "$10,000 to $14,999": 25, "$15,000 to $19,999": 46, "$20,000 to $24,999": 75, "$25,000 to $29,999": 5, "$30,000 to $34,999": 0, "$35,000 to $39,999": 36, "$40,000 to $44,999": 19, "$45,000 to $49,999": 0, "$50,000 to $59,999": 47, "$60,000 to $74,999": 35, "$75,000 to $99,999": 0, "$100,000 to $124,999": 0, "$125,000 to $149,999": 6, "$150,000 to $199,999": 45, "$200,000 or more": 59, "COUNTY": "Kings County", "TRACTCE": "029900", "BLKGRPCE": "2", "Area (Sq Mi)": 0.027611196911196911, "zip_code": "11233", "block_group": "0299002", "bg_area": 769758.02529069316, "overlap_area": 769758.02529069327, "frac_in_neighborhood": 1.0000000000000002, "pop_in_neighborhood": 1317.0000000000002, "neighborhood": "bedstuy" }, "geometry": { "type": "MultiPolygon", "coordinates": [ [ [ [ -73.926594010253069, 40.677277461117157 ], [ -73.927532008503277, 40.67733646240854 ], [ -73.928227007437854, 40.677377463575894 ], [ -73.930322004106358, 40.677484467632759 ], [ -73.930322003387104, 40.677543467464297 ], [ -73.930301003644516, 40.677705467289556 ], [ -73.930260003552831, 40.677867466677476 ], [ -73.93019900287139, 40.678025466321401 ], [ -73.930126002503997, 40.678164466018814 ], [ -73.930034001811705, 40.678303465188719 ], [ -73.929926002712989, 40.678433464428032 ], [ -73.929811001817683, 40.678549464071871 ], [ -73.929058001176401, 40.679276461443855 ], [ -73.92735600364071, 40.679182458370235 ], [ -73.926564003961701, 40.679144457136431 ], [ -73.925266007154178, 40.679072454273822 ], [ -73.924593006772866, 40.679031454171863 ], [ -73.924662009710275, 40.678275455264149 ], [ -73.926492007262354, 40.678377458103746 ], [ -73.926594010253069, 40.677277461117157 ] ] ] ] } },
{ "type": "Feature", "properties": { "GISJOIN": "G36004700271002", "Total Pop (Race/Ethnicity)": 1593, "Not Hispanic or Latino": 1510, "Not Hispanic or Latino: White alone": 213, "Not Hispanic or Latino: Black or African American alone": 1264, "Not Hispanic or Latino: American Indian and Alaska Native alone": 0, "Not Hispanic or Latino: Asian alone": 33, "Not Hispanic or Latino: Native Hawaiian and Other Pacific Islander alone": 0, "Not Hispanic or Latino: Some other race alone": 0, "Not Hispanic or Latino: Two or more races": 0, "Not Hispanic or Latino: Two or more races: Two races including Some other race": 0, "Not Hispanic or Latino: Two or more races: Two races excluding Some other race, and three or more races": 0, "Hispanic or Latino": 83, "Total Households (Income)": 736, "Less than $10,000": 76, "$10,000 to $14,999": 65, "$15,000 to $19,999": 18, "$20,000 to $24,999": 18, "$25,000 to $29,999": 0, "$30,000 to $34,999": 0, "$35,000 to $39,999": 0, "$40,000 to $44,999": 20, "$45,000 to $49,999": 54, "$50,000 to $59,999": 0, "$60,000 to $74,999": 94, "$75,000 to $99,999": 18, "$100,000 to $124,999": 144, "$125,000 to $149,999": 41, "$150,000 to $199,999": 34, "$200,000 or more": 154, "COUNTY": "Kings County", "TRACTCE": "027100", "BLKGRPCE": "2", "Area (Sq Mi)": 0.046742471042471041, "zip_code": "11213", "block_group": "0271002", "bg_area": 1303109.0883448357, "overlap_area": 1303109.0883448357, "frac_in_neighborhood": 1.0, "pop_in_neighborhood": 1593.0, "neighborhood": "bedstuy" }, "geometry": { "type": "MultiPolygon", "coordinates": [ [ [ [ -73.930322004106358, 40.677484467632759 ], [ -73.933069001129553, 40.677646473033761 ], [ -73.935857996908595, 40.677816478076721 ], [ -73.935857997003268, 40.677843477133635 ], [ -73.935840995688679, 40.678051477370602 ], [ -73.935803994986728, 40.678274475987507 ], [ -73.935758994522018, 40.67845547608561 ], [ -73.935685994130381, 40.678672475192194 ], [ -73.935598994147043, 40.678877474741135 ], [ -73.938507990531676, 40.679034479526742 ], [ -73.938451988877304, 40.679618478023343 ], [ -73.938435987759846, 40.679785478208771 ], [ -73.937397989316949, 40.679729476143599 ], [ -73.934871992473731, 40.679592472129407 ], [ -73.934350993767097, 40.679563470705666 ], [ -73.932896994957488, 40.679484468278162 ], [ -73.931326998044398, 40.679366465222522 ], [ -73.929058001176401, 40.679276461443855 ], [ -73.929811001817683, 40.678549464071871 ], [ -73.929926002712989, 40.678433464428032 ], [ -73.930034001811705, 40.678303465188719 ], [ -73.930126002503997, 40.678164466018814 ], [ -73.93019900287139, 40.678025466321401 ], [ -73.930260003552831, 40.677867466677476 ], [ -73.930301003644516, 40.677705467289556 ], [ -73.930322003387104, 40.677543467464297 ], [ -73.930322004106358, 40.677484467632759 ] ] ] ] } },
{ "type": "Feature", "properties": { "GISJOIN": "G36004700309001", "Total Pop (Race/Ethnicity)": 1334, "Not Hispanic or Latino": 1156, "Not Hispanic or Latino: White alone": 87, "Not Hispanic or Latino: Black or African American alone": 1062, "Not Hispanic or Latino: American Indian and Alaska Native alone": 0, "Not Hispanic or Latino: Asian alone": 7, "Not Hispanic or Latino: Native Hawaiian and Other Pacific Islander alone": 0, "Not Hispanic or Latino: Some other race alone": 0, "Not Hispanic or Latino: Two or more races": 0, "Not Hispanic or Latino: Two or more races: Two races including Some other race": 0, "Not Hispanic or Latino: Two or more races: Two races excluding Some other race, and three or more races": 0, "Hispanic or Latino": 178, "Total Households (Income)": 451, "Less than $10,000": 78, "$10,000 to $14,999": 40, "$15,000 to $19,999": 24, "$20,000 to $24,999": 8, "$25,000 to $29,999": 29, "$30,000 to $34,999": 9, "$35,000 to $39,999": 0, "$40,000 to $44,999": 46, "$45,000 to $49,999": 0, "$50,000 to $59,999": 10, "$60,000 to $74,999": 97, "$75,000 to $99,999": 12, "$100,000 to $124,999": 0, "$125,000 to $149,999": 92, "$150,000 to $199,999": 0, "$200,000 or more": 6, "COUNTY": "Kings County", "TRACTCE": "030900", "BLKGRPCE": "1", "Area (Sq Mi)": 0.033885328185328183, "zip_code": "11213", "block_group": "0309001", "bg_area": 944673.36446024687, "overlap_area": 7632.0317327299344, "frac_in_neighborhood": 0.008079016536144859, "pop_in_neighborhood": 10.777408059217242, "neighborhood": "bedstuy" }, "geometry": { "type": "MultiPolygon", "coordinates": [ [ [ [ -73.930457009159895, 40.675817471945294 ], [ -73.933226005299417, 40.675968477515958 ], [ -73.935997000386607, 40.676120481729598 ], [ -73.935922998043154, 40.676894479879792 ], [ -73.935856997249601, 40.677611478046813 ], [ -73.935856997428473, 40.677632477838557 ], [ -73.935856997394609, 40.677711477631966 ], [ -73.935857996908595, 40.677816478076721 ], [ -73.933069001129553, 40.677646473033761 ], [ -73.930322004106358, 40.677484467632759 ], [ -73.930321004763286, 40.677391468138296 ], [ -73.930318004632483, 40.677350468281467 ], [ -73.930321004977216, 40.677316467490414 ], [ -73.930383006295997, 40.676596469184609 ], [ -73.930457009159895, 40.675817471945294 ] ] ] ] } },
{ "type": "Feature", "properties": { "GISJOIN": "G36004700311001", "Total Pop (Race/Ethnicity)": 1104, "Not Hispanic or Latino": 964, "Not Hispanic or Latino: White alone": 168, "Not Hispanic or Latino: Black or African American alone": 414, "Not Hispanic or Latino: American Indian and Alaska Native alone": 0, "Not Hispanic or Latino: Asian alone": 206, "Not Hispanic or Latino: Native Hawaiian and Other Pacific Islander alone": 0, "Not Hispanic or Latino: Some other race alone": 0, "Not Hispanic or Latino: Two or more races": 176, "Not Hispanic or Latino: Two or more races: Two races including Some other race": 140, "Not Hispanic or Latino: Two or more races: Two races excluding Some other race, and three or more races": 36, "Hispanic or Latino": 140, "Total Households (Income)": 398, "Less than $10,000": 17, "$10,000 to $14,999": 20, "$15,000 to $19,999": 0, "$20,000 to $24,999": 30, "$25,000 to $29,999": 0, "$30,000 to $34,999": 0, "$35,000 to $39,999": 34, "$40,000 to $44,999": 0, "$45,000 to $49,999": 0, "$50,000 to $59,999": 0, "$60,000 to $74,999": 39, "$75,000 to $99,999": 36, "$100,000 to $124,999": 40, "$125,000 to $149,999": 89, "$150,000 to $199,999": 0, "$200,000 or more": 93, "COUNTY": "Kings County", "TRACTCE": "031100", "BLKGRPCE": "1", "Area (Sq Mi)": 0.025004247104247104, "zip_code": "11213", "block_group": "0311001", "bg_area": 697079.27608750539, "overlap_area": 6694.9304208998092, "frac_in_neighborhood": 0.0096042597313700431, "pop_in_neighborhood": 10.603102743432528, "neighborhood": "bedstuy" }, "geometry": { "type": "MultiPolygon", "coordinates": [ [ [ [ -73.935997000386607, 40.676120481729598 ], [ -73.93607800270388, 40.675334483103882 ], [ -73.938142999859238, 40.675441487372026 ], [ -73.938840998609834, 40.675492488366444 ], [ -73.938767996135311, 40.676271486791478 ], [ -73.938694994565665, 40.677049484187542 ], [ -73.938616993624692, 40.677701483505565 ], [ -73.938607993904952, 40.677783483207122 ], [ -73.938600993087704, 40.677861483263385 ], [ -73.938592991831484, 40.677969482321664 ], [ -73.937894993887298, 40.677923480751403 ], [ -73.935857996908595, 40.677816478076721 ], [ -73.935856997394609, 40.677711477631966 ], [ -73.935856997428473, 40.677632477838557 ], [ -73.935856997249601, 40.677611478046813 ], [ -73.935922998043154, 40.676894479879792 ], [ -73.935997000386607, 40.676120481729598 ] ] ] ] } },
{ "type": "Feature", "properties": { "GISJOIN": "G36004700311003", "Total Pop (Race/Ethnicity)": 1427, "Not Hispanic or Latino": 1065, "Not Hispanic or Latino: White alone": 258, "Not Hispanic or Latino: Black or African American alone": 636, "Not Hispanic or Latino: American Indian and Alaska Native alone": 0, "Not Hispanic or Latino: Asian alone": 110, "Not Hispanic or Latino: Native Hawaiian and Other Pacific Islander alone": 0, "Not Hispanic or Latino: Some other race alone": 26, "Not Hispanic or Latino: Two or more races": 35, "Not Hispanic or Latino: Two or more races: Two races including Some other race": 35, "Not Hispanic or Latino: Two or more races: Two races excluding Some other race, and three or more races": 0, "Hispanic or Latino": 362, "Total Households (Income)": 541, "Less than $10,000": 0, "$10,000 to $14,999": 50, "$15,000 to $19,999": 0, "$20,000 to $24,999": 8, "$25,000 to $29,999": 3, "$30,000 to $34,999": 17, "$35,000 to $39,999": 32, "$40,000 to $44,999": 0, "$45,000 to $49,999": 14, "$50,000 to $59,999": 0, "$60,000 to $74,999": 48, "$75,000 to $99,999": 144, "$100,000 to $124,999": 40, "$125,000 to $149,999": 24, "$150,000 to $199,999": 120, "$200,000 or more": 41, "COUNTY": "Kings County", "TRACTCE": "031100", "BLKGRPCE": "3", "Area (Sq Mi)": 0.017034362934362935, "zip_code": "11213", "block_group": "0311003", "bg_area": 474895.96308712102, "overlap_area": 4255.0926558308138, "frac_in_neighborhood": 0.0089600522779137732, "pop_in_neighborhood": 12.785994600582955, "neighborhood": "bedstuy" }, "geometry": { "type": "MultiPolygon", "coordinates": [ [ [ [ -73.938767996135311, 40.676271486791478 ], [ -73.940943993464046, 40.676388490421274 ], [ -73.941534993929238, 40.676420490822935 ], [ -73.941462990479621, 40.677199488682177 ], [ -73.941384989080106, 40.677918488319598 ], [ -73.941375989552199, 40.678007487836211 ], [ -73.94136898877592, 40.678092487664074 ], [ -73.940557990273774, 40.678063485511409 ], [ -73.939824990490152, 40.678024484513458 ], [ -73.938592991831484, 40.677969482321664 ], [ -73.938600993087704, 40.677861483263385 ], [ -73.938607993904952, 40.677783483207122 ], [ -73.938616993624692, 40.677701483505565 ], [ -73.938694994565665, 40.677049484187542 ], [ -73.938767996135311, 40.676271486791478 ] ] ] ] } },
{ "type": "Feature", "properties": { "GISJOIN": "G36004700271001", "Total Pop (Race/Ethnicity)": 2059, "Not Hispanic or Latino": 1808, "Not Hispanic or Latino: White alone": 356, "Not Hispanic or Latino: Black or African American alone": 1177, "Not Hispanic or Latino: American Indian and Alaska Native alone": 0, "Not Hispanic or Latino: Asian alone": 70, "Not Hispanic or Latino: Native Hawaiian and Other Pacific Islander alone": 0, "Not Hispanic or Latino: Some other race alone": 4, "Not Hispanic or Latino: Two or more races": 201, "Not Hispanic or Latino: Two or more races: Two races including Some other race": 0, "Not Hispanic or Latino: Two or more races: Two races excluding Some other race, and three or more races": 201, "Hispanic or Latino": 251, "Total Households (Income)": 874, "Less than $10,000": 114, "$10,000 to $14,999": 0, "$15,000 to $19,999": 14, "$20,000 to $24,999": 86, "$25,000 to $29,999": 0, "$30,000 to $34,999": 67, "$35,000 to $39,999": 0, "$40,000 to $44,999": 21, "$45,000 to $49,999": 7, "$50,000 to $59,999": 4, "$60,000 to $74,999": 121, "$75,000 to $99,999": 54, "$100,000 to $124,999": 127, "$125,000 to $149,999": 14, "$150,000 to $199,999": 164, "$200,000 or more": 81, "COUNTY": "Kings County", "TRACTCE": "027100", "BLKGRPCE": "1", "Area (Sq Mi)": 0.047988416988416986, "zip_code": "11213", "block_group": "0271001", "bg_area": 1337842.5817387593, "overlap_area": 1337723.5738416219, "frac_in_neighborhood": 0.99991104491756966, "pop_in_neighborhood": 2058.8168414852757, "neighborhood": "bedstuy" }, "geometry": { "type": "MultiPolygon", "coordinates": [ [ [ [ -73.935857996908595, 40.677816478076721 ], [ -73.937894993887298, 40.677923480751403 ], [ -73.938592991831484, 40.677969482321664 ], [ -73.939824990490152, 40.678024484513458 ], [ -73.940557990273774, 40.678063485511409 ], [ -73.94136898877592, 40.678092487664074 ], [ -73.941813987556728, 40.678114488634272 ], [ -73.943182986280576, 40.678181490189459 ], [ -73.944140985183765, 40.678236492068187 ], [ -73.944047982083305, 40.679335489326576 ], [ -73.943972979481629, 40.680087487124752 ], [ -73.943261981098246, 40.680050485959441 ], [ -73.941208983595274, 40.679937482885791 ], [ -73.940327985068237, 40.679889481932484 ], [ -73.93862498830309, 40.679795478495059 ], [ -73.938435987759846, 40.679785478208771 ], [ -73.938451988877304, 40.679618478023343 ], [ -73.938507990531676, 40.679034479526742 ], [ -73.935598994147043, 40.678877474741135 ], [ -73.935685994130381, 40.678672475192194 ], [ -73.935758994522018, 40.67845547608561 ], [ -73.935803994986728, 40.678274475987507 ], [ -73.935840995688679, 40.678051477370602 ], [ -73.935857997003268, 40.677843477133635 ], [ -73.935857996908595, 40.677816478076721 ] ] ] ] } },
{ "type": "Feature", "properties": { "GISJOIN": "G36004700305001", "Total Pop (Race/Ethnicity)": 1508, "Not Hispanic or Latino": 1166, "Not Hispanic or Latino: White alone": 257, "Not Hispanic or Latino: Black or African American alone": 525, "Not Hispanic or Latino: American Indian and Alaska Native alone": 0, "Not Hispanic or Latino: Asian alone": 91, "Not Hispanic or Latino: Native Hawaiian and Other Pacific Islander alone": 0, "Not Hispanic or Latino: Some other race alone": 0, "Not Hispanic or Latino: Two or more races": 293, "Not Hispanic or Latino: Two or more races: Two races including Some other race": 0, "Not Hispanic or Latino: Two or more races: Two races excluding Some other race, and three or more races": 293, "Hispanic or Latino": 342, "Total Households (Income)": 620, "Less than $10,000": 0, "$10,000 to $14,999": 43, "$15,000 to $19,999": 0, "$20,000 to $24,999": 0, "$25,000 to $29,999": 0, "$30,000 to $34,999": 0, "$35,000 to $39,999": 0, "$40,000 to $44,999": 23, "$45,000 to $49,999": 14, "$50,000 to $59,999": 41, "$60,000 to $74,999": 69, "$75,000 to $99,999": 39, "$100,000 to $124,999": 101, "$125,000 to $149,999": 14, "$150,000 to $199,999": 49, "$200,000 or more": 227, "COUNTY": "Kings County", "TRACTCE": "030500", "BLKGRPCE": "1", "Area (Sq Mi)": 0.057902316602316602, "zip_code": "11238", "block_group": "0305001", "bg_area": 1614218.297305509, "overlap_area": 894.72164281984794, "frac_in_neighborhood": 0.00055427549316801718, "pop_in_neighborhood": 0.83584744369736996, "neighborhood": "bedstuy" }, "geometry": { "type": "MultiPolygon", "coordinates": [ [ [ [ -73.958291962840505, 40.679830516163484 ], [ -73.956021966825077, 40.679358512303629 ], [ -73.955641967989791, 40.679257511780406 ], [ -73.955308968029684, 40.679272510835787 ], [ -73.955294968674934, 40.679204512101172 ], [ -73.955279968542115, 40.679130510834781 ], [ -73.955166969770346, 40.678570512382066 ], [ -73.955182970133549, 40.678433512965292 ], [ -73.955194970216453, 40.678342512974716 ], [ -73.955474972723124, 40.677575515439152 ], [ -73.955748973873895, 40.676806517430123 ], [ -73.956832971462021, 40.67703351941141 ], [ -73.95912396863001, 40.677513522159273 ], [ -73.962228961858614, 40.678165526894325 ], [ -73.961956960169601, 40.678933524712036 ], [ -73.961679959776347, 40.679701522496345 ], [ -73.961311956625309, 40.680455520155839 ], [ -73.958291962840505, 40.679830516163484 ] ] ] ] } },
{ "type": "Feature", "properties": { "GISJOIN": "G36004700247002", "Total Pop (Race/Ethnicity)": 1306, "Not Hispanic or Latino": 1046, "Not Hispanic or Latino: White alone": 333, "Not Hispanic or Latino: Black or African American alone": 353, "Not Hispanic or Latino: American Indian and Alaska Native alone": 0, "Not Hispanic or Latino: Asian alone": 176, "Not Hispanic or Latino: Native Hawaiian and Other Pacific Islander alone": 0, "Not Hispanic or Latino: Some other race alone": 21, "Not Hispanic or Latino: Two or more races": 163, "Not Hispanic or Latino: Two or more races: Two races including Some other race": 111, "Not Hispanic or Latino: Two or more races: Two races excluding Some other race, and three or more races": 52, "Hispanic or Latino": 260, "Total Households (Income)": 620, "Less than $10,000": 0, "$10,000 to $14,999": 4, "$15,000 to $19,999": 0, "$20,000 to $24,999": 0, "$25,000 to $29,999": 22, "$30,000 to $34,999": 119, "$35,000 to $39,999": 0, "$40,000 to $44,999": 0, "$45,000 to $49,999": 17, "$50,000 to $59,999": 193, "$60,000 to $74,999": 13, "$75,000 to $99,999": 64, "$100,000 to $124,999": 41, "$125,000 to $149,999": 0, "$150,000 to $199,999": 27, "$200,000 or more": 120, "COUNTY": "Kings County", "TRACTCE": "024700", "BLKGRPCE": "2", "Area (Sq Mi)": 0.032125482625482628, "zip_code": "11216", "block_group": "0247002", "bg_area": 895611.35087390977, "overlap_area": 895325.63588824915, "frac_in_neighborhood": 0.99968098329104271, "pop_in_neighborhood": 1305.5833641781019, "neighborhood": "bedstuy" }, "geometry": { "type": "MultiPolygon", "coordinates": [ [ [ [ -73.949678977361458, 40.678565501769391 ], [ -73.952052973974943, 40.678674506915243 ], [ -73.953004971686013, 40.678814507891488 ], [ -73.954143969717947, 40.679036509064133 ], [ -73.954264970011124, 40.679061510037648 ], [ -73.954800969280555, 40.679169510199628 ], [ -73.955308968029684, 40.679272510835787 ], [ -73.955385966643959, 40.679692510862957 ], [ -73.955396966702878, 40.679753510628672 ], [ -73.955436966244079, 40.67995751032332 ], [ -73.954367967264744, 40.680074507481848 ], [ -73.953281968495347, 40.680199506133505 ], [ -73.953370967357415, 40.680640504499927 ], [ -73.951555969615811, 40.680498501517292 ], [ -73.951157969636313, 40.680478500529802 ], [ -73.949556972029427, 40.680389498112746 ], [ -73.949584974486442, 40.679635499580144 ], [ -73.949646976991374, 40.678962501113269 ], [ -73.949678977361458, 40.678565501769391 ] ] ] ] } },
{ "type": "Feature", "properties": { "GISJOIN": "G36004700221001", "Total Pop (Race/Ethnicity)": 1636, "Not Hispanic or Latino": 1401, "Not Hispanic or Latino: White alone": 642, "Not Hispanic or Latino: Black or African American alone": 580, "Not Hispanic or Latino: American Indian and Alaska Native alone": 0, "Not Hispanic or Latino: Asian alone": 44, "Not Hispanic or Latino: Native Hawaiian and Other Pacific Islander alone": 0, "Not Hispanic or Latino: Some other race alone": 0, "Not Hispanic or Latino: Two or more races": 135, "Not Hispanic or Latino: Two or more races: Two races including Some other race": 0, "Not Hispanic or Latino: Two or more races: Two races excluding Some other race, and three or more races": 135, "Hispanic or Latino": 235, "Total Households (Income)": 636, "Less than $10,000": 58, "$10,000 to $14,999": 15, "$15,000 to $19,999": 60, "$20,000 to $24,999": 91, "$25,000 to $29,999": 0, "$30,000 to $34,999": 21, "$35,000 to $39,999": 0, "$40,000 to $44,999": 0, "$45,000 to $49,999": 10, "$50,000 to $59,999": 24, "$60,000 to $74,999": 18, "$75,000 to $99,999": 28, "$100,000 to $124,999": 19, "$125,000 to $149,999": 85, "$150,000 to $199,999": 135, "$200,000 or more": 72, "COUNTY": "Kings County", "TRACTCE": "022100", "BLKGRPCE": "1", "Area (Sq Mi)": 0.024173745173745174, "zip_code": "11216", "block_group": "0221001", "bg_area": 673914.95310028549, "overlap_area": 3.8591679082193244, "frac_in_neighborhood": 5.7264909918760033e-06, "pop_in_neighborhood": 0.0093685392627091413, "neighborhood": "bedstuy" }, "geometry": { "type": "MultiPolygon", "coordinates": [ [ [ [ -73.953004971686013, 40.678814507891488 ], [ -73.95298597143757, 40.678722508017714 ], [ -73.952969972108519, 40.678642507430254 ], [ -73.952811975201513, 40.677844509362835 ], [ -73.952677977732876, 40.677026510631336 ], [ -73.952656977593762, 40.676961511824409 ], [ -73.952686979957775, 40.676244512253056 ], [ -73.953069979152431, 40.676251513462141 ], [ -73.955748973873895, 40.676806517430123 ], [ -73.955474972723124, 40.677575515439152 ], [ -73.955194970216453, 40.678342512974716 ], [ -73.955182970133549, 40.678433512965292 ], [ -73.955166969770346, 40.678570512382066 ], [ -73.955279968542115, 40.679130510834781 ], [ -73.955294968674934, 40.679204512101172 ], [ -73.955308968029684, 40.679272510835787 ], [ -73.954800969280555, 40.679169510199628 ], [ -73.954264970011124, 40.679061510037648 ], [ -73.954143969717947, 40.679036509064133 ], [ -73.953004971686013, 40.678814507891488 ] ] ] ] } },
{ "type": "Feature", "properties": { "GISJOIN": "G36004700315001", "Total Pop (Race/Ethnicity)": 1081, "Not Hispanic or Latino": 960, "Not Hispanic or Latino: White alone": 336, "Not Hispanic or Latino: Black or African American alone": 387, "Not Hispanic or Latino: American Indian and Alaska Native alone": 0, "Not Hispanic or Latino: Asian alone": 127, "Not Hispanic or Latino: Native Hawaiian and Other Pacific Islander alone": 0, "Not Hispanic or Latino: Some other race alone": 0, "Not Hispanic or Latino: Two or more races": 110, "Not Hispanic or Latino: Two or more races: Two races including Some other race": 34, "Not Hispanic or Latino: Two or more races: Two races excluding Some other race, and three or more races": 76, "Hispanic or Latino": 121, "Total Households (Income)": 489, "Less than $10,000": 0, "$10,000 to $14,999": 23, "$15,000 to $19,999": 34, "$20,000 to $24,999": 19, "$25,000 to $29,999": 21, "$30,000 to $34,999": 30, "$35,000 to $39,999": 29, "$40,000 to $44,999": 0, "$45,000 to $49,999": 32, "$50,000 to $59,999": 20, "$60,000 to $74,999": 25, "$75,000 to $99,999": 105, "$100,000 to $124,999": 62, "$125,000 to $149,999": 18, "$150,000 to $199,999": 71, "$200,000 or more": 0, "COUNTY": "Kings County", "TRACTCE": "031500", "BLKGRPCE": "1", "Area (Sq Mi)": 0.016903861003861004, "zip_code": "11216", "block_group": "0315001", "bg_area": 471249.13416844548, "overlap_area": 24.459386330127774, "frac_in_neighborhood": 5.1903302428954487e-05, "pop_in_neighborhood": 0.056107469925699802, "neighborhood": "bedstuy" }, "geometry": { "type": "MultiPolygon", "coordinates": [ [ [ [ -73.94707398438392, 40.676722501743136 ], [ -73.949844980848042, 40.676874506502351 ], [ -73.949769979310759, 40.677651504424709 ], [ -73.949696977845917, 40.678361502688105 ], [ -73.949675977553696, 40.678456502639783 ], [ -73.949678977361458, 40.678565501769391 ], [ -73.948677978125801, 40.678497500211861 ], [ -73.94859597830262, 40.678491499728445 ], [ -73.948347978695196, 40.678475500190459 ], [ -73.948211979150955, 40.678460500081471 ], [ -73.946910981111515, 40.678391496756589 ], [ -73.9469179810866, 40.678318497692132 ], [ -73.946927980915817, 40.678221497873203 ], [ -73.946998983343718, 40.67750049968982 ], [ -73.94707398438392, 40.676722501743136 ] ] ] ] } },
{ "type": "Feature", "properties": { "GISJOIN": "G36004700247001", "Total Pop (Race/Ethnicity)": 1241, "Not Hispanic or Latino": 1125, "Not Hispanic or Latino: White alone": 308, "Not Hispanic or Latino: Black or African American alone": 567, "Not Hispanic or Latino: American Indian and Alaska Native alone": 0, "Not Hispanic or Latino: Asian alone": 45, "Not Hispanic or Latino: Native Hawaiian and Other Pacific Islander alone": 0, "Not Hispanic or Latino: Some other race alone": 0, "Not Hispanic or Latino: Two or more races": 205, "Not Hispanic or Latino: Two or more races: Two races including Some other race": 100, "Not Hispanic or Latino: Two or more races: Two races excluding Some other race, and three or more races": 105, "Hispanic or Latino": 116, "Total Households (Income)": 762, "Less than $10,000": 49, "$10,000 to $14,999": 95, "$15,000 to $19,999": 117, "$20,000 to $24,999": 45, "$25,000 to $29,999": 18, "$30,000 to $34,999": 0, "$35,000 to $39,999": 0, "$40,000 to $44,999": 0, "$45,000 to $49,999": 28, "$50,000 to $59,999": 21, "$60,000 to $74,999": 0, "$75,000 to $99,999": 87, "$100,000 to $124,999": 35, "$125,000 to $149,999": 29, "$150,000 to $199,999": 39, "$200,000 or more": 199, "COUNTY": "Kings County", "TRACTCE": "024700", "BLKGRPCE": "1", "Area (Sq Mi)": 0.037272586872586874, "zip_code": "11216", "block_group": "0247001", "bg_area": 1039095.4370335418, "overlap_area": 1038714.0835615972, "frac_in_neighborhood": 0.99963299475837042, "pop_in_neighborhood": 1240.5445464951376, "neighborhood": "bedstuy" }, "geometry": { "type": "MultiPolygon", "coordinates": [ [ [ [ -73.944140985183765, 40.678236492068187 ], [ -73.946910981111515, 40.678391496756589 ], [ -73.948211979150955, 40.678460500081471 ], [ -73.948347978695196, 40.678475500190459 ], [ -73.94859597830262, 40.678491499728445 ], [ -73.948677978125801, 40.678497500211861 ], [ -73.949678977361458, 40.678565501769391 ], [ -73.949646976991374, 40.678962501113269 ], [ -73.949584974486442, 40.679635499580144 ], [ -73.949556972029427, 40.680389498112746 ], [ -73.947730974767538, 40.680291494943518 ], [ -73.946748976076591, 40.680239492867187 ], [ -73.94627397778622, 40.680212492236549 ], [ -73.943972979481629, 40.680087487124752 ], [ -73.944047982083305, 40.679335489326576 ], [ -73.944140985183765, 40.678236492068187 ] ] ] ] } },
{ "type": "Feature", "properties": { "GISJOIN": "G36004700267004", "Total Pop (Race/Ethnicity)": 701, "Not Hispanic or Latino": 622, "Not Hispanic or Latino: White alone": 104, "Not Hispanic or Latino: Black or African American alone": 396, "Not Hispanic or Latino: American Indian and Alaska Native alone": 0, "Not Hispanic or Latino: Asian alone": 28, "Not Hispanic or Latino: Native Hawaiian and Other Pacific Islander alone": 0, "Not Hispanic or Latino: Some other race alone": 0, "Not Hispanic or Latino: Two or more races": 94, "Not Hispanic or Latino: Two or more races: Two races including Some other race": 0, "Not Hispanic or Latino: Two or more races: Two races excluding Some other race, and three or more races": 94, "Hispanic or Latino": 79, "Total Households (Income)": 365, "Less than $10,000": 43, "$10,000 to $14,999": 0, "$15,000 to $19,999": 0, "$20,000 to $24,999": 0, "$25,000 to $29,999": 0, "$30,000 to $34,999": 30, "$35,000 to $39,999": 0, "$40,000 to $44,999": 52, "$45,000 to $49,999": 0, "$50,000 to $59,999": 52, "$60,000 to $74,999": 0, "$75,000 to $99,999": 32, "$100,000 to $124,999": 21, "$125,000 to $149,999": 96, "$150,000 to $199,999": 10, "$200,000 or more": 29, "COUNTY": "Kings County", "TRACTCE": "026700", "BLKGRPCE": "4", "Area (Sq Mi)": 0.015396911196911197, "zip_code": "11216", "block_group": "0267004", "bg_area": 429245.42139852903, "overlap_area": 429245.42139852897, "frac_in_neighborhood": 0.99999999999999989, "pop_in_neighborhood": 700.99999999999989, "neighborhood": "bedstuy" }, "geometry": { "type": "MultiPolygon", "coordinates": [ [ [ [ -73.940913976621673, 40.68283247659938 ], [ -73.943744974372407, 40.682507481599153 ], [ -73.946579971433096, 40.682180488621704 ], [ -73.94672696868794, 40.682913486444448 ], [ -73.943890972301233, 40.683239480874541 ], [ -73.94105797462376, 40.683566474640976 ], [ -73.940913976621673, 40.68283247659938 ] ] ] ] } },
{ "type": "Feature", "properties": { "GISJOIN": "G36004700269003", "Total Pop (Race/Ethnicity)": 1184, "Not Hispanic or Latino": 897, "Not Hispanic or Latino: White alone": 195, "Not Hispanic or Latino: Black or African American alone": 608, "Not Hispanic or Latino: American Indian and Alaska Native alone": 0, "Not Hispanic or Latino: Asian alone": 37, "Not Hispanic or Latino: Native Hawaiian and Other Pacific Islander alone": 0, "Not Hispanic or Latino: Some other race alone": 0, "Not Hispanic or Latino: Two or more races": 57, "Not Hispanic or Latino: Two or more races: Two races including Some other race": 46, "Not Hispanic or Latino: Two or more races: Two races excluding Some other race, and three or more races": 11, "Hispanic or Latino": 287, "Total Households (Income)": 524, "Less than $10,000": 32, "$10,000 to $14,999": 0, "$15,000 to $19,999": 30, "$20,000 to $24,999": 0, "$25,000 to $29,999": 0, "$30,000 to $34,999": 17, "$35,000 to $39,999": 45, "$40,000 to $44,999": 0, "$45,000 to $49,999": 10, "$50,000 to $59,999": 0, "$60,000 to $74,999": 26, "$75,000 to $99,999": 173, "$100,000 to $124,999": 40, "$125,000 to $149,999": 0, "$150,000 to $199,999": 57, "$200,000 or more": 94, "COUNTY": "Kings County", "TRACTCE": "026900", "BLKGRPCE": "3", "Area (Sq Mi)": 0.023372586872586872, "zip_code": "11216", "block_group": "0269003", "bg_area": 651599.20608668681, "overlap_area": 651599.20608668681, "frac_in_neighborhood": 1.0, "pop_in_neighborhood": 1184.0, "neighborhood": "bedstuy" }, "geometry": { "type": "MultiPolygon", "coordinates": [ [ [ [ -73.943446977905481, 40.681046484965798 ], [ -73.943312980284745, 40.680313486263572 ], [ -73.943261981098246, 40.680050485959441 ], [ -73.943972979481629, 40.680087487124752 ], [ -73.94627397778622, 40.680212492236549 ], [ -73.946285975410873, 40.680718490853202 ], [ -73.946436973127106, 40.681448490384916 ], [ -73.946579971433096, 40.682180488621704 ], [ -73.943744974372407, 40.682507481599153 ], [ -73.943600976912393, 40.681774483535008 ], [ -73.943446977905481, 40.681046484965798 ] ] ] ] } },
{ "type": "Feature", "properties": { "GISJOIN": "G36004700249004", "Total Pop (Race/Ethnicity)": 492, "Not Hispanic or Latino": 478, "Not Hispanic or Latino: White alone": 44, "Not Hispanic or Latino: Black or African American alone": 304, "Not Hispanic or Latino: American Indian and Alaska Native alone": 0, "Not Hispanic or Latino: Asian alone": 104, "Not Hispanic or Latino: Native Hawaiian and Other Pacific Islander alone": 26, "Not Hispanic or Latino: Some other race alone": 0, "Not Hispanic or Latino: Two or more races": 0, "Not Hispanic or Latino: Two or more races: Two races including Some other race": 0, "Not Hispanic or Latino: Two or more races: Two races excluding Some other race, and three or more races": 0, "Hispanic or Latino": 14, "Total Households (Income)": 260, "Less than $10,000": 14, "$10,000 to $14,999": 16, "$15,000 to $19,999": 0, "$20,000 to $24,999": 0, "$25,000 to $29,999": 0, "$30,000 to $34,999": 0, "$35,000 to $39,999": 20, "$40,000 to $44,999": 0, "$45,000 to $49,999": 0, "$50,000 to $59,999": 29, "$60,000 to $74,999": 51, "$75,000 to $99,999": 9, "$100,000 to $124,999": 15, "$125,000 to $149,999": 69, "$150,000 to $199,999": 37, "$200,000 or more": 0, "COUNTY": "Kings County", "TRACTCE": "024900", "BLKGRPCE": "4", "Area (Sq Mi)": 0.011590733590733591, "zip_code": "11216", "block_group": "0249004", "bg_area": 323134.3688850805, "overlap_area": 323134.36888508045, "frac_in_neighborhood": 0.99999999999999978, "pop_in_neighborhood": 491.99999999999989, "neighborhood": "bedstuy" }, "geometry": { "type": "MultiPolygon", "coordinates": [ [ [ [ -73.94627397778622, 40.680212492236549 ], [ -73.946748976076591, 40.680239492867187 ], [ -73.947730974767538, 40.680291494943518 ], [ -73.949556972029427, 40.680389498112746 ], [ -73.94971497032715, 40.681069496326636 ], [ -73.94763097279754, 40.68131449206205 ], [ -73.946436973127106, 40.681448490384916 ], [ -73.946285975410873, 40.680718490853202 ], [ -73.94627397778622, 40.680212492236549 ] ] ] ] } },
{ "type": "Feature", "properties": { "GISJOIN": "G36004700245004", "Total Pop (Race/Ethnicity)": 375, "Not Hispanic or Latino": 375, "Not Hispanic or Latino: White alone": 71, "Not Hispanic or Latino: Black or African American alone": 211, "Not Hispanic or Latino: American Indian and Alaska Native alone": 0, "Not Hispanic or Latino: Asian alone": 41, "Not Hispanic or Latino: Native Hawaiian and Other Pacific Islander alone": 0, "Not Hispanic or Latino: Some other race alone": 33, "Not Hispanic or Latino: Two or more races": 19, "Not Hispanic or Latino: Two or more races: Two races including Some other race": 0, "Not Hispanic or Latino: Two or more races: Two races excluding Some other race, and three or more races": 19, "Hispanic or Latino": 0, "Total Households (Income)": 239, "Less than $10,000": 0, "$10,000 to $14,999": 0, "$15,000 to $19,999": 0, "$20,000 to $24,999": 32, "$25,000 to $29,999": 0, "$30,000 to $34,999": 16, "$35,000 to $39,999": 4, "$40,000 to $44,999": 0, "$45,000 to $49,999": 0, "$50,000 to $59,999": 3, "$60,000 to $74,999": 31, "$75,000 to $99,999": 85, "$100,000 to $124,999": 32, "$125,000 to $149,999": 36, "$150,000 to $199,999": 0, "$200,000 or more": 0, "COUNTY": "Kings County", "TRACTCE": "024500", "BLKGRPCE": "4", "Area (Sq Mi)": 0.014783397683397684, "zip_code": "11216", "block_group": "0245004", "bg_area": 412140.26338077738, "overlap_area": 412140.26338077732, "frac_in_neighborhood": 0.99999999999999989, "pop_in_neighborhood": 374.99999999999994, "neighborhood": "bedstuy" }, "geometry": { "type": "MultiPolygon", "coordinates": [ [ [ [ -73.94971497032715, 40.681069496326636 ], [ -73.949556972029427, 40.680389498112746 ], [ -73.951157969636313, 40.680478500529802 ], [ -73.951555969615811, 40.680498501517292 ], [ -73.953370967357415, 40.680640504499927 ], [ -73.953515964504945, 40.681382503380895 ], [ -73.95132296705971, 40.681635498770582 ], [ -73.949860969170913, 40.681803495245852 ], [ -73.94971497032715, 40.681069496326636 ] ] ] ] } },
{ "type": "Feature", "properties": { "GISJOIN": "G36004700245003", "Total Pop (Race/Ethnicity)": 1009, "Not Hispanic or Latino": 925, "Not Hispanic or Latino: White alone": 411, "Not Hispanic or Latino: Black or African American alone": 419, "Not Hispanic or Latino: American Indian and Alaska Native alone": 0, "Not Hispanic or Latino: Asian alone": 59, "Not Hispanic or Latino: Native Hawaiian and Other Pacific Islander alone": 0, "Not Hispanic or Latino: Some other race alone": 3, "Not Hispanic or Latino: Two or more races": 33, "Not Hispanic or Latino: Two or more races: Two races including Some other race": 0, "Not Hispanic or Latino: Two or more races: Two races excluding Some other race, and three or more races": 33, "Hispanic or Latino": 84, "Total Households (Income)": 486, "Less than $10,000": 38, "$10,000 to $14,999": 0, "$15,000 to $19,999": 0, "$20,000 to $24,999": 15, "$25,000 to $29,999": 0, "$30,000 to $34,999": 15, "$35,000 to $39,999": 15, "$40,000 to $44,999": 23, "$45,000 to $49,999": 0, "$50,000 to $59,999": 2, "$60,000 to $74,999": 106, "$75,000 to $99,999": 44, "$100,000 to $124,999": 58, "$125,000 to $149,999": 75, "$150,000 to $199,999": 29, "$200,000 or more": 66, "COUNTY": "Kings County", "TRACTCE": "024500", "BLKGRPCE": "3", "Area (Sq Mi)": 0.0099235521235521238, "zip_code": "11216", "block_group": "0245003", "bg_area": 276652.17845839815, "overlap_area": 276652.17845839815, "frac_in_neighborhood": 1.0, "pop_in_neighborhood": 1009.0, "neighborhood": "bedstuy" }, "geometry": { "type": "MultiPolygon", "coordinates": [ [ [ [ -73.949860969170913, 40.681803495245852 ], [ -73.95132296705971, 40.681635498770582 ], [ -73.953515964504945, 40.681382503380895 ], [ -73.953661963050337, 40.682114501104245 ], [ -73.950008966375236, 40.682536493997418 ], [ -73.949860969170913, 40.681803495245852 ] ] ] ] } },
{ "type": "Feature", "properties": { "GISJOIN": "G36004700249003", "Total Pop (Race/Ethnicity)": 932, "Not Hispanic or Latino": 766, "Not Hispanic or Latino: White alone": 343, "Not Hispanic or Latino: Black or African American alone": 354, "Not Hispanic or Latino: American Indian and Alaska Native alone": 0, "Not Hispanic or Latino: Asian alone": 23, "Not Hispanic or Latino: Native Hawaiian and Other Pacific Islander alone": 0, "Not Hispanic or Latino: Some other race alone": 0, "Not Hispanic or Latino: Two or more races": 46, "Not Hispanic or Latino: Two or more races: Two races including Some other race": 0, "Not Hispanic or Latino: Two or more races: Two races excluding Some other race, and three or more races": 46, "Hispanic or Latino": 166, "Total Households (Income)": 453, "Less than $10,000": 41, "$10,000 to $14,999": 93, "$15,000 to $19,999": 25, "$20,000 to $24,999": 0, "$25,000 to $29,999": 25, "$30,000 to $34,999": 8, "$35,000 to $39,999": 0, "$40,000 to $44,999": 0, "$45,000 to $49,999": 0, "$50,000 to $59,999": 7, "$60,000 to $74,999": 57, "$75,000 to $99,999": 9, "$100,000 to $124,999": 29, "$125,000 to $149,999": 41, "$150,000 to $199,999": 33, "$200,000 or more": 85, "COUNTY": "Kings County", "TRACTCE": "024900", "BLKGRPCE": "3", "Area (Sq Mi)": 0.017807335907335908, "zip_code": "11216", "block_group": "0249003", "bg_area": 496434.47080780065, "overlap_area": 496434.47080780065, "frac_in_neighborhood": 1.0, "pop_in_neighborhood": 932.0, "neighborhood": "bedstuy" }, "geometry": { "type": "MultiPolygon", "coordinates": [ [ [ [ -73.946579971433096, 40.682180488621704 ], [ -73.946436973127106, 40.681448490384916 ], [ -73.94763097279754, 40.68131449206205 ], [ -73.94971497032715, 40.681069496326636 ], [ -73.949860969170913, 40.681803495245852 ], [ -73.950008966375236, 40.682536493997418 ], [ -73.94672696868794, 40.682913486444448 ], [ -73.946579971433096, 40.682180488621704 ] ] ] ] } },
{ "type": "Feature", "properties": { "GISJOIN": "G36004700249002", "Total Pop (Race/Ethnicity)": 1304, "Not Hispanic or Latino": 955, "Not Hispanic or Latino: White alone": 264, "Not Hispanic or Latino: Black or African American alone": 589, "Not Hispanic or Latino: American Indian and Alaska Native alone": 0, "Not Hispanic or Latino: Asian alone": 43, "Not Hispanic or Latino: Native Hawaiian and Other Pacific Islander alone": 0, "Not Hispanic or Latino: Some other race alone": 0, "Not Hispanic or Latino: Two or more races": 59, "Not Hispanic or Latino: Two or more races: Two races including Some other race": 0, "Not Hispanic or Latino: Two or more races: Two races excluding Some other race, and three or more races": 59, "Hispanic or Latino": 349, "Total Households (Income)": 633, "Less than $10,000": 33, "$10,000 to $14,999": 63, "$15,000 to $19,999": 16, "$20,000 to $24,999": 0, "$25,000 to $29,999": 52, "$30,000 to $34,999": 27, "$35,000 to $39,999": 0, "$40,000 to $44,999": 0, "$45,000 to $49,999": 0, "$50,000 to $59,999": 11, "$60,000 to $74,999": 0, "$75,000 to $99,999": 51, "$100,000 to $124,999": 27, "$125,000 to $149,999": 53, "$150,000 to $199,999": 74, "$200,000 or more": 226, "COUNTY": "Kings County", "TRACTCE": "024900", "BLKGRPCE": "2", "Area (Sq Mi)": 0.017824324324324323, "zip_code": "11216", "block_group": "0249002", "bg_area": 496906.70729601476, "overlap_area": 496906.70729601476, "frac_in_neighborhood": 1.0, "pop_in_neighborhood": 1304.0, "neighborhood": "bedstuy" }, "geometry": { "type": "MultiPolygon", "coordinates": [ [ [ [ -73.946872967804666, 40.683645485397236 ], [ -73.94672696868794, 40.682913486444448 ], [ -73.950008966375236, 40.682536493997418 ], [ -73.950154963241403, 40.683268491923911 ], [ -73.950298962005192, 40.684000491273935 ], [ -73.947016964245435, 40.684379484016212 ], [ -73.946872967804666, 40.683645485397236 ] ] ] ] } },
{ "type": "Feature", "properties": { "GISJOIN": "G36004700245002", "Total Pop (Race/Ethnicity)": 1868, "Not Hispanic or Latino": 1668, "Not Hispanic or Latino: White alone": 461, "Not Hispanic or Latino: Black or African American alone": 901, "Not Hispanic or Latino: American Indian and Alaska Native alone": 0, "Not Hispanic or Latino: Asian alone": 121, "Not Hispanic or Latino: Native Hawaiian and Other Pacific Islander alone": 0, "Not Hispanic or Latino: Some other race alone": 0, "Not Hispanic or Latino: Two or more races": 185, "Not Hispanic or Latino: Two or more races: Two races including Some other race": 31, "Not Hispanic or Latino: Two or more races: Two races excluding Some other race, and three or more races": 154, "Hispanic or Latino": 200, "Total Households (Income)": 743, "Less than $10,000": 30, "$10,000 to $14,999": 0, "$15,000 to $19,999": 20, "$20,000 to $24,999": 0, "$25,000 to $29,999": 0, "$30,000 to $34,999": 46, "$35,000 to $39,999": 0, "$40,000 to $44,999": 7, "$45,000 to $49,999": 0, "$50,000 to $59,999": 95, "$60,000 to $74,999": 0, "$75,000 to $99,999": 87, "$100,000 to $124,999": 13, "$125,000 to $149,999": 156, "$150,000 to $199,999": 169, "$200,000 or more": 120, "COUNTY": "Kings County", "TRACTCE": "024500", "BLKGRPCE": "2", "Area (Sq Mi)": 0.019846718146718147, "zip_code": "11216", "block_group": "0245002", "bg_area": 553295.9075119386, "overlap_area": 553295.9075119386, "frac_in_neighborhood": 1.0, "pop_in_neighborhood": 1868.0, "neighborhood": "bedstuy" }, "geometry": { "type": "MultiPolygon", "coordinates": [ [ [ [ -73.950008966375236, 40.682536493997418 ], [ -73.953661963050337, 40.682114501104245 ], [ -73.953808960113562, 40.682847500721749 ], [ -73.953953958772843, 40.683580499007 ], [ -73.950298962005192, 40.684000491273935 ], [ -73.950154963241403, 40.683268491923911 ], [ -73.950008966375236, 40.682536493997418 ] ] ] ] } },
{ "type": "Feature", "properties": { "GISJOIN": "G36004700245001", "Total Pop (Race/Ethnicity)": 1131, "Not Hispanic or Latino": 1099, "Not Hispanic or Latino: White alone": 639, "Not Hispanic or Latino: Black or African American alone": 333, "Not Hispanic or Latino: American Indian and Alaska Native alone": 0, "Not Hispanic or Latino: Asian alone": 22, "Not Hispanic or Latino: Native Hawaiian and Other Pacific Islander alone": 0, "Not Hispanic or Latino: Some other race alone": 3, "Not Hispanic or Latino: Two or more races": 102, "Not Hispanic or Latino: Two or more races: Two races including Some other race": 0, "Not Hispanic or Latino: Two or more races: Two races excluding Some other race, and three or more races": 102, "Hispanic or Latino": 32, "Total Households (Income)": 509, "Less than $10,000": 49, "$10,000 to $14,999": 11, "$15,000 to $19,999": 0, "$20,000 to $24,999": 0, "$25,000 to $29,999": 0, "$30,000 to $34,999": 0, "$35,000 to $39,999": 8, "$40,000 to $44,999": 0, "$45,000 to $49,999": 0, "$50,000 to $59,999": 50, "$60,000 to $74,999": 87, "$75,000 to $99,999": 62, "$100,000 to $124,999": 73, "$125,000 to $149,999": 28, "$150,000 to $199,999": 51, "$200,000 or more": 90, "COUNTY": "Kings County", "TRACTCE": "024500", "BLKGRPCE": "1", "Area (Sq Mi)": 0.019866795366795368, "zip_code": "11216", "block_group": "0245001", "bg_area": 553859.38147024915, "overlap_area": 553859.38147024915, "frac_in_neighborhood": 1.0, "pop_in_neighborhood": 1131.0, "neighborhood": "bedstuy" }, "geometry": { "type": "MultiPolygon", "coordinates": [ [ [ [ -73.950298962005192, 40.684000491273935 ], [ -73.953953958772843, 40.683580499007 ], [ -73.954100956647125, 40.684312498134787 ], [ -73.954245954647121, 40.685046496583318 ], [ -73.95058995775868, 40.685466488911075 ], [ -73.95044596027283, 40.684734489490232 ], [ -73.950298962005192, 40.684000491273935 ] ] ] ] } },
{ "type": "Feature", "properties": { "GISJOIN": "G36004700249001", "Total Pop (Race/Ethnicity)": 1419, "Not Hispanic or Latino": 1381, "Not Hispanic or Latino: White alone": 660, "Not Hispanic or Latino: Black or African American alone": 461, "Not Hispanic or Latino: American Indian and Alaska Native alone": 0, "Not Hispanic or Latino: Asian alone": 131, "Not Hispanic or Latino: Native Hawaiian and Other Pacific Islander alone": 0, "Not Hispanic or Latino: Some other race alone": 0, "Not Hispanic or Latino: Two or more races": 129, "Not Hispanic or Latino: Two or more races: Two races including Some other race": 0, "Not Hispanic or Latino: Two or more races: Two races excluding Some other race, and three or more races": 129, "Hispanic or Latino": 38, "Total Households (Income)": 620, "Less than $10,000": 45, "$10,000 to $14,999": 0, "$15,000 to $19,999": 10, "$20,000 to $24,999": 0, "$25,000 to $29,999": 0, "$30,000 to $34,999": 0, "$35,000 to $39,999": 51, "$40,000 to $44,999": 0, "$45,000 to $49,999": 16, "$50,000 to $59,999": 9, "$60,000 to $74,999": 94, "$75,000 to $99,999": 205, "$100,000 to $124,999": 37, "$125,000 to $149,999": 23, "$150,000 to $199,999": 28, "$200,000 or more": 102, "COUNTY": "Kings County", "TRACTCE": "024900", "BLKGRPCE": "1", "Area (Sq Mi)": 0.017833976833976833, "zip_code": "11216", "block_group": "0249001", "bg_area": 497185.48554242658, "overlap_area": 497185.48554242647, "frac_in_neighborhood": 0.99999999999999978, "pop_in_neighborhood": 1418.9999999999998, "neighborhood": "bedstuy" }, "geometry": { "type": "MultiPolygon", "coordinates": [ [ [ [ -73.947164963465781, 40.68511248283955 ], [ -73.947016964245435, 40.684379484016212 ], [ -73.950298962005192, 40.684000491273935 ], [ -73.95044596027283, 40.684734489490232 ], [ -73.95058995775868, 40.685466488911075 ], [ -73.947309960925708, 40.685845481698237 ], [ -73.947164963465781, 40.68511248283955 ] ] ] ] } },
{ "type": "Feature", "properties": { "GISJOIN": "G36004700267003", "Total Pop (Race/Ethnicity)": 1329, "Not Hispanic or Latino": 1065, "Not Hispanic or Latino: White alone": 283, "Not Hispanic or Latino: Black or African American alone": 496, "Not Hispanic or Latino: American Indian and Alaska Native alone": 0, "Not Hispanic or Latino: Asian alone": 117, "Not Hispanic or Latino: Native Hawaiian and Other Pacific Islander alone": 0, "Not Hispanic or Latino: Some other race alone": 0, "Not Hispanic or Latino: Two or more races": 169, "Not Hispanic or Latino: Two or more races: Two races including Some other race": 12, "Not Hispanic or Latino: Two or more races: Two races excluding Some other race, and three or more races": 157, "Hispanic or Latino": 264, "Total Households (Income)": 594, "Less than $10,000": 19, "$10,000 to $14,999": 0, "$15,000 to $19,999": 36, "$20,000 to $24,999": 0, "$25,000 to $29,999": 0, "$30,000 to $34,999": 0, "$35,000 to $39,999": 34, "$40,000 to $44,999": 0, "$45,000 to $49,999": 0, "$50,000 to $59,999": 30, "$60,000 to $74,999": 0, "$75,000 to $99,999": 61, "$100,000 to $124,999": 52, "$125,000 to $149,999": 0, "$150,000 to $199,999": 166, "$200,000 or more": 196, "COUNTY": "Kings County", "TRACTCE": "026700", "BLKGRPCE": "3", "Area (Sq Mi)": 0.015401930501930502, "zip_code": "11216", "block_group": "0267003", "bg_area": 429382.22650226223, "overlap_area": 429382.22650226229, "frac_in_neighborhood": 1.0000000000000002, "pop_in_neighborhood": 1329.0000000000002, "neighborhood": "bedstuy" }, "geometry": { "type": "MultiPolygon", "coordinates": [ [ [ [ -73.94105797462376, 40.683566474640976 ], [ -73.943890972301233, 40.683239480874541 ], [ -73.94672696868794, 40.682913486444448 ], [ -73.946872967804666, 40.683645485397236 ], [ -73.944035970052411, 40.683972479094201 ], [ -73.941203972279624, 40.684299472862293 ], [ -73.941128972981701, 40.683926474357264 ], [ -73.941075974869975, 40.683659474721189 ], [ -73.94105797462376, 40.683566474640976 ] ] ] ] } },
{ "type": "Feature", "properties": { "GISJOIN": "G36004700267002", "Total Pop (Race/Ethnicity)": 1286, "Not Hispanic or Latino": 1021, "Not Hispanic or Latino: White alone": 515, "Not Hispanic or Latino: Black or African American alone": 418, "Not Hispanic or Latino: American Indian and Alaska Native alone": 0, "Not Hispanic or Latino: Asian alone": 25, "Not Hispanic or Latino: Native Hawaiian and Other Pacific Islander alone": 0, "Not Hispanic or Latino: Some other race alone": 0, "Not Hispanic or Latino: Two or more races": 63, "Not Hispanic or Latino: Two or more races: Two races including Some other race": 42, "Not Hispanic or Latino: Two or more races: Two races excluding Some other race, and three or more races": 21, "Hispanic or Latino": 265, "Total Households (Income)": 528, "Less than $10,000": 0, "$10,000 to $14,999": 17, "$15,000 to $19,999": 25, "$20,000 to $24,999": 17, "$25,000 to $29,999": 0, "$30,000 to $34,999": 14, "$35,000 to $39,999": 0, "$40,000 to $44,999": 0, "$45,000 to $49,999": 0, "$50,000 to $59,999": 24, "$60,000 to $74,999": 0, "$75,000 to $99,999": 87, "$100,000 to $124,999": 17, "$125,000 to $149,999": 0, "$150,000 to $199,999": 141, "$200,000 or more": 186, "COUNTY": "Kings County", "TRACTCE": "026700", "BLKGRPCE": "2", "Area (Sq Mi)": 0.015401544401544402, "zip_code": "11216", "block_group": "0267002", "bg_area": 429363.99555642094, "overlap_area": 429363.995556421, "frac_in_neighborhood": 1.0000000000000002, "pop_in_neighborhood": 1286.0000000000002, "neighborhood": "bedstuy" }, "geometry": { "type": "MultiPolygon", "coordinates": [ [ [ [ -73.941203972279624, 40.684299472862293 ], [ -73.944035970052411, 40.683972479094201 ], [ -73.946872967804666, 40.683645485397236 ], [ -73.947016964245435, 40.684379484016212 ], [ -73.944183968039781, 40.684705478284833 ], [ -73.941347970999317, 40.685030472176493 ], [ -73.941203972279624, 40.684299472862293 ] ] ] ] } },
{ "type": "Feature", "properties": { "GISJOIN": "G36004700267001", "Total Pop (Race/Ethnicity)": 741, "Not Hispanic or Latino": 696, "Not Hispanic or Latino: White alone": 382, "Not Hispanic or Latino: Black or African American alone": 190, "Not Hispanic or Latino: American Indian and Alaska Native alone": 0, "Not Hispanic or Latino: Asian alone": 24, "Not Hispanic or Latino: Native Hawaiian and Other Pacific Islander alone": 0, "Not Hispanic or Latino: Some other race alone": 0, "Not Hispanic or Latino: Two or more races": 100, "Not Hispanic or Latino: Two or more races: Two races including Some other race": 6, "Not Hispanic or Latino: Two or more races: Two races excluding Some other race, and three or more races": 94, "Hispanic or Latino": 45, "Total Households (Income)": 278, "Less than $10,000": 1, "$10,000 to $14,999": 19, "$15,000 to $19,999": 0, "$20,000 to $24,999": 0, "$25,000 to $29,999": 17, "$30,000 to $34,999": 0, "$35,000 to $39,999": 0, "$40,000 to $44,999": 0, "$45,000 to $49,999": 0, "$50,000 to $59,999": 0, "$60,000 to $74,999": 15, "$75,000 to $99,999": 0, "$100,000 to $124,999": 0, "$125,000 to $149,999": 63, "$150,000 to $199,999": 62, "$200,000 or more": 101, "COUNTY": "Kings County", "TRACTCE": "026700", "BLKGRPCE": "1", "Area (Sq Mi)": 0.015406949806949807, "zip_code": "11216", "block_group": "0267001", "bg_area": 429521.27553648152, "overlap_area": 429521.27553648152, "frac_in_neighborhood": 1.0, "pop_in_neighborhood": 741.0, "neighborhood": "bedstuy" }, "geometry": { "type": "MultiPolygon", "coordinates": [ [ [ [ -73.941347970999317, 40.685030472176493 ], [ -73.944183968039781, 40.684705478284833 ], [ -73.947016964245435, 40.684379484016212 ], [ -73.947164963465781, 40.68511248283955 ], [ -73.944327965282568, 40.68543847690033 ], [ -73.941493968569191, 40.685763470670153 ], [ -73.941347970999317, 40.685030472176493 ] ] ] ] } },
{ "type": "Feature", "properties": { "GISJOIN": "G36004700265004", "Total Pop (Race/Ethnicity)": 484, "Not Hispanic or Latino": 484, "Not Hispanic or Latino: White alone": 210, "Not Hispanic or Latino: Black or African American alone": 210, "Not Hispanic or Latino: American Indian and Alaska Native alone": 0, "Not Hispanic or Latino: Asian alone": 42, "Not Hispanic or Latino: Native Hawaiian and Other Pacific Islander alone": 0, "Not Hispanic or Latino: Some other race alone": 0, "Not Hispanic or Latino: Two or more races": 22, "Not Hispanic or Latino: Two or more races: Two races including Some other race": 0, "Not Hispanic or Latino: Two or more races: Two races excluding Some other race, and three or more races": 22, "Hispanic or Latino": 0, "Total Households (Income)": 268, "Less than $10,000": 0, "$10,000 to $14,999": 0, "$15,000 to $19,999": 19, "$20,000 to $24,999": 0, "$25,000 to $29,999": 0, "$30,000 to $34,999": 0, "$35,000 to $39,999": 0, "$40,000 to $44,999": 0, "$45,000 to $49,999": 11, "$50,000 to $59,999": 0, "$60,000 to $74,999": 0, "$75,000 to $99,999": 23, "$100,000 to $124,999": 125, "$125,000 to $149,999": 0, "$150,000 to $199,999": 18, "$200,000 or more": 72, "COUNTY": "Kings County", "TRACTCE": "026500", "BLKGRPCE": "4", "Area (Sq Mi)": 0.015410038610038611, "zip_code": "11216", "block_group": "0265004", "bg_area": 429602.80581703759, "overlap_area": 429602.80581703759, "frac_in_neighborhood": 1.0, "pop_in_neighborhood": 484.0, "neighborhood": "bedstuy" }, "geometry": { "type": "MultiPolygon", "coordinates": [ [ [ [ -73.941493968569191, 40.685763470670153 ], [ -73.944327965282568, 40.68543847690033 ], [ -73.947164963465781, 40.68511248283955 ], [ -73.947309960925708, 40.685845481698237 ], [ -73.944474963351624, 40.686171474744697 ], [ -73.941639966551818, 40.686496469836719 ], [ -73.941493968569191, 40.685763470670153 ] ] ] ] } },
{ "type": "Feature", "properties": { "GISJOIN": "G36004700265003", "Total Pop (Race/Ethnicity)": 804, "Not Hispanic or Latino": 686, "Not Hispanic or Latino: White alone": 156, "Not Hispanic or Latino: Black or African American alone": 294, "Not Hispanic or Latino: American Indian and Alaska Native alone": 0, "Not Hispanic or Latino: Asian alone": 0, "Not Hispanic or Latino: Native Hawaiian and Other Pacific Islander alone": 0, "Not Hispanic or Latino: Some other race alone": 0, "Not Hispanic or Latino: Two or more races": 236, "Not Hispanic or Latino: Two or more races: Two races including Some other race": 236, "Not Hispanic or Latino: Two or more races: Two races excluding Some other race, and three or more races": 0, "Hispanic or Latino": 118, "Total Households (Income)": 431, "Less than $10,000": 98, "$10,000 to $14,999": 40, "$15,000 to $19,999": 0, "$20,000 to $24,999": 0, "$25,000 to $29,999": 0, "$30,000 to $34,999": 0, "$35,000 to $39,999": 0, "$40,000 to $44,999": 0, "$45,000 to $49,999": 110, "$50,000 to $59,999": 19, "$60,000 to $74,999": 25, "$75,000 to $99,999": 24, "$100,000 to $124,999": 62, "$125,000 to $149,999": 9, "$150,000 to $199,999": 44, "$200,000 or more": 0, "COUNTY": "Kings County", "TRACTCE": "026500", "BLKGRPCE": "3", "Area (Sq Mi)": 0.015383783783783784, "zip_code": "11221", "block_group": "0265003", "bg_area": 428874.84645943088, "overlap_area": 428874.84645943082, "frac_in_neighborhood": 0.99999999999999989, "pop_in_neighborhood": 803.99999999999989, "neighborhood": "bedstuy" }, "geometry": { "type": "MultiPolygon", "coordinates": [ [ [ [ -73.941639966551818, 40.686496469836719 ], [ -73.944474963351624, 40.686171474744697 ], [ -73.947309960925708, 40.685845481698237 ], [ -73.947455958740335, 40.686577480987523 ], [ -73.944621961129201, 40.686903474031908 ], [ -73.941784964212971, 40.687227467848075 ], [ -73.941639966551818, 40.686496469836719 ] ] ] ] } },
{ "type": "Feature", "properties": { "GISJOIN": "G36004700265002", "Total Pop (Race/Ethnicity)": 1538, "Not Hispanic or Latino": 1386, "Not Hispanic or Latino: White alone": 270, "Not Hispanic or Latino: Black or African American alone": 724, "Not Hispanic or Latino: American Indian and Alaska Native alone": 0, "Not Hispanic or Latino: Asian alone": 178, "Not Hispanic or Latino: Native Hawaiian and Other Pacific Islander alone": 0, "Not Hispanic or Latino: Some other race alone": 0, "Not Hispanic or Latino: Two or more races": 214, "Not Hispanic or Latino: Two or more races: Two races including Some other race": 180, "Not Hispanic or Latino: Two or more races: Two races excluding Some other race, and three or more races": 34, "Hispanic or Latino": 152, "Total Households (Income)": 674, "Less than $10,000": 0, "$10,000 to $14,999": 0, "$15,000 to $19,999": 0, "$20,000 to $24,999": 28, "$25,000 to $29,999": 32, "$30,000 to $34,999": 0, "$35,000 to $39,999": 0, "$40,000 to $44,999": 0, "$45,000 to $49,999": 0, "$50,000 to $59,999": 82, "$60,000 to $74,999": 86, "$75,000 to $99,999": 28, "$100,000 to $124,999": 130, "$125,000 to $149,999": 54, "$150,000 to $199,999": 96, "$200,000 or more": 138, "COUNTY": "Kings County", "TRACTCE": "026500", "BLKGRPCE": "2", "Area (Sq Mi)": 0.015416216216216217, "zip_code": "11216", "block_group": "0265002", "bg_area": 429781.26069125213, "overlap_area": 429781.26069125207, "frac_in_neighborhood": 0.99999999999999989, "pop_in_neighborhood": 1537.9999999999998, "neighborhood": "bedstuy" }, "geometry": { "type": "MultiPolygon", "coordinates": [ [ [ [ -73.941784964212971, 40.687227467848075 ], [ -73.944621961129201, 40.686903474031908 ], [ -73.947455958740335, 40.686577480987523 ], [ -73.94760195684357, 40.687310479102777 ], [ -73.944764959901846, 40.687636472193198 ], [ -73.941931962256348, 40.687962467171445 ], [ -73.941784964212971, 40.687227467848075 ] ] ] ] } },
{ "type": "Feature", "properties": { "GISJOIN": "G36004700265001", "Total Pop (Race/Ethnicity)": 1275, "Not Hispanic or Latino": 851, "Not Hispanic or Latino: White alone": 460, "Not Hispanic or Latino: Black or African American alone": 357, "Not Hispanic or Latino: American Indian and Alaska Native alone": 0, "Not Hispanic or Latino: Asian alone": 25, "Not Hispanic or Latino: Native Hawaiian and Other Pacific Islander alone": 0, "Not Hispanic or Latino: Some other race alone": 0, "Not Hispanic or Latino: Two or more races": 9, "Not Hispanic or Latino: Two or more races: Two races including Some other race": 0, "Not Hispanic or Latino: Two or more races: Two races excluding Some other race, and three or more races": 9, "Hispanic or Latino": 424, "Total Households (Income)": 604, "Less than $10,000": 22, "$10,000 to $14,999": 78, "$15,000 to $19,999": 0, "$20,000 to $24,999": 11, "$25,000 to $29,999": 0, "$30,000 to $34,999": 60, "$35,000 to $39,999": 0, "$40,000 to $44,999": 109, "$45,000 to $49,999": 0, "$50,000 to $59,999": 33, "$60,000 to $74,999": 13, "$75,000 to $99,999": 127, "$100,000 to $124,999": 50, "$125,000 to $149,999": 29, "$150,000 to $199,999": 13, "$200,000 or more": 59, "COUNTY": "Kings County", "TRACTCE": "026500", "BLKGRPCE": "1", "Area (Sq Mi)": 0.015414671814671814, "zip_code": "11216", "block_group": "0265001", "bg_area": 429741.75409225491, "overlap_area": 429741.75409225491, "frac_in_neighborhood": 1.0, "pop_in_neighborhood": 1275.0, "neighborhood": "bedstuy" }, "geometry": { "type": "MultiPolygon", "coordinates": [ [ [ [ -73.941931962256348, 40.687962467171445 ], [ -73.944764959901846, 40.687636472193198 ], [ -73.94760195684357, 40.687310479102777 ], [ -73.947747954472831, 40.688043476817072 ], [ -73.944910956427336, 40.688369471771715 ], [ -73.942075960863193, 40.688696464986251 ], [ -73.941931962256348, 40.687962467171445 ] ] ] ] } },
{ "type": "Feature", "properties": { "GISJOIN": "G36004700263001", "Total Pop (Race/Ethnicity)": 2216, "Not Hispanic or Latino": 1968, "Not Hispanic or Latino: White alone": 614, "Not Hispanic or Latino: Black or African American alone": 1156, "Not Hispanic or Latino: American Indian and Alaska Native alone": 0, "Not Hispanic or Latino: Asian alone": 18, "Not Hispanic or Latino: Native Hawaiian and Other Pacific Islander alone": 0, "Not Hispanic or Latino: Some other race alone": 23, "Not Hispanic or Latino: Two or more races": 157, "Not Hispanic or Latino: Two or more races: Two races including Some other race": 52, "Not Hispanic or Latino: Two or more races: Two races excluding Some other race, and three or more races": 105, "Hispanic or Latino": 248, "Total Households (Income)": 939, "Less than $10,000": 64, "$10,000 to $14,999": 38, "$15,000 to $19,999": 13, "$20,000 to $24,999": 19, "$25,000 to $29,999": 18, "$30,000 to $34,999": 0, "$35,000 to $39,999": 41, "$40,000 to $44,999": 63, "$45,000 to $49,999": 2, "$50,000 to $59,999": 56, "$60,000 to $74,999": 109, "$75,000 to $99,999": 138, "$100,000 to $124,999": 56, "$125,000 to $149,999": 37, "$150,000 to $199,999": 105, "$200,000 or more": 180, "COUNTY": "Kings County", "TRACTCE": "026300", "BLKGRPCE": "1", "Area (Sq Mi)": 0.046179150579150577, "zip_code": "11216", "block_group": "0263001", "bg_area": 1287409.4747118831, "overlap_area": 1287409.4747118829, "frac_in_neighborhood": 0.99999999999999978, "pop_in_neighborhood": 2215.9999999999995, "neighborhood": "bedstuy" }, "geometry": { "type": "MultiPolygon", "coordinates": [ [ [ [ -73.942368955593864, 40.690159462738599 ], [ -73.942221958145865, 40.689427463633983 ], [ -73.942075960863193, 40.688696464986251 ], [ -73.944910956427336, 40.688369471771715 ], [ -73.947747954472831, 40.688043476817072 ], [ -73.947892952421384, 40.688775476332601 ], [ -73.948038950974023, 40.689510474517512 ], [ -73.948184948832235, 40.690241474055938 ], [ -73.945348950915417, 40.69056646760383 ], [ -73.942515954019981, 40.690891460775852 ], [ -73.942368955593864, 40.690159462738599 ] ] ] ] } },
{ "type": "Feature", "properties": { "GISJOIN": "G36004700261003", "Total Pop (Race/Ethnicity)": 1068, "Not Hispanic or Latino": 913, "Not Hispanic or Latino: White alone": 90, "Not Hispanic or Latino: Black or African American alone": 321, "Not Hispanic or Latino: American Indian and Alaska Native alone": 0, "Not Hispanic or Latino: Asian alone": 475, "Not Hispanic or Latino: Native Hawaiian and Other Pacific Islander alone": 0, "Not Hispanic or Latino: Some other race alone": 0, "Not Hispanic or Latino: Two or more races": 27, "Not Hispanic or Latino: Two or more races: Two races including Some other race": 27, "Not Hispanic or Latino: Two or more races: Two races excluding Some other race, and three or more races": 0, "Hispanic or Latino": 155, "Total Households (Income)": 368, "Less than $10,000": 0, "$10,000 to $14,999": 48, "$15,000 to $19,999": 0, "$20,000 to $24,999": 82, "$25,000 to $29,999": 0, "$30,000 to $34,999": 0, "$35,000 to $39,999": 0, "$40,000 to $44,999": 0, "$45,000 to $49,999": 0, "$50,000 to $59,999": 0, "$60,000 to $74,999": 58, "$75,000 to $99,999": 0, "$100,000 to $124,999": 20, "$125,000 to $149,999": 0, "$150,000 to $199,999": 27, "$200,000 or more": 133, "COUNTY": "Kings County", "TRACTCE": "026100", "BLKGRPCE": "3", "Area (Sq Mi)": 0.015394594594594595, "zip_code": "11216", "block_group": "0261003", "bg_area": 429174.13517354033, "overlap_area": 429174.13517354033, "frac_in_neighborhood": 1.0, "pop_in_neighborhood": 1068.0, "neighborhood": "bedstuy" }, "geometry": { "type": "MultiPolygon", "coordinates": [ [ [ [ -73.942515954019981, 40.690891460775852 ], [ -73.945348950915417, 40.69056646760383 ], [ -73.948184948832235, 40.690241474055938 ], [ -73.948330945823955, 40.690973472217266 ], [ -73.945495948382359, 40.691299465856645 ], [ -73.942661952351543, 40.691623459594112 ], [ -73.942515954019981, 40.690891460775852 ] ] ] ] } },
{ "type": "Feature", "properties": { "GISJOIN": "G36004700261002", "Total Pop (Race/Ethnicity)": 1177, "Not Hispanic or Latino": 999, "Not Hispanic or Latino: White alone": 436, "Not Hispanic or Latino: Black or African American alone": 300, "Not Hispanic or Latino: American Indian and Alaska Native alone": 0, "Not Hispanic or Latino: Asian alone": 230, "Not Hispanic or Latino: Native Hawaiian and Other Pacific Islander alone": 0, "Not Hispanic or Latino: Some other race alone": 0, "Not Hispanic or Latino: Two or more races": 33, "Not Hispanic or Latino: Two or more races: Two races including Some other race": 0, "Not Hispanic or Latino: Two or more races: Two races excluding Some other race, and three or more races": 33, "Hispanic or Latino": 178, "Total Households (Income)": 517, "Less than $10,000": 0, "$10,000 to $14,999": 0, "$15,000 to $19,999": 0, "$20,000 to $24,999": 0, "$25,000 to $29,999": 0, "$30,000 to $34,999": 0, "$35,000 to $39,999": 23, "$40,000 to $44,999": 0, "$45,000 to $49,999": 0, "$50,000 to $59,999": 0, "$60,000 to $74,999": 66, "$75,000 to $99,999": 72, "$100,000 to $124,999": 54, "$125,000 to $149,999": 25, "$150,000 to $199,999": 46, "$200,000 or more": 231, "COUNTY": "Kings County", "TRACTCE": "026100", "BLKGRPCE": "2", "Area (Sq Mi)": 0.015403861003861003, "zip_code": "11221", "block_group": "0261002", "bg_area": 429438.56088659912, "overlap_area": 429438.56088659907, "frac_in_neighborhood": 0.99999999999999989, "pop_in_neighborhood": 1176.9999999999998, "neighborhood": "bedstuy" }, "geometry": { "type": "MultiPolygon", "coordinates": [ [ [ [ -73.942661952351543, 40.691623459594112 ], [ -73.945495948382359, 40.691299465856645 ], [ -73.945641946914321, 40.692032465120569 ], [ -73.9456589468667, 40.692118463722075 ], [ -73.94571494501227, 40.692402464032554 ], [ -73.945786944239913, 40.692764463149622 ], [ -73.942950946953388, 40.693090457537402 ], [ -73.942851948956246, 40.692588457392638 ], [ -73.942822949371148, 40.692442458820615 ], [ -73.942806949359493, 40.692357458118508 ], [ -73.942661952351543, 40.691623459594112 ] ] ] ] } },
{ "type": "Feature", "properties": { "GISJOIN": "G36004700261004", "Total Pop (Race/Ethnicity)": 505, "Not Hispanic or Latino": 335, "Not Hispanic or Latino: White alone": 180, "Not Hispanic or Latino: Black or African American alone": 119, "Not Hispanic or Latino: American Indian and Alaska Native alone": 0, "Not Hispanic or Latino: Asian alone": 10, "Not Hispanic or Latino: Native Hawaiian and Other Pacific Islander alone": 0, "Not Hispanic or Latino: Some other race alone": 26, "Not Hispanic or Latino: Two or more races": 0, "Not Hispanic or Latino: Two or more races: Two races including Some other race": 0, "Not Hispanic or Latino: Two or more races: Two races excluding Some other race, and three or more races": 0, "Hispanic or Latino": 170, "Total Households (Income)": 266, "Less than $10,000": 0, "$10,000 to $14,999": 0, "$15,000 to $19,999": 0, "$20,000 to $24,999": 0, "$25,000 to $29,999": 0, "$30,000 to $34,999": 0, "$35,000 to $39,999": 0, "$40,000 to $44,999": 22, "$45,000 to $49,999": 0, "$50,000 to $59,999": 57, "$60,000 to $74,999": 22, "$75,000 to $99,999": 133, "$100,000 to $124,999": 0, "$125,000 to $149,999": 0, "$150,000 to $199,999": 32, "$200,000 or more": 0, "COUNTY": "Kings County", "TRACTCE": "026100", "BLKGRPCE": "4", "Area (Sq Mi)": 0.015396911196911197, "zip_code": "11216", "block_group": "0261004", "bg_area": 429245.69692890393, "overlap_area": 429245.69692890398, "frac_in_neighborhood": 1.0000000000000002, "pop_in_neighborhood": 505.00000000000011, "neighborhood": "bedstuy" }, "geometry": { "type": "MultiPolygon", "coordinates": [ [ [ [ -73.945495948382359, 40.691299465856645 ], [ -73.948330945823955, 40.690973472217266 ], [ -73.948475944365299, 40.691706471513371 ], [ -73.94851494334695, 40.691904470188952 ], [ -73.948540942541385, 40.692037470505426 ], [ -73.948621942060413, 40.692439469179917 ], [ -73.945786944239913, 40.692764463149622 ], [ -73.94571494501227, 40.692402464032554 ], [ -73.9456589468667, 40.692118463722075 ], [ -73.945641946914321, 40.692032465120569 ], [ -73.945495948382359, 40.691299465856645 ] ] ] ] } },
{ "type": "Feature", "properties": { "GISJOIN": "G36004700253003", "Total Pop (Race/Ethnicity)": 772, "Not Hispanic or Latino": 554, "Not Hispanic or Latino: White alone": 212, "Not Hispanic or Latino: Black or African American alone": 224, "Not Hispanic or Latino: American Indian and Alaska Native alone": 0, "Not Hispanic or Latino: Asian alone": 31, "Not Hispanic or Latino: Native Hawaiian and Other Pacific Islander alone": 0, "Not Hispanic or Latino: Some other race alone": 0, "Not Hispanic or Latino: Two or more races": 87, "Not Hispanic or Latino: Two or more races: Two races including Some other race": 0, "Not Hispanic or Latino: Two or more races: Two races excluding Some other race, and three or more races": 87, "Hispanic or Latino": 218, "Total Households (Income)": 393, "Less than $10,000": 13, "$10,000 to $14,999": 18, "$15,000 to $19,999": 0, "$20,000 to $24,999": 12, "$25,000 to $29,999": 0, "$30,000 to $34,999": 0, "$35,000 to $39,999": 14, "$40,000 to $44,999": 0, "$45,000 to $49,999": 0, "$50,000 to $59,999": 13, "$60,000 to $74,999": 39, "$75,000 to $99,999": 51, "$100,000 to $124,999": 91, "$125,000 to $149,999": 12, "$150,000 to $199,999": 0, "$200,000 or more": 130, "COUNTY": "Kings County", "TRACTCE": "025300", "BLKGRPCE": "3", "Area (Sq Mi)": 0.026736293436293437, "zip_code": "11216", "block_group": "0253003", "bg_area": 745378.5291238951, "overlap_area": 745378.52912389499, "frac_in_neighborhood": 0.99999999999999989, "pop_in_neighborhood": 771.99999999999989, "neighborhood": "bedstuy" }, "geometry": { "type": "MultiPolygon", "coordinates": [ [ [ [ -73.948330945823955, 40.690973472217266 ], [ -73.948184948832235, 40.690241474055938 ], [ -73.951463944199716, 40.689863480287478 ], [ -73.951611943684426, 40.690596478647763 ], [ -73.951756940902882, 40.691329478018559 ], [ -73.951809939950408, 40.691598476820502 ], [ -73.951901939062182, 40.692062476327955 ], [ -73.948621942060413, 40.692439469179917 ], [ -73.948540942541385, 40.692037470505426 ], [ -73.94851494334695, 40.691904470188952 ], [ -73.948475944365299, 40.691706471513371 ], [ -73.948330945823955, 40.690973472217266 ] ] ] ] } },
{ "type": "Feature", "properties": { "GISJOIN": "G36004700251001", "Total Pop (Race/Ethnicity)": 773, "Not Hispanic or Latino": 735, "Not Hispanic or Latino: White alone": 311, "Not Hispanic or Latino: Black or African American alone": 345, "Not Hispanic or Latino: American Indian and Alaska Native alone": 0, "Not Hispanic or Latino: Asian alone": 57, "Not Hispanic or Latino: Native Hawaiian and Other Pacific Islander alone": 0, "Not Hispanic or Latino: Some other race alone": 0, "Not Hispanic or Latino: Two or more races": 22, "Not Hispanic or Latino: Two or more races: Two races including Some other race": 0, "Not Hispanic or Latino: Two or more races: Two races excluding Some other race, and three or more races": 22, "Hispanic or Latino": 38, "Total Households (Income)": 415, "Less than $10,000": 29, "$10,000 to $14,999": 47, "$15,000 to $19,999": 10, "$20,000 to $24,999": 0, "$25,000 to $29,999": 0, "$30,000 to $34,999": 0, "$35,000 to $39,999": 16, "$40,000 to $44,999": 0, "$45,000 to $49,999": 0, "$50,000 to $59,999": 19, "$60,000 to $74,999": 31, "$75,000 to $99,999": 53, "$100,000 to $124,999": 25, "$125,000 to $149,999": 0, "$150,000 to $199,999": 10, "$200,000 or more": 175, "COUNTY": "Kings County", "TRACTCE": "025100", "BLKGRPCE": "1", "Area (Sq Mi)": 0.017813899613899613, "zip_code": "11216", "block_group": "0251001", "bg_area": 496617.67046609928, "overlap_area": 496617.67046609928, "frac_in_neighborhood": 1.0, "pop_in_neighborhood": 773.0, "neighborhood": "bedstuy" }, "geometry": { "type": "MultiPolygon", "coordinates": [ [ [ [ -73.947892952421384, 40.688775476332601 ], [ -73.951174948978789, 40.688399483247721 ], [ -73.951318947724644, 40.689132482256952 ], [ -73.951443944816802, 40.689763480950539 ], [ -73.951463944199716, 40.689863480287478 ], [ -73.948184948832235, 40.690241474055938 ], [ -73.948038950974023, 40.689510474517512 ], [ -73.947892952421384, 40.688775476332601 ] ] ] ] } },
{ "type": "Feature", "properties": { "GISJOIN": "G36004700251002", "Total Pop (Race/Ethnicity)": 1819, "Not Hispanic or Latino": 1721, "Not Hispanic or Latino: White alone": 178, "Not Hispanic or Latino: Black or African American alone": 1367, "Not Hispanic or Latino: American Indian and Alaska Native alone": 0, "Not Hispanic or Latino: Asian alone": 33, "Not Hispanic or Latino: Native Hawaiian and Other Pacific Islander alone": 0, "Not Hispanic or Latino: Some other race alone": 0, "Not Hispanic or Latino: Two or more races": 143, "Not Hispanic or Latino: Two or more races: Two races including Some other race": 74, "Not Hispanic or Latino: Two or more races: Two races excluding Some other race, and three or more races": 69, "Hispanic or Latino": 98, "Total Households (Income)": 693, "Less than $10,000": 88, "$10,000 to $14,999": 54, "$15,000 to $19,999": 44, "$20,000 to $24,999": 11, "$25,000 to $29,999": 53, "$30,000 to $34,999": 0, "$35,000 to $39,999": 0, "$40,000 to $44,999": 0, "$45,000 to $49,999": 0, "$50,000 to $59,999": 205, "$60,000 to $74,999": 33, "$75,000 to $99,999": 106, "$100,000 to $124,999": 0, "$125,000 to $149,999": 16, "$150,000 to $199,999": 50, "$200,000 or more": 33, "COUNTY": "Kings County", "TRACTCE": "025100", "BLKGRPCE": "2", "Area (Sq Mi)": 0.017829729729729731, "zip_code": "11216", "block_group": "0251002", "bg_area": 497063.24046414555, "overlap_area": 497063.24046414549, "frac_in_neighborhood": 0.99999999999999989, "pop_in_neighborhood": 1818.9999999999998, "neighborhood": "bedstuy" }, "geometry": { "type": "MultiPolygon", "coordinates": [ [ [ [ -73.947747954472831, 40.688043476817072 ], [ -73.94760195684357, 40.687310479102777 ], [ -73.950882953377302, 40.68693248567164 ], [ -73.951027951796718, 40.68766648498751 ], [ -73.951174948978789, 40.688399483247721 ], [ -73.947892952421384, 40.688775476332601 ], [ -73.947747954472831, 40.688043476817072 ] ] ] ] } },
{ "type": "Feature", "properties": { "GISJOIN": "G36004700251003", "Total Pop (Race/Ethnicity)": 1398, "Not Hispanic or Latino": 1063, "Not Hispanic or Latino: White alone": 287, "Not Hispanic or Latino: Black or African American alone": 668, "Not Hispanic or Latino: American Indian and Alaska Native alone": 0, "Not Hispanic or Latino: Asian alone": 40, "Not Hispanic or Latino: Native Hawaiian and Other Pacific Islander alone": 0, "Not Hispanic or Latino: Some other race alone": 0, "Not Hispanic or Latino: Two or more races": 68, "Not Hispanic or Latino: Two or more races: Two races including Some other race": 56, "Not Hispanic or Latino: Two or more races: Two races excluding Some other race, and three or more races": 12, "Hispanic or Latino": 335, "Total Households (Income)": 655, "Less than $10,000": 32, "$10,000 to $14,999": 66, "$15,000 to $19,999": 0, "$20,000 to $24,999": 89, "$25,000 to $29,999": 0, "$30,000 to $34,999": 15, "$35,000 to $39,999": 15, "$40,000 to $44,999": 53, "$45,000 to $49,999": 45, "$50,000 to $59,999": 12, "$60,000 to $74,999": 39, "$75,000 to $99,999": 108, "$100,000 to $124,999": 45, "$125,000 to $149,999": 62, "$150,000 to $199,999": 32, "$200,000 or more": 42, "COUNTY": "Kings County", "TRACTCE": "025100", "BLKGRPCE": "3", "Area (Sq Mi)": 0.017827027027027029, "zip_code": "11216", "block_group": "0251003", "bg_area": 496983.33011398895, "overlap_area": 496983.33011398895, "frac_in_neighborhood": 1.0, "pop_in_neighborhood": 1398.0, "neighborhood": "bedstuy" }, "geometry": { "type": "MultiPolygon", "coordinates": [ [ [ [ -73.947455958740335, 40.686577480987523 ], [ -73.947309960925708, 40.685845481698237 ], [ -73.95058995775868, 40.685466488911075 ], [ -73.950736955443048, 40.68619948730278 ], [ -73.950882953377302, 40.68693248567164 ], [ -73.94760195684357, 40.687310479102777 ], [ -73.947455958740335, 40.686577480987523 ] ] ] ] } },
{ "type": "Feature", "properties": { "GISJOIN": "G36004700243002", "Total Pop (Race/Ethnicity)": 1692, "Not Hispanic or Latino": 1634, "Not Hispanic or Latino: White alone": 353, "Not Hispanic or Latino: Black or African American alone": 1029, "Not Hispanic or Latino: American Indian and Alaska Native alone": 0, "Not Hispanic or Latino: Asian alone": 119, "Not Hispanic or Latino: Native Hawaiian and Other Pacific Islander alone": 0, "Not Hispanic or Latino: Some other race alone": 0, "Not Hispanic or Latino: Two or more races": 133, "Not Hispanic or Latino: Two or more races: Two races including Some other race": 0, "Not Hispanic or Latino: Two or more races: Two races excluding Some other race, and three or more races": 133, "Hispanic or Latino": 58, "Total Households (Income)": 714, "Less than $10,000": 134, "$10,000 to $14,999": 23, "$15,000 to $19,999": 59, "$20,000 to $24,999": 0, "$25,000 to $29,999": 12, "$30,000 to $34,999": 19, "$35,000 to $39,999": 0, "$40,000 to $44,999": 0, "$45,000 to $49,999": 24, "$50,000 to $59,999": 0, "$60,000 to $74,999": 0, "$75,000 to $99,999": 11, "$100,000 to $124,999": 38, "$125,000 to $149,999": 56, "$150,000 to $199,999": 87, "$200,000 or more": 251, "COUNTY": "Kings County", "TRACTCE": "024300", "BLKGRPCE": "2", "Area (Sq Mi)": 0.019867181467181468, "zip_code": "11216", "block_group": "0243002", "bg_area": 553864.64819249162, "overlap_area": 553864.64819249162, "frac_in_neighborhood": 1.0, "pop_in_neighborhood": 1692.0, "neighborhood": "bedstuy" }, "geometry": { "type": "MultiPolygon", "coordinates": [ [ [ [ -73.950882953377302, 40.68693248567164 ], [ -73.954537950083406, 40.686511493737996 ], [ -73.954683947383316, 40.687244491761525 ], [ -73.95482894635191, 40.68797649097796 ], [ -73.951174948978789, 40.688399483247721 ], [ -73.951027951796718, 40.68766648498751 ], [ -73.950882953377302, 40.68693248567164 ] ] ] ] } },
{ "type": "Feature", "properties": { "GISJOIN": "G36004700229001", "Total Pop (Race/Ethnicity)": 877, "Not Hispanic or Latino": 762, "Not Hispanic or Latino: White alone": 508, "Not Hispanic or Latino: Black or African American alone": 134, "Not Hispanic or Latino: American Indian and Alaska Native alone": 0, "Not Hispanic or Latino: Asian alone": 42, "Not Hispanic or Latino: Native Hawaiian and Other Pacific Islander alone": 0, "Not Hispanic or Latino: Some other race alone": 32, "Not Hispanic or Latino: Two or more races": 46, "Not Hispanic or Latino: Two or more races: Two races including Some other race": 8, "Not Hispanic or Latino: Two or more races: Two races excluding Some other race, and three or more races": 38, "Hispanic or Latino": 115, "Total Households (Income)": 386, "Less than $10,000": 0, "$10,000 to $14,999": 0, "$15,000 to $19,999": 0, "$20,000 to $24,999": 9, "$25,000 to $29,999": 7, "$30,000 to $34,999": 0, "$35,000 to $39,999": 0, "$40,000 to $44,999": 11, "$45,000 to $49,999": 0, "$50,000 to $59,999": 51, "$60,000 to $74,999": 13, "$75,000 to $99,999": 42, "$100,000 to $124,999": 24, "$125,000 to $149,999": 98, "$150,000 to $199,999": 70, "$200,000 or more": 61, "COUNTY": "Kings County", "TRACTCE": "022900", "BLKGRPCE": "1", "Area (Sq Mi)": 0.01173050193050193, "zip_code": "11216", "block_group": "0229001", "bg_area": 327027.39171609632, "overlap_area": 327027.39171609632, "frac_in_neighborhood": 1.0, "pop_in_neighborhood": 877.0, "neighborhood": "bedstuy" }, "geometry": { "type": "MultiPolygon", "coordinates": [ [ [ [ -73.954537950083406, 40.686511493737996 ], [ -73.954392951903401, 40.685779495870108 ], [ -73.95654995003369, 40.685529499246222 ], [ -73.95669894751309, 40.686262498524364 ], [ -73.956840945675623, 40.686995496959184 ], [ -73.954683947383316, 40.687244491761525 ], [ -73.954537950083406, 40.686511493737996 ] ] ] ] } },
{ "type": "Feature", "properties": { "GISJOIN": "G36004700233003", "Total Pop (Race/Ethnicity)": 2191, "Not Hispanic or Latino": 1947, "Not Hispanic or Latino: White alone": 1406, "Not Hispanic or Latino: Black or African American alone": 81, "Not Hispanic or Latino: American Indian and Alaska Native alone": 0, "Not Hispanic or Latino: Asian alone": 207, "Not Hispanic or Latino: Native Hawaiian and Other Pacific Islander alone": 0, "Not Hispanic or Latino: Some other race alone": 0, "Not Hispanic or Latino: Two or more races": 253, "Not Hispanic or Latino: Two or more races: Two races including Some other race": 208, "Not Hispanic or Latino: Two or more races: Two races excluding Some other race, and three or more races": 45, "Hispanic or Latino": 244, "Total Households (Income)": 736, "Less than $10,000": 100, "$10,000 to $14,999": 0, "$15,000 to $19,999": 0, "$20,000 to $24,999": 0, "$25,000 to $29,999": 0, "$30,000 to $34,999": 117, "$35,000 to $39,999": 18, "$40,000 to $44,999": 0, "$45,000 to $49,999": 0, "$50,000 to $59,999": 72, "$60,000 to $74,999": 0, "$75,000 to $99,999": 20, "$100,000 to $124,999": 74, "$125,000 to $149,999": 0, "$150,000 to $199,999": 140, "$200,000 or more": 195, "COUNTY": "Kings County", "TRACTCE": "023300", "BLKGRPCE": "3", "Area (Sq Mi)": 0.027791505791505793, "zip_code": "11205", "block_group": "0233003", "bg_area": 774783.36896995385, "overlap_area": 774783.36896995385, "frac_in_neighborhood": 1.0, "pop_in_neighborhood": 2191.0, "neighborhood": "bedstuy" }, "geometry": { "type": "MultiPolygon", "coordinates": [ [ [ [ -73.955121942034211, 40.689443489004418 ], [ -73.954974943013028, 40.688710489167633 ], [ -73.95482894635191, 40.68797649097796 ], [ -73.954683947383316, 40.687244491761525 ], [ -73.956840945675623, 40.686995496959184 ], [ -73.956986943173675, 40.687728496510566 ], [ -73.957015942873085, 40.687876495727345 ], [ -73.957131942054474, 40.688462494451009 ], [ -73.957273939043063, 40.689191493664197 ], [ -73.957060939016301, 40.689218492668765 ], [ -73.957055939338886, 40.68945549232982 ], [ -73.957142937743555, 40.689959490992017 ], [ -73.957271935708562, 40.690693490056866 ], [ -73.956355937150903, 40.690799488202003 ], [ -73.955409937574586, 40.690907486340372 ], [ -73.955265938439879, 40.690174487131998 ], [ -73.955121942034211, 40.689443489004418 ] ] ] ] } },
{ "type": "Feature", "properties": { "GISJOIN": "G36004700243001", "Total Pop (Race/Ethnicity)": 1440, "Not Hispanic or Latino": 1337, "Not Hispanic or Latino: White alone": 541, "Not Hispanic or Latino: Black or African American alone": 268, "Not Hispanic or Latino: American Indian and Alaska Native alone": 52, "Not Hispanic or Latino: Asian alone": 304, "Not Hispanic or Latino: Native Hawaiian and Other Pacific Islander alone": 0, "Not Hispanic or Latino: Some other race alone": 0, "Not Hispanic or Latino: Two or more races": 172, "Not Hispanic or Latino: Two or more races: Two races including Some other race": 117, "Not Hispanic or Latino: Two or more races: Two races excluding Some other race, and three or more races": 55, "Hispanic or Latino": 103, "Total Households (Income)": 648, "Less than $10,000": 0, "$10,000 to $14,999": 0, "$15,000 to $19,999": 0, "$20,000 to $24,999": 0, "$25,000 to $29,999": 9, "$30,000 to $34,999": 0, "$35,000 to $39,999": 0, "$40,000 to $44,999": 0, "$45,000 to $49,999": 12, "$50,000 to $59,999": 53, "$60,000 to $74,999": 14, "$75,000 to $99,999": 114, "$100,000 to $124,999": 136, "$125,000 to $149,999": 105, "$150,000 to $199,999": 10, "$200,000 or more": 195, "COUNTY": "Kings County", "TRACTCE": "024300", "BLKGRPCE": "1", "Area (Sq Mi)": 0.019863706563706562, "zip_code": "11216", "block_group": "0243001", "bg_area": 553756.12287724286, "overlap_area": 553756.12287724274, "frac_in_neighborhood": 0.99999999999999978, "pop_in_neighborhood": 1439.9999999999998, "neighborhood": "bedstuy" }, "geometry": { "type": "MultiPolygon", "coordinates": [ [ [ [ -73.951174948978789, 40.688399483247721 ], [ -73.95482894635191, 40.68797649097796 ], [ -73.954974943013028, 40.688710489167633 ], [ -73.955121942034211, 40.689443489004418 ], [ -73.951463944199716, 40.689863480287478 ], [ -73.951443944816802, 40.689763480950539 ], [ -73.951318947724644, 40.689132482256952 ], [ -73.951174948978789, 40.688399483247721 ] ] ] ] } },
{ "type": "Feature", "properties": { "GISJOIN": "G36004700241002", "Total Pop (Race/Ethnicity)": 1422, "Not Hispanic or Latino": 1087, "Not Hispanic or Latino: White alone": 617, "Not Hispanic or Latino: Black or African American alone": 284, "Not Hispanic or Latino: American Indian and Alaska Native alone": 0, "Not Hispanic or Latino: Asian alone": 127, "Not Hispanic or Latino: Native Hawaiian and Other Pacific Islander alone": 0, "Not Hispanic or Latino: Some other race alone": 0, "Not Hispanic or Latino: Two or more races": 59, "Not Hispanic or Latino: Two or more races: Two races including Some other race": 33, "Not Hispanic or Latino: Two or more races: Two races excluding Some other race, and three or more races": 26, "Hispanic or Latino": 335, "Total Households (Income)": 673, "Less than $10,000": 70, "$10,000 to $14,999": 37, "$15,000 to $19,999": 53, "$20,000 to $24,999": 0, "$25,000 to $29,999": 0, "$30,000 to $34,999": 0, "$35,000 to $39,999": 0, "$40,000 to $44,999": 7, "$45,000 to $49,999": 20, "$50,000 to $59,999": 0, "$60,000 to $74,999": 59, "$75,000 to $99,999": 85, "$100,000 to $124,999": 25, "$125,000 to $149,999": 126, "$150,000 to $199,999": 22, "$200,000 or more": 169, "COUNTY": "Kings County", "TRACTCE": "024100", "BLKGRPCE": "2", "Area (Sq Mi)": 0.019848262548262548, "zip_code": "11205", "block_group": "0241002", "bg_area": 553328.60783926782, "overlap_area": 553328.60783926782, "frac_in_neighborhood": 1.0, "pop_in_neighborhood": 1422.0, "neighborhood": "bedstuy" }, "geometry": { "type": "MultiPolygon", "coordinates": [ [ [ [ -73.951463944199716, 40.689863480287478 ], [ -73.955121942034211, 40.689443489004418 ], [ -73.955265938439879, 40.690174487131998 ], [ -73.955409937574586, 40.690907486340372 ], [ -73.954465938308076, 40.691016483831348 ], [ -73.953565939520331, 40.691120482450074 ], [ -73.951756940902882, 40.691329478018559 ], [ -73.951611943684426, 40.690596478647763 ], [ -73.951463944199716, 40.689863480287478 ] ] ] ] } },
{ "type": "Feature", "properties": { "GISJOIN": "G36004700233002", "Total Pop (Race/Ethnicity)": 1728, "Not Hispanic or Latino": 1409, "Not Hispanic or Latino: White alone": 37, "Not Hispanic or Latino: Black or African American alone": 816, "Not Hispanic or Latino: American Indian and Alaska Native alone": 0, "Not Hispanic or Latino: Asian alone": 42, "Not Hispanic or Latino: Native Hawaiian and Other Pacific Islander alone": 0, "Not Hispanic or Latino: Some other race alone": 0, "Not Hispanic or Latino: Two or more races": 514, "Not Hispanic or Latino: Two or more races: Two races including Some other race": 0, "Not Hispanic or Latino: Two or more races: Two races excluding Some other race, and three or more races": 514, "Hispanic or Latino": 319, "Total Households (Income)": 653, "Less than $10,000": 131, "$10,000 to $14,999": 234, "$15,000 to $19,999": 0, "$20,000 to $24,999": 67, "$25,000 to $29,999": 34, "$30,000 to $34,999": 0, "$35,000 to $39,999": 0, "$40,000 to $44,999": 0, "$45,000 to $49,999": 0, "$50,000 to $59,999": 31, "$60,000 to $74,999": 73, "$75,000 to $99,999": 46, "$100,000 to $124,999": 6, "$125,000 to $149,999": 19, "$150,000 to $199,999": 12, "$200,000 or more": 0, "COUNTY": "Kings County", "TRACTCE": "023300", "BLKGRPCE": "2", "Area (Sq Mi)": 0.016344787644787646, "zip_code": "11238", "block_group": "0233002", "bg_area": 455672.8893302175, "overlap_area": 455580.5738445975, "frac_in_neighborhood": 0.99979740843095644, "pop_in_neighborhood": 1727.6499217686928, "neighborhood": "bedstuy" }, "geometry": { "type": "MultiPolygon", "coordinates": [ [ [ [ -73.957273939043063, 40.689191493664197 ], [ -73.958249938131033, 40.689079495045249 ], [ -73.958729938224437, 40.689024496713948 ], [ -73.959371937925269, 40.688952498015375 ], [ -73.960005935928109, 40.688880498667949 ], [ -73.960121934979711, 40.689468497715687 ], [ -73.960196934659251, 40.689855496991932 ], [ -73.960292933136643, 40.690345496037281 ], [ -73.959427932788344, 40.690447494423857 ], [ -73.958577934308053, 40.690545492960304 ], [ -73.957271935708562, 40.690693490056866 ], [ -73.957142937743555, 40.689959490992017 ], [ -73.957055939338886, 40.68945549232982 ], [ -73.957060939016301, 40.689218492668765 ], [ -73.957273939043063, 40.689191493664197 ] ] ] ] } },
{ "type": "Feature", "properties": { "GISJOIN": "G36004700235001", "Total Pop (Race/Ethnicity)": 3400, "Not Hispanic or Latino": 2911, "Not Hispanic or Latino: White alone": 2467, "Not Hispanic or Latino: Black or African American alone": 133, "Not Hispanic or Latino: American Indian and Alaska Native alone": 0, "Not Hispanic or Latino: Asian alone": 182, "Not Hispanic or Latino: Native Hawaiian and Other Pacific Islander alone": 0, "Not Hispanic or Latino: Some other race alone": 0, "Not Hispanic or Latino: Two or more races": 129, "Not Hispanic or Latino: Two or more races: Two races including Some other race": 26, "Not Hispanic or Latino: Two or more races: Two races excluding Some other race, and three or more races": 103, "Hispanic or Latino": 489, "Total Households (Income)": 1038, "Less than $10,000": 61, "$10,000 to $14,999": 31, "$15,000 to $19,999": 4, "$20,000 to $24,999": 62, "$25,000 to $29,999": 42, "$30,000 to $34,999": 24, "$35,000 to $39,999": 42, "$40,000 to $44,999": 0, "$45,000 to $49,999": 45, "$50,000 to $59,999": 46, "$60,000 to $74,999": 38, "$75,000 to $99,999": 53, "$100,000 to $124,999": 56, "$125,000 to $149,999": 50, "$150,000 to $199,999": 109, "$200,000 or more": 375, "COUNTY": "Kings County", "TRACTCE": "023500", "BLKGRPCE": "1", "Area (Sq Mi)": 0.031033590733590733, "zip_code": "11205", "block_group": "0235001", "bg_area": 865171.02611876873, "overlap_area": 865102.33167242375, "frac_in_neighborhood": 0.99992060015387574, "pop_in_neighborhood": 3399.7300405231776, "neighborhood": "bedstuy" }, "geometry": { "type": "MultiPolygon", "coordinates": [ [ [ [ -73.955409937574586, 40.690907486340372 ], [ -73.956355937150903, 40.690799488202003 ], [ -73.957271935708562, 40.690693490056866 ], [ -73.958577934308053, 40.690545492960304 ], [ -73.959427932788344, 40.690447494423857 ], [ -73.959843927860021, 40.692529490736227 ], [ -73.958992927901718, 40.692627488312944 ], [ -73.957680930158659, 40.692778486635298 ], [ -73.956772930453468, 40.692883484287016 ], [ -73.955825931870208, 40.692992482700049 ], [ -73.955409937574586, 40.690907486340372 ] ] ] ] } },
{ "type": "Feature", "properties": { "GISJOIN": "G36004700193002", "Total Pop (Race/Ethnicity)": 1011, "Not Hispanic or Latino": 754, "Not Hispanic or Latino: White alone": 667, "Not Hispanic or Latino: Black or African American alone": 5, "Not Hispanic or Latino: American Indian and Alaska Native alone": 0, "Not Hispanic or Latino: Asian alone": 82, "Not Hispanic or Latino: Native Hawaiian and Other Pacific Islander alone": 0, "Not Hispanic or Latino: Some other race alone": 0, "Not Hispanic or Latino: Two or more races": 0, "Not Hispanic or Latino: Two or more races: Two races including Some other race": 0, "Not Hispanic or Latino: Two or more races: Two races excluding Some other race, and three or more races": 0, "Hispanic or Latino": 257, "Total Households (Income)": 513, "Less than $10,000": 39, "$10,000 to $14,999": 58, "$15,000 to $19,999": 22, "$20,000 to $24,999": 0, "$25,000 to $29,999": 72, "$30,000 to $34,999": 60, "$35,000 to $39,999": 0, "$40,000 to $44,999": 0, "$45,000 to $49,999": 0, "$50,000 to $59,999": 21, "$60,000 to $74,999": 37, "$75,000 to $99,999": 25, "$100,000 to $124,999": 18, "$125,000 to $149,999": 60, "$150,000 to $199,999": 40, "$200,000 or more": 61, "COUNTY": "Kings County", "TRACTCE": "019300", "BLKGRPCE": "2", "Area (Sq Mi)": 0.01217992277992278, "zip_code": "11205", "block_group": "0193002", "bg_area": 339562.85186192015, "overlap_area": 39.918642477257428, "frac_in_neighborhood": 0.00011755892100202394, "pop_in_neighborhood": 0.1188520691330462, "neighborhood": "bedstuy" }, "geometry": { "type": "MultiPolygon", "coordinates": [ [ [ [ -73.959843927860021, 40.692529490736227 ], [ -73.959427932788344, 40.690447494423857 ], [ -73.960292933136643, 40.690345496037281 ], [ -73.960737926583235, 40.692423493061405 ], [ -73.961092922832805, 40.694010489218307 ], [ -73.960157923533984, 40.694116487812337 ], [ -73.959843927860021, 40.692529490736227 ] ] ] ] } },
{ "type": "Feature", "properties": { "GISJOIN": "G36004700233001", "Total Pop (Race/Ethnicity)": 2069, "Not Hispanic or Latino": 1995, "Not Hispanic or Latino: White alone": 958, "Not Hispanic or Latino: Black or African American alone": 420, "Not Hispanic or Latino: American Indian and Alaska Native alone": 0, "Not Hispanic or Latino: Asian alone": 264, "Not Hispanic or Latino: Native Hawaiian and Other Pacific Islander alone": 0, "Not Hispanic or Latino: Some other race alone": 18, "Not Hispanic or Latino: Two or more races": 335, "Not Hispanic or Latino: Two or more races: Two races including Some other race": 29, "Not Hispanic or Latino: Two or more races: Two races excluding Some other race, and three or more races": 306, "Hispanic or Latino": 74, "Total Households (Income)": 822, "Less than $10,000": 27, "$10,000 to $14,999": 0, "$15,000 to $19,999": 0, "$20,000 to $24,999": 0, "$25,000 to $29,999": 16, "$30,000 to $34,999": 15, "$35,000 to $39,999": 0, "$40,000 to $44,999": 0, "$45,000 to $49,999": 52, "$50,000 to $59,999": 0, "$60,000 to $74,999": 66, "$75,000 to $99,999": 69, "$100,000 to $124,999": 91, "$125,000 to $149,999": 14, "$150,000 to $199,999": 127, "$200,000 or more": 345, "COUNTY": "Kings County", "TRACTCE": "023300", "BLKGRPCE": "1", "Area (Sq Mi)": 0.022210424710424712, "zip_code": "11238", "block_group": "0233001", "bg_area": 619182.91264443961, "overlap_area": 619142.57043157704, "frac_in_neighborhood": 0.99993484604946492, "pop_in_neighborhood": 2068.865196476343, "neighborhood": "bedstuy" }, "geometry": { "type": "MultiPolygon", "coordinates": [ [ [ [ -73.956840945675623, 40.686995496959184 ], [ -73.959567942871075, 40.686682503276558 ], [ -73.959713941253142, 40.687415502173643 ], [ -73.959858939456893, 40.688147500154798 ], [ -73.960005935928109, 40.688880498667949 ], [ -73.959371937925269, 40.688952498015375 ], [ -73.958729938224437, 40.689024496713948 ], [ -73.958249938131033, 40.689079495045249 ], [ -73.957273939043063, 40.689191493664197 ], [ -73.957131942054474, 40.688462494451009 ], [ -73.957015942873085, 40.687876495727345 ], [ -73.956986943173675, 40.687728496510566 ], [ -73.956840945675623, 40.686995496959184 ] ] ] ] } },
{ "type": "Feature", "properties": { "GISJOIN": "G36004700231002", "Total Pop (Race/Ethnicity)": 1709, "Not Hispanic or Latino": 1540, "Not Hispanic or Latino: White alone": 981, "Not Hispanic or Latino: Black or African American alone": 375, "Not Hispanic or Latino: American Indian and Alaska Native alone": 0, "Not Hispanic or Latino: Asian alone": 76, "Not Hispanic or Latino: Native Hawaiian and Other Pacific Islander alone": 0, "Not Hispanic or Latino: Some other race alone": 28, "Not Hispanic or Latino: Two or more races": 80, "Not Hispanic or Latino: Two or more races: Two races including Some other race": 31, "Not Hispanic or Latino: Two or more races: Two races excluding Some other race, and three or more races": 49, "Hispanic or Latino": 169, "Total Households (Income)": 807, "Less than $10,000": 64, "$10,000 to $14,999": 12, "$15,000 to $19,999": 0, "$20,000 to $24,999": 38, "$25,000 to $29,999": 70, "$30,000 to $34,999": 13, "$35,000 to $39,999": 0, "$40,000 to $44,999": 0, "$45,000 to $49,999": 12, "$50,000 to $59,999": 15, "$60,000 to $74,999": 42, "$75,000 to $99,999": 55, "$100,000 to $124,999": 52, "$125,000 to $149,999": 44, "$150,000 to $199,999": 111, "$200,000 or more": 279, "COUNTY": "Kings County", "TRACTCE": "023100", "BLKGRPCE": "2", "Area (Sq Mi)": 0.030780694980694981, "zip_code": "11238", "block_group": "0231002", "bg_area": 858106.48560244869, "overlap_area": 68.710799360957466, "frac_in_neighborhood": 8.0072579002497398e-05, "pop_in_neighborhood": 0.13684403751526805, "neighborhood": "bedstuy" }, "geometry": { "type": "MultiPolygon", "coordinates": [ [ [ [ -73.959567942871075, 40.686682503276558 ], [ -73.959422944843197, 40.685950504701189 ], [ -73.959275947893929, 40.68521650576475 ], [ -73.95913194969684, 40.684485507112313 ], [ -73.958982951728828, 40.683749508941759 ], [ -73.958840953588506, 40.683017509993093 ], [ -73.959784952530796, 40.682908512412233 ], [ -73.96022094612249, 40.68510850752412 ], [ -73.961154945210666, 40.685000509326677 ], [ -73.962106945115863, 40.68489051170252 ], [ -73.962397940612504, 40.686351509382064 ], [ -73.96254693873874, 40.687088507795309 ], [ -73.959713941253142, 40.687415502173643 ], [ -73.959567942871075, 40.686682503276558 ] ] ] ] } },
{ "type": "Feature", "properties": { "GISJOIN": "G36004700231003", "Total Pop (Race/Ethnicity)": 697, "Not Hispanic or Latino": 574, "Not Hispanic or Latino: White alone": 308, "Not Hispanic or Latino: Black or African American alone": 210, "Not Hispanic or Latino: American Indian and Alaska Native alone": 0, "Not Hispanic or Latino: Asian alone": 42, "Not Hispanic or Latino: Native Hawaiian and Other Pacific Islander alone": 0, "Not Hispanic or Latino: Some other race alone": 0, "Not Hispanic or Latino: Two or more races": 14, "Not Hispanic or Latino: Two or more races: Two races including Some other race": 14, "Not Hispanic or Latino: Two or more races: Two races excluding Some other race, and three or more races": 0, "Hispanic or Latino": 123, "Total Households (Income)": 391, "Less than $10,000": 0, "$10,000 to $14,999": 0, "$15,000 to $19,999": 0, "$20,000 to $24,999": 24, "$25,000 to $29,999": 0, "$30,000 to $34,999": 9, "$35,000 to $39,999": 0, "$40,000 to $44,999": 0, "$45,000 to $49,999": 0, "$50,000 to $59,999": 13, "$60,000 to $74,999": 33, "$75,000 to $99,999": 0, "$100,000 to $124,999": 23, "$125,000 to $149,999": 0, "$150,000 to $199,999": 200, "$200,000 or more": 89, "COUNTY": "Kings County", "TRACTCE": "023100", "BLKGRPCE": "3", "Area (Sq Mi)": 0.01538030888030888, "zip_code": "11238", "block_group": "0231003", "bg_area": 428779.36215080152, "overlap_area": 51.943053007225899, "frac_in_neighborhood": 0.00012114168169539268, "pop_in_neighborhood": 0.084435752141688691, "neighborhood": "bedstuy" }, "geometry": { "type": "MultiPolygon", "coordinates": [ [ [ [ -73.959784952530796, 40.682908512412233 ], [ -73.960717951955019, 40.682801513759586 ], [ -73.96167095082339, 40.682690515920839 ], [ -73.962106945115863, 40.68489051170252 ], [ -73.961154945210666, 40.685000509326677 ], [ -73.96022094612249, 40.68510850752412 ], [ -73.959784952530796, 40.682908512412233 ] ] ] ] } },
{ "type": "Feature", "properties": { "GISJOIN": "G36004700229004", "Total Pop (Race/Ethnicity)": 1075, "Not Hispanic or Latino": 958, "Not Hispanic or Latino: White alone": 780, "Not Hispanic or Latino: Black or African American alone": 109, "Not Hispanic or Latino: American Indian and Alaska Native alone": 0, "Not Hispanic or Latino: Asian alone": 21, "Not Hispanic or Latino: Native Hawaiian and Other Pacific Islander alone": 0, "Not Hispanic or Latino: Some other race alone": 0, "Not Hispanic or Latino: Two or more races": 48, "Not Hispanic or Latino: Two or more races: Two races including Some other race": 0, "Not Hispanic or Latino: Two or more races: Two races excluding Some other race, and three or more races": 48, "Hispanic or Latino": 117, "Total Households (Income)": 440, "Less than $10,000": 71, "$10,000 to $14,999": 0, "$15,000 to $19,999": 0, "$20,000 to $24,999": 22, "$25,000 to $29,999": 14, "$30,000 to $34,999": 0, "$35,000 to $39,999": 0, "$40,000 to $44,999": 0, "$45,000 to $49,999": 11, "$50,000 to $59,999": 0, "$60,000 to $74,999": 21, "$75,000 to $99,999": 11, "$100,000 to $124,999": 106, "$125,000 to $149,999": 22, "$150,000 to $199,999": 54, "$200,000 or more": 108, "COUNTY": "Kings County", "TRACTCE": "022900", "BLKGRPCE": "4", "Area (Sq Mi)": 0.022225482625482625, "zip_code": "11238", "block_group": "0229004", "bg_area": 619605.56244502892, "overlap_area": 619595.15591941064, "frac_in_neighborhood": 0.99998320459619949, "pop_in_neighborhood": 1074.9819449409144, "neighborhood": "bedstuy" }, "geometry": { "type": "MultiPolygon", "coordinates": [ [ [ [ -73.956111956655306, 40.683332503949849 ], [ -73.957681955129928, 40.683151506742263 ], [ -73.958840953588506, 40.683017509993093 ], [ -73.958982951728828, 40.683749508941759 ], [ -73.95913194969684, 40.684485507112313 ], [ -73.959275947893929, 40.68521650576475 ], [ -73.95654995003369, 40.685529499246222 ], [ -73.956402952245867, 40.684798501714546 ], [ -73.956256954895409, 40.684065501837694 ], [ -73.956111956655306, 40.683332503949849 ] ] ] ] } },
{ "type": "Feature", "properties": { "GISJOIN": "G36004700229003", "Total Pop (Race/Ethnicity)": 585, "Not Hispanic or Latino": 435, "Not Hispanic or Latino: White alone": 233, "Not Hispanic or Latino: Black or African American alone": 144, "Not Hispanic or Latino: American Indian and Alaska Native alone": 0, "Not Hispanic or Latino: Asian alone": 23, "Not Hispanic or Latino: Native Hawaiian and Other Pacific Islander alone": 0, "Not Hispanic or Latino: Some other race alone": 25, "Not Hispanic or Latino: Two or more races": 10, "Not Hispanic or Latino: Two or more races: Two races including Some other race": 0, "Not Hispanic or Latino: Two or more races: Two races excluding Some other race, and three or more races": 10, "Hispanic or Latino": 150, "Total Households (Income)": 280, "Less than $10,000": 15, "$10,000 to $14,999": 7, "$15,000 to $19,999": 0, "$20,000 to $24,999": 12, "$25,000 to $29,999": 0, "$30,000 to $34,999": 0, "$35,000 to $39,999": 0, "$40,000 to $44,999": 0, "$45,000 to $49,999": 5, "$50,000 to $59,999": 0, "$60,000 to $74,999": 19, "$75,000 to $99,999": 20, "$100,000 to $124,999": 15, "$125,000 to $149,999": 25, "$150,000 to $199,999": 42, "$200,000 or more": 120, "COUNTY": "Kings County", "TRACTCE": "022900", "BLKGRPCE": "3", "Area (Sq Mi)": 0.014810424710424711, "zip_code": "11238", "block_group": "0229003", "bg_area": 412891.152888779, "overlap_area": 412858.51980115409, "frac_in_neighborhood": 0.99992096442997969, "pop_in_neighborhood": 584.95376419153808, "neighborhood": "bedstuy" }, "geometry": { "type": "MultiPolygon", "coordinates": [ [ [ [ -73.95654995003369, 40.685529499246222 ], [ -73.959275947893929, 40.68521650576475 ], [ -73.959422944843197, 40.685950504701189 ], [ -73.959567942871075, 40.686682503276558 ], [ -73.956840945675623, 40.686995496959184 ], [ -73.95669894751309, 40.686262498524364 ], [ -73.95654995003369, 40.685529499246222 ] ] ] ] } },
{ "type": "Feature", "properties": { "GISJOIN": "G36004700229002", "Total Pop (Race/Ethnicity)": 1113, "Not Hispanic or Latino": 1062, "Not Hispanic or Latino: White alone": 477, "Not Hispanic or Latino: Black or African American alone": 348, "Not Hispanic or Latino: American Indian and Alaska Native alone": 0, "Not Hispanic or Latino: Asian alone": 28, "Not Hispanic or Latino: Native Hawaiian and Other Pacific Islander alone": 0, "Not Hispanic or Latino: Some other race alone": 0, "Not Hispanic or Latino: Two or more races": 209, "Not Hispanic or Latino: Two or more races: Two races including Some other race": 13, "Not Hispanic or Latino: Two or more races: Two races excluding Some other race, and three or more races": 196, "Hispanic or Latino": 51, "Total Households (Income)": 573, "Less than $10,000": 29, "$10,000 to $14,999": 0, "$15,000 to $19,999": 0, "$20,000 to $24,999": 0, "$25,000 to $29,999": 0, "$30,000 to $34,999": 0, "$35,000 to $39,999": 0, "$40,000 to $44,999": 0, "$45,000 to $49,999": 11, "$50,000 to $59,999": 15, "$60,000 to $74,999": 0, "$75,000 to $99,999": 111, "$100,000 to $124,999": 12, "$125,000 to $149,999": 82, "$150,000 to $199,999": 44, "$200,000 or more": 269, "COUNTY": "Kings County", "TRACTCE": "022900", "BLKGRPCE": "2", "Area (Sq Mi)": 0.017580308880308881, "zip_code": "11216", "block_group": "0229002", "bg_area": 490120.68251413479, "overlap_area": 490120.68251413479, "frac_in_neighborhood": 1.0, "pop_in_neighborhood": 1113.0, "neighborhood": "bedstuy" }, "geometry": { "type": "MultiPolygon", "coordinates": [ [ [ [ -73.954245954647121, 40.685046496583318 ], [ -73.954100956647125, 40.684312498134787 ], [ -73.953953958772843, 40.683580499007 ], [ -73.955675956689547, 40.68338150265231 ], [ -73.955743956726792, 40.683374503526025 ], [ -73.956111956655306, 40.683332503949849 ], [ -73.956256954895409, 40.684065501837694 ], [ -73.956402952245867, 40.684798501714546 ], [ -73.95654995003369, 40.685529499246222 ], [ -73.954392951903401, 40.685779495870108 ], [ -73.954245954647121, 40.685046496583318 ] ] ] ] } },
{ "type": "Feature", "properties": { "GISJOIN": "G36004700243003", "Total Pop (Race/Ethnicity)": 1287, "Not Hispanic or Latino": 836, "Not Hispanic or Latino: White alone": 237, "Not Hispanic or Latino: Black or African American alone": 552, "Not Hispanic or Latino: American Indian and Alaska Native alone": 0, "Not Hispanic or Latino: Asian alone": 19, "Not Hispanic or Latino: Native Hawaiian and Other Pacific Islander alone": 0, "Not Hispanic or Latino: Some other race alone": 0, "Not Hispanic or Latino: Two or more races": 28, "Not Hispanic or Latino: Two or more races: Two races including Some other race": 0, "Not Hispanic or Latino: Two or more races: Two races excluding Some other race, and three or more races": 28, "Hispanic or Latino": 451, "Total Households (Income)": 572, "Less than $10,000": 50, "$10,000 to $14,999": 126, "$15,000 to $19,999": 0, "$20,000 to $24,999": 32, "$25,000 to $29,999": 42, "$30,000 to $34,999": 0, "$35,000 to $39,999": 0, "$40,000 to $44,999": 0, "$45,000 to $49,999": 0, "$50,000 to $59,999": 0, "$60,000 to $74,999": 0, "$75,000 to $99,999": 52, "$100,000 to $124,999": 21, "$125,000 to $149,999": 19, "$150,000 to $199,999": 24, "$200,000 or more": 206, "COUNTY": "Kings County", "TRACTCE": "024300", "BLKGRPCE": "3", "Area (Sq Mi)": 0.019863320463320462, "zip_code": "11216", "block_group": "0243003", "bg_area": 553756.77199960407, "overlap_area": 553756.77199960395, "frac_in_neighborhood": 0.99999999999999978, "pop_in_neighborhood": 1286.9999999999998, "neighborhood": "bedstuy" }, "geometry": { "type": "MultiPolygon", "coordinates": [ [ [ [ -73.95058995775868, 40.685466488911075 ], [ -73.954245954647121, 40.685046496583318 ], [ -73.954392951903401, 40.685779495870108 ], [ -73.954537950083406, 40.686511493737996 ], [ -73.950882953377302, 40.68693248567164 ], [ -73.950736955443048, 40.68619948730278 ], [ -73.95058995775868, 40.685466488911075 ] ] ] ] } },
{ "type": "Feature", "properties": { "GISJOIN": "G36004700227001", "Total Pop (Race/Ethnicity)": 825, "Not Hispanic or Latino": 747, "Not Hispanic or Latino: White alone": 376, "Not Hispanic or Latino: Black or African American alone": 173, "Not Hispanic or Latino: American Indian and Alaska Native alone": 0, "Not Hispanic or Latino: Asian alone": 69, "Not Hispanic or Latino: Native Hawaiian and Other Pacific Islander alone": 0, "Not Hispanic or Latino: Some other race alone": 0, "Not Hispanic or Latino: Two or more races": 129, "Not Hispanic or Latino: Two or more races: Two races including Some other race": 108, "Not Hispanic or Latino: Two or more races: Two races excluding Some other race, and three or more races": 21, "Hispanic or Latino": 78, "Total Households (Income)": 342, "Less than $10,000": 0, "$10,000 to $14,999": 0, "$15,000 to $19,999": 0, "$20,000 to $24,999": 0, "$25,000 to $29,999": 0, "$30,000 to $34,999": 0, "$35,000 to $39,999": 0, "$40,000 to $44,999": 0, "$45,000 to $49,999": 0, "$50,000 to $59,999": 0, "$60,000 to $74,999": 0, "$75,000 to $99,999": 64, "$100,000 to $124,999": 87, "$125,000 to $149,999": 8, "$150,000 to $199,999": 106, "$200,000 or more": 77, "COUNTY": "Kings County", "TRACTCE": "022700", "BLKGRPCE": "1", "Area (Sq Mi)": 0.020542084942084943, "zip_code": "11216", "block_group": "0227001", "bg_area": 572683.21077690157, "overlap_area": 572683.21077690157, "frac_in_neighborhood": 1.0, "pop_in_neighborhood": 825.0, "neighborhood": "bedstuy" }, "geometry": { "type": "MultiPolygon", "coordinates": [ [ [ [ -73.953661963050337, 40.682114501104245 ], [ -73.953515964504945, 40.681382503380895 ], [ -73.953370967357415, 40.680640504499927 ], [ -73.954402964820076, 40.68085750589502 ], [ -73.955665962386774, 40.681136507856905 ], [ -73.955818960456767, 40.681868506272693 ], [ -73.955965959510209, 40.682598505326112 ], [ -73.956111956655306, 40.683332503949849 ], [ -73.955743956726792, 40.683374503526025 ], [ -73.955675956689547, 40.68338150265231 ], [ -73.953953958772843, 40.683580499007 ], [ -73.953808960113562, 40.682847500721749 ], [ -73.953661963050337, 40.682114501104245 ] ] ] ] } },
{ "type": "Feature", "properties": { "GISJOIN": "G36004700227002", "Total Pop (Race/Ethnicity)": 1826, "Not Hispanic or Latino": 1370, "Not Hispanic or Latino: White alone": 235, "Not Hispanic or Latino: Black or African American alone": 929, "Not Hispanic or Latino: American Indian and Alaska Native alone": 0, "Not Hispanic or Latino: Asian alone": 39, "Not Hispanic or Latino: Native Hawaiian and Other Pacific Islander alone": 0, "Not Hispanic or Latino: Some other race alone": 0, "Not Hispanic or Latino: Two or more races": 167, "Not Hispanic or Latino: Two or more races: Two races including Some other race": 69, "Not Hispanic or Latino: Two or more races: Two races excluding Some other race, and three or more races": 98, "Hispanic or Latino": 456, "Total Households (Income)": 711, "Less than $10,000": 0, "$10,000 to $14,999": 0, "$15,000 to $19,999": 0, "$20,000 to $24,999": 24, "$25,000 to $29,999": 65, "$30,000 to $34,999": 0, "$35,000 to $39,999": 120, "$40,000 to $44,999": 20, "$45,000 to $49,999": 0, "$50,000 to $59,999": 31, "$60,000 to $74,999": 16, "$75,000 to $99,999": 74, "$100,000 to $124,999": 121, "$125,000 to $149,999": 29, "$150,000 to $199,999": 122, "$200,000 or more": 89, "COUNTY": "Kings County", "TRACTCE": "022700", "BLKGRPCE": "2", "Area (Sq Mi)": 0.026019305019305019, "zip_code": "11238", "block_group": "0227002", "bg_area": 725383.76115997799, "overlap_area": 724712.18743775215, "frac_in_neighborhood": 0.99907418147719229, "pop_in_neighborhood": 1824.3094553773531, "neighborhood": "bedstuy" }, "geometry": { "type": "MultiPolygon", "coordinates": [ [ [ [ -73.955665962386774, 40.681136507856905 ], [ -73.954402964820076, 40.68085750589502 ], [ -73.953370967357415, 40.680640504499927 ], [ -73.953281968495347, 40.680199506133505 ], [ -73.954367967264744, 40.680074507481848 ], [ -73.955436966244079, 40.67995751032332 ], [ -73.955396966702878, 40.679753510628672 ], [ -73.955385966643959, 40.679692510862957 ], [ -73.955308968029684, 40.679272510835787 ], [ -73.955641967989791, 40.679257511780406 ], [ -73.956021966825077, 40.679358512303629 ], [ -73.958291962840505, 40.679830516163484 ], [ -73.958245962609695, 40.679984515413331 ], [ -73.958395959922129, 40.680797514065148 ], [ -73.958585957112035, 40.681742512102964 ], [ -73.957350959586549, 40.681483510557761 ], [ -73.955665962386774, 40.681136507856905 ] ] ] ] } },
{ "type": "Feature", "properties": { "GISJOIN": "G36004700227003", "Total Pop (Race/Ethnicity)": 766, "Not Hispanic or Latino": 691, "Not Hispanic or Latino: White alone": 241, "Not Hispanic or Latino: Black or African American alone": 337, "Not Hispanic or Latino: American Indian and Alaska Native alone": 0, "Not Hispanic or Latino: Asian alone": 77, "Not Hispanic or Latino: Native Hawaiian and Other Pacific Islander alone": 0, "Not Hispanic or Latino: Some other race alone": 0, "Not Hispanic or Latino: Two or more races": 36, "Not Hispanic or Latino: Two or more races: Two races including Some other race": 0, "Not Hispanic or Latino: Two or more races: Two races excluding Some other race, and three or more races": 36, "Hispanic or Latino": 75, "Total Households (Income)": 395, "Less than $10,000": 20, "$10,000 to $14,999": 0, "$15,000 to $19,999": 0, "$20,000 to $24,999": 0, "$25,000 to $29,999": 0, "$30,000 to $34,999": 0, "$35,000 to $39,999": 14, "$40,000 to $44,999": 0, "$45,000 to $49,999": 0, "$50,000 to $59,999": 0, "$60,000 to $74,999": 34, "$75,000 to $99,999": 63, "$100,000 to $124,999": 11, "$125,000 to $149,999": 40, "$150,000 to $199,999": 114, "$200,000 or more": 99, "COUNTY": "Kings County", "TRACTCE": "022700", "BLKGRPCE": "3", "Area (Sq Mi)": 0.01757876447876448, "zip_code": "11238", "block_group": "0227003", "bg_area": 490057.38978380419, "overlap_area": 490057.38978380419, "frac_in_neighborhood": 1.0, "pop_in_neighborhood": 766.0, "neighborhood": "bedstuy" }, "geometry": { "type": "MultiPolygon", "coordinates": [ [ [ [ -73.955665962386774, 40.681136507856905 ], [ -73.957350959586549, 40.681483510557761 ], [ -73.958585957112035, 40.681742512102964 ], [ -73.958840953588506, 40.683017509993093 ], [ -73.957681955129928, 40.683151506742263 ], [ -73.956111956655306, 40.683332503949849 ], [ -73.955965959510209, 40.682598505326112 ], [ -73.955818960456767, 40.681868506272693 ], [ -73.955665962386774, 40.681136507856905 ] ] ] ] } },
{ "type": "Feature", "properties": { "GISJOIN": "G36004700227004", "Total Pop (Race/Ethnicity)": 1416, "Not Hispanic or Latino": 1036, "Not Hispanic or Latino: White alone": 428, "Not Hispanic or Latino: Black or African American alone": 491, "Not Hispanic or Latino: American Indian and Alaska Native alone": 0, "Not Hispanic or Latino: Asian alone": 48, "Not Hispanic or Latino: Native Hawaiian and Other Pacific Islander alone": 0, "Not Hispanic or Latino: Some other race alone": 22, "Not Hispanic or Latino: Two or more races": 47, "Not Hispanic or Latino: Two or more races: Two races including Some other race": 0, "Not Hispanic or Latino: Two or more races: Two races excluding Some other race, and three or more races": 47, "Hispanic or Latino": 380, "Total Households (Income)": 719, "Less than $10,000": 67, "$10,000 to $14,999": 80, "$15,000 to $19,999": 0, "$20,000 to $24,999": 0, "$25,000 to $29,999": 0, "$30,000 to $34,999": 0, "$35,000 to $39,999": 0, "$40,000 to $44,999": 0, "$45,000 to $49,999": 27, "$50,000 to $59,999": 44, "$60,000 to $74,999": 11, "$75,000 to $99,999": 43, "$100,000 to $124,999": 89, "$125,000 to $149,999": 21, "$150,000 to $199,999": 47, "$200,000 or more": 290, "COUNTY": "Kings County", "TRACTCE": "022700", "BLKGRPCE": "4", "Area (Sq Mi)": 0.02879111969111969, "zip_code": "11238", "block_group": "0227004", "bg_area": 802653.00634629827, "overlap_area": 799770.64073604043, "frac_in_neighborhood": 0.99640895182916156, "pop_in_neighborhood": 1410.9150757900927, "neighborhood": "bedstuy" }, "geometry": { "type": "MultiPolygon", "coordinates": [ [ [ [ -73.958585957112035, 40.681742512102964 ], [ -73.958395959922129, 40.680797514065148 ], [ -73.958245962609695, 40.679984515413331 ], [ -73.958291962840505, 40.679830516163484 ], [ -73.961311956625309, 40.680455520155839 ], [ -73.961423955105161, 40.681433517853705 ], [ -73.961610952162673, 40.682374516467945 ], [ -73.96167095082339, 40.682690515920839 ], [ -73.960717951955019, 40.682801513759586 ], [ -73.959784952530796, 40.682908512412233 ], [ -73.958840953588506, 40.683017509993093 ], [ -73.958585957112035, 40.681742512102964 ] ] ] ] } },
{ "type": "Feature", "properties": { "GISJOIN": "G36004700201002", "Total Pop (Race/Ethnicity)": 1269, "Not Hispanic or Latino": 1246, "Not Hispanic or Latino: White alone": 530, "Not Hispanic or Latino: Black or African American alone": 514, "Not Hispanic or Latino: American Indian and Alaska Native alone": 0, "Not Hispanic or Latino: Asian alone": 111, "Not Hispanic or Latino: Native Hawaiian and Other Pacific Islander alone": 0, "Not Hispanic or Latino: Some other race alone": 0, "Not Hispanic or Latino: Two or more races": 91, "Not Hispanic or Latino: Two or more races: Two races including Some other race": 33, "Not Hispanic or Latino: Two or more races: Two races excluding Some other race, and three or more races": 58, "Hispanic or Latino": 23, "Total Households (Income)": 610, "Less than $10,000": 0, "$10,000 to $14,999": 0, "$15,000 to $19,999": 0, "$20,000 to $24,999": 0, "$25,000 to $29,999": 79, "$30,000 to $34,999": 0, "$35,000 to $39,999": 0, "$40,000 to $44,999": 0, "$45,000 to $49,999": 0, "$50,000 to $59,999": 0, "$60,000 to $74,999": 68, "$75,000 to $99,999": 78, "$100,000 to $124,999": 26, "$125,000 to $149,999": 25, "$150,000 to $199,999": 83, "$200,000 or more": 251, "COUNTY": "Kings County", "TRACTCE": "020100", "BLKGRPCE": "2", "Area (Sq Mi)": 0.021294980694980696, "zip_code": "11238", "block_group": "0201002", "bg_area": 593675.17050051445, "overlap_area": 51.331878783989794, "frac_in_neighborhood": 8.6464587597141751e-05, "pop_in_neighborhood": 0.10972356166077288, "neighborhood": "bedstuy" }, "geometry": { "type": "MultiPolygon", "coordinates": [ [ [ [ -73.962610950581279, 40.682586517633005 ], [ -73.961610952162673, 40.682374516467945 ], [ -73.961423955105161, 40.681433517853705 ], [ -73.961311956625309, 40.680455520155839 ], [ -73.963291954354759, 40.680881523428511 ], [ -73.964453951203637, 40.681124524072189 ], [ -73.9647789463517, 40.683039521358786 ], [ -73.963663947843656, 40.68280651951401 ], [ -73.962610950581279, 40.682586517633005 ] ] ] ] } },
{ "type": "Feature", "properties": { "GISJOIN": "G36004700231001", "Total Pop (Race/Ethnicity)": 1124, "Not Hispanic or Latino": 1052, "Not Hispanic or Latino: White alone": 637, "Not Hispanic or Latino: Black or African American alone": 290, "Not Hispanic or Latino: American Indian and Alaska Native alone": 0, "Not Hispanic or Latino: Asian alone": 59, "Not Hispanic or Latino: Native Hawaiian and Other Pacific Islander alone": 0, "Not Hispanic or Latino: Some other race alone": 0, "Not Hispanic or Latino: Two or more races": 66, "Not Hispanic or Latino: Two or more races: Two races including Some other race": 0, "Not Hispanic or Latino: Two or more races: Two races excluding Some other race, and three or more races": 66, "Hispanic or Latino": 72, "Total Households (Income)": 575, "Less than $10,000": 9, "$10,000 to $14,999": 32, "$15,000 to $19,999": 103, "$20,000 to $24,999": 16, "$25,000 to $29,999": 7, "$30,000 to $34,999": 0, "$35,000 to $39,999": 0, "$40,000 to $44,999": 12, "$45,000 to $49,999": 0, "$50,000 to $59,999": 22, "$60,000 to $74,999": 12, "$75,000 to $99,999": 70, "$100,000 to $124,999": 54, "$125,000 to $149,999": 14, "$150,000 to $199,999": 25, "$200,000 or more": 199, "COUNTY": "Kings County", "TRACTCE": "023100", "BLKGRPCE": "1", "Area (Sq Mi)": 0.015388803088803089, "zip_code": "11238", "block_group": "0231001", "bg_area": 429016.37593938888, "overlap_area": 17.746864551132006, "frac_in_neighborhood": 4.1366403583716044e-05, "pop_in_neighborhood": 0.046495837628096837, "neighborhood": "bedstuy" }, "geometry": { "type": "MultiPolygon", "coordinates": [ [ [ [ -73.959713941253142, 40.687415502173643 ], [ -73.96254693873874, 40.687088507795309 ], [ -73.962693936402616, 40.687818506686533 ], [ -73.962835933663371, 40.688554504957999 ], [ -73.96205993486582, 40.688643504004496 ], [ -73.960926935209514, 40.688773501054939 ], [ -73.960005935928109, 40.688880498667949 ], [ -73.959858939456893, 40.688147500154798 ], [ -73.959713941253142, 40.687415502173643 ] ] ] ] } },
{ "type": "Feature", "properties": { "GISJOIN": "G36004700193004", "Total Pop (Race/Ethnicity)": 1606, "Not Hispanic or Latino": 1456, "Not Hispanic or Latino: White alone": 520, "Not Hispanic or Latino: Black or African American alone": 660, "Not Hispanic or Latino: American Indian and Alaska Native alone": 0, "Not Hispanic or Latino: Asian alone": 117, "Not Hispanic or Latino: Native Hawaiian and Other Pacific Islander alone": 0, "Not Hispanic or Latino: Some other race alone": 0, "Not Hispanic or Latino: Two or more races": 159, "Not Hispanic or Latino: Two or more races: Two races including Some other race": 0, "Not Hispanic or Latino: Two or more races: Two races excluding Some other race, and three or more races": 159, "Hispanic or Latino": 150, "Total Households (Income)": 982, "Less than $10,000": 135, "$10,000 to $14,999": 42, "$15,000 to $19,999": 42, "$20,000 to $24,999": 0, "$25,000 to $29,999": 0, "$30,000 to $34,999": 21, "$35,000 to $39,999": 0, "$40,000 to $44,999": 20, "$45,000 to $49,999": 0, "$50,000 to $59,999": 40, "$60,000 to $74,999": 67, "$75,000 to $99,999": 165, "$100,000 to $124,999": 180, "$125,000 to $149,999": 73, "$150,000 to $199,999": 51, "$200,000 or more": 146, "COUNTY": "Kings County", "TRACTCE": "019300", "BLKGRPCE": "4", "Area (Sq Mi)": 0.026362162162162164, "zip_code": "11238", "block_group": "0193004", "bg_area": 734930.34993751976, "overlap_area": 1.8615911402093843, "frac_in_neighborhood": 2.5330170952494313e-06, "pop_in_neighborhood": 0.0040680254549705867, "neighborhood": "bedstuy" }, "geometry": { "type": "MultiPolygon", "coordinates": [ [ [ [ -73.960005935928109, 40.688880498667949 ], [ -73.960926935209514, 40.688773501054939 ], [ -73.96205993486582, 40.688643504004496 ], [ -73.962835933663371, 40.688554504957999 ], [ -73.963230934284255, 40.688507506159006 ], [ -73.964044932592557, 40.688413507842142 ], [ -73.96419493334345, 40.688395508031945 ], [ -73.96480993218529, 40.688325509991294 ], [ -73.965187927682194, 40.689781507032698 ], [ -73.964267929257971, 40.689888505387358 ], [ -73.963650928857675, 40.689959503787584 ], [ -73.963476929602081, 40.689979503330072 ], [ -73.963321928730736, 40.689998502860377 ], [ -73.962391930860534, 40.690105501525153 ], [ -73.962240930651959, 40.690122500419129 ], [ -73.960292933136643, 40.690345496037281 ], [ -73.960196934659251, 40.689855496991932 ], [ -73.960121934979711, 40.689468497715687 ], [ -73.960005935928109, 40.688880498667949 ] ] ] ] } },
{ "type": "Feature", "properties": { "GISJOIN": "G36004700191001", "Total Pop (Race/Ethnicity)": 1281, "Not Hispanic or Latino": 1129, "Not Hispanic or Latino: White alone": 650, "Not Hispanic or Latino: Black or African American alone": 85, "Not Hispanic or Latino: American Indian and Alaska Native alone": 0, "Not Hispanic or Latino: Asian alone": 114, "Not Hispanic or Latino: Native Hawaiian and Other Pacific Islander alone": 0, "Not Hispanic or Latino: Some other race alone": 10, "Not Hispanic or Latino: Two or more races": 270, "Not Hispanic or Latino: Two or more races: Two races including Some other race": 0, "Not Hispanic or Latino: Two or more races: Two races excluding Some other race, and three or more races": 270, "Hispanic or Latino": 152, "Total Households (Income)": 554, "Less than $10,000": 83, "$10,000 to $14,999": 0, "$15,000 to $19,999": 0, "$20,000 to $24,999": 18, "$25,000 to $29,999": 0, "$30,000 to $34,999": 0, "$35,000 to $39,999": 0, "$40,000 to $44,999": 0, "$45,000 to $49,999": 27, "$50,000 to $59,999": 0, "$60,000 to $74,999": 36, "$75,000 to $99,999": 101, "$100,000 to $124,999": 47, "$125,000 to $149,999": 48, "$150,000 to $199,999": 0, "$200,000 or more": 194, "COUNTY": "Kings County", "TRACTCE": "019100", "BLKGRPCE": "1", "Area (Sq Mi)": 0.05137953667953668, "zip_code": "11205", "block_group": "0191001", "bg_area": 1432389.2386731848, "overlap_area": 57.545023798216135, "frac_in_neighborhood": 4.0174152558923026e-05, "pop_in_neighborhood": 0.051463089427980398, "neighborhood": "bedstuy" }, "geometry": { "type": "MultiPolygon", "coordinates": [ [ [ [ -73.960157923533984, 40.694116487812337 ], [ -73.961092922832805, 40.694010489218307 ], [ -73.962210920116235, 40.693859492004599 ], [ -73.963126920174346, 40.693732494454643 ], [ -73.964053919677283, 40.693627496158761 ], [ -73.964191917174205, 40.694319495974923 ], [ -73.964244916934518, 40.694584494534396 ], [ -73.964466913950616, 40.695673492570357 ], [ -73.964483912941361, 40.695743493202521 ], [ -73.964497912957384, 40.695851492347188 ], [ -73.964507913110324, 40.695925492104223 ], [ -73.964533912071545, 40.696034492821958 ], [ -73.964550912063189, 40.69610649172656 ], [ -73.964111912445887, 40.696301490809574 ], [ -73.963708910938536, 40.696587489161537 ], [ -73.963516910760063, 40.696733489104751 ], [ -73.963198911596294, 40.697099487001232 ], [ -73.963036911054019, 40.69740548563172 ], [ -73.962873909483264, 40.697817485141265 ], [ -73.962838908824267, 40.698038484573637 ], [ -73.962468909870992, 40.69809748347263 ], [ -73.962273909522381, 40.698127482463903 ], [ -73.961898909298569, 40.698187482415157 ], [ -73.961050910903765, 40.698325480321223 ], [ -73.960924912188389, 40.697736481420236 ], [ -73.960620916475676, 40.696319483526693 ], [ -73.960157923533984, 40.694116487812337 ] ] ] ] } },
{ "type": "Feature", "properties": { "GISJOIN": "G36004700531021", "Total Pop (Race/Ethnicity)": 4704, "Not Hispanic or Latino": 4704, "Not Hispanic or Latino: White alone": 4524, "Not Hispanic or Latino: Black or African American alone": 0, "Not Hispanic or Latino: American Indian and Alaska Native alone": 0, "Not Hispanic or Latino: Asian alone": 0, "Not Hispanic or Latino: Native Hawaiian and Other Pacific Islander alone": 0, "Not Hispanic or Latino: Some other race alone": 0, "Not Hispanic or Latino: Two or more races": 180, "Not Hispanic or Latino: Two or more races: Two races including Some other race": 180, "Not Hispanic or Latino: Two or more races: Two races excluding Some other race, and three or more races": 0, "Hispanic or Latino": 0, "Total Households (Income)": 760, "Less than $10,000": 0, "$10,000 to $14,999": 0, "$15,000 to $19,999": 75, "$20,000 to $24,999": 52, "$25,000 to $29,999": 0, "$30,000 to $34,999": 27, "$35,000 to $39,999": 45, "$40,000 to $44,999": 0, "$45,000 to $49,999": 0, "$50,000 to $59,999": 73, "$60,000 to $74,999": 117, "$75,000 to $99,999": 76, "$100,000 to $124,999": 48, "$125,000 to $149,999": 0, "$150,000 to $199,999": 139, "$200,000 or more": 108, "COUNTY": "Kings County", "TRACTCE": "053102", "BLKGRPCE": "1", "Area (Sq Mi)": 0.018249420849420848, "zip_code": "11206", "block_group": "0531021", "bg_area": 508752.86828487087, "overlap_area": 479.75360231767752, "frac_in_neighborhood": 0.00094299930717844027, "pop_in_neighborhood": 4.4358687409673827, "neighborhood": "bedstuy" }, "geometry": { "type": "MultiPolygon", "coordinates": [ [ [ [ -73.95009092071912, 40.699790455869163 ], [ -73.95092191993659, 40.699687458001847 ], [ -73.952160918803713, 40.699536460505911 ], [ -73.9526629183854, 40.699481462003035 ], [ -73.953369917702759, 40.699404462997165 ], [ -73.954289915913265, 40.699295464963761 ], [ -73.955183916480848, 40.699192467689194 ], [ -73.956074914958677, 40.699089468869651 ], [ -73.956644915082492, 40.699018470332511 ], [ -73.957019914107576, 40.698973471168109 ], [ -73.957166911983705, 40.699707470003752 ], [ -73.956795912895046, 40.699752468943416 ], [ -73.95589591332417, 40.699862466806344 ], [ -73.954123914979405, 40.700071463734275 ], [ -73.953818915250906, 40.700107462186395 ], [ -73.952175916323228, 40.700291458579755 ], [ -73.95075591841217, 40.700444456168398 ], [ -73.950656919196803, 40.700346456188974 ], [ -73.950135919629119, 40.699914456472101 ], [ -73.95009092071912, 40.699790455869163 ] ] ] ] } },
{ "type": "Feature", "properties": { "GISJOIN": "G36004700537002", "Total Pop (Race/Ethnicity)": 3347, "Not Hispanic or Latino": 3341, "Not Hispanic or Latino: White alone": 3216, "Not Hispanic or Latino: Black or African American alone": 88, "Not Hispanic or Latino: American Indian and Alaska Native alone": 0, "Not Hispanic or Latino: Asian alone": 37, "Not Hispanic or Latino: Native Hawaiian and Other Pacific Islander alone": 0, "Not Hispanic or Latino: Some other race alone": 0, "Not Hispanic or Latino: Two or more races": 0, "Not Hispanic or Latino: Two or more races: Two races including Some other race": 0, "Not Hispanic or Latino: Two or more races: Two races excluding Some other race, and three or more races": 0, "Hispanic or Latino": 6, "Total Households (Income)": 550, "Less than $10,000": 0, "$10,000 to $14,999": 30, "$15,000 to $19,999": 0, "$20,000 to $24,999": 17, "$25,000 to $29,999": 96, "$30,000 to $34,999": 12, "$35,000 to $39,999": 50, "$40,000 to $44,999": 57, "$45,000 to $49,999": 14, "$50,000 to $59,999": 37, "$60,000 to $74,999": 39, "$75,000 to $99,999": 51, "$100,000 to $124,999": 23, "$125,000 to $149,999": 38, "$150,000 to $199,999": 0, "$200,000 or more": 86, "COUNTY": "Kings County", "TRACTCE": "053700", "BLKGRPCE": "2", "Area (Sq Mi)": 0.045250579150579152, "zip_code": "11249", "block_group": "0537002", "bg_area": 1261490.9893642091, "overlap_area": 405.49548465349221, "frac_in_neighborhood": 0.0003214414435555039, "pop_in_neighborhood": 1.0758645115802716, "neighborhood": "bedstuy" }, "geometry": { "type": "MultiPolygon", "coordinates": [ [ [ [ -73.957456908546149, 40.700821468079148 ], [ -73.95738790930271, 40.700576468230324 ], [ -73.957253910189507, 40.700098468606598 ], [ -73.957225910862704, 40.699999468606521 ], [ -73.957166911983705, 40.699707470003752 ], [ -73.957019914107576, 40.698973471168109 ], [ -73.957433913197974, 40.698904471742736 ], [ -73.957958913319018, 40.698819473924445 ], [ -73.958857912030751, 40.698676475035491 ], [ -73.960196911465076, 40.698461477904559 ], [ -73.961050910903765, 40.698325480321223 ], [ -73.961898909298569, 40.698187482415157 ], [ -73.962273909522381, 40.698127482463903 ], [ -73.962468909870992, 40.69809748347263 ], [ -73.962838908824267, 40.698038484573637 ], [ -73.962367905754604, 40.699596480034579 ], [ -73.962178903771047, 40.700220477849165 ], [ -73.961920902851404, 40.700849476746669 ], [ -73.961451900659611, 40.70166247388201 ], [ -73.961215901464485, 40.701445473775905 ], [ -73.961080901994947, 40.70132447357544 ], [ -73.96086190341839, 40.701129473305564 ], [ -73.960499904728778, 40.700791474456494 ], [ -73.959869906936476, 40.70023447358065 ], [ -73.958070906330846, 40.701397467941511 ], [ -73.957456908546149, 40.700821468079148 ] ] ] ] } },
{ "type": "Feature", "properties": { "GISJOIN": "G36004701237002", "Total Pop (Race/Ethnicity)": 5654, "Not Hispanic or Latino": 5552, "Not Hispanic or Latino: White alone": 5467, "Not Hispanic or Latino: Black or African American alone": 31, "Not Hispanic or Latino: American Indian and Alaska Native alone": 0, "Not Hispanic or Latino: Asian alone": 0, "Not Hispanic or Latino: Native Hawaiian and Other Pacific Islander alone": 0, "Not Hispanic or Latino: Some other race alone": 22, "Not Hispanic or Latino: Two or more races": 32, "Not Hispanic or Latino: Two or more races: Two races including Some other race": 32, "Not Hispanic or Latino: Two or more races: Two races excluding Some other race, and three or more races": 0, "Hispanic or Latino": 102, "Total Households (Income)": 815, "Less than $10,000": 0, "$10,000 to $14,999": 50, "$15,000 to $19,999": 35, "$20,000 to $24,999": 112, "$25,000 to $29,999": 31, "$30,000 to $34,999": 0, "$35,000 to $39,999": 0, "$40,000 to $44,999": 17, "$45,000 to $49,999": 72, "$50,000 to $59,999": 111, "$60,000 to $74,999": 106, "$75,000 to $99,999": 47, "$100,000 to $124,999": 7, "$125,000 to $149,999": 204, "$150,000 to $199,999": 23, "$200,000 or more": 0, "COUNTY": "Kings County", "TRACTCE": "123700", "BLKGRPCE": "2", "Area (Sq Mi)": 0.02991003861003861, "zip_code": "11205", "block_group": "1237002", "bg_area": 833839.48835230083, "overlap_area": 833839.48835230095, "frac_in_neighborhood": 1.0000000000000002, "pop_in_neighborhood": 5654.0000000000009, "neighborhood": "bedstuy" }, "geometry": { "type": "MultiPolygon", "coordinates": [ [ [ [ -73.956142926492987, 40.694578478894883 ], [ -73.957086925579432, 40.694470480906112 ], [ -73.957996924546705, 40.694365483023113 ], [ -73.958434919124343, 40.696570478866519 ], [ -73.958719913834429, 40.697988475943824 ], [ -73.958857912030751, 40.698676475035491 ], [ -73.957958913319018, 40.698819473924445 ], [ -73.957433913197974, 40.698904471742736 ], [ -73.957019914107576, 40.698973471168109 ], [ -73.956580920931188, 40.696783474852353 ], [ -73.956142926492987, 40.694578478894883 ] ] ] ] } },
{ "type": "Feature", "properties": { "GISJOIN": "G36004701237001", "Total Pop (Race/Ethnicity)": 1604, "Not Hispanic or Latino": 1432, "Not Hispanic or Latino: White alone": 1268, "Not Hispanic or Latino: Black or African American alone": 164, "Not Hispanic or Latino: American Indian and Alaska Native alone": 0, "Not Hispanic or Latino: Asian alone": 0, "Not Hispanic or Latino: Native Hawaiian and Other Pacific Islander alone": 0, "Not Hispanic or Latino: Some other race alone": 0, "Not Hispanic or Latino: Two or more races": 0, "Not Hispanic or Latino: Two or more races: Two races including Some other race": 0, "Not Hispanic or Latino: Two or more races: Two races excluding Some other race, and three or more races": 0, "Hispanic or Latino": 172, "Total Households (Income)": 379, "Less than $10,000": 0, "$10,000 to $14,999": 0, "$15,000 to $19,999": 0, "$20,000 to $24,999": 0, "$25,000 to $29,999": 18, "$30,000 to $34,999": 0, "$35,000 to $39,999": 14, "$40,000 to $44,999": 0, "$45,000 to $49,999": 0, "$50,000 to $59,999": 155, "$60,000 to $74,999": 0, "$75,000 to $99,999": 110, "$100,000 to $124,999": 82, "$125,000 to $149,999": 0, "$150,000 to $199,999": 0, "$200,000 or more": 0, "COUNTY": "Kings County", "TRACTCE": "123700", "BLKGRPCE": "1", "Area (Sq Mi)": 0.034542084942084945, "zip_code": "11205", "block_group": "1237001", "bg_area": 962977.72992961295, "overlap_area": 962931.97790487797, "frac_in_neighborhood": 0.99995248901058353, "pop_in_neighborhood": 1603.9237923729761, "neighborhood": "bedstuy" }, "geometry": { "type": "MultiPolygon", "coordinates": [ [ [ [ -73.957996924546705, 40.694365483023113 ], [ -73.959310923452392, 40.694214485827864 ], [ -73.960157923533984, 40.694116487812337 ], [ -73.960620916475676, 40.696319483526693 ], [ -73.960924912188389, 40.697736481420236 ], [ -73.961050910903765, 40.698325480321223 ], [ -73.960196911465076, 40.698461477904559 ], [ -73.958857912030751, 40.698676475035491 ], [ -73.958719913834429, 40.697988475943824 ], [ -73.958434919124343, 40.696570478866519 ], [ -73.957996924546705, 40.694365483023113 ] ] ] ] } },
{ "type": "Feature", "properties": { "GISJOIN": "G36004700235002", "Total Pop (Race/Ethnicity)": 2127, "Not Hispanic or Latino": 1986, "Not Hispanic or Latino: White alone": 1768, "Not Hispanic or Latino: Black or African American alone": 157, "Not Hispanic or Latino: American Indian and Alaska Native alone": 0, "Not Hispanic or Latino: Asian alone": 61, "Not Hispanic or Latino: Native Hawaiian and Other Pacific Islander alone": 0, "Not Hispanic or Latino: Some other race alone": 0, "Not Hispanic or Latino: Two or more races": 0, "Not Hispanic or Latino: Two or more races: Two races including Some other race": 0, "Not Hispanic or Latino: Two or more races: Two races excluding Some other race, and three or more races": 0, "Hispanic or Latino": 141, "Total Households (Income)": 519, "Less than $10,000": 26, "$10,000 to $14,999": 0, "$15,000 to $19,999": 28, "$20,000 to $24,999": 24, "$25,000 to $29,999": 7, "$30,000 to $34,999": 20, "$35,000 to $39,999": 13, "$40,000 to $44,999": 35, "$45,000 to $49,999": 0, "$50,000 to $59,999": 44, "$60,000 to $74,999": 0, "$75,000 to $99,999": 84, "$100,000 to $124,999": 62, "$125,000 to $149,999": 60, "$150,000 to $199,999": 46, "$200,000 or more": 70, "COUNTY": "Kings County", "TRACTCE": "023500", "BLKGRPCE": "2", "Area (Sq Mi)": 0.023628185328185329, "zip_code": "11205", "block_group": "0235002", "bg_area": 658709.53644668835, "overlap_area": 658677.30615622981, "frac_in_neighborhood": 0.99995107055739252, "pop_in_neighborhood": 2126.895927075574, "neighborhood": "bedstuy" }, "geometry": { "type": "MultiPolygon", "coordinates": [ [ [ [ -73.955825931870208, 40.692992482700049 ], [ -73.956772930453468, 40.692883484287016 ], [ -73.957680930158659, 40.692778486635298 ], [ -73.958992927901718, 40.692627488312944 ], [ -73.959843927860021, 40.692529490736227 ], [ -73.960157923533984, 40.694116487812337 ], [ -73.959310923452392, 40.694214485827864 ], [ -73.957996924546705, 40.694365483023113 ], [ -73.957086925579432, 40.694470480906112 ], [ -73.956142926492987, 40.694578478894883 ], [ -73.955825931870208, 40.692992482700049 ] ] ] ] } },
{ "type": "Feature", "properties": { "GISJOIN": "G36004700241001", "Total Pop (Race/Ethnicity)": 1732, "Not Hispanic or Latino": 1685, "Not Hispanic or Latino: White alone": 1042, "Not Hispanic or Latino: Black or African American alone": 119, "Not Hispanic or Latino: American Indian and Alaska Native alone": 0, "Not Hispanic or Latino: Asian alone": 139, "Not Hispanic or Latino: Native Hawaiian and Other Pacific Islander alone": 0, "Not Hispanic or Latino: Some other race alone": 0, "Not Hispanic or Latino: Two or more races": 385, "Not Hispanic or Latino: Two or more races: Two races including Some other race": 4, "Not Hispanic or Latino: Two or more races: Two races excluding Some other race, and three or more races": 381, "Hispanic or Latino": 47, "Total Households (Income)": 485, "Less than $10,000": 15, "$10,000 to $14,999": 18, "$15,000 to $19,999": 0, "$20,000 to $24,999": 0, "$25,000 to $29,999": 0, "$30,000 to $34,999": 24, "$35,000 to $39,999": 0, "$40,000 to $44,999": 0, "$45,000 to $49,999": 0, "$50,000 to $59,999": 0, "$60,000 to $74,999": 47, "$75,000 to $99,999": 10, "$100,000 to $124,999": 23, "$125,000 to $149,999": 73, "$150,000 to $199,999": 46, "$200,000 or more": 229, "COUNTY": "Kings County", "TRACTCE": "024100", "BLKGRPCE": "1", "Area (Sq Mi)": 0.04973281853281853, "zip_code": "11205", "block_group": "0241001", "bg_area": 1386470.7704032888, "overlap_area": 1386470.770403289, "frac_in_neighborhood": 1.0000000000000002, "pop_in_neighborhood": 1732.0000000000005, "neighborhood": "bedstuy" }, "geometry": { "type": "MultiPolygon", "coordinates": [ [ [ [ -73.952192934550311, 40.6935254734124 ], [ -73.952171934472972, 40.693418474431134 ], [ -73.952049936689178, 40.692793475222373 ], [ -73.951901939062182, 40.692062476327955 ], [ -73.951809939950408, 40.691598476820502 ], [ -73.951756940902882, 40.691329478018559 ], [ -73.953565939520331, 40.691120482450074 ], [ -73.954465938308076, 40.691016483831348 ], [ -73.955409937574586, 40.690907486340372 ], [ -73.955825931870208, 40.692992482700049 ], [ -73.956142926492987, 40.694578478894883 ], [ -73.955196927891009, 40.694687477505042 ], [ -73.95430692837688, 40.694790474515166 ], [ -73.953413929048381, 40.694892473093461 ], [ -73.95248893012257, 40.695003471532971 ], [ -73.95234093200294, 40.69426247257033 ], [ -73.952192934550311, 40.6935254734124 ] ] ] ] } },
{ "type": "Feature", "properties": { "GISJOIN": "G36004701237003", "Total Pop (Race/Ethnicity)": 2384, "Not Hispanic or Latino": 2384, "Not Hispanic or Latino: White alone": 2135, "Not Hispanic or Latino: Black or African American alone": 206, "Not Hispanic or Latino: American Indian and Alaska Native alone": 0, "Not Hispanic or Latino: Asian alone": 43, "Not Hispanic or Latino: Native Hawaiian and Other Pacific Islander alone": 0, "Not Hispanic or Latino: Some other race alone": 0, "Not Hispanic or Latino: Two or more races": 0, "Not Hispanic or Latino: Two or more races: Two races including Some other race": 0, "Not Hispanic or Latino: Two or more races: Two races excluding Some other race, and three or more races": 0, "Hispanic or Latino": 0, "Total Households (Income)": 352, "Less than $10,000": 61, "$10,000 to $14,999": 0, "$15,000 to $19,999": 0, "$20,000 to $24,999": 28, "$25,000 to $29,999": 13, "$30,000 to $34,999": 11, "$35,000 to $39,999": 42, "$40,000 to $44,999": 0, "$45,000 to $49,999": 43, "$50,000 to $59,999": 0, "$60,000 to $74,999": 0, "$75,000 to $99,999": 31, "$100,000 to $124,999": 0, "$125,000 to $149,999": 20, "$150,000 to $199,999": 103, "$200,000 or more": 0, "COUNTY": "Kings County", "TRACTCE": "123700", "BLKGRPCE": "3", "Area (Sq Mi)": 0.059625096525096524, "zip_code": "11205", "block_group": "1237003", "bg_area": 1662247.2199766003, "overlap_area": 1662246.5412482319, "frac_in_neighborhood": 0.99999959168025054, "pop_in_neighborhood": 2383.9990265657175, "neighborhood": "bedstuy" }, "geometry": { "type": "MultiPolygon", "coordinates": [ [ [ [ -73.952924923070753, 40.697203467600893 ], [ -73.95248893012257, 40.695003471532971 ], [ -73.953413929048381, 40.694892473093461 ], [ -73.95430692837688, 40.694790474515166 ], [ -73.955196927891009, 40.694687477505042 ], [ -73.956142926492987, 40.694578478894883 ], [ -73.956580920931188, 40.696783474852353 ], [ -73.957019914107576, 40.698973471168109 ], [ -73.956644915082492, 40.699018470332511 ], [ -73.956074914958677, 40.699089468869651 ], [ -73.955183916480848, 40.699192467689194 ], [ -73.954289915913265, 40.699295464963761 ], [ -73.953369917702759, 40.699404462997165 ], [ -73.952924923070753, 40.697203467600893 ] ] ] ] } },
{ "type": "Feature", "properties": { "GISJOIN": "G36004700255001", "Total Pop (Race/Ethnicity)": 2514, "Not Hispanic or Latino": 706, "Not Hispanic or Latino: White alone": 0, "Not Hispanic or Latino: Black or African American alone": 614, "Not Hispanic or Latino: American Indian and Alaska Native alone": 0, "Not Hispanic or Latino: Asian alone": 14, "Not Hispanic or Latino: Native Hawaiian and Other Pacific Islander alone": 0, "Not Hispanic or Latino: Some other race alone": 78, "Not Hispanic or Latino: Two or more races": 0, "Not Hispanic or Latino: Two or more races: Two races including Some other race": 0, "Not Hispanic or Latino: Two or more races: Two races excluding Some other race, and three or more races": 0, "Hispanic or Latino": 1808, "Total Households (Income)": 942, "Less than $10,000": 59, "$10,000 to $14,999": 102, "$15,000 to $19,999": 12, "$20,000 to $24,999": 195, "$25,000 to $29,999": 75, "$30,000 to $34,999": 0, "$35,000 to $39,999": 81, "$40,000 to $44,999": 19, "$45,000 to $49,999": 36, "$50,000 to $59,999": 55, "$60,000 to $74,999": 109, "$75,000 to $99,999": 82, "$100,000 to $124,999": 64, "$125,000 to $149,999": 0, "$150,000 to $199,999": 53, "$200,000 or more": 0, "COUNTY": "Kings County", "TRACTCE": "025500", "BLKGRPCE": "1", "Area (Sq Mi)": 0.02675019305019305, "zip_code": "11206", "block_group": "0255001", "bg_area": 745759.05113329994, "overlap_area": 745759.05113329994, "frac_in_neighborhood": 1.0, "pop_in_neighborhood": 2514.0, "neighborhood": "bedstuy" }, "geometry": { "type": "MultiPolygon", "coordinates": [ [ [ [ -73.949787925033974, 40.698309458366815 ], [ -73.949646927401957, 40.697582460103604 ], [ -73.950439926929604, 40.697490462172908 ], [ -73.952039925111208, 40.697305464842721 ], [ -73.952924923070753, 40.697203467600893 ], [ -73.953369917702759, 40.699404462997165 ], [ -73.9526629183854, 40.699481462003035 ], [ -73.952160918803713, 40.699536460505911 ], [ -73.95092191993659, 40.699687458001847 ], [ -73.95009092071912, 40.699790455869163 ], [ -73.949943922593846, 40.699046456859215 ], [ -73.949787925033974, 40.698309458366815 ] ] ] ] } },
{ "type": "Feature", "properties": { "GISJOIN": "G36004700257001", "Total Pop (Race/Ethnicity)": 2577, "Not Hispanic or Latino": 1852, "Not Hispanic or Latino: White alone": 1487, "Not Hispanic or Latino: Black or African American alone": 224, "Not Hispanic or Latino: American Indian and Alaska Native alone": 0, "Not Hispanic or Latino: Asian alone": 86, "Not Hispanic or Latino: Native Hawaiian and Other Pacific Islander alone": 0, "Not Hispanic or Latino: Some other race alone": 0, "Not Hispanic or Latino: Two or more races": 55, "Not Hispanic or Latino: Two or more races: Two races including Some other race": 13, "Not Hispanic or Latino: Two or more races: Two races excluding Some other race, and three or more races": 42, "Hispanic or Latino": 725, "Total Households (Income)": 628, "Less than $10,000": 7, "$10,000 to $14,999": 0, "$15,000 to $19,999": 13, "$20,000 to $24,999": 0, "$25,000 to $29,999": 21, "$30,000 to $34,999": 79, "$35,000 to $39,999": 29, "$40,000 to $44,999": 62, "$45,000 to $49,999": 31, "$50,000 to $59,999": 0, "$60,000 to $74,999": 49, "$75,000 to $99,999": 59, "$100,000 to $124,999": 16, "$125,000 to $149,999": 0, "$150,000 to $199,999": 148, "$200,000 or more": 114, "COUNTY": "Kings County", "TRACTCE": "025700", "BLKGRPCE": "1", "Area (Sq Mi)": 0.031039768339768341, "zip_code": "11206", "block_group": "0257001", "bg_area": 865340.77963811799, "overlap_area": 865340.77963811799, "frac_in_neighborhood": 1.0, "pop_in_neighborhood": 2577.0, "neighborhood": "bedstuy" }, "geometry": { "type": "MultiPolygon", "coordinates": [ [ [ [ -73.946796930516314, 40.697902454087668 ], [ -73.946637932186917, 40.697179455263637 ], [ -73.946489933902598, 40.696452456028567 ], [ -73.946365936197296, 40.695703458587246 ], [ -73.949206933055095, 40.695377463869619 ], [ -73.949355931026972, 40.696120462073772 ], [ -73.94949992959026, 40.696846461197687 ], [ -73.949646927401957, 40.697582460103604 ], [ -73.949787925033974, 40.698309458366815 ], [ -73.946958926986383, 40.698640452635551 ], [ -73.946796930516314, 40.697902454087668 ] ] ] ] } },
{ "type": "Feature", "properties": { "GISJOIN": "G36004700255002", "Total Pop (Race/Ethnicity)": 2426, "Not Hispanic or Latino": 988, "Not Hispanic or Latino: White alone": 105, "Not Hispanic or Latino: Black or African American alone": 797, "Not Hispanic or Latino: American Indian and Alaska Native alone": 0, "Not Hispanic or Latino: Asian alone": 0, "Not Hispanic or Latino: Native Hawaiian and Other Pacific Islander alone": 0, "Not Hispanic or Latino: Some other race alone": 0, "Not Hispanic or Latino: Two or more races": 86, "Not Hispanic or Latino: Two or more races: Two races including Some other race": 0, "Not Hispanic or Latino: Two or more races: Two races excluding Some other race, and three or more races": 86, "Hispanic or Latino": 1438, "Total Households (Income)": 1150, "Less than $10,000": 311, "$10,000 to $14,999": 120, "$15,000 to $19,999": 70, "$20,000 to $24,999": 100, "$25,000 to $29,999": 74, "$30,000 to $34,999": 61, "$35,000 to $39,999": 64, "$40,000 to $44,999": 5, "$45,000 to $49,999": 25, "$50,000 to $59,999": 181, "$60,000 to $74,999": 48, "$75,000 to $99,999": 17, "$100,000 to $124,999": 63, "$125,000 to $149,999": 0, "$150,000 to $199,999": 0, "$200,000 or more": 11, "COUNTY": "Kings County", "TRACTCE": "025500", "BLKGRPCE": "2", "Area (Sq Mi)": 0.026775675675675677, "zip_code": "11206", "block_group": "0255002", "bg_area": 746462.1757404895, "overlap_area": 746462.17574048962, "frac_in_neighborhood": 1.0000000000000002, "pop_in_neighborhood": 2426.0000000000005, "neighborhood": "bedstuy" }, "geometry": { "type": "MultiPolygon", "coordinates": [ [ [ [ -73.949206933055095, 40.695377463869619 ], [ -73.950504932325657, 40.695229467302795 ], [ -73.951244931365423, 40.695144468187678 ], [ -73.95248893012257, 40.695003471532971 ], [ -73.952924923070753, 40.697203467600893 ], [ -73.952039925111208, 40.697305464842721 ], [ -73.950439926929604, 40.697490462172908 ], [ -73.949646927401957, 40.697582460103604 ], [ -73.94949992959026, 40.696846461197687 ], [ -73.949355931026972, 40.696120462073772 ], [ -73.949206933055095, 40.695377463869619 ] ] ] ] } },
{ "type": "Feature", "properties": { "GISJOIN": "G36004700253001", "Total Pop (Race/Ethnicity)": 1265, "Not Hispanic or Latino": 1159, "Not Hispanic or Latino: White alone": 605, "Not Hispanic or Latino: Black or African American alone": 204, "Not Hispanic or Latino: American Indian and Alaska Native alone": 0, "Not Hispanic or Latino: Asian alone": 55, "Not Hispanic or Latino: Native Hawaiian and Other Pacific Islander alone": 0, "Not Hispanic or Latino: Some other race alone": 0, "Not Hispanic or Latino: Two or more races": 295, "Not Hispanic or Latino: Two or more races: Two races including Some other race": 256, "Not Hispanic or Latino: Two or more races: Two races excluding Some other race, and three or more races": 39, "Hispanic or Latino": 106, "Total Households (Income)": 463, "Less than $10,000": 0, "$10,000 to $14,999": 0, "$15,000 to $19,999": 54, "$20,000 to $24,999": 19, "$25,000 to $29,999": 50, "$30,000 to $34,999": 0, "$35,000 to $39,999": 0, "$40,000 to $44,999": 0, "$45,000 to $49,999": 0, "$50,000 to $59,999": 0, "$60,000 to $74,999": 20, "$75,000 to $99,999": 60, "$100,000 to $124,999": 15, "$125,000 to $149,999": 99, "$150,000 to $199,999": 61, "$200,000 or more": 85, "COUNTY": "Kings County", "TRACTCE": "025300", "BLKGRPCE": "1", "Area (Sq Mi)": 0.01794015444015444, "zip_code": "11206", "block_group": "0253001", "bg_area": 500138.47294186486, "overlap_area": 500138.47294186486, "frac_in_neighborhood": 1.0, "pop_in_neighborhood": 1265.0, "neighborhood": "bedstuy" }, "geometry": { "type": "MultiPolygon", "coordinates": [ [ [ [ -73.948913937903797, 40.693904467303163 ], [ -73.952192934550311, 40.6935254734124 ], [ -73.95234093200294, 40.69426247257033 ], [ -73.95248893012257, 40.695003471532971 ], [ -73.951244931365423, 40.695144468187678 ], [ -73.950504932325657, 40.695229467302795 ], [ -73.949206933055095, 40.695377463869619 ], [ -73.949059935709869, 40.694636464946981 ], [ -73.948913937903797, 40.693904467303163 ] ] ] ] } },
{ "type": "Feature", "properties": { "GISJOIN": "G36004700253002", "Total Pop (Race/Ethnicity)": 1867, "Not Hispanic or Latino": 1735, "Not Hispanic or Latino: White alone": 1255, "Not Hispanic or Latino: Black or African American alone": 378, "Not Hispanic or Latino: American Indian and Alaska Native alone": 0, "Not Hispanic or Latino: Asian alone": 51, "Not Hispanic or Latino: Native Hawaiian and Other Pacific Islander alone": 0, "Not Hispanic or Latino: Some other race alone": 2, "Not Hispanic or Latino: Two or more races": 49, "Not Hispanic or Latino: Two or more races: Two races including Some other race": 2, "Not Hispanic or Latino: Two or more races: Two races excluding Some other race, and three or more races": 47, "Hispanic or Latino": 132, "Total Households (Income)": 626, "Less than $10,000": 32, "$10,000 to $14,999": 0, "$15,000 to $19,999": 19, "$20,000 to $24,999": 0, "$25,000 to $29,999": 18, "$30,000 to $34,999": 0, "$35,000 to $39,999": 0, "$40,000 to $44,999": 0, "$45,000 to $49,999": 131, "$50,000 to $59,999": 82, "$60,000 to $74,999": 32, "$75,000 to $99,999": 48, "$100,000 to $124,999": 9, "$125,000 to $149,999": 42, "$150,000 to $199,999": 87, "$200,000 or more": 126, "COUNTY": "Kings County", "TRACTCE": "025300", "BLKGRPCE": "2", "Area (Sq Mi)": 0.017805791505791507, "zip_code": "11206", "block_group": "0253002", "bg_area": 496388.23178300186, "overlap_area": 496388.2317830018, "frac_in_neighborhood": 0.99999999999999989, "pop_in_neighborhood": 1866.9999999999998, "neighborhood": "bedstuy" }, "geometry": { "type": "MultiPolygon", "coordinates": [ [ [ [ -73.948621942060413, 40.692439469179917 ], [ -73.951901939062182, 40.692062476327955 ], [ -73.952049936689178, 40.692793475222373 ], [ -73.952171934472972, 40.693418474431134 ], [ -73.952192934550311, 40.6935254734124 ], [ -73.948913937903797, 40.693904467303163 ], [ -73.948767939659561, 40.693171467419567 ], [ -73.948621942060413, 40.692439469179917 ] ] ] ] } },
{ "type": "Feature", "properties": { "GISJOIN": "G36004700259011", "Total Pop (Race/Ethnicity)": 2217, "Not Hispanic or Latino": 1578, "Not Hispanic or Latino: White alone": 778, "Not Hispanic or Latino: Black or African American alone": 638, "Not Hispanic or Latino: American Indian and Alaska Native alone": 0, "Not Hispanic or Latino: Asian alone": 46, "Not Hispanic or Latino: Native Hawaiian and Other Pacific Islander alone": 0, "Not Hispanic or Latino: Some other race alone": 0, "Not Hispanic or Latino: Two or more races": 116, "Not Hispanic or Latino: Two or more races: Two races including Some other race": 0, "Not Hispanic or Latino: Two or more races: Two races excluding Some other race, and three or more races": 116, "Hispanic or Latino": 639, "Total Households (Income)": 832, "Less than $10,000": 79, "$10,000 to $14,999": 62, "$15,000 to $19,999": 0, "$20,000 to $24,999": 0, "$25,000 to $29,999": 12, "$30,000 to $34,999": 17, "$35,000 to $39,999": 63, "$40,000 to $44,999": 30, "$45,000 to $49,999": 0, "$50,000 to $59,999": 63, "$60,000 to $74,999": 41, "$75,000 to $99,999": 73, "$100,000 to $124,999": 167, "$125,000 to $149,999": 41, "$150,000 to $199,999": 103, "$200,000 or more": 81, "COUNTY": "Kings County", "TRACTCE": "025901", "BLKGRPCE": "1", "Area (Sq Mi)": 0.030972586872586874, "zip_code": "11206", "block_group": "0259011", "bg_area": 863466.12527573633, "overlap_area": 863466.12527573644, "frac_in_neighborhood": 1.0000000000000002, "pop_in_neighborhood": 2217.0000000000005, "neighborhood": "bedstuy" }, "geometry": { "type": "MultiPolygon", "coordinates": [ [ [ [ -73.943387940248797, 40.695288452943629 ], [ -73.943242943561472, 40.694557453962098 ], [ -73.946077941361182, 40.694229460329986 ], [ -73.948913937903797, 40.693904467303163 ], [ -73.949059935709869, 40.694636464946981 ], [ -73.949206933055095, 40.695377463869619 ], [ -73.946365936197296, 40.695703458587246 ], [ -73.945332937949772, 40.695821456324168 ], [ -73.944445938231411, 40.695923453723971 ], [ -73.943525938829609, 40.696030451950413 ], [ -73.943387940248797, 40.695288452943629 ] ] ] ] } },
{ "type": "Feature", "properties": { "GISJOIN": "G36004700261005", "Total Pop (Race/Ethnicity)": 1924, "Not Hispanic or Latino": 943, "Not Hispanic or Latino: White alone": 317, "Not Hispanic or Latino: Black or African American alone": 527, "Not Hispanic or Latino: American Indian and Alaska Native alone": 0, "Not Hispanic or Latino: Asian alone": 78, "Not Hispanic or Latino: Native Hawaiian and Other Pacific Islander alone": 0, "Not Hispanic or Latino: Some other race alone": 0, "Not Hispanic or Latino: Two or more races": 21, "Not Hispanic or Latino: Two or more races: Two races including Some other race": 21, "Not Hispanic or Latino: Two or more races: Two races excluding Some other race, and three or more races": 0, "Hispanic or Latino": 981, "Total Households (Income)": 813, "Less than $10,000": 43, "$10,000 to $14,999": 105, "$15,000 to $19,999": 21, "$20,000 to $24,999": 12, "$25,000 to $29,999": 99, "$30,000 to $34,999": 0, "$35,000 to $39,999": 0, "$40,000 to $44,999": 30, "$45,000 to $49,999": 0, "$50,000 to $59,999": 0, "$60,000 to $74,999": 24, "$75,000 to $99,999": 95, "$100,000 to $124,999": 41, "$125,000 to $149,999": 131, "$150,000 to $199,999": 17, "$200,000 or more": 195, "COUNTY": "Kings County", "TRACTCE": "026100", "BLKGRPCE": "5", "Area (Sq Mi)": 0.0153988416988417, "zip_code": "11206", "block_group": "0261005", "bg_area": 429294.88459780841, "overlap_area": 429294.88459780836, "frac_in_neighborhood": 0.99999999999999989, "pop_in_neighborhood": 1923.9999999999998, "neighborhood": "bedstuy" }, "geometry": { "type": "MultiPolygon", "coordinates": [ [ [ [ -73.945786944239913, 40.692764463149622 ], [ -73.948621942060413, 40.692439469179917 ], [ -73.948767939659561, 40.693171467419567 ], [ -73.948913937903797, 40.693904467303163 ], [ -73.946077941361182, 40.694229460329986 ], [ -73.945931943114815, 40.693496462059471 ], [ -73.945786944239913, 40.692764463149622 ] ] ] ] } },
{ "type": "Feature", "properties": { "GISJOIN": "G36004700261001", "Total Pop (Race/Ethnicity)": 1069, "Not Hispanic or Latino": 889, "Not Hispanic or Latino: White alone": 433, "Not Hispanic or Latino: Black or African American alone": 162, "Not Hispanic or Latino: American Indian and Alaska Native alone": 0, "Not Hispanic or Latino: Asian alone": 166, "Not Hispanic or Latino: Native Hawaiian and Other Pacific Islander alone": 0, "Not Hispanic or Latino: Some other race alone": 0, "Not Hispanic or Latino: Two or more races": 128, "Not Hispanic or Latino: Two or more races: Two races including Some other race": 90, "Not Hispanic or Latino: Two or more races: Two races excluding Some other race, and three or more races": 38, "Hispanic or Latino": 180, "Total Households (Income)": 493, "Less than $10,000": 50, "$10,000 to $14,999": 0, "$15,000 to $19,999": 23, "$20,000 to $24,999": 0, "$25,000 to $29,999": 0, "$30,000 to $34,999": 0, "$35,000 to $39,999": 17, "$40,000 to $44,999": 0, "$45,000 to $49,999": 0, "$50,000 to $59,999": 0, "$60,000 to $74,999": 34, "$75,000 to $99,999": 22, "$100,000 to $124,999": 73, "$125,000 to $149,999": 69, "$150,000 to $199,999": 46, "$200,000 or more": 159, "COUNTY": "Kings County", "TRACTCE": "026100", "BLKGRPCE": "1", "Area (Sq Mi)": 0.0154, "zip_code": "11206", "block_group": "0261001", "bg_area": 429326.94200828095, "overlap_area": 429326.94200828095, "frac_in_neighborhood": 1.0, "pop_in_neighborhood": 1069.0, "neighborhood": "bedstuy" }, "geometry": { "type": "MultiPolygon", "coordinates": [ [ [ [ -73.943099945215707, 40.693822455684142 ], [ -73.942950946953388, 40.693090457537402 ], [ -73.945786944239913, 40.692764463149622 ], [ -73.945931943114815, 40.693496462059471 ], [ -73.946077941361182, 40.694229460329986 ], [ -73.943242943561472, 40.694557453962098 ], [ -73.943099945215707, 40.693822455684142 ] ] ] ] } },
{ "type": "Feature", "properties": { "GISJOIN": "G36004700259021", "Total Pop (Race/Ethnicity)": 3796, "Not Hispanic or Latino": 2238, "Not Hispanic or Latino: White alone": 283, "Not Hispanic or Latino: Black or African American alone": 1659, "Not Hispanic or Latino: American Indian and Alaska Native alone": 0, "Not Hispanic or Latino: Asian alone": 222, "Not Hispanic or Latino: Native Hawaiian and Other Pacific Islander alone": 0, "Not Hispanic or Latino: Some other race alone": 0, "Not Hispanic or Latino: Two or more races": 74, "Not Hispanic or Latino: Two or more races: Two races including Some other race": 28, "Not Hispanic or Latino: Two or more races: Two races excluding Some other race, and three or more races": 46, "Hispanic or Latino": 1558, "Total Households (Income)": 1448, "Less than $10,000": 353, "$10,000 to $14,999": 239, "$15,000 to $19,999": 106, "$20,000 to $24,999": 48, "$25,000 to $29,999": 31, "$30,000 to $34,999": 69, "$35,000 to $39,999": 72, "$40,000 to $44,999": 61, "$45,000 to $49,999": 30, "$50,000 to $59,999": 85, "$60,000 to $74,999": 127, "$75,000 to $99,999": 187, "$100,000 to $124,999": 0, "$125,000 to $149,999": 0, "$150,000 to $199,999": 40, "$200,000 or more": 0, "COUNTY": "Kings County", "TRACTCE": "025902", "BLKGRPCE": "1", "Area (Sq Mi)": 0.023015830115830117, "zip_code": "11206", "block_group": "0259021", "bg_area": 641625.75452860247, "overlap_area": 641625.75452860247, "frac_in_neighborhood": 1.0, "pop_in_neighborhood": 3796.0, "neighborhood": "bedstuy" }, "geometry": { "type": "MultiPolygon", "coordinates": [ [ [ [ -73.943525938829609, 40.696030451950413 ], [ -73.944445938231411, 40.695923453723971 ], [ -73.945332937949772, 40.695821456324168 ], [ -73.946365936197296, 40.695703458587246 ], [ -73.946489933902598, 40.696452456028567 ], [ -73.946637932186917, 40.697179455263637 ], [ -73.946796930516314, 40.697902454087668 ], [ -73.945754931087833, 40.698017451940778 ], [ -73.944955931724991, 40.698107449858654 ], [ -73.944878931810251, 40.698115449971269 ], [ -73.943948932742188, 40.698221447718993 ], [ -73.943808934491898, 40.697501448803855 ], [ -73.943671937120769, 40.696789450217274 ], [ -73.943525938829609, 40.696030451950413 ] ] ] ] } },
{ "type": "Feature", "properties": { "GISJOIN": "G36004700257002", "Total Pop (Race/Ethnicity)": 289, "Not Hispanic or Latino": 115, "Not Hispanic or Latino: White alone": 107, "Not Hispanic or Latino: Black or African American alone": 0, "Not Hispanic or Latino: American Indian and Alaska Native alone": 0, "Not Hispanic or Latino: Asian alone": 0, "Not Hispanic or Latino: Native Hawaiian and Other Pacific Islander alone": 0, "Not Hispanic or Latino: Some other race alone": 8, "Not Hispanic or Latino: Two or more races": 0, "Not Hispanic or Latino: Two or more races: Two races including Some other race": 0, "Not Hispanic or Latino: Two or more races: Two races excluding Some other race, and three or more races": 0, "Hispanic or Latino": 174, "Total Households (Income)": 146, "Less than $10,000": 0, "$10,000 to $14,999": 30, "$15,000 to $19,999": 65, "$20,000 to $24,999": 0, "$25,000 to $29,999": 0, "$30,000 to $34,999": 0, "$35,000 to $39,999": 0, "$40,000 to $44,999": 9, "$45,000 to $49,999": 0, "$50,000 to $59,999": 0, "$60,000 to $74,999": 0, "$75,000 to $99,999": 25, "$100,000 to $124,999": 5, "$125,000 to $149,999": 4, "$150,000 to $199,999": 0, "$200,000 or more": 8, "COUNTY": "Kings County", "TRACTCE": "025700", "BLKGRPCE": "2", "Area (Sq Mi)": 0.0078783783783783791, "zip_code": "11206", "block_group": "0257002", "bg_area": 219638.06035055622, "overlap_area": 219638.06035055628, "frac_in_neighborhood": 1.0000000000000002, "pop_in_neighborhood": 289.00000000000006, "neighborhood": "bedstuy" }, "geometry": { "type": "MultiPolygon", "coordinates": [ [ [ [ -73.943948932742188, 40.698221447718993 ], [ -73.944878931810251, 40.698115449971269 ], [ -73.944955931724991, 40.698107449858654 ], [ -73.945754931087833, 40.698017451940778 ], [ -73.946796930516314, 40.697902454087668 ], [ -73.946958926986383, 40.698640452635551 ], [ -73.945625929605171, 40.698791449269265 ], [ -73.944095930773528, 40.698972446436862 ], [ -73.943948932742188, 40.698221447718993 ] ] ] ] } },
{ "type": "Feature", "properties": { "GISJOIN": "G36004700507001", "Total Pop (Race/Ethnicity)": 4369, "Not Hispanic or Latino": 4057, "Not Hispanic or Latino: White alone": 4002, "Not Hispanic or Latino: Black or African American alone": 27, "Not Hispanic or Latino: American Indian and Alaska Native alone": 0, "Not Hispanic or Latino: Asian alone": 12, "Not Hispanic or Latino: Native Hawaiian and Other Pacific Islander alone": 0, "Not Hispanic or Latino: Some other race alone": 0, "Not Hispanic or Latino: Two or more races": 16, "Not Hispanic or Latino: Two or more races: Two races including Some other race": 0, "Not Hispanic or Latino: Two or more races: Two races excluding Some other race, and three or more races": 16, "Hispanic or Latino": 312, "Total Households (Income)": 845, "Less than $10,000": 31, "$10,000 to $14,999": 39, "$15,000 to $19,999": 20, "$20,000 to $24,999": 24, "$25,000 to $29,999": 34, "$30,000 to $34,999": 124, "$35,000 to $39,999": 0, "$40,000 to $44,999": 0, "$45,000 to $49,999": 24, "$50,000 to $59,999": 142, "$60,000 to $74,999": 131, "$75,000 to $99,999": 58, "$100,000 to $124,999": 26, "$125,000 to $149,999": 43, "$150,000 to $199,999": 45, "$200,000 or more": 104, "COUNTY": "Kings County", "TRACTCE": "050700", "BLKGRPCE": "1", "Area (Sq Mi)": 0.067347104247104245, "zip_code": "11206", "block_group": "0507001", "bg_area": 1877540.5590820669, "overlap_area": 476.96839772404718, "frac_in_neighborhood": 0.0002540389316315158, "pop_in_neighborhood": 1.1098960922980925, "neighborhood": "bedstuy" }, "geometry": { "type": "MultiPolygon", "coordinates": [ [ [ [ -73.945854918493325, 40.702986440434998 ], [ -73.945449918825759, 40.702759440496294 ], [ -73.944638920501816, 40.702312439774893 ], [ -73.94431492269203, 40.702132439727819 ], [ -73.944004923397515, 40.701961439825844 ], [ -73.943824923207544, 40.701861439415438 ], [ -73.943226924795496, 40.70152043866571 ], [ -73.943063924928623, 40.701423438529361 ], [ -73.942200927503379, 40.700890438491399 ], [ -73.94193092877245, 40.700724437879813 ], [ -73.943691927449535, 40.700509441812557 ], [ -73.944387925879894, 40.700424443704584 ], [ -73.944616925341961, 40.700404444189601 ], [ -73.946315924603894, 40.70021444757672 ], [ -73.947127924259362, 40.700122449323914 ], [ -73.947247923860957, 40.700104449815377 ], [ -73.948132923048234, 40.700005452052999 ], [ -73.949793920495054, 40.699822455243066 ], [ -73.95009092071912, 40.699790455869163 ], [ -73.950135919629119, 40.699914456472101 ], [ -73.950656919196803, 40.700346456188974 ], [ -73.95075591841217, 40.700444456168398 ], [ -73.951287915909049, 40.700921455449013 ], [ -73.95027391611039, 40.701578452022176 ], [ -73.949378915308358, 40.702158449514485 ], [ -73.947538915301578, 40.703350443969548 ], [ -73.947051915235505, 40.703663441650271 ], [ -73.946250917256236, 40.703207441614154 ], [ -73.945854918493325, 40.702986440434998 ] ] ] ] } },
{ "type": "Feature", "properties": { "GISJOIN": "G36004700257003", "Total Pop (Race/Ethnicity)": 504, "Not Hispanic or Latino": 364, "Not Hispanic or Latino: White alone": 302, "Not Hispanic or Latino: Black or African American alone": 0, "Not Hispanic or Latino: American Indian and Alaska Native alone": 0, "Not Hispanic or Latino: Asian alone": 45, "Not Hispanic or Latino: Native Hawaiian and Other Pacific Islander alone": 0, "Not Hispanic or Latino: Some other race alone": 17, "Not Hispanic or Latino: Two or more races": 0, "Not Hispanic or Latino: Two or more races: Two races including Some other race": 0, "Not Hispanic or Latino: Two or more races: Two races excluding Some other race, and three or more races": 0, "Hispanic or Latino": 140, "Total Households (Income)": 172, "Less than $10,000": 17, "$10,000 to $14,999": 0, "$15,000 to $19,999": 0, "$20,000 to $24,999": 0, "$25,000 to $29,999": 22, "$30,000 to $34,999": 0, "$35,000 to $39,999": 0, "$40,000 to $44,999": 0, "$45,000 to $49,999": 0, "$50,000 to $59,999": 0, "$60,000 to $74,999": 0, "$75,000 to $99,999": 33, "$100,000 to $124,999": 5, "$125,000 to $149,999": 9, "$150,000 to $199,999": 86, "$200,000 or more": 0, "COUNTY": "Kings County", "TRACTCE": "025700", "BLKGRPCE": "3", "Area (Sq Mi)": 0.031014285714285713, "zip_code": "11206", "block_group": "0257003", "bg_area": 864632.39354696369, "overlap_area": 864632.39354696404, "frac_in_neighborhood": 1.0000000000000004, "pop_in_neighborhood": 504.00000000000023, "neighborhood": "bedstuy" }, "geometry": { "type": "MultiPolygon", "coordinates": [ [ [ [ -73.944095930773528, 40.698972446436862 ], [ -73.945625929605171, 40.698791449269265 ], [ -73.946958926986383, 40.698640452635551 ], [ -73.949787925033974, 40.698309458366815 ], [ -73.949943922593846, 40.699046456859215 ], [ -73.95009092071912, 40.699790455869163 ], [ -73.949793920495054, 40.699822455243066 ], [ -73.948132923048234, 40.700005452052999 ], [ -73.947247923860957, 40.700104449815377 ], [ -73.947127924259362, 40.700122449323914 ], [ -73.946315924603894, 40.70021444757672 ], [ -73.944616925341961, 40.700404444189601 ], [ -73.944387925879894, 40.700424443704584 ], [ -73.944307927318746, 40.700023444710858 ], [ -73.944242928634935, 40.699698445048107 ], [ -73.944095930773528, 40.698972446436862 ] ] ] ] } },
{ "type": "Feature", "properties": { "GISJOIN": "G36004700491002", "Total Pop (Race/Ethnicity)": 302, "Not Hispanic or Latino": 248, "Not Hispanic or Latino: White alone": 171, "Not Hispanic or Latino: Black or African American alone": 41, "Not Hispanic or Latino: American Indian and Alaska Native alone": 0, "Not Hispanic or Latino: Asian alone": 36, "Not Hispanic or Latino: Native Hawaiian and Other Pacific Islander alone": 0, "Not Hispanic or Latino: Some other race alone": 0, "Not Hispanic or Latino: Two or more races": 0, "Not Hispanic or Latino: Two or more races: Two races including Some other race": 0, "Not Hispanic or Latino: Two or more races: Two races excluding Some other race, and three or more races": 0, "Hispanic or Latino": 54, "Total Households (Income)": 185, "Less than $10,000": 0, "$10,000 to $14,999": 0, "$15,000 to $19,999": 0, "$20,000 to $24,999": 41, "$25,000 to $29,999": 0, "$30,000 to $34,999": 0, "$35,000 to $39,999": 0, "$40,000 to $44,999": 0, "$45,000 to $49,999": 0, "$50,000 to $59,999": 18, "$60,000 to $74,999": 0, "$75,000 to $99,999": 22, "$100,000 to $124,999": 0, "$125,000 to $149,999": 18, "$150,000 to $199,999": 0, "$200,000 or more": 86, "COUNTY": "Kings County", "TRACTCE": "049100", "BLKGRPCE": "2", "Area (Sq Mi)": 0.023277992277992279, "zip_code": "11206", "block_group": "0491002", "bg_area": 648968.5028314977, "overlap_area": 0.089413839788041183, "frac_in_neighborhood": 1.3777839663700468e-07, "pop_in_neighborhood": 4.1609075784375412e-05, "neighborhood": "bedstuy" }, "geometry": { "type": "MultiPolygon", "coordinates": [ [ [ [ -73.940725924624658, 40.702900431151967 ], [ -73.940543927456275, 40.701797433229196 ], [ -73.940419930125316, 40.701076434410915 ], [ -73.94193092877245, 40.700724437879813 ], [ -73.942200927503379, 40.700890438491399 ], [ -73.942266925618753, 40.701636436278683 ], [ -73.942380923972166, 40.702345435823624 ], [ -73.942494921709383, 40.703052434130733 ], [ -73.942613919633004, 40.703763432215759 ], [ -73.942733918082666, 40.704472431755079 ], [ -73.941029918898096, 40.704636428354597 ], [ -73.94089292151412, 40.703913429390042 ], [ -73.94077992335275, 40.703222430627093 ], [ -73.940725924624658, 40.702900431151967 ] ] ] ] } },
{ "type": "Feature", "properties": { "GISJOIN": "G36004700285011", "Total Pop (Race/Ethnicity)": 589, "Not Hispanic or Latino": 430, "Not Hispanic or Latino: White alone": 249, "Not Hispanic or Latino: Black or African American alone": 133, "Not Hispanic or Latino: American Indian and Alaska Native alone": 0, "Not Hispanic or Latino: Asian alone": 40, "Not Hispanic or Latino: Native Hawaiian and Other Pacific Islander alone": 0, "Not Hispanic or Latino: Some other race alone": 0, "Not Hispanic or Latino: Two or more races": 8, "Not Hispanic or Latino: Two or more races: Two races including Some other race": 8, "Not Hispanic or Latino: Two or more races: Two races excluding Some other race, and three or more races": 0, "Hispanic or Latino": 159, "Total Households (Income)": 321, "Less than $10,000": 41, "$10,000 to $14,999": 25, "$15,000 to $19,999": 8, "$20,000 to $24,999": 14, "$25,000 to $29,999": 6, "$30,000 to $34,999": 49, "$35,000 to $39,999": 0, "$40,000 to $44,999": 0, "$45,000 to $49,999": 7, "$50,000 to $59,999": 30, "$60,000 to $74,999": 41, "$75,000 to $99,999": 31, "$100,000 to $124,999": 9, "$125,000 to $149,999": 6, "$150,000 to $199,999": 49, "$200,000 or more": 5, "COUNTY": "Kings County", "TRACTCE": "028501", "BLKGRPCE": "1", "Area (Sq Mi)": 0.032130501930501931, "zip_code": "11206", "block_group": "0285011", "bg_area": 895757.03815238283, "overlap_area": 895757.03815238283, "frac_in_neighborhood": 1.0, "pop_in_neighborhood": 589.0, "neighborhood": "bedstuy" }, "geometry": { "type": "MultiPolygon", "coordinates": [ [ [ [ -73.938901937392615, 40.699036436119492 ], [ -73.938567938012426, 40.698847435333164 ], [ -73.94114993525163, 40.698540441652057 ], [ -73.943948932742188, 40.698221447718993 ], [ -73.944095930773528, 40.698972446436862 ], [ -73.944242928634935, 40.699698445048107 ], [ -73.944307927318746, 40.700023444710858 ], [ -73.944387925879894, 40.700424443704584 ], [ -73.943691927449535, 40.700509441812557 ], [ -73.94193092877245, 40.700724437879813 ], [ -73.941148930143271, 40.700280437913996 ], [ -73.940419932998651, 40.699873436948344 ], [ -73.93968993512766, 40.699455436513908 ], [ -73.938901937392615, 40.699036436119492 ] ] ] ] } },
{ "type": "Feature", "properties": { "GISJOIN": "G36004700389001", "Total Pop (Race/Ethnicity)": 1248, "Not Hispanic or Latino": 597, "Not Hispanic or Latino: White alone": 345, "Not Hispanic or Latino: Black or African American alone": 116, "Not Hispanic or Latino: American Indian and Alaska Native alone": 0, "Not Hispanic or Latino: Asian alone": 104, "Not Hispanic or Latino: Native Hawaiian and Other Pacific Islander alone": 0, "Not Hispanic or Latino: Some other race alone": 0, "Not Hispanic or Latino: Two or more races": 32, "Not Hispanic or Latino: Two or more races: Two races including Some other race": 0, "Not Hispanic or Latino: Two or more races: Two races excluding Some other race, and three or more races": 32, "Hispanic or Latino": 651, "Total Households (Income)": 488, "Less than $10,000": 66, "$10,000 to $14,999": 0, "$15,000 to $19,999": 30, "$20,000 to $24,999": 0, "$25,000 to $29,999": 0, "$30,000 to $34,999": 0, "$35,000 to $39,999": 0, "$40,000 to $44,999": 0, "$45,000 to $49,999": 0, "$50,000 to $59,999": 87, "$60,000 to $74,999": 19, "$75,000 to $99,999": 103, "$100,000 to $124,999": 114, "$125,000 to $149,999": 21, "$150,000 to $199,999": 14, "$200,000 or more": 34, "COUNTY": "Kings County", "TRACTCE": "038900", "BLKGRPCE": "1", "Area (Sq Mi)": 0.031136293436293438, "zip_code": "11206", "block_group": "0389001", "bg_area": 868018.17541717621, "overlap_area": 159.07896663355461, "frac_in_neighborhood": 0.00018326686138467094, "pop_in_neighborhood": 0.22871704300806933, "neighborhood": "bedstuy" }, "geometry": { "type": "MultiPolygon", "coordinates": [ [ [ [ -73.935469942435972, 40.699070429124646 ], [ -73.936215940029456, 40.699408430209033 ], [ -73.936962937397283, 40.699832430335846 ], [ -73.937727935504356, 40.700248431153696 ], [ -73.938901937392615, 40.699036436119492 ], [ -73.93968993512766, 40.699455436513908 ], [ -73.940419932998651, 40.699873436948344 ], [ -73.941148930143271, 40.700280437913996 ], [ -73.94193092877245, 40.700724437879813 ], [ -73.940419930125316, 40.701076434410915 ], [ -73.93950093128727, 40.70128043243389 ], [ -73.938364931036901, 40.701544428983276 ], [ -73.937629931875136, 40.701738427847111 ], [ -73.936981932593284, 40.701909425379462 ], [ -73.936728933651807, 40.701302427623851 ], [ -73.936439936100712, 40.700624427536674 ], [ -73.936365937135847, 40.700484427712077 ], [ -73.936065938330785, 40.700010429121313 ], [ -73.935469942435972, 40.699070429124646 ] ] ] ] } },
{ "type": "Feature", "properties": { "GISJOIN": "G36004700389003", "Total Pop (Race/Ethnicity)": 1007, "Not Hispanic or Latino": 394, "Not Hispanic or Latino: White alone": 280, "Not Hispanic or Latino: Black or African American alone": 37, "Not Hispanic or Latino: American Indian and Alaska Native alone": 0, "Not Hispanic or Latino: Asian alone": 62, "Not Hispanic or Latino: Native Hawaiian and Other Pacific Islander alone": 0, "Not Hispanic or Latino: Some other race alone": 0, "Not Hispanic or Latino: Two or more races": 15, "Not Hispanic or Latino: Two or more races: Two races including Some other race": 0, "Not Hispanic or Latino: Two or more races: Two races excluding Some other race, and three or more races": 15, "Hispanic or Latino": 613, "Total Households (Income)": 455, "Less than $10,000": 48, "$10,000 to $14,999": 0, "$15,000 to $19,999": 17, "$20,000 to $24,999": 0, "$25,000 to $29,999": 0, "$30,000 to $34,999": 0, "$35,000 to $39,999": 76, "$40,000 to $44,999": 0, "$45,000 to $49,999": 0, "$50,000 to $59,999": 20, "$60,000 to $74,999": 0, "$75,000 to $99,999": 0, "$100,000 to $124,999": 103, "$125,000 to $149,999": 51, "$150,000 to $199,999": 0, "$200,000 or more": 140, "COUNTY": "Kings County", "TRACTCE": "038900", "BLKGRPCE": "3", "Area (Sq Mi)": 0.016881081081081082, "zip_code": "11206", "block_group": "0389003", "bg_area": 470624.00176490977, "overlap_area": 34.519734413497119, "frac_in_neighborhood": 7.3348860840167517e-05, "pop_in_neighborhood": 0.073862302866048696, "neighborhood": "bedstuy" }, "geometry": { "type": "MultiPolygon", "coordinates": [ [ [ [ -73.934761943537822, 40.698699429262611 ], [ -73.933986945289988, 40.698263428422017 ], [ -73.933695945760988, 40.698103428988837 ], [ -73.933245947584197, 40.697854427107643 ], [ -73.932266950689808, 40.697314427177389 ], [ -73.932834949761258, 40.697246428634365 ], [ -73.934007948004307, 40.697117431319334 ], [ -73.935221946731772, 40.696985433925114 ], [ -73.936005944460788, 40.697405433898773 ], [ -73.936387943788532, 40.697615434649087 ], [ -73.93675994239689, 40.69783043478202 ], [ -73.935469942435972, 40.699070429124646 ], [ -73.934761943537822, 40.698699429262611 ] ] ] ] } },
{ "type": "Feature", "properties": { "GISJOIN": "G36004700393002", "Total Pop (Race/Ethnicity)": 1076, "Not Hispanic or Latino": 818, "Not Hispanic or Latino: White alone": 463, "Not Hispanic or Latino: Black or African American alone": 171, "Not Hispanic or Latino: American Indian and Alaska Native alone": 0, "Not Hispanic or Latino: Asian alone": 106, "Not Hispanic or Latino: Native Hawaiian and Other Pacific Islander alone": 0, "Not Hispanic or Latino: Some other race alone": 13, "Not Hispanic or Latino: Two or more races": 65, "Not Hispanic or Latino: Two or more races: Two races including Some other race": 0, "Not Hispanic or Latino: Two or more races: Two races excluding Some other race, and three or more races": 65, "Hispanic or Latino": 258, "Total Households (Income)": 554, "Less than $10,000": 134, "$10,000 to $14,999": 17, "$15,000 to $19,999": 40, "$20,000 to $24,999": 13, "$25,000 to $29,999": 0, "$30,000 to $34,999": 0, "$35,000 to $39,999": 0, "$40,000 to $44,999": 27, "$45,000 to $49,999": 9, "$50,000 to $59,999": 15, "$60,000 to $74,999": 7, "$75,000 to $99,999": 73, "$100,000 to $124,999": 29, "$125,000 to $149,999": 33, "$150,000 to $199,999": 64, "$200,000 or more": 93, "COUNTY": "Kings County", "TRACTCE": "039300", "BLKGRPCE": "2", "Area (Sq Mi)": 0.023534362934362934, "zip_code": "11221", "block_group": "0393002", "bg_area": 656093.85779861023, "overlap_area": 152.2123744021944, "frac_in_neighborhood": 0.0002319978652336605, "pop_in_neighborhood": 0.24962970299141871, "neighborhood": "bedstuy" }, "geometry": { "type": "MultiPolygon", "coordinates": [ [ [ [ -73.929893956036864, 40.696003424946248 ], [ -73.931144958311876, 40.694673430358328 ], [ -73.931457956917839, 40.694854430617625 ], [ -73.931772956714497, 40.695027431202462 ], [ -73.931928955746173, 40.695114431631985 ], [ -73.932365955410944, 40.695357431296316 ], [ -73.933117952325034, 40.695790432005182 ], [ -73.933827951372152, 40.69618343306545 ], [ -73.934133950659486, 40.696358432720999 ], [ -73.93479694892352, 40.696736433562599 ], [ -73.935221946731772, 40.696985433925114 ], [ -73.934007948004307, 40.697117431319334 ], [ -73.932834949761258, 40.697246428634365 ], [ -73.932266950689808, 40.697314427177389 ], [ -73.931841951655457, 40.697076426796279 ], [ -73.931083953130425, 40.696658426914908 ], [ -73.930499954325569, 40.696336425363015 ], [ -73.930347954569882, 40.696253425657787 ], [ -73.929893956036864, 40.696003424946248 ] ] ] ] } },
{ "type": "Feature", "properties": { "GISJOIN": "G36004700393003", "Total Pop (Race/Ethnicity)": 1332, "Not Hispanic or Latino": 693, "Not Hispanic or Latino: White alone": 287, "Not Hispanic or Latino: Black or African American alone": 189, "Not Hispanic or Latino: American Indian and Alaska Native alone": 0, "Not Hispanic or Latino: Asian alone": 86, "Not Hispanic or Latino: Native Hawaiian and Other Pacific Islander alone": 0, "Not Hispanic or Latino: Some other race alone": 0, "Not Hispanic or Latino: Two or more races": 131, "Not Hispanic or Latino: Two or more races: Two races including Some other race": 91, "Not Hispanic or Latino: Two or more races: Two races excluding Some other race, and three or more races": 40, "Hispanic or Latino": 639, "Total Households (Income)": 543, "Less than $10,000": 0, "$10,000 to $14,999": 60, "$15,000 to $19,999": 0, "$20,000 to $24,999": 34, "$25,000 to $29,999": 29, "$30,000 to $34,999": 0, "$35,000 to $39,999": 0, "$40,000 to $44,999": 0, "$45,000 to $49,999": 0, "$50,000 to $59,999": 14, "$60,000 to $74,999": 32, "$75,000 to $99,999": 13, "$100,000 to $124,999": 136, "$125,000 to $149,999": 71, "$150,000 to $199,999": 59, "$200,000 or more": 95, "COUNTY": "Kings County", "TRACTCE": "039300", "BLKGRPCE": "3", "Area (Sq Mi)": 0.025259845559845558, "zip_code": "11221", "block_group": "0393003", "bg_area": 704199.35171526961, "overlap_area": 214.70816788291069, "frac_in_neighborhood": 0.0003048968553576915, "pop_in_neighborhood": 0.40612261133644506, "neighborhood": "bedstuy" }, "geometry": { "type": "MultiPolygon", "coordinates": [ [ [ [ -73.927496962179745, 40.694696423614353 ], [ -73.927226963935325, 40.694547423826606 ], [ -73.926735964595579, 40.694279423942106 ], [ -73.92648096538565, 40.694140423127379 ], [ -73.92781096754986, 40.692773428875526 ], [ -73.928042966292466, 40.692903428746526 ], [ -73.928506966220723, 40.693165429193854 ], [ -73.928641966079581, 40.693240429053802 ], [ -73.929701962181852, 40.693863429607802 ], [ -73.93051196006202, 40.694316430405976 ], [ -73.931144958311876, 40.694673430358328 ], [ -73.929893956036864, 40.696003424946248 ], [ -73.929583957584228, 40.695839425273739 ], [ -73.929234958326404, 40.695642425718056 ], [ -73.928430960663519, 40.695204424388898 ], [ -73.928258960597105, 40.69511042447045 ], [ -73.927496962179745, 40.694696423614353 ] ] ] ] } },
{ "type": "Feature", "properties": { "GISJOIN": "G36004700289001", "Total Pop (Race/Ethnicity)": 666, "Not Hispanic or Latino": 464, "Not Hispanic or Latino: White alone": 254, "Not Hispanic or Latino: Black or African American alone": 163, "Not Hispanic or Latino: American Indian and Alaska Native alone": 0, "Not Hispanic or Latino: Asian alone": 34, "Not Hispanic or Latino: Native Hawaiian and Other Pacific Islander alone": 0, "Not Hispanic or Latino: Some other race alone": 0, "Not Hispanic or Latino: Two or more races": 13, "Not Hispanic or Latino: Two or more races: Two races including Some other race": 0, "Not Hispanic or Latino: Two or more races: Two races excluding Some other race, and three or more races": 13, "Hispanic or Latino": 202, "Total Households (Income)": 370, "Less than $10,000": 0, "$10,000 to $14,999": 0, "$15,000 to $19,999": 80, "$20,000 to $24,999": 70, "$25,000 to $29,999": 0, "$30,000 to $34,999": 0, "$35,000 to $39,999": 9, "$40,000 to $44,999": 0, "$45,000 to $49,999": 23, "$50,000 to $59,999": 0, "$60,000 to $74,999": 0, "$75,000 to $99,999": 19, "$100,000 to $124,999": 33, "$125,000 to $149,999": 48, "$150,000 to $199,999": 15, "$200,000 or more": 73, "COUNTY": "Kings County", "TRACTCE": "028900", "BLKGRPCE": "1", "Area (Sq Mi)": 0.016383783783783783, "zip_code": "11221", "block_group": "0289001", "bg_area": 456749.13718261919, "overlap_area": 456736.26929272345, "frac_in_neighborhood": 0.9999718272267023, "pop_in_neighborhood": 665.98123693298373, "neighborhood": "bedstuy" }, "geometry": { "type": "MultiPolygon", "coordinates": [ [ [ [ -73.931144958311876, 40.694673430358328 ], [ -73.93051196006202, 40.694316430405976 ], [ -73.929701962181852, 40.693863429607802 ], [ -73.928641966079581, 40.693240429053802 ], [ -73.928506966220723, 40.693165429193854 ], [ -73.928042966292466, 40.692903428746526 ], [ -73.92781096754986, 40.692773428875526 ], [ -73.927506968622765, 40.692603429348281 ], [ -73.927984967562693, 40.692562429420043 ], [ -73.930906964246859, 40.6922274360305 ], [ -73.931052963627394, 40.692960433995175 ], [ -73.931203960467926, 40.693691433245426 ], [ -73.931344958549474, 40.694421431688539 ], [ -73.931457956917839, 40.694854430617625 ], [ -73.931144958311876, 40.694673430358328 ] ] ] ] } },
{ "type": "Feature", "properties": { "GISJOIN": "G36004700287002", "Total Pop (Race/Ethnicity)": 824, "Not Hispanic or Latino": 692, "Not Hispanic or Latino: White alone": 152, "Not Hispanic or Latino: Black or African American alone": 445, "Not Hispanic or Latino: American Indian and Alaska Native alone": 0, "Not Hispanic or Latino: Asian alone": 95, "Not Hispanic or Latino: Native Hawaiian and Other Pacific Islander alone": 0, "Not Hispanic or Latino: Some other race alone": 0, "Not Hispanic or Latino: Two or more races": 0, "Not Hispanic or Latino: Two or more races: Two races including Some other race": 0, "Not Hispanic or Latino: Two or more races: Two races excluding Some other race, and three or more races": 0, "Hispanic or Latino": 132, "Total Households (Income)": 258, "Less than $10,000": 0, "$10,000 to $14,999": 9, "$15,000 to $19,999": 0, "$20,000 to $24,999": 0, "$25,000 to $29,999": 0, "$30,000 to $34,999": 0, "$35,000 to $39,999": 27, "$40,000 to $44,999": 0, "$45,000 to $49,999": 0, "$50,000 to $59,999": 0, "$60,000 to $74,999": 17, "$75,000 to $99,999": 30, "$100,000 to $124,999": 96, "$125,000 to $149,999": 0, "$150,000 to $199,999": 59, "$200,000 or more": 20, "COUNTY": "Kings County", "TRACTCE": "028700", "BLKGRPCE": "2", "Area (Sq Mi)": 0.013436679536679536, "zip_code": "11221", "block_group": "0287002", "bg_area": 374588.03854786104, "overlap_area": 374588.03854786104, "frac_in_neighborhood": 1.0, "pop_in_neighborhood": 824.0, "neighborhood": "bedstuy" }, "geometry": { "type": "MultiPolygon", "coordinates": [ [ [ [ -73.931928955746173, 40.695114431631985 ], [ -73.934416954547416, 40.694820436656336 ], [ -73.934705954127068, 40.694786438268864 ], [ -73.934799953548605, 40.694775437428177 ], [ -73.937341951017643, 40.694484442755289 ], [ -73.937483948616972, 40.695218441633592 ], [ -73.934922951510131, 40.695510436744158 ], [ -73.934841951378758, 40.695520435711003 ], [ -73.934557951193455, 40.695553434958363 ], [ -73.933258953545149, 40.695708432253063 ], [ -73.933117952325034, 40.695790432005182 ], [ -73.932365955410944, 40.695357431296316 ], [ -73.931928955746173, 40.695114431631985 ] ] ] ] } },
{ "type": "Feature", "properties": { "GISJOIN": "G36004700287003", "Total Pop (Race/Ethnicity)": 1634, "Not Hispanic or Latino": 1049, "Not Hispanic or Latino: White alone": 212, "Not Hispanic or Latino: Black or African American alone": 768, "Not Hispanic or Latino: American Indian and Alaska Native alone": 0, "Not Hispanic or Latino: Asian alone": 46, "Not Hispanic or Latino: Native Hawaiian and Other Pacific Islander alone": 0, "Not Hispanic or Latino: Some other race alone": 0, "Not Hispanic or Latino: Two or more races": 23, "Not Hispanic or Latino: Two or more races: Two races including Some other race": 0, "Not Hispanic or Latino: Two or more races: Two races excluding Some other race, and three or more races": 23, "Hispanic or Latino": 585, "Total Households (Income)": 575, "Less than $10,000": 68, "$10,000 to $14,999": 29, "$15,000 to $19,999": 173, "$20,000 to $24,999": 8, "$25,000 to $29,999": 57, "$30,000 to $34,999": 0, "$35,000 to $39,999": 60, "$40,000 to $44,999": 0, "$45,000 to $49,999": 0, "$50,000 to $59,999": 13, "$60,000 to $74,999": 0, "$75,000 to $99,999": 8, "$100,000 to $124,999": 56, "$125,000 to $149,999": 12, "$150,000 to $199,999": 15, "$200,000 or more": 76, "COUNTY": "Kings County", "TRACTCE": "028700", "BLKGRPCE": "3", "Area (Sq Mi)": 0.015652895752895753, "zip_code": "11221", "block_group": "0287003", "bg_area": 436378.18150797242, "overlap_area": 436361.13563776866, "frac_in_neighborhood": 0.99996093784949369, "pop_in_neighborhood": 1633.9361724460728, "neighborhood": "bedstuy" }, "geometry": { "type": "MultiPolygon", "coordinates": [ [ [ [ -73.931457956917839, 40.694854430617625 ], [ -73.931344958549474, 40.694421431688539 ], [ -73.934268955460198, 40.694089437816935 ], [ -73.934564956012011, 40.69405443848612 ], [ -73.934650956140928, 40.694044439263891 ], [ -73.937194952490898, 40.693751445205841 ], [ -73.937341951017643, 40.694484442755289 ], [ -73.934799953548605, 40.694775437428177 ], [ -73.934705954127068, 40.694786438268864 ], [ -73.934416954547416, 40.694820436656336 ], [ -73.931928955746173, 40.695114431631985 ], [ -73.931772956714497, 40.695027431202462 ], [ -73.931457956917839, 40.694854430617625 ] ] ] ] } },
{ "type": "Feature", "properties": { "GISJOIN": "G36004700289004", "Total Pop (Race/Ethnicity)": 1618, "Not Hispanic or Latino": 851, "Not Hispanic or Latino: White alone": 222, "Not Hispanic or Latino: Black or African American alone": 544, "Not Hispanic or Latino: American Indian and Alaska Native alone": 0, "Not Hispanic or Latino: Asian alone": 47, "Not Hispanic or Latino: Native Hawaiian and Other Pacific Islander alone": 0, "Not Hispanic or Latino: Some other race alone": 16, "Not Hispanic or Latino: Two or more races": 22, "Not Hispanic or Latino: Two or more races: Two races including Some other race": 9, "Not Hispanic or Latino: Two or more races: Two races excluding Some other race, and three or more races": 13, "Hispanic or Latino": 767, "Total Households (Income)": 544, "Less than $10,000": 15, "$10,000 to $14,999": 154, "$15,000 to $19,999": 65, "$20,000 to $24,999": 39, "$25,000 to $29,999": 54, "$30,000 to $34,999": 16, "$35,000 to $39,999": 0, "$40,000 to $44,999": 0, "$45,000 to $49,999": 0, "$50,000 to $59,999": 33, "$60,000 to $74,999": 0, "$75,000 to $99,999": 64, "$100,000 to $124,999": 19, "$125,000 to $149,999": 0, "$150,000 to $199,999": 38, "$200,000 or more": 47, "COUNTY": "Kings County", "TRACTCE": "028900", "BLKGRPCE": "4", "Area (Sq Mi)": 0.015861389961389961, "zip_code": "11221", "block_group": "0289004", "bg_area": 442194.38491846638, "overlap_area": 442194.38491846633, "frac_in_neighborhood": 0.99999999999999989, "pop_in_neighborhood": 1617.9999999999998, "neighborhood": "bedstuy" }, "geometry": { "type": "MultiPolygon", "coordinates": [ [ [ [ -73.931203960467926, 40.693691433245426 ], [ -73.934133957540141, 40.693354439593072 ], [ -73.937048955291388, 40.693020445652081 ], [ -73.937194952490898, 40.693751445205841 ], [ -73.934650956140928, 40.694044439263891 ], [ -73.934564956012011, 40.69405443848612 ], [ -73.934268955460198, 40.694089437816935 ], [ -73.931344958549474, 40.694421431688539 ], [ -73.931203960467926, 40.693691433245426 ] ] ] ] } },
{ "type": "Feature", "properties": { "GISJOIN": "G36004700289003", "Total Pop (Race/Ethnicity)": 351, "Not Hispanic or Latino": 305, "Not Hispanic or Latino: White alone": 292, "Not Hispanic or Latino: Black or African American alone": 0, "Not Hispanic or Latino: American Indian and Alaska Native alone": 0, "Not Hispanic or Latino: Asian alone": 13, "Not Hispanic or Latino: Native Hawaiian and Other Pacific Islander alone": 0, "Not Hispanic or Latino: Some other race alone": 0, "Not Hispanic or Latino: Two or more races": 0, "Not Hispanic or Latino: Two or more races: Two races including Some other race": 0, "Not Hispanic or Latino: Two or more races: Two races excluding Some other race, and three or more races": 0, "Hispanic or Latino": 46, "Total Households (Income)": 156, "Less than $10,000": 0, "$10,000 to $14,999": 0, "$15,000 to $19,999": 0, "$20,000 to $24,999": 0, "$25,000 to $29,999": 16, "$30,000 to $34,999": 0, "$35,000 to $39,999": 38, "$40,000 to $44,999": 0, "$45,000 to $49,999": 0, "$50,000 to $59,999": 0, "$60,000 to $74,999": 0, "$75,000 to $99,999": 21, "$100,000 to $124,999": 0, "$125,000 to $149,999": 16, "$150,000 to $199,999": 25, "$200,000 or more": 40, "COUNTY": "Kings County", "TRACTCE": "028900", "BLKGRPCE": "3", "Area (Sq Mi)": 0.015872586872586872, "zip_code": "11221", "block_group": "0289003", "bg_area": 442502.37115231331, "overlap_area": 442502.37115231331, "frac_in_neighborhood": 1.0, "pop_in_neighborhood": 351.0, "neighborhood": "bedstuy" }, "geometry": { "type": "MultiPolygon", "coordinates": [ [ [ [ -73.931052963627394, 40.692960433995175 ], [ -73.93397896064738, 40.692623441484763 ], [ -73.936904957443161, 40.69228744710243 ], [ -73.937048955291388, 40.693020445652081 ], [ -73.934133957540141, 40.693354439593072 ], [ -73.931203960467926, 40.693691433245426 ], [ -73.931052963627394, 40.692960433995175 ] ] ] ] } },
{ "type": "Feature", "properties": { "GISJOIN": "G36004700281001", "Total Pop (Race/Ethnicity)": 1170, "Not Hispanic or Latino": 618, "Not Hispanic or Latino: White alone": 59, "Not Hispanic or Latino: Black or African American alone": 468, "Not Hispanic or Latino: American Indian and Alaska Native alone": 0, "Not Hispanic or Latino: Asian alone": 68, "Not Hispanic or Latino: Native Hawaiian and Other Pacific Islander alone": 0, "Not Hispanic or Latino: Some other race alone": 0, "Not Hispanic or Latino: Two or more races": 23, "Not Hispanic or Latino: Two or more races: Two races including Some other race": 0, "Not Hispanic or Latino: Two or more races: Two races excluding Some other race, and three or more races": 23, "Hispanic or Latino": 552, "Total Households (Income)": 422, "Less than $10,000": 39, "$10,000 to $14,999": 90, "$15,000 to $19,999": 36, "$20,000 to $24,999": 18, "$25,000 to $29,999": 17, "$30,000 to $34,999": 0, "$35,000 to $39,999": 0, "$40,000 to $44,999": 0, "$45,000 to $49,999": 0, "$50,000 to $59,999": 89, "$60,000 to $74,999": 9, "$75,000 to $99,999": 62, "$100,000 to $124,999": 21, "$125,000 to $149,999": 15, "$150,000 to $199,999": 0, "$200,000 or more": 26, "COUNTY": "Kings County", "TRACTCE": "028100", "BLKGRPCE": "1", "Area (Sq Mi)": 0.015871814671814671, "zip_code": "11206", "block_group": "0281001", "bg_area": 442476.51672718755, "overlap_area": 442476.5167271875, "frac_in_neighborhood": 0.99999999999999989, "pop_in_neighborhood": 1169.9999999999998, "neighborhood": "bedstuy" }, "geometry": { "type": "MultiPolygon", "coordinates": [ [ [ [ -73.937194952490898, 40.693751445205841 ], [ -73.937048955291388, 40.693020445652081 ], [ -73.938958953430273, 40.69279945051175 ], [ -73.93912695310155, 40.692779451114831 ], [ -73.939970952801573, 40.692682452484561 ], [ -73.940117950325856, 40.693415451508052 ], [ -73.940264948443243, 40.694147449363754 ], [ -73.937341951017643, 40.694484442755289 ], [ -73.937194952490898, 40.693751445205841 ] ] ] ] } },
{ "type": "Feature", "properties": { "GISJOIN": "G36004700287001", "Total Pop (Race/Ethnicity)": 940, "Not Hispanic or Latino": 614, "Not Hispanic or Latino: White alone": 399, "Not Hispanic or Latino: Black or African American alone": 178, "Not Hispanic or Latino: American Indian and Alaska Native alone": 0, "Not Hispanic or Latino: Asian alone": 37, "Not Hispanic or Latino: Native Hawaiian and Other Pacific Islander alone": 0, "Not Hispanic or Latino: Some other race alone": 0, "Not Hispanic or Latino: Two or more races": 0, "Not Hispanic or Latino: Two or more races: Two races including Some other race": 0, "Not Hispanic or Latino: Two or more races: Two races excluding Some other race, and three or more races": 0, "Hispanic or Latino": 326, "Total Households (Income)": 471, "Less than $10,000": 30, "$10,000 to $14,999": 33, "$15,000 to $19,999": 0, "$20,000 to $24,999": 0, "$25,000 to $29,999": 0, "$30,000 to $34,999": 0, "$35,000 to $39,999": 0, "$40,000 to $44,999": 0, "$45,000 to $49,999": 19, "$50,000 to $59,999": 0, "$60,000 to $74,999": 17, "$75,000 to $99,999": 16, "$100,000 to $124,999": 203, "$125,000 to $149,999": 20, "$150,000 to $199,999": 48, "$200,000 or more": 85, "COUNTY": "Kings County", "TRACTCE": "028700", "BLKGRPCE": "1", "Area (Sq Mi)": 0.028366409266409265, "zip_code": "11206", "block_group": "0287001", "bg_area": 790800.69994721049, "overlap_area": 790774.52532750065, "frac_in_neighborhood": 0.99996690111716946, "pop_in_neighborhood": 939.9688870501393, "neighborhood": "bedstuy" }, "geometry": { "type": "MultiPolygon", "coordinates": [ [ [ [ -73.93675994239689, 40.69783043478202 ], [ -73.936387943788532, 40.697615434649087 ], [ -73.936005944460788, 40.697405433898773 ], [ -73.935221946731772, 40.696985433925114 ], [ -73.93479694892352, 40.696736433562599 ], [ -73.934133950659486, 40.696358432720999 ], [ -73.933827951372152, 40.69618343306545 ], [ -73.933117952325034, 40.695790432005182 ], [ -73.933258953545149, 40.695708432253063 ], [ -73.934557951193455, 40.695553434958363 ], [ -73.934841951378758, 40.695520435711003 ], [ -73.934922951510131, 40.695510436744158 ], [ -73.937483948616972, 40.695218441633592 ], [ -73.937556947674224, 40.695583441040348 ], [ -73.93763094760871, 40.695950440430558 ], [ -73.937710946118827, 40.696318439390502 ], [ -73.937791944518182, 40.696689439094058 ], [ -73.937954942408609, 40.697422437835556 ], [ -73.938088940561883, 40.698087435964247 ], [ -73.938176938947905, 40.698640435926485 ], [ -73.937772940365335, 40.698404435246289 ], [ -73.937390941394156, 40.698185435103127 ], [ -73.93675994239689, 40.69783043478202 ] ] ] ] } },
{ "type": "Feature", "properties": { "GISJOIN": "G36004700389002", "Total Pop (Race/Ethnicity)": 1022, "Not Hispanic or Latino": 719, "Not Hispanic or Latino: White alone": 617, "Not Hispanic or Latino: Black or African American alone": 38, "Not Hispanic or Latino: American Indian and Alaska Native alone": 0, "Not Hispanic or Latino: Asian alone": 46, "Not Hispanic or Latino: Native Hawaiian and Other Pacific Islander alone": 0, "Not Hispanic or Latino: Some other race alone": 0, "Not Hispanic or Latino: Two or more races": 18, "Not Hispanic or Latino: Two or more races: Two races including Some other race": 0, "Not Hispanic or Latino: Two or more races: Two races excluding Some other race, and three or more races": 18, "Hispanic or Latino": 303, "Total Households (Income)": 529, "Less than $10,000": 0, "$10,000 to $14,999": 0, "$15,000 to $19,999": 0, "$20,000 to $24,999": 17, "$25,000 to $29,999": 0, "$30,000 to $34,999": 0, "$35,000 to $39,999": 43, "$40,000 to $44,999": 0, "$45,000 to $49,999": 32, "$50,000 to $59,999": 0, "$60,000 to $74,999": 55, "$75,000 to $99,999": 166, "$100,000 to $124,999": 41, "$125,000 to $149,999": 20, "$150,000 to $199,999": 85, "$200,000 or more": 70, "COUNTY": "Kings County", "TRACTCE": "038900", "BLKGRPCE": "2", "Area (Sq Mi)": 0.01488996138996139, "zip_code": "11206", "block_group": "0389002", "bg_area": 415099.11220731749, "overlap_area": 75.1317756736793, "frac_in_neighborhood": 0.00018099719672769481, "pop_in_neighborhood": 0.1849791350557041, "neighborhood": "bedstuy" }, "geometry": { "type": "MultiPolygon", "coordinates": [ [ [ [ -73.935469942435972, 40.699070429124646 ], [ -73.93675994239689, 40.69783043478202 ], [ -73.937390941394156, 40.698185435103127 ], [ -73.937772940365335, 40.698404435246289 ], [ -73.938176938947905, 40.698640435926485 ], [ -73.938567938012426, 40.698847435333164 ], [ -73.938901937392615, 40.699036436119492 ], [ -73.937727935504356, 40.700248431153696 ], [ -73.936962937397283, 40.699832430335846 ], [ -73.936215940029456, 40.699408430209033 ], [ -73.935469942435972, 40.699070429124646 ] ] ] ] } },
{ "type": "Feature", "properties": { "GISJOIN": "G36004700283001", "Total Pop (Race/Ethnicity)": 1236, "Not Hispanic or Latino": 851, "Not Hispanic or Latino: White alone": 190, "Not Hispanic or Latino: Black or African American alone": 442, "Not Hispanic or Latino: American Indian and Alaska Native alone": 0, "Not Hispanic or Latino: Asian alone": 33, "Not Hispanic or Latino: Native Hawaiian and Other Pacific Islander alone": 0, "Not Hispanic or Latino: Some other race alone": 0, "Not Hispanic or Latino: Two or more races": 186, "Not Hispanic or Latino: Two or more races: Two races including Some other race": 36, "Not Hispanic or Latino: Two or more races: Two races excluding Some other race, and three or more races": 150, "Hispanic or Latino": 385, "Total Households (Income)": 504, "Less than $10,000": 160, "$10,000 to $14,999": 47, "$15,000 to $19,999": 0, "$20,000 to $24,999": 0, "$25,000 to $29,999": 24, "$30,000 to $34,999": 0, "$35,000 to $39,999": 36, "$40,000 to $44,999": 0, "$45,000 to $49,999": 27, "$50,000 to $59,999": 0, "$60,000 to $74,999": 38, "$75,000 to $99,999": 0, "$100,000 to $124,999": 35, "$125,000 to $149,999": 80, "$150,000 to $199,999": 5, "$200,000 or more": 52, "COUNTY": "Kings County", "TRACTCE": "028300", "BLKGRPCE": "1", "Area (Sq Mi)": 0.015750965250965251, "zip_code": "11206", "block_group": "0283001", "bg_area": 439111.0312216194, "overlap_area": 439111.0312216194, "frac_in_neighborhood": 1.0, "pop_in_neighborhood": 1236.0, "neighborhood": "bedstuy" }, "geometry": { "type": "MultiPolygon", "coordinates": [ [ [ [ -73.93763094760871, 40.695950440430558 ], [ -73.938676946327064, 40.695830442572912 ], [ -73.940554944332391, 40.695615446801703 ], [ -73.943387940248797, 40.695288452943629 ], [ -73.943525938829609, 40.696030451950413 ], [ -73.940704942316145, 40.696353445117531 ], [ -73.938848942880256, 40.696567441299237 ], [ -73.937791944518182, 40.696689439094058 ], [ -73.937710946118827, 40.696318439390502 ], [ -73.93763094760871, 40.695950440430558 ] ] ] ] } },
{ "type": "Feature", "properties": { "GISJOIN": "G36004700285021", "Total Pop (Race/Ethnicity)": 3144, "Not Hispanic or Latino": 1510, "Not Hispanic or Latino: White alone": 0, "Not Hispanic or Latino: Black or African American alone": 1393, "Not Hispanic or Latino: American Indian and Alaska Native alone": 0, "Not Hispanic or Latino: Asian alone": 0, "Not Hispanic or Latino: Native Hawaiian and Other Pacific Islander alone": 0, "Not Hispanic or Latino: Some other race alone": 10, "Not Hispanic or Latino: Two or more races": 107, "Not Hispanic or Latino: Two or more races: Two races including Some other race": 0, "Not Hispanic or Latino: Two or more races: Two races excluding Some other race, and three or more races": 107, "Hispanic or Latino": 1634, "Total Households (Income)": 1187, "Less than $10,000": 375, "$10,000 to $14,999": 221, "$15,000 to $19,999": 53, "$20,000 to $24,999": 64, "$25,000 to $29,999": 13, "$30,000 to $34,999": 0, "$35,000 to $39,999": 71, "$40,000 to $44,999": 0, "$45,000 to $49,999": 84, "$50,000 to $59,999": 79, "$60,000 to $74,999": 80, "$75,000 to $99,999": 24, "$100,000 to $124,999": 76, "$125,000 to $149,999": 0, "$150,000 to $199,999": 0, "$200,000 or more": 47, "COUNTY": "Kings County", "TRACTCE": "028502", "BLKGRPCE": "1", "Area (Sq Mi)": 0.046277606177606179, "zip_code": "11206", "block_group": "0285021", "bg_area": 1290147.9823199462, "overlap_area": 1290144.7524757269, "frac_in_neighborhood": 0.99999749653197656, "pop_in_neighborhood": 3143.9921290965344, "neighborhood": "bedstuy" }, "geometry": { "type": "MultiPolygon", "coordinates": [ [ [ [ -73.938176938947905, 40.698640435926485 ], [ -73.938088940561883, 40.698087435964247 ], [ -73.937954942408609, 40.697422437835556 ], [ -73.937791944518182, 40.696689439094058 ], [ -73.938848942880256, 40.696567441299237 ], [ -73.940704942316145, 40.696353445117531 ], [ -73.943525938829609, 40.696030451950413 ], [ -73.943671937120769, 40.696789450217274 ], [ -73.943808934491898, 40.697501448803855 ], [ -73.943948932742188, 40.698221447718993 ], [ -73.94114993525163, 40.698540441652057 ], [ -73.938567938012426, 40.698847435333164 ], [ -73.938176938947905, 40.698640435926485 ] ] ] ] } },
{ "type": "Feature", "properties": { "GISJOIN": "G36004700283002", "Total Pop (Race/Ethnicity)": 1442, "Not Hispanic or Latino": 710, "Not Hispanic or Latino: White alone": 97, "Not Hispanic or Latino: Black or African American alone": 587, "Not Hispanic or Latino: American Indian and Alaska Native alone": 0, "Not Hispanic or Latino: Asian alone": 18, "Not Hispanic or Latino: Native Hawaiian and Other Pacific Islander alone": 0, "Not Hispanic or Latino: Some other race alone": 0, "Not Hispanic or Latino: Two or more races": 8, "Not Hispanic or Latino: Two or more races: Two races including Some other race": 8, "Not Hispanic or Latino: Two or more races: Two races excluding Some other race, and three or more races": 0, "Hispanic or Latino": 732, "Total Households (Income)": 607, "Less than $10,000": 58, "$10,000 to $14,999": 69, "$15,000 to $19,999": 0, "$20,000 to $24,999": 0, "$25,000 to $29,999": 25, "$30,000 to $34,999": 0, "$35,000 to $39,999": 16, "$40,000 to $44,999": 0, "$45,000 to $49,999": 0, "$50,000 to $59,999": 99, "$60,000 to $74,999": 86, "$75,000 to $99,999": 20, "$100,000 to $124,999": 76, "$125,000 to $149,999": 0, "$150,000 to $199,999": 18, "$200,000 or more": 140, "COUNTY": "Kings County", "TRACTCE": "028300", "BLKGRPCE": "2", "Area (Sq Mi)": 0.015647490347490349, "zip_code": "11206", "block_group": "0283002", "bg_area": 436228.14914632414, "overlap_area": 436228.14914632414, "frac_in_neighborhood": 1.0, "pop_in_neighborhood": 1442.0, "neighborhood": "bedstuy" }, "geometry": { "type": "MultiPolygon", "coordinates": [ [ [ [ -73.937483948616972, 40.695218441633592 ], [ -73.940410945375731, 40.694880448749231 ], [ -73.943242943561472, 40.694557453962098 ], [ -73.943387940248797, 40.695288452943629 ], [ -73.940554944332391, 40.695615446801703 ], [ -73.938676946327064, 40.695830442572912 ], [ -73.93763094760871, 40.695950440430558 ], [ -73.937556947674224, 40.695583441040348 ], [ -73.937483948616972, 40.695218441633592 ] ] ] ] } },
{ "type": "Feature", "properties": { "GISJOIN": "G36004700283003", "Total Pop (Race/Ethnicity)": 1298, "Not Hispanic or Latino": 1153, "Not Hispanic or Latino: White alone": 248, "Not Hispanic or Latino: Black or African American alone": 681, "Not Hispanic or Latino: American Indian and Alaska Native alone": 0, "Not Hispanic or Latino: Asian alone": 78, "Not Hispanic or Latino: Native Hawaiian and Other Pacific Islander alone": 0, "Not Hispanic or Latino: Some other race alone": 17, "Not Hispanic or Latino: Two or more races": 129, "Not Hispanic or Latino: Two or more races: Two races including Some other race": 103, "Not Hispanic or Latino: Two or more races: Two races excluding Some other race, and three or more races": 26, "Hispanic or Latino": 145, "Total Households (Income)": 473, "Less than $10,000": 56, "$10,000 to $14,999": 30, "$15,000 to $19,999": 0, "$20,000 to $24,999": 54, "$25,000 to $29,999": 31, "$30,000 to $34,999": 41, "$35,000 to $39,999": 16, "$40,000 to $44,999": 16, "$45,000 to $49,999": 34, "$50,000 to $59,999": 22, "$60,000 to $74,999": 25, "$75,000 to $99,999": 26, "$100,000 to $124,999": 22, "$125,000 to $149,999": 0, "$150,000 to $199,999": 55, "$200,000 or more": 45, "COUNTY": "Kings County", "TRACTCE": "028300", "BLKGRPCE": "3", "Area (Sq Mi)": 0.01565791505791506, "zip_code": "11206", "block_group": "0283003", "bg_area": 436519.44779774209, "overlap_area": 436519.44779774209, "frac_in_neighborhood": 1.0, "pop_in_neighborhood": 1298.0, "neighborhood": "bedstuy" }, "geometry": { "type": "MultiPolygon", "coordinates": [ [ [ [ -73.937341951017643, 40.694484442755289 ], [ -73.940264948443243, 40.694147449363754 ], [ -73.943099945215707, 40.693822455684142 ], [ -73.943242943561472, 40.694557453962098 ], [ -73.940410945375731, 40.694880448749231 ], [ -73.937483948616972, 40.695218441633592 ], [ -73.937341951017643, 40.694484442755289 ] ] ] ] } },
{ "type": "Feature", "properties": { "GISJOIN": "G36004700279002", "Total Pop (Race/Ethnicity)": 985, "Not Hispanic or Latino": 761, "Not Hispanic or Latino: White alone": 218, "Not Hispanic or Latino: Black or African American alone": 402, "Not Hispanic or Latino: American Indian and Alaska Native alone": 0, "Not Hispanic or Latino: Asian alone": 9, "Not Hispanic or Latino: Native Hawaiian and Other Pacific Islander alone": 0, "Not Hispanic or Latino: Some other race alone": 0, "Not Hispanic or Latino: Two or more races": 132, "Not Hispanic or Latino: Two or more races: Two races including Some other race": 132, "Not Hispanic or Latino: Two or more races: Two races excluding Some other race, and three or more races": 0, "Hispanic or Latino": 224, "Total Households (Income)": 402, "Less than $10,000": 9, "$10,000 to $14,999": 0, "$15,000 to $19,999": 0, "$20,000 to $24,999": 5, "$25,000 to $29,999": 0, "$30,000 to $34,999": 0, "$35,000 to $39,999": 27, "$40,000 to $44,999": 0, "$45,000 to $49,999": 53, "$50,000 to $59,999": 21, "$60,000 to $74,999": 71, "$75,000 to $99,999": 37, "$100,000 to $124,999": 11, "$125,000 to $149,999": 75, "$150,000 to $199,999": 0, "$200,000 or more": 93, "COUNTY": "Kings County", "TRACTCE": "027900", "BLKGRPCE": "2", "Area (Sq Mi)": 0.015586872586872587, "zip_code": "11221", "block_group": "0279002", "bg_area": 434531.77906991291, "overlap_area": 434531.77906991291, "frac_in_neighborhood": 1.0, "pop_in_neighborhood": 985.0, "neighborhood": "bedstuy" }, "geometry": { "type": "MultiPolygon", "coordinates": [ [ [ [ -73.936466963660976, 40.690089451443733 ], [ -73.939388961118823, 40.689755458432529 ], [ -73.942221958145865, 40.689427463633983 ], [ -73.942368955593864, 40.690159462738599 ], [ -73.939532958312924, 40.690484456316128 ], [ -73.936611961121827, 40.690821449746259 ], [ -73.936466963660976, 40.690089451443733 ] ] ] ] } },
{ "type": "Feature", "properties": { "GISJOIN": "G36004700279001", "Total Pop (Race/Ethnicity)": 875, "Not Hispanic or Latino": 682, "Not Hispanic or Latino: White alone": 208, "Not Hispanic or Latino: Black or African American alone": 311, "Not Hispanic or Latino: American Indian and Alaska Native alone": 11, "Not Hispanic or Latino: Asian alone": 29, "Not Hispanic or Latino: Native Hawaiian and Other Pacific Islander alone": 0, "Not Hispanic or Latino: Some other race alone": 0, "Not Hispanic or Latino: Two or more races": 123, "Not Hispanic or Latino: Two or more races: Two races including Some other race": 46, "Not Hispanic or Latino: Two or more races: Two races excluding Some other race, and three or more races": 77, "Hispanic or Latino": 193, "Total Households (Income)": 312, "Less than $10,000": 0, "$10,000 to $14,999": 16, "$15,000 to $19,999": 0, "$20,000 to $24,999": 0, "$25,000 to $29,999": 0, "$30,000 to $34,999": 16, "$35,000 to $39,999": 20, "$40,000 to $44,999": 0, "$45,000 to $49,999": 4, "$50,000 to $59,999": 29, "$60,000 to $74,999": 7, "$75,000 to $99,999": 12, "$100,000 to $124,999": 34, "$125,000 to $149,999": 17, "$150,000 to $199,999": 90, "$200,000 or more": 67, "COUNTY": "Kings County", "TRACTCE": "027900", "BLKGRPCE": "1", "Area (Sq Mi)": 0.015659459459459461, "zip_code": "11221", "block_group": "0279001", "bg_area": 436553.22034902027, "overlap_area": 436553.22034902021, "frac_in_neighborhood": 0.99999999999999989, "pop_in_neighborhood": 874.99999999999989, "neighborhood": "bedstuy" }, "geometry": { "type": "MultiPolygon", "coordinates": [ [ [ [ -73.936611961121827, 40.690821449746259 ], [ -73.939532958312924, 40.690484456316128 ], [ -73.942368955593864, 40.690159462738599 ], [ -73.942515954019981, 40.690891460775852 ], [ -73.939680957242729, 40.691218455483003 ], [ -73.936757959012169, 40.691555448654512 ], [ -73.936611961121827, 40.690821449746259 ] ] ] ] } },
{ "type": "Feature", "properties": { "GISJOIN": "G36004700281003", "Total Pop (Race/Ethnicity)": 2076, "Not Hispanic or Latino": 1120, "Not Hispanic or Latino: White alone": 441, "Not Hispanic or Latino: Black or African American alone": 559, "Not Hispanic or Latino: American Indian and Alaska Native alone": 0, "Not Hispanic or Latino: Asian alone": 104, "Not Hispanic or Latino: Native Hawaiian and Other Pacific Islander alone": 0, "Not Hispanic or Latino: Some other race alone": 2, "Not Hispanic or Latino: Two or more races": 14, "Not Hispanic or Latino: Two or more races: Two races including Some other race": 14, "Not Hispanic or Latino: Two or more races: Two races excluding Some other race, and three or more races": 0, "Hispanic or Latino": 956, "Total Households (Income)": 828, "Less than $10,000": 107, "$10,000 to $14,999": 88, "$15,000 to $19,999": 60, "$20,000 to $24,999": 0, "$25,000 to $29,999": 0, "$30,000 to $34,999": 11, "$35,000 to $39,999": 45, "$40,000 to $44,999": 58, "$45,000 to $49,999": 89, "$50,000 to $59,999": 0, "$60,000 to $74,999": 59, "$75,000 to $99,999": 20, "$100,000 to $124,999": 92, "$125,000 to $149,999": 33, "$150,000 to $199,999": 59, "$200,000 or more": 107, "COUNTY": "Kings County", "TRACTCE": "028100", "BLKGRPCE": "3", "Area (Sq Mi)": 0.030791505791505792, "zip_code": "11221", "block_group": "0281003", "bg_area": 858419.5232336683, "overlap_area": 858419.52323366841, "frac_in_neighborhood": 1.0000000000000002, "pop_in_neighborhood": 2076.0000000000005, "neighborhood": "bedstuy" }, "geometry": { "type": "MultiPolygon", "coordinates": [ [ [ [ -73.939970952801573, 40.692682452484561 ], [ -73.939825954445084, 40.691949453545838 ], [ -73.939680957242729, 40.691218455483003 ], [ -73.942515954019981, 40.690891460775852 ], [ -73.942661952351543, 40.691623459594112 ], [ -73.942806949359493, 40.692357458118508 ], [ -73.942822949371148, 40.692442458820615 ], [ -73.942851948956246, 40.692588457392638 ], [ -73.942950946953388, 40.693090457537402 ], [ -73.943099945215707, 40.693822455684142 ], [ -73.940264948443243, 40.694147449363754 ], [ -73.940117950325856, 40.693415451508052 ], [ -73.939970952801573, 40.692682452484561 ] ] ] ] } },
{ "type": "Feature", "properties": { "GISJOIN": "G36004700281002", "Total Pop (Race/Ethnicity)": 1994, "Not Hispanic or Latino": 1695, "Not Hispanic or Latino: White alone": 215, "Not Hispanic or Latino: Black or African American alone": 1280, "Not Hispanic or Latino: American Indian and Alaska Native alone": 0, "Not Hispanic or Latino: Asian alone": 29, "Not Hispanic or Latino: Native Hawaiian and Other Pacific Islander alone": 0, "Not Hispanic or Latino: Some other race alone": 0, "Not Hispanic or Latino: Two or more races": 171, "Not Hispanic or Latino: Two or more races: Two races including Some other race": 127, "Not Hispanic or Latino: Two or more races: Two races excluding Some other race, and three or more races": 44, "Hispanic or Latino": 299, "Total Households (Income)": 629, "Less than $10,000": 12, "$10,000 to $14,999": 62, "$15,000 to $19,999": 30, "$20,000 to $24,999": 45, "$25,000 to $29,999": 177, "$30,000 to $34,999": 0, "$35,000 to $39,999": 0, "$40,000 to $44,999": 19, "$45,000 to $49,999": 0, "$50,000 to $59,999": 51, "$60,000 to $74,999": 19, "$75,000 to $99,999": 61, "$100,000 to $124,999": 56, "$125,000 to $149,999": 71, "$150,000 to $199,999": 22, "$200,000 or more": 4, "COUNTY": "Kings County", "TRACTCE": "028100", "BLKGRPCE": "2", "Area (Sq Mi)": 0.01586100386100386, "zip_code": "11221", "block_group": "0281002", "bg_area": 442185.45104698738, "overlap_area": 442185.45104698738, "frac_in_neighborhood": 1.0, "pop_in_neighborhood": 1994.0, "neighborhood": "bedstuy" }, "geometry": { "type": "MultiPolygon", "coordinates": [ [ [ [ -73.936904957443161, 40.69228744710243 ], [ -73.936757959012169, 40.691555448654512 ], [ -73.939680957242729, 40.691218455483003 ], [ -73.939825954445084, 40.691949453545838 ], [ -73.939970952801573, 40.692682452484561 ], [ -73.93912695310155, 40.692779451114831 ], [ -73.938958953430273, 40.69279945051175 ], [ -73.937048955291388, 40.693020445652081 ], [ -73.936904957443161, 40.69228744710243 ] ] ] ] } },
{ "type": "Feature", "properties": { "GISJOIN": "G36004700279003", "Total Pop (Race/Ethnicity)": 1144, "Not Hispanic or Latino": 1112, "Not Hispanic or Latino: White alone": 467, "Not Hispanic or Latino: Black or African American alone": 542, "Not Hispanic or Latino: American Indian and Alaska Native alone": 0, "Not Hispanic or Latino: Asian alone": 28, "Not Hispanic or Latino: Native Hawaiian and Other Pacific Islander alone": 0, "Not Hispanic or Latino: Some other race alone": 74, "Not Hispanic or Latino: Two or more races": 1, "Not Hispanic or Latino: Two or more races: Two races including Some other race": 0, "Not Hispanic or Latino: Two or more races: Two races excluding Some other race, and three or more races": 1, "Hispanic or Latino": 32, "Total Households (Income)": 509, "Less than $10,000": 0, "$10,000 to $14,999": 0, "$15,000 to $19,999": 18, "$20,000 to $24,999": 70, "$25,000 to $29,999": 0, "$30,000 to $34,999": 5, "$35,000 to $39,999": 28, "$40,000 to $44,999": 43, "$45,000 to $49,999": 0, "$50,000 to $59,999": 28, "$60,000 to $74,999": 108, "$75,000 to $99,999": 16, "$100,000 to $124,999": 0, "$125,000 to $149,999": 16, "$150,000 to $199,999": 44, "$200,000 or more": 133, "COUNTY": "Kings County", "TRACTCE": "027900", "BLKGRPCE": "3", "Area (Sq Mi)": 0.015643243243243243, "zip_code": "11221", "block_group": "0279003", "bg_area": 436104.11370106431, "overlap_area": 436104.11370106426, "frac_in_neighborhood": 0.99999999999999989, "pop_in_neighborhood": 1143.9999999999998, "neighborhood": "bedstuy" }, "geometry": { "type": "MultiPolygon", "coordinates": [ [ [ [ -73.936320966196845, 40.689353452819113 ], [ -73.939242962629592, 40.689022458390284 ], [ -73.942075960863193, 40.688696464986251 ], [ -73.942221958145865, 40.689427463633983 ], [ -73.939388961118823, 40.689755458432529 ], [ -73.936466963660976, 40.690089451443733 ], [ -73.936320966196845, 40.689353452819113 ] ] ] ] } },
{ "type": "Feature", "properties": { "GISJOIN": "G36004700279004", "Total Pop (Race/Ethnicity)": 1262, "Not Hispanic or Latino": 1168, "Not Hispanic or Latino: White alone": 472, "Not Hispanic or Latino: Black or African American alone": 646, "Not Hispanic or Latino: American Indian and Alaska Native alone": 0, "Not Hispanic or Latino: Asian alone": 25, "Not Hispanic or Latino: Native Hawaiian and Other Pacific Islander alone": 0, "Not Hispanic or Latino: Some other race alone": 0, "Not Hispanic or Latino: Two or more races": 25, "Not Hispanic or Latino: Two or more races: Two races including Some other race": 0, "Not Hispanic or Latino: Two or more races: Two races excluding Some other race, and three or more races": 25, "Hispanic or Latino": 94, "Total Households (Income)": 469, "Less than $10,000": 44, "$10,000 to $14,999": 51, "$15,000 to $19,999": 0, "$20,000 to $24,999": 18, "$25,000 to $29,999": 0, "$30,000 to $34,999": 0, "$35,000 to $39,999": 35, "$40,000 to $44,999": 0, "$45,000 to $49,999": 0, "$50,000 to $59,999": 29, "$60,000 to $74,999": 0, "$75,000 to $99,999": 38, "$100,000 to $124,999": 19, "$125,000 to $149,999": 94, "$150,000 to $199,999": 106, "$200,000 or more": 35, "COUNTY": "Kings County", "TRACTCE": "027900", "BLKGRPCE": "4", "Area (Sq Mi)": 0.01562934362934363, "zip_code": "11221", "block_group": "0279004", "bg_area": 435716.83238523448, "overlap_area": 435716.83238523453, "frac_in_neighborhood": 1.0000000000000002, "pop_in_neighborhood": 1262.0000000000002, "neighborhood": "bedstuy" }, "geometry": { "type": "MultiPolygon", "coordinates": [ [ [ [ -73.936171968650001, 40.688626454651278 ], [ -73.939096964792441, 40.688288460867071 ], [ -73.941931962256348, 40.687962467171445 ], [ -73.942075960863193, 40.688696464986251 ], [ -73.939242962629592, 40.689022458390284 ], [ -73.936320966196845, 40.689353452819113 ], [ -73.936171968650001, 40.688626454651278 ] ] ] ] } },
{ "type": "Feature", "properties": { "GISJOIN": "G36004700277002", "Total Pop (Race/Ethnicity)": 539, "Not Hispanic or Latino": 470, "Not Hispanic or Latino: White alone": 74, "Not Hispanic or Latino: Black or African American alone": 388, "Not Hispanic or Latino: American Indian and Alaska Native alone": 0, "Not Hispanic or Latino: Asian alone": 0, "Not Hispanic or Latino: Native Hawaiian and Other Pacific Islander alone": 0, "Not Hispanic or Latino: Some other race alone": 0, "Not Hispanic or Latino: Two or more races": 8, "Not Hispanic or Latino: Two or more races: Two races including Some other race": 0, "Not Hispanic or Latino: Two or more races: Two races excluding Some other race, and three or more races": 8, "Hispanic or Latino": 69, "Total Households (Income)": 242, "Less than $10,000": 0, "$10,000 to $14,999": 0, "$15,000 to $19,999": 0, "$20,000 to $24,999": 0, "$25,000 to $29,999": 0, "$30,000 to $34,999": 0, "$35,000 to $39,999": 0, "$40,000 to $44,999": 0, "$45,000 to $49,999": 22, "$50,000 to $59,999": 0, "$60,000 to $74,999": 0, "$75,000 to $99,999": 17, "$100,000 to $124,999": 7, "$125,000 to $149,999": 31, "$150,000 to $199,999": 81, "$200,000 or more": 84, "COUNTY": "Kings County", "TRACTCE": "027700", "BLKGRPCE": "2", "Area (Sq Mi)": 0.015890733590733591, "zip_code": "11221", "block_group": "0277002", "bg_area": 443006.52334880503, "overlap_area": 443006.52334880497, "frac_in_neighborhood": 0.99999999999999989, "pop_in_neighborhood": 538.99999999999989, "neighborhood": "bedstuy" }, "geometry": { "type": "MultiPolygon", "coordinates": [ [ [ [ -73.93573597426159, 40.686427457460006 ], [ -73.935589975770839, 40.68569445993446 ], [ -73.938514973149935, 40.685357465563143 ], [ -73.938658971638574, 40.686090464749199 ], [ -73.938804968571162, 40.686824463063992 ], [ -73.935878972340959, 40.687159456807073 ], [ -73.93573597426159, 40.686427457460006 ] ] ] ] } },
{ "type": "Feature", "properties": { "GISJOIN": "G36004700277001", "Total Pop (Race/Ethnicity)": 1465, "Not Hispanic or Latino": 1134, "Not Hispanic or Latino: White alone": 174, "Not Hispanic or Latino: Black or African American alone": 861, "Not Hispanic or Latino: American Indian and Alaska Native alone": 0, "Not Hispanic or Latino: Asian alone": 37, "Not Hispanic or Latino: Native Hawaiian and Other Pacific Islander alone": 0, "Not Hispanic or Latino: Some other race alone": 0, "Not Hispanic or Latino: Two or more races": 62, "Not Hispanic or Latino: Two or more races: Two races including Some other race": 0, "Not Hispanic or Latino: Two or more races: Two races excluding Some other race, and three or more races": 62, "Hispanic or Latino": 331, "Total Households (Income)": 549, "Less than $10,000": 80, "$10,000 to $14,999": 58, "$15,000 to $19,999": 14, "$20,000 to $24,999": 40, "$25,000 to $29,999": 35, "$30,000 to $34,999": 0, "$35,000 to $39,999": 0, "$40,000 to $44,999": 18, "$45,000 to $49,999": 15, "$50,000 to $59,999": 35, "$60,000 to $74,999": 12, "$75,000 to $99,999": 31, "$100,000 to $124,999": 48, "$125,000 to $149,999": 11, "$150,000 to $199,999": 92, "$200,000 or more": 60, "COUNTY": "Kings County", "TRACTCE": "027700", "BLKGRPCE": "1", "Area (Sq Mi)": 0.015888030888030889, "zip_code": "11221", "block_group": "0277001", "bg_area": 442929.02502483228, "overlap_area": 442929.02502483228, "frac_in_neighborhood": 1.0, "pop_in_neighborhood": 1465.0, "neighborhood": "bedstuy" }, "geometry": { "type": "MultiPolygon", "coordinates": [ [ [ [ -73.936026969915062, 40.687891455056672 ], [ -73.935878972340959, 40.687159456807073 ], [ -73.938804968571162, 40.686824463063992 ], [ -73.938949967309256, 40.687556461481677 ], [ -73.939096964792441, 40.688288460867071 ], [ -73.936171968650001, 40.688626454651278 ], [ -73.936026969915062, 40.687891455056672 ] ] ] ] } },
{ "type": "Feature", "properties": { "GISJOIN": "G36004700277004", "Total Pop (Race/Ethnicity)": 1790, "Not Hispanic or Latino": 1363, "Not Hispanic or Latino: White alone": 61, "Not Hispanic or Latino: Black or African American alone": 945, "Not Hispanic or Latino: American Indian and Alaska Native alone": 0, "Not Hispanic or Latino: Asian alone": 9, "Not Hispanic or Latino: Native Hawaiian and Other Pacific Islander alone": 0, "Not Hispanic or Latino: Some other race alone": 0, "Not Hispanic or Latino: Two or more races": 348, "Not Hispanic or Latino: Two or more races: Two races including Some other race": 64, "Not Hispanic or Latino: Two or more races: Two races excluding Some other race, and three or more races": 284, "Hispanic or Latino": 427, "Total Households (Income)": 572, "Less than $10,000": 126, "$10,000 to $14,999": 104, "$15,000 to $19,999": 66, "$20,000 to $24,999": 4, "$25,000 to $29,999": 30, "$30,000 to $34,999": 17, "$35,000 to $39,999": 0, "$40,000 to $44,999": 14, "$45,000 to $49,999": 0, "$50,000 to $59,999": 14, "$60,000 to $74,999": 0, "$75,000 to $99,999": 40, "$100,000 to $124,999": 22, "$125,000 to $149,999": 74, "$150,000 to $199,999": 41, "$200,000 or more": 20, "COUNTY": "Kings County", "TRACTCE": "027700", "BLKGRPCE": "4", "Area (Sq Mi)": 0.0154, "zip_code": "11221", "block_group": "0277004", "bg_area": 429326.61403485038, "overlap_area": 429326.61403485038, "frac_in_neighborhood": 1.0, "pop_in_neighborhood": 1790.0, "neighborhood": "bedstuy" }, "geometry": { "type": "MultiPolygon", "coordinates": [ [ [ [ -73.938804968571162, 40.686824463063992 ], [ -73.941639966551818, 40.686496469836719 ], [ -73.941784964212971, 40.687227467848075 ], [ -73.941931962256348, 40.687962467171445 ], [ -73.939096964792441, 40.688288460867071 ], [ -73.938949967309256, 40.687556461481677 ], [ -73.938804968571162, 40.686824463063992 ] ] ] ] } },
{ "type": "Feature", "properties": { "GISJOIN": "G36004700277003", "Total Pop (Race/Ethnicity)": 509, "Not Hispanic or Latino": 454, "Not Hispanic or Latino: White alone": 98, "Not Hispanic or Latino: Black or African American alone": 304, "Not Hispanic or Latino: American Indian and Alaska Native alone": 0, "Not Hispanic or Latino: Asian alone": 40, "Not Hispanic or Latino: Native Hawaiian and Other Pacific Islander alone": 0, "Not Hispanic or Latino: Some other race alone": 0, "Not Hispanic or Latino: Two or more races": 12, "Not Hispanic or Latino: Two or more races: Two races including Some other race": 0, "Not Hispanic or Latino: Two or more races: Two races excluding Some other race, and three or more races": 12, "Hispanic or Latino": 55, "Total Households (Income)": 297, "Less than $10,000": 60, "$10,000 to $14,999": 0, "$15,000 to $19,999": 0, "$20,000 to $24,999": 0, "$25,000 to $29,999": 18, "$30,000 to $34,999": 0, "$35,000 to $39,999": 0, "$40,000 to $44,999": 0, "$45,000 to $49,999": 0, "$50,000 to $59,999": 55, "$60,000 to $74,999": 0, "$75,000 to $99,999": 63, "$100,000 to $124,999": 40, "$125,000 to $149,999": 0, "$150,000 to $199,999": 31, "$200,000 or more": 30, "COUNTY": "Kings County", "TRACTCE": "027700", "BLKGRPCE": "3", "Area (Sq Mi)": 0.015411196911196912, "zip_code": "11221", "block_group": "0277003", "bg_area": 429636.53827152029, "overlap_area": 429636.53827152029, "frac_in_neighborhood": 1.0, "pop_in_neighborhood": 509.0, "neighborhood": "bedstuy" }, "geometry": { "type": "MultiPolygon", "coordinates": [ [ [ [ -73.938514973149935, 40.685357465563143 ], [ -73.941347970999317, 40.685030472176493 ], [ -73.941493968569191, 40.685763470670153 ], [ -73.941639966551818, 40.686496469836719 ], [ -73.938804968571162, 40.686824463063992 ], [ -73.938658971638574, 40.686090464749199 ], [ -73.938514973149935, 40.685357465563143 ] ] ] ] } },
{ "type": "Feature", "properties": { "GISJOIN": "G36004700269001", "Total Pop (Race/Ethnicity)": 1432, "Not Hispanic or Latino": 846, "Not Hispanic or Latino: White alone": 206, "Not Hispanic or Latino: Black or African American alone": 521, "Not Hispanic or Latino: American Indian and Alaska Native alone": 0, "Not Hispanic or Latino: Asian alone": 57, "Not Hispanic or Latino: Native Hawaiian and Other Pacific Islander alone": 0, "Not Hispanic or Latino: Some other race alone": 0, "Not Hispanic or Latino: Two or more races": 62, "Not Hispanic or Latino: Two or more races: Two races including Some other race": 0, "Not Hispanic or Latino: Two or more races: Two races excluding Some other race, and three or more races": 62, "Hispanic or Latino": 586, "Total Households (Income)": 526, "Less than $10,000": 43, "$10,000 to $14,999": 41, "$15,000 to $19,999": 0, "$20,000 to $24,999": 0, "$25,000 to $29,999": 15, "$30,000 to $34,999": 0, "$35,000 to $39,999": 0, "$40,000 to $44,999": 0, "$45,000 to $49,999": 0, "$50,000 to $59,999": 0, "$60,000 to $74,999": 88, "$75,000 to $99,999": 14, "$100,000 to $124,999": 110, "$125,000 to $149,999": 77, "$150,000 to $199,999": 66, "$200,000 or more": 72, "COUNTY": "Kings County", "TRACTCE": "026900", "BLKGRPCE": "1", "Area (Sq Mi)": 0.015347490347490347, "zip_code": "11216", "block_group": "0269001", "bg_area": 427865.21444250585, "overlap_area": 427865.21444250585, "frac_in_neighborhood": 1.0, "pop_in_neighborhood": 1432.0, "neighborhood": "bedstuy" }, "geometry": { "type": "MultiPolygon", "coordinates": [ [ [ [ -73.940768979550384, 40.68209947768684 ], [ -73.940619980487696, 40.681369478825353 ], [ -73.943446977905481, 40.681046484965798 ], [ -73.943600976912393, 40.681774483535008 ], [ -73.943744974372407, 40.682507481599153 ], [ -73.940913976621673, 40.68283247659938 ], [ -73.940768979550384, 40.68209947768684 ] ] ] ] } },
{ "type": "Feature", "properties": { "GISJOIN": "G36004700269002", "Total Pop (Race/Ethnicity)": 828, "Not Hispanic or Latino": 659, "Not Hispanic or Latino: White alone": 281, "Not Hispanic or Latino: Black or African American alone": 213, "Not Hispanic or Latino: American Indian and Alaska Native alone": 0, "Not Hispanic or Latino: Asian alone": 0, "Not Hispanic or Latino: Native Hawaiian and Other Pacific Islander alone": 0, "Not Hispanic or Latino: Some other race alone": 0, "Not Hispanic or Latino: Two or more races": 165, "Not Hispanic or Latino: Two or more races: Two races including Some other race": 0, "Not Hispanic or Latino: Two or more races: Two races excluding Some other race, and three or more races": 165, "Hispanic or Latino": 169, "Total Households (Income)": 252, "Less than $10,000": 14, "$10,000 to $14,999": 0, "$15,000 to $19,999": 0, "$20,000 to $24,999": 30, "$25,000 to $29,999": 0, "$30,000 to $34,999": 0, "$35,000 to $39,999": 0, "$40,000 to $44,999": 0, "$45,000 to $49,999": 13, "$50,000 to $59,999": 37, "$60,000 to $74,999": 13, "$75,000 to $99,999": 56, "$100,000 to $124,999": 15, "$125,000 to $149,999": 0, "$150,000 to $199,999": 32, "$200,000 or more": 42, "COUNTY": "Kings County", "TRACTCE": "026900", "BLKGRPCE": "2", "Area (Sq Mi)": 0.012996525096525097, "zip_code": "11216", "block_group": "0269002", "bg_area": 362315.05421963101, "overlap_area": 362315.0542196309, "frac_in_neighborhood": 0.99999999999999967, "pop_in_neighborhood": 827.99999999999977, "neighborhood": "bedstuy" }, "geometry": { "type": "MultiPolygon", "coordinates": [ [ [ [ -73.940476983303427, 40.680634479810081 ], [ -73.940327985068237, 40.679889481932484 ], [ -73.941208983595274, 40.679937482885791 ], [ -73.943261981098246, 40.680050485959441 ], [ -73.943312980284745, 40.680313486263572 ], [ -73.943446977905481, 40.681046484965798 ], [ -73.940619980487696, 40.681369478825353 ], [ -73.940476983303427, 40.680634479810081 ] ] ] ] } },
{ "type": "Feature", "properties": { "GISJOIN": "G36004700275004", "Total Pop (Race/Ethnicity)": 1153, "Not Hispanic or Latino": 1004, "Not Hispanic or Latino: White alone": 162, "Not Hispanic or Latino: Black or African American alone": 718, "Not Hispanic or Latino: American Indian and Alaska Native alone": 0, "Not Hispanic or Latino: Asian alone": 17, "Not Hispanic or Latino: Native Hawaiian and Other Pacific Islander alone": 0, "Not Hispanic or Latino: Some other race alone": 0, "Not Hispanic or Latino: Two or more races": 107, "Not Hispanic or Latino: Two or more races: Two races including Some other race": 59, "Not Hispanic or Latino: Two or more races: Two races excluding Some other race, and three or more races": 48, "Hispanic or Latino": 149, "Total Households (Income)": 460, "Less than $10,000": 18, "$10,000 to $14,999": 14, "$15,000 to $19,999": 22, "$20,000 to $24,999": 9, "$25,000 to $29,999": 23, "$30,000 to $34,999": 17, "$35,000 to $39,999": 39, "$40,000 to $44,999": 0, "$45,000 to $49,999": 0, "$50,000 to $59,999": 10, "$60,000 to $74,999": 82, "$75,000 to $99,999": 43, "$100,000 to $124,999": 44, "$125,000 to $149,999": 15, "$150,000 to $199,999": 66, "$200,000 or more": 58, "COUNTY": "Kings County", "TRACTCE": "027500", "BLKGRPCE": "4", "Area (Sq Mi)": 0.015662548262548263, "zip_code": "11233", "block_group": "0275004", "bg_area": 436651.27472368808, "overlap_area": 436651.27472368814, "frac_in_neighborhood": 1.0000000000000002, "pop_in_neighborhood": 1153.0000000000002, "neighborhood": "bedstuy" }, "geometry": { "type": "MultiPolygon", "coordinates": [ [ [ [ -73.935007984537066, 40.682763465097842 ], [ -73.93793298138543, 40.682426470704982 ], [ -73.940768979550384, 40.68209947768684 ], [ -73.940913976621673, 40.68283247659938 ], [ -73.938076980185471, 40.683160470301601 ], [ -73.935154983033371, 40.683496463766502 ], [ -73.935007984537066, 40.682763465097842 ] ] ] ] } },
{ "type": "Feature", "properties": { "GISJOIN": "G36004700273001", "Total Pop (Race/Ethnicity)": 881, "Not Hispanic or Latino": 872, "Not Hispanic or Latino: White alone": 201, "Not Hispanic or Latino: Black or African American alone": 584, "Not Hispanic or Latino: American Indian and Alaska Native alone": 0, "Not Hispanic or Latino: Asian alone": 46, "Not Hispanic or Latino: Native Hawaiian and Other Pacific Islander alone": 0, "Not Hispanic or Latino: Some other race alone": 0, "Not Hispanic or Latino: Two or more races": 41, "Not Hispanic or Latino: Two or more races: Two races including Some other race": 8, "Not Hispanic or Latino: Two or more races: Two races excluding Some other race, and three or more races": 33, "Hispanic or Latino": 9, "Total Households (Income)": 308, "Less than $10,000": 17, "$10,000 to $14,999": 0, "$15,000 to $19,999": 0, "$20,000 to $24,999": 0, "$25,000 to $29,999": 0, "$30,000 to $34,999": 9, "$35,000 to $39,999": 0, "$40,000 to $44,999": 0, "$45,000 to $49,999": 0, "$50,000 to $59,999": 0, "$60,000 to $74,999": 18, "$75,000 to $99,999": 0, "$100,000 to $124,999": 0, "$125,000 to $149,999": 55, "$150,000 to $199,999": 72, "$200,000 or more": 137, "COUNTY": "Kings County", "TRACTCE": "027300", "BLKGRPCE": "1", "Area (Sq Mi)": 0.015642084942084942, "zip_code": "11233", "block_group": "0273001", "bg_area": 436070.0770629872, "overlap_area": 436070.07706298726, "frac_in_neighborhood": 1.0000000000000002, "pop_in_neighborhood": 881.00000000000023, "neighborhood": "bedstuy" }, "geometry": { "type": "MultiPolygon", "coordinates": [ [ [ [ -73.934861987137467, 40.682030466181097 ], [ -73.937520983675199, 40.681723471603533 ], [ -73.937787984092139, 40.68169347215678 ], [ -73.940619980487696, 40.681369478825353 ], [ -73.940768979550384, 40.68209947768684 ], [ -73.93793298138543, 40.682426470704982 ], [ -73.935007984537066, 40.682763465097842 ], [ -73.934861987137467, 40.682030466181097 ] ] ] ] } },
{ "type": "Feature", "properties": { "GISJOIN": "G36004700273002", "Total Pop (Race/Ethnicity)": 898, "Not Hispanic or Latino": 877, "Not Hispanic or Latino: White alone": 102, "Not Hispanic or Latino: Black or African American alone": 775, "Not Hispanic or Latino: American Indian and Alaska Native alone": 0, "Not Hispanic or Latino: Asian alone": 0, "Not Hispanic or Latino: Native Hawaiian and Other Pacific Islander alone": 0, "Not Hispanic or Latino: Some other race alone": 0, "Not Hispanic or Latino: Two or more races": 0, "Not Hispanic or Latino: Two or more races: Two races including Some other race": 0, "Not Hispanic or Latino: Two or more races: Two races excluding Some other race, and three or more races": 0, "Hispanic or Latino": 21, "Total Households (Income)": 327, "Less than $10,000": 0, "$10,000 to $14,999": 19, "$15,000 to $19,999": 0, "$20,000 to $24,999": 0, "$25,000 to $29,999": 0, "$30,000 to $34,999": 0, "$35,000 to $39,999": 0, "$40,000 to $44,999": 0, "$45,000 to $49,999": 0, "$50,000 to $59,999": 0, "$60,000 to $74,999": 44, "$75,000 to $99,999": 0, "$100,000 to $124,999": 135, "$125,000 to $149,999": 20, "$150,000 to $199,999": 63, "$200,000 or more": 46, "COUNTY": "Kings County", "TRACTCE": "027300", "BLKGRPCE": "2", "Area (Sq Mi)": 0.015650193050193051, "zip_code": "11216", "block_group": "0273002", "bg_area": 436297.70080437348, "overlap_area": 436297.70080437348, "frac_in_neighborhood": 1.0, "pop_in_neighborhood": 898.0, "neighborhood": "bedstuy" }, "geometry": { "type": "MultiPolygon", "coordinates": [ [ [ [ -73.934714988610864, 40.68129746777889 ], [ -73.937449985878104, 40.680983473550832 ], [ -73.937641986360532, 40.680962474333462 ], [ -73.938546985286536, 40.680856475979283 ], [ -73.940476983303427, 40.680634479810081 ], [ -73.940619980487696, 40.681369478825353 ], [ -73.937787984092139, 40.68169347215678 ], [ -73.937520983675199, 40.681723471603533 ], [ -73.934861987137467, 40.682030466181097 ], [ -73.934714988610864, 40.68129746777889 ] ] ] ] } },
{ "type": "Feature", "properties": { "GISJOIN": "G36004700273003", "Total Pop (Race/Ethnicity)": 2397, "Not Hispanic or Latino": 1894, "Not Hispanic or Latino: White alone": 108, "Not Hispanic or Latino: Black or African American alone": 1453, "Not Hispanic or Latino: American Indian and Alaska Native alone": 0, "Not Hispanic or Latino: Asian alone": 115, "Not Hispanic or Latino: Native Hawaiian and Other Pacific Islander alone": 0, "Not Hispanic or Latino: Some other race alone": 52, "Not Hispanic or Latino: Two or more races": 166, "Not Hispanic or Latino: Two or more races: Two races including Some other race": 4, "Not Hispanic or Latino: Two or more races: Two races excluding Some other race, and three or more races": 162, "Hispanic or Latino": 503, "Total Households (Income)": 785, "Less than $10,000": 23, "$10,000 to $14,999": 79, "$15,000 to $19,999": 17, "$20,000 to $24,999": 49, "$25,000 to $29,999": 34, "$30,000 to $34,999": 0, "$35,000 to $39,999": 13, "$40,000 to $44,999": 51, "$45,000 to $49,999": 90, "$50,000 to $59,999": 47, "$60,000 to $74,999": 23, "$75,000 to $99,999": 47, "$100,000 to $124,999": 2, "$125,000 to $149,999": 78, "$150,000 to $199,999": 113, "$200,000 or more": 119, "COUNTY": "Kings County", "TRACTCE": "027300", "BLKGRPCE": "3", "Area (Sq Mi)": 0.026508880308880309, "zip_code": "11213", "block_group": "0273003", "bg_area": 739020.15663059673, "overlap_area": 739020.15663059684, "frac_in_neighborhood": 1.0000000000000002, "pop_in_neighborhood": 2397.0000000000005, "neighborhood": "bedstuy" }, "geometry": { "type": "MultiPolygon", "coordinates": [ [ [ [ -73.934570990735949, 40.680564468831612 ], [ -73.934507991947328, 40.68022046957617 ], [ -73.934394993357287, 40.679834469591562 ], [ -73.934350993767097, 40.679563470705666 ], [ -73.934871992473731, 40.679592472129407 ], [ -73.937397989316949, 40.679729476143599 ], [ -73.938435987759846, 40.679785478208771 ], [ -73.93862498830309, 40.679795478495059 ], [ -73.940327985068237, 40.679889481932484 ], [ -73.940476983303427, 40.680634479810081 ], [ -73.938546985286536, 40.680856475979283 ], [ -73.937641986360532, 40.680962474333462 ], [ -73.937449985878104, 40.680983473550832 ], [ -73.934714988610864, 40.68129746777889 ], [ -73.934570990735949, 40.680564468831612 ] ] ] ] } },
{ "type": "Feature", "properties": { "GISJOIN": "G36004700275003", "Total Pop (Race/Ethnicity)": 752, "Not Hispanic or Latino": 712, "Not Hispanic or Latino: White alone": 95, "Not Hispanic or Latino: Black or African American alone": 596, "Not Hispanic or Latino: American Indian and Alaska Native alone": 0, "Not Hispanic or Latino: Asian alone": 21, "Not Hispanic or Latino: Native Hawaiian and Other Pacific Islander alone": 0, "Not Hispanic or Latino: Some other race alone": 0, "Not Hispanic or Latino: Two or more races": 0, "Not Hispanic or Latino: Two or more races: Two races including Some other race": 0, "Not Hispanic or Latino: Two or more races: Two races excluding Some other race, and three or more races": 0, "Hispanic or Latino": 40, "Total Households (Income)": 287, "Less than $10,000": 22, "$10,000 to $14,999": 0, "$15,000 to $19,999": 0, "$20,000 to $24,999": 0, "$25,000 to $29,999": 30, "$30,000 to $34,999": 10, "$35,000 to $39,999": 0, "$40,000 to $44,999": 39, "$45,000 to $49,999": 0, "$50,000 to $59,999": 0, "$60,000 to $74,999": 25, "$75,000 to $99,999": 37, "$100,000 to $124,999": 38, "$125,000 to $149,999": 0, "$150,000 to $199,999": 16, "$200,000 or more": 70, "COUNTY": "Kings County", "TRACTCE": "027500", "BLKGRPCE": "3", "Area (Sq Mi)": 0.015642084942084942, "zip_code": "11233", "block_group": "0275003", "bg_area": 436071.3410037873, "overlap_area": 436071.34100378724, "frac_in_neighborhood": 0.99999999999999989, "pop_in_neighborhood": 751.99999999999989, "neighborhood": "bedstuy" }, "geometry": { "type": "MultiPolygon", "coordinates": [ [ [ [ -73.935154983033371, 40.683496463766502 ], [ -73.938076980185471, 40.683160470301601 ], [ -73.940913976621673, 40.68283247659938 ], [ -73.94105797462376, 40.683566474640976 ], [ -73.938414976490137, 40.683870468732536 ], [ -73.938222976896583, 40.683893467976418 ], [ -73.938036978406856, 40.683914468034551 ], [ -73.935299979917446, 40.684228462041119 ], [ -73.935154983033371, 40.683496463766502 ] ] ] ] } },
{ "type": "Feature", "properties": { "GISJOIN": "G36004700275002", "Total Pop (Race/Ethnicity)": 2188, "Not Hispanic or Latino": 2076, "Not Hispanic or Latino: White alone": 310, "Not Hispanic or Latino: Black or African American alone": 1484, "Not Hispanic or Latino: American Indian and Alaska Native alone": 0, "Not Hispanic or Latino: Asian alone": 21, "Not Hispanic or Latino: Native Hawaiian and Other Pacific Islander alone": 0, "Not Hispanic or Latino: Some other race alone": 0, "Not Hispanic or Latino: Two or more races": 261, "Not Hispanic or Latino: Two or more races: Two races including Some other race": 216, "Not Hispanic or Latino: Two or more races: Two races excluding Some other race, and three or more races": 45, "Hispanic or Latino": 112, "Total Households (Income)": 697, "Less than $10,000": 86, "$10,000 to $14,999": 36, "$15,000 to $19,999": 19, "$20,000 to $24,999": 21, "$25,000 to $29,999": 13, "$30,000 to $34,999": 13, "$35,000 to $39,999": 21, "$40,000 to $44,999": 0, "$45,000 to $49,999": 0, "$50,000 to $59,999": 36, "$60,000 to $74,999": 10, "$75,000 to $99,999": 71, "$100,000 to $124,999": 126, "$125,000 to $149,999": 59, "$150,000 to $199,999": 29, "$200,000 or more": 157, "COUNTY": "Kings County", "TRACTCE": "027500", "BLKGRPCE": "2", "Area (Sq Mi)": 0.01564826254826255, "zip_code": "11221", "block_group": "0275002", "bg_area": 436247.75627702149, "overlap_area": 436247.75627702149, "frac_in_neighborhood": 1.0, "pop_in_neighborhood": 2188.0, "neighborhood": "bedstuy" }, "geometry": { "type": "MultiPolygon", "coordinates": [ [ [ [ -73.935299979917446, 40.684228462041119 ], [ -73.938036978406856, 40.683914468034551 ], [ -73.938222976896583, 40.683893467976418 ], [ -73.938414976490137, 40.683870468732536 ], [ -73.94105797462376, 40.683566474640976 ], [ -73.941075974869975, 40.683659474721189 ], [ -73.941128972981701, 40.683926474357264 ], [ -73.941203972279624, 40.684299472862293 ], [ -73.938367975280116, 40.684625467584958 ], [ -73.935443978837696, 40.684962460570354 ], [ -73.935299979917446, 40.684228462041119 ] ] ] ] } },
{ "type": "Feature", "properties": { "GISJOIN": "G36004700275001", "Total Pop (Race/Ethnicity)": 1179, "Not Hispanic or Latino": 1083, "Not Hispanic or Latino: White alone": 102, "Not Hispanic or Latino: Black or African American alone": 882, "Not Hispanic or Latino: American Indian and Alaska Native alone": 0, "Not Hispanic or Latino: Asian alone": 0, "Not Hispanic or Latino: Native Hawaiian and Other Pacific Islander alone": 0, "Not Hispanic or Latino: Some other race alone": 13, "Not Hispanic or Latino: Two or more races": 86, "Not Hispanic or Latino: Two or more races: Two races including Some other race": 20, "Not Hispanic or Latino: Two or more races: Two races excluding Some other race, and three or more races": 66, "Hispanic or Latino": 96, "Total Households (Income)": 347, "Less than $10,000": 73, "$10,000 to $14,999": 0, "$15,000 to $19,999": 0, "$20,000 to $24,999": 0, "$25,000 to $29,999": 0, "$30,000 to $34,999": 42, "$35,000 to $39,999": 0, "$40,000 to $44,999": 0, "$45,000 to $49,999": 0, "$50,000 to $59,999": 6, "$60,000 to $74,999": 24, "$75,000 to $99,999": 69, "$100,000 to $124,999": 24, "$125,000 to $149,999": 14, "$150,000 to $199,999": 0, "$200,000 or more": 95, "COUNTY": "Kings County", "TRACTCE": "027500", "BLKGRPCE": "1", "Area (Sq Mi)": 0.015625096525096527, "zip_code": "11221", "block_group": "0275001", "bg_area": 435606.26495359367, "overlap_area": 435606.26495359367, "frac_in_neighborhood": 1.0, "pop_in_neighborhood": 1179.0, "neighborhood": "bedstuy" }, "geometry": { "type": "MultiPolygon", "coordinates": [ [ [ [ -73.935443978837696, 40.684962460570354 ], [ -73.938367975280116, 40.684625467584958 ], [ -73.941203972279624, 40.684299472862293 ], [ -73.941347970999317, 40.685030472176493 ], [ -73.938514973149935, 40.685357465563143 ], [ -73.935589975770839, 40.68569445993446 ], [ -73.935443978837696, 40.684962460570354 ] ] ] ] } },
{ "type": "Feature", "properties": { "GISJOIN": "G36004700295004", "Total Pop (Race/Ethnicity)": 1248, "Not Hispanic or Latino": 1164, "Not Hispanic or Latino: White alone": 125, "Not Hispanic or Latino: Black or African American alone": 857, "Not Hispanic or Latino: American Indian and Alaska Native alone": 0, "Not Hispanic or Latino: Asian alone": 0, "Not Hispanic or Latino: Native Hawaiian and Other Pacific Islander alone": 0, "Not Hispanic or Latino: Some other race alone": 162, "Not Hispanic or Latino: Two or more races": 20, "Not Hispanic or Latino: Two or more races: Two races including Some other race": 0, "Not Hispanic or Latino: Two or more races: Two races excluding Some other race, and three or more races": 20, "Hispanic or Latino": 84, "Total Households (Income)": 484, "Less than $10,000": 50, "$10,000 to $14,999": 62, "$15,000 to $19,999": 0, "$20,000 to $24,999": 0, "$25,000 to $29,999": 0, "$30,000 to $34,999": 0, "$35,000 to $39,999": 57, "$40,000 to $44,999": 0, "$45,000 to $49,999": 0, "$50,000 to $59,999": 0, "$60,000 to $74,999": 0, "$75,000 to $99,999": 89, "$100,000 to $124,999": 22, "$125,000 to $149,999": 0, "$150,000 to $199,999": 81, "$200,000 or more": 123, "COUNTY": "Kings County", "TRACTCE": "029500", "BLKGRPCE": "4", "Area (Sq Mi)": 0.015891505791505792, "zip_code": "11221", "block_group": "0295004", "bg_area": 443026.17598018073, "overlap_area": 443026.17598018073, "frac_in_neighborhood": 1.0, "pop_in_neighborhood": 1248.0, "neighborhood": "bedstuy" }, "geometry": { "type": "MultiPolygon", "coordinates": [ [ [ [ -73.932377982719814, 40.684564456065402 ], [ -73.932822982685707, 40.684512456856091 ], [ -73.935013981318761, 40.684260460948387 ], [ -73.935299979917446, 40.684228462041119 ], [ -73.935443978837696, 40.684962460570354 ], [ -73.935589975770839, 40.68569445993446 ], [ -73.932668979068126, 40.686031453982842 ], [ -73.932521981334958, 40.685297454021701 ], [ -73.932377982719814, 40.684564456065402 ] ] ] ] } },
{ "type": "Feature", "properties": { "GISJOIN": "G36004700295001", "Total Pop (Race/Ethnicity)": 1501, "Not Hispanic or Latino": 1375, "Not Hispanic or Latino: White alone": 275, "Not Hispanic or Latino: Black or African American alone": 1053, "Not Hispanic or Latino: American Indian and Alaska Native alone": 0, "Not Hispanic or Latino: Asian alone": 17, "Not Hispanic or Latino: Native Hawaiian and Other Pacific Islander alone": 0, "Not Hispanic or Latino: Some other race alone": 0, "Not Hispanic or Latino: Two or more races": 30, "Not Hispanic or Latino: Two or more races: Two races including Some other race": 0, "Not Hispanic or Latino: Two or more races: Two races excluding Some other race, and three or more races": 30, "Hispanic or Latino": 126, "Total Households (Income)": 663, "Less than $10,000": 26, "$10,000 to $14,999": 157, "$15,000 to $19,999": 0, "$20,000 to $24,999": 0, "$25,000 to $29,999": 0, "$30,000 to $34,999": 0, "$35,000 to $39,999": 14, "$40,000 to $44,999": 27, "$45,000 to $49,999": 10, "$50,000 to $59,999": 20, "$60,000 to $74,999": 75, "$75,000 to $99,999": 66, "$100,000 to $124,999": 20, "$125,000 to $149,999": 20, "$150,000 to $199,999": 43, "$200,000 or more": 185, "COUNTY": "Kings County", "TRACTCE": "029500", "BLKGRPCE": "1", "Area (Sq Mi)": 0.015903088803088803, "zip_code": "11221", "block_group": "0295001", "bg_area": 443340.25820525031, "overlap_area": 443340.2582052502, "frac_in_neighborhood": 0.99999999999999978, "pop_in_neighborhood": 1500.9999999999998, "neighborhood": "bedstuy" }, "geometry": { "type": "MultiPolygon", "coordinates": [ [ [ [ -73.929590984083987, 40.685634448496486 ], [ -73.929521985350348, 40.685272448956063 ], [ -73.929451986153822, 40.684902448920681 ], [ -73.932312982757395, 40.684571454920992 ], [ -73.932377982719814, 40.684564456065402 ], [ -73.932521981334958, 40.685297454021701 ], [ -73.932668979068126, 40.686031453982842 ], [ -73.929749982021335, 40.686365445976008 ], [ -73.929590984083987, 40.685634448496486 ] ] ] ] } },
{ "type": "Feature", "properties": { "GISJOIN": "G36004700295002", "Total Pop (Race/Ethnicity)": 605, "Not Hispanic or Latino": 471, "Not Hispanic or Latino: White alone": 276, "Not Hispanic or Latino: Black or African American alone": 124, "Not Hispanic or Latino: American Indian and Alaska Native alone": 0, "Not Hispanic or Latino: Asian alone": 28, "Not Hispanic or Latino: Native Hawaiian and Other Pacific Islander alone": 0, "Not Hispanic or Latino: Some other race alone": 35, "Not Hispanic or Latino: Two or more races": 8, "Not Hispanic or Latino: Two or more races: Two races including Some other race": 0, "Not Hispanic or Latino: Two or more races: Two races excluding Some other race, and three or more races": 8, "Hispanic or Latino": 134, "Total Households (Income)": 352, "Less than $10,000": 0, "$10,000 to $14,999": 0, "$15,000 to $19,999": 0, "$20,000 to $24,999": 28, "$25,000 to $29,999": 36, "$30,000 to $34,999": 0, "$35,000 to $39,999": 25, "$40,000 to $44,999": 0, "$45,000 to $49,999": 16, "$50,000 to $59,999": 9, "$60,000 to $74,999": 0, "$75,000 to $99,999": 67, "$100,000 to $124,999": 45, "$125,000 to $149,999": 0, "$150,000 to $199,999": 23, "$200,000 or more": 103, "COUNTY": "Kings County", "TRACTCE": "029500", "BLKGRPCE": "2", "Area (Sq Mi)": 0.015880694980694981, "zip_code": "11233", "block_group": "0295002", "bg_area": 442725.46106064139, "overlap_area": 442725.46106064133, "frac_in_neighborhood": 0.99999999999999989, "pop_in_neighborhood": 604.99999999999989, "neighborhood": "bedstuy" }, "geometry": { "type": "MultiPolygon", "coordinates": [ [ [ [ -73.929308987228239, 40.684168450938202 ], [ -73.929160989951498, 40.683436452518535 ], [ -73.932085987521504, 40.683099459116498 ], [ -73.932229986241055, 40.683832456798314 ], [ -73.932377982719814, 40.684564456065402 ], [ -73.932312982757395, 40.684571454920992 ], [ -73.929451986153822, 40.684902448920681 ], [ -73.929308987228239, 40.684168450938202 ] ] ] ] } },
{ "type": "Feature", "properties": { "GISJOIN": "G36004700295003", "Total Pop (Race/Ethnicity)": 689, "Not Hispanic or Latino": 633, "Not Hispanic or Latino: White alone": 218, "Not Hispanic or Latino: Black or African American alone": 388, "Not Hispanic or Latino: American Indian and Alaska Native alone": 0, "Not Hispanic or Latino: Asian alone": 6, "Not Hispanic or Latino: Native Hawaiian and Other Pacific Islander alone": 0, "Not Hispanic or Latino: Some other race alone": 0, "Not Hispanic or Latino: Two or more races": 21, "Not Hispanic or Latino: Two or more races: Two races including Some other race": 0, "Not Hispanic or Latino: Two or more races: Two races excluding Some other race, and three or more races": 21, "Hispanic or Latino": 56, "Total Households (Income)": 387, "Less than $10,000": 0, "$10,000 to $14,999": 0, "$15,000 to $19,999": 0, "$20,000 to $24,999": 18, "$25,000 to $29,999": 0, "$30,000 to $34,999": 67, "$35,000 to $39,999": 0, "$40,000 to $44,999": 0, "$45,000 to $49,999": 0, "$50,000 to $59,999": 29, "$60,000 to $74,999": 0, "$75,000 to $99,999": 76, "$100,000 to $124,999": 12, "$125,000 to $149,999": 38, "$150,000 to $199,999": 42, "$200,000 or more": 105, "COUNTY": "Kings County", "TRACTCE": "029500", "BLKGRPCE": "3", "Area (Sq Mi)": 0.015871428571428571, "zip_code": "11233", "block_group": "0295003", "bg_area": 442464.58071827277, "overlap_area": 442464.58071827271, "frac_in_neighborhood": 0.99999999999999989, "pop_in_neighborhood": 688.99999999999989, "neighborhood": "bedstuy" }, "geometry": { "type": "MultiPolygon", "coordinates": [ [ [ [ -73.932085987521504, 40.683099459116498 ], [ -73.935007984537066, 40.682763465097842 ], [ -73.935154983033371, 40.683496463766502 ], [ -73.935299979917446, 40.684228462041119 ], [ -73.935013981318761, 40.684260460948387 ], [ -73.932822982685707, 40.684512456856091 ], [ -73.932377982719814, 40.684564456065402 ], [ -73.932229986241055, 40.683832456798314 ], [ -73.932085987521504, 40.683099459116498 ] ] ] ] } },
{ "type": "Feature", "properties": { "GISJOIN": "G36004700297003", "Total Pop (Race/Ethnicity)": 900, "Not Hispanic or Latino": 792, "Not Hispanic or Latino: White alone": 214, "Not Hispanic or Latino: Black or African American alone": 486, "Not Hispanic or Latino: American Indian and Alaska Native alone": 4, "Not Hispanic or Latino: Asian alone": 29, "Not Hispanic or Latino: Native Hawaiian and Other Pacific Islander alone": 0, "Not Hispanic or Latino: Some other race alone": 0, "Not Hispanic or Latino: Two or more races": 59, "Not Hispanic or Latino: Two or more races: Two races including Some other race": 31, "Not Hispanic or Latino: Two or more races: Two races excluding Some other race, and three or more races": 28, "Hispanic or Latino": 108, "Total Households (Income)": 445, "Less than $10,000": 0, "$10,000 to $14,999": 0, "$15,000 to $19,999": 15, "$20,000 to $24,999": 0, "$25,000 to $29,999": 0, "$30,000 to $34,999": 0, "$35,000 to $39,999": 0, "$40,000 to $44,999": 50, "$45,000 to $49,999": 0, "$50,000 to $59,999": 11, "$60,000 to $74,999": 129, "$75,000 to $99,999": 36, "$100,000 to $124,999": 80, "$125,000 to $149,999": 58, "$150,000 to $199,999": 64, "$200,000 or more": 2, "COUNTY": "Kings County", "TRACTCE": "029700", "BLKGRPCE": "3", "Area (Sq Mi)": 0.023823938223938225, "zip_code": "11233", "block_group": "0297003", "bg_area": 664181.61504871305, "overlap_area": 664181.61504871305, "frac_in_neighborhood": 1.0, "pop_in_neighborhood": 900.0, "neighborhood": "bedstuy" }, "geometry": { "type": "MultiPolygon", "coordinates": [ [ [ [ -73.931646993719085, 40.680901462569992 ], [ -73.934570990735949, 40.680564468831612 ], [ -73.934714988610864, 40.68129746777889 ], [ -73.934861987137467, 40.682030466181097 ], [ -73.935007984537066, 40.682763465097842 ], [ -73.932085987521504, 40.683099459116498 ], [ -73.931938990249236, 40.682367459881959 ], [ -73.93179299208829, 40.681633460899718 ], [ -73.931646993719085, 40.680901462569992 ] ] ] ] } },
{ "type": "Feature", "properties": { "GISJOIN": "G36004700297002", "Total Pop (Race/Ethnicity)": 2000, "Not Hispanic or Latino": 1974, "Not Hispanic or Latino: White alone": 154, "Not Hispanic or Latino: Black or African American alone": 1666, "Not Hispanic or Latino: American Indian and Alaska Native alone": 0, "Not Hispanic or Latino: Asian alone": 30, "Not Hispanic or Latino: Native Hawaiian and Other Pacific Islander alone": 0, "Not Hispanic or Latino: Some other race alone": 0, "Not Hispanic or Latino: Two or more races": 124, "Not Hispanic or Latino: Two or more races: Two races including Some other race": 0, "Not Hispanic or Latino: Two or more races: Two races excluding Some other race, and three or more races": 124, "Hispanic or Latino": 26, "Total Households (Income)": 785, "Less than $10,000": 107, "$10,000 to $14,999": 103, "$15,000 to $19,999": 28, "$20,000 to $24,999": 113, "$25,000 to $29,999": 16, "$30,000 to $34,999": 0, "$35,000 to $39,999": 0, "$40,000 to $44,999": 20, "$45,000 to $49,999": 43, "$50,000 to $59,999": 16, "$60,000 to $74,999": 78, "$75,000 to $99,999": 60, "$100,000 to $124,999": 59, "$125,000 to $149,999": 9, "$150,000 to $199,999": 83, "$200,000 or more": 50, "COUNTY": "Kings County", "TRACTCE": "029700", "BLKGRPCE": "2", "Area (Sq Mi)": 0.031688803088803091, "zip_code": "11233", "block_group": "0297002", "bg_area": 883430.778552289, "overlap_area": 883430.77855228912, "frac_in_neighborhood": 1.0000000000000002, "pop_in_neighborhood": 2000.0000000000005, "neighborhood": "bedstuy" }, "geometry": { "type": "MultiPolygon", "coordinates": [ [ [ [ -73.929058001176401, 40.679276461443855 ], [ -73.931326998044398, 40.679366465222522 ], [ -73.932896994957488, 40.679484468278162 ], [ -73.934350993767097, 40.679563470705666 ], [ -73.934394993357287, 40.679834469591562 ], [ -73.934507991947328, 40.68022046957617 ], [ -73.934570990735949, 40.680564468831612 ], [ -73.931646993719085, 40.680901462569992 ], [ -73.928726996660956, 40.681236455966349 ], [ -73.928567998319409, 40.680506457798373 ], [ -73.928542999328229, 40.680353457985689 ], [ -73.928537999266993, 40.680205457886188 ], [ -73.928554999908542, 40.680049458866982 ], [ -73.928592000200922, 40.67989645870761 ], [ -73.928642000375206, 40.679765459795568 ], [ -73.928651000361242, 40.679748460179383 ], [ -73.929058001176401, 40.679276461443855 ] ] ] ] } },
{ "type": "Feature", "properties": { "GISJOIN": "G36004700297001", "Total Pop (Race/Ethnicity)": 1104, "Not Hispanic or Latino": 983, "Not Hispanic or Latino: White alone": 436, "Not Hispanic or Latino: Black or African American alone": 543, "Not Hispanic or Latino: American Indian and Alaska Native alone": 0, "Not Hispanic or Latino: Asian alone": 4, "Not Hispanic or Latino: Native Hawaiian and Other Pacific Islander alone": 0, "Not Hispanic or Latino: Some other race alone": 0, "Not Hispanic or Latino: Two or more races": 0, "Not Hispanic or Latino: Two or more races: Two races including Some other race": 0, "Not Hispanic or Latino: Two or more races: Two races excluding Some other race, and three or more races": 0, "Hispanic or Latino": 121, "Total Households (Income)": 475, "Less than $10,000": 0, "$10,000 to $14,999": 0, "$15,000 to $19,999": 34, "$20,000 to $24,999": 21, "$25,000 to $29,999": 16, "$30,000 to $34,999": 0, "$35,000 to $39,999": 0, "$40,000 to $44,999": 37, "$45,000 to $49,999": 0, "$50,000 to $59,999": 32, "$60,000 to $74,999": 0, "$75,000 to $99,999": 9, "$100,000 to $124,999": 85, "$125,000 to $149,999": 89, "$150,000 to $199,999": 52, "$200,000 or more": 100, "COUNTY": "Kings County", "TRACTCE": "029700", "BLKGRPCE": "1", "Area (Sq Mi)": 0.023854440154440156, "zip_code": "11233", "block_group": "0297001", "bg_area": 665030.8564503449, "overlap_area": 665030.85645034502, "frac_in_neighborhood": 1.0000000000000002, "pop_in_neighborhood": 1104.0000000000002, "neighborhood": "bedstuy" }, "geometry": { "type": "MultiPolygon", "coordinates": [ [ [ [ -73.929008992779259, 40.682702453057544 ], [ -73.928866994131582, 40.681970455134312 ], [ -73.928726996660956, 40.681236455966349 ], [ -73.931646993719085, 40.680901462569992 ], [ -73.93179299208829, 40.681633460899718 ], [ -73.931938990249236, 40.682367459881959 ], [ -73.932085987521504, 40.683099459116498 ], [ -73.929160989951498, 40.683436452518535 ], [ -73.929008992779259, 40.682702453057544 ] ] ] ] } },
{ "type": "Feature", "properties": { "GISJOIN": "G36004700381003", "Total Pop (Race/Ethnicity)": 695, "Not Hispanic or Latino": 552, "Not Hispanic or Latino: White alone": 273, "Not Hispanic or Latino: Black or African American alone": 92, "Not Hispanic or Latino: American Indian and Alaska Native alone": 0, "Not Hispanic or Latino: Asian alone": 162, "Not Hispanic or Latino: Native Hawaiian and Other Pacific Islander alone": 0, "Not Hispanic or Latino: Some other race alone": 0, "Not Hispanic or Latino: Two or more races": 25, "Not Hispanic or Latino: Two or more races: Two races including Some other race": 0, "Not Hispanic or Latino: Two or more races: Two races excluding Some other race, and three or more races": 25, "Hispanic or Latino": 143, "Total Households (Income)": 322, "Less than $10,000": 11, "$10,000 to $14,999": 0, "$15,000 to $19,999": 0, "$20,000 to $24,999": 0, "$25,000 to $29,999": 0, "$30,000 to $34,999": 0, "$35,000 to $39,999": 0, "$40,000 to $44,999": 0, "$45,000 to $49,999": 32, "$50,000 to $59,999": 10, "$60,000 to $74,999": 0, "$75,000 to $99,999": 98, "$100,000 to $124,999": 24, "$125,000 to $149,999": 0, "$150,000 to $199,999": 44, "$200,000 or more": 103, "COUNTY": "Kings County", "TRACTCE": "038100", "BLKGRPCE": "3", "Area (Sq Mi)": 0.025638996138996138, "zip_code": "11233", "block_group": "0381003", "bg_area": 714777.54464603227, "overlap_area": 714777.54464603215, "frac_in_neighborhood": 0.99999999999999989, "pop_in_neighborhood": 694.99999999999989, "neighborhood": "bedstuy" }, "geometry": { "type": "MultiPolygon", "coordinates": [ [ [ [ -73.925266007154178, 40.679072454273822 ], [ -73.926564003961701, 40.679144457136431 ], [ -73.92735600364071, 40.679182458370235 ], [ -73.929058001176401, 40.679276461443855 ], [ -73.928651000361242, 40.679748460179383 ], [ -73.928642000375206, 40.679765459795568 ], [ -73.928592000200922, 40.67989645870761 ], [ -73.928554999908542, 40.680049458866982 ], [ -73.928537999266993, 40.680205457886188 ], [ -73.928542999328229, 40.680353457985689 ], [ -73.928567998319409, 40.680506457798373 ], [ -73.928726996660956, 40.681236455966349 ], [ -73.925785998888031, 40.681570449400645 ], [ -73.925625001165358, 40.680846450980027 ], [ -73.925479003803645, 40.680111452800112 ], [ -73.92534000577588, 40.679392453967225 ], [ -73.925266007154178, 40.679072454273822 ] ] ] ] } },
{ "type": "Feature", "properties": { "GISJOIN": "G36004700381004", "Total Pop (Race/Ethnicity)": 1207, "Not Hispanic or Latino": 1185, "Not Hispanic or Latino: White alone": 382, "Not Hispanic or Latino: Black or African American alone": 756, "Not Hispanic or Latino: American Indian and Alaska Native alone": 0, "Not Hispanic or Latino: Asian alone": 28, "Not Hispanic or Latino: Native Hawaiian and Other Pacific Islander alone": 0, "Not Hispanic or Latino: Some other race alone": 0, "Not Hispanic or Latino: Two or more races": 19, "Not Hispanic or Latino: Two or more races: Two races including Some other race": 0, "Not Hispanic or Latino: Two or more races: Two races excluding Some other race, and three or more races": 19, "Hispanic or Latino": 22, "Total Households (Income)": 601, "Less than $10,000": 0, "$10,000 to $14,999": 97, "$15,000 to $19,999": 0, "$20,000 to $24,999": 0, "$25,000 to $29,999": 0, "$30,000 to $34,999": 26, "$35,000 to $39,999": 0, "$40,000 to $44,999": 0, "$45,000 to $49,999": 0, "$50,000 to $59,999": 53, "$60,000 to $74,999": 257, "$75,000 to $99,999": 0, "$100,000 to $124,999": 61, "$125,000 to $149,999": 28, "$150,000 to $199,999": 41, "$200,000 or more": 38, "COUNTY": "Kings County", "TRACTCE": "038100", "BLKGRPCE": "4", "Area (Sq Mi)": 0.015903474903474903, "zip_code": "11233", "block_group": "0381004", "bg_area": 443366.0570893503, "overlap_area": 443366.05708935042, "frac_in_neighborhood": 1.0000000000000002, "pop_in_neighborhood": 1207.0000000000002, "neighborhood": "bedstuy" }, "geometry": { "type": "MultiPolygon", "coordinates": [ [ [ [ -73.925785998888031, 40.681570449400645 ], [ -73.928726996660956, 40.681236455966349 ], [ -73.928866994131582, 40.681970455134312 ], [ -73.929008992779259, 40.682702453057544 ], [ -73.926094995572186, 40.683037447040881 ], [ -73.925945997018701, 40.682307449230571 ], [ -73.925785998888031, 40.681570449400645 ] ] ] ] } },
{ "type": "Feature", "properties": { "GISJOIN": "G36004700383002", "Total Pop (Race/Ethnicity)": 1128, "Not Hispanic or Latino": 674, "Not Hispanic or Latino: White alone": 194, "Not Hispanic or Latino: Black or African American alone": 480, "Not Hispanic or Latino: American Indian and Alaska Native alone": 0, "Not Hispanic or Latino: Asian alone": 0, "Not Hispanic or Latino: Native Hawaiian and Other Pacific Islander alone": 0, "Not Hispanic or Latino: Some other race alone": 0, "Not Hispanic or Latino: Two or more races": 0, "Not Hispanic or Latino: Two or more races: Two races including Some other race": 0, "Not Hispanic or Latino: Two or more races: Two races excluding Some other race, and three or more races": 0, "Hispanic or Latino": 454, "Total Households (Income)": 407, "Less than $10,000": 75, "$10,000 to $14,999": 0, "$15,000 to $19,999": 39, "$20,000 to $24,999": 0, "$25,000 to $29,999": 0, "$30,000 to $34,999": 67, "$35,000 to $39,999": 0, "$40,000 to $44,999": 16, "$45,000 to $49,999": 0, "$50,000 to $59,999": 0, "$60,000 to $74,999": 0, "$75,000 to $99,999": 18, "$100,000 to $124,999": 47, "$125,000 to $149,999": 54, "$150,000 to $199,999": 50, "$200,000 or more": 41, "COUNTY": "Kings County", "TRACTCE": "038300", "BLKGRPCE": "2", "Area (Sq Mi)": 0.016851351351351351, "zip_code": "11233", "block_group": "0383002", "bg_area": 469787.46913961676, "overlap_area": 469787.4691396167, "frac_in_neighborhood": 0.99999999999999989, "pop_in_neighborhood": 1127.9999999999998, "neighborhood": "bedstuy" }, "geometry": { "type": "MultiPolygon", "coordinates": [ [ [ [ -73.923103994948832, 40.684879438227597 ], [ -73.926383990061126, 40.684502444757911 ], [ -73.929308987228239, 40.684168450938202 ], [ -73.929451986153822, 40.684902448920681 ], [ -73.929101986647836, 40.684941448296875 ], [ -73.927028987814211, 40.685178444064263 ], [ -73.92652898835486, 40.685236442940386 ], [ -73.923491992101461, 40.685583436954872 ], [ -73.923251992065744, 40.685611435659922 ], [ -73.923103994948832, 40.684879438227597 ] ] ] ] } },
{ "type": "Feature", "properties": { "GISJOIN": "G36004700383001", "Total Pop (Race/Ethnicity)": 1775, "Not Hispanic or Latino": 1365, "Not Hispanic or Latino: White alone": 366, "Not Hispanic or Latino: Black or African American alone": 548, "Not Hispanic or Latino: American Indian and Alaska Native alone": 0, "Not Hispanic or Latino: Asian alone": 110, "Not Hispanic or Latino: Native Hawaiian and Other Pacific Islander alone": 0, "Not Hispanic or Latino: Some other race alone": 0, "Not Hispanic or Latino: Two or more races": 341, "Not Hispanic or Latino: Two or more races: Two races including Some other race": 259, "Not Hispanic or Latino: Two or more races: Two races excluding Some other race, and three or more races": 82, "Hispanic or Latino": 410, "Total Households (Income)": 626, "Less than $10,000": 0, "$10,000 to $14,999": 0, "$15,000 to $19,999": 0, "$20,000 to $24,999": 0, "$25,000 to $29,999": 16, "$30,000 to $34,999": 49, "$35,000 to $39,999": 91, "$40,000 to $44,999": 0, "$45,000 to $49,999": 0, "$50,000 to $59,999": 47, "$60,000 to $74,999": 17, "$75,000 to $99,999": 117, "$100,000 to $124,999": 139, "$125,000 to $149,999": 65, "$150,000 to $199,999": 54, "$200,000 or more": 31, "COUNTY": "Kings County", "TRACTCE": "038300", "BLKGRPCE": "1", "Area (Sq Mi)": 0.016853281853281853, "zip_code": "11221", "block_group": "0383001", "bg_area": 469843.50236831268, "overlap_area": 469843.50236831256, "frac_in_neighborhood": 0.99999999999999978, "pop_in_neighborhood": 1774.9999999999995, "neighborhood": "bedstuy" }, "geometry": { "type": "MultiPolygon", "coordinates": [ [ [ [ -73.923251992065744, 40.685611435659922 ], [ -73.923491992101461, 40.685583436954872 ], [ -73.92652898835486, 40.685236442940386 ], [ -73.927028987814211, 40.685178444064263 ], [ -73.929101986647836, 40.684941448296875 ], [ -73.929451986153822, 40.684902448920681 ], [ -73.929521985350348, 40.685272448956063 ], [ -73.929590984083987, 40.685634448496486 ], [ -73.926675986497656, 40.685970442492852 ], [ -73.923395990033441, 40.686344434970394 ], [ -73.923251992065744, 40.685611435659922 ] ] ] ] } },
{ "type": "Feature", "properties": { "GISJOIN": "G36004700385004", "Total Pop (Race/Ethnicity)": 760, "Not Hispanic or Latino": 689, "Not Hispanic or Latino: White alone": 211, "Not Hispanic or Latino: Black or African American alone": 418, "Not Hispanic or Latino: American Indian and Alaska Native alone": 0, "Not Hispanic or Latino: Asian alone": 38, "Not Hispanic or Latino: Native Hawaiian and Other Pacific Islander alone": 0, "Not Hispanic or Latino: Some other race alone": 0, "Not Hispanic or Latino: Two or more races": 22, "Not Hispanic or Latino: Two or more races: Two races including Some other race": 22, "Not Hispanic or Latino: Two or more races: Two races excluding Some other race, and three or more races": 0, "Hispanic or Latino": 71, "Total Households (Income)": 336, "Less than $10,000": 0, "$10,000 to $14,999": 0, "$15,000 to $19,999": 0, "$20,000 to $24,999": 0, "$25,000 to $29,999": 0, "$30,000 to $34,999": 17, "$35,000 to $39,999": 0, "$40,000 to $44,999": 11, "$45,000 to $49,999": 0, "$50,000 to $59,999": 51, "$60,000 to $74,999": 48, "$75,000 to $99,999": 27, "$100,000 to $124,999": 57, "$125,000 to $149,999": 45, "$150,000 to $199,999": 6, "$200,000 or more": 74, "COUNTY": "Kings County", "TRACTCE": "038500", "BLKGRPCE": "4", "Area (Sq Mi)": 0.016810038610038609, "zip_code": "11221", "block_group": "0385004", "bg_area": 468640.66135446285, "overlap_area": 468640.66135446285, "frac_in_neighborhood": 1.0, "pop_in_neighborhood": 760.0, "neighborhood": "bedstuy" }, "geometry": { "type": "MultiPolygon", "coordinates": [ [ [ [ -73.923395990033441, 40.686344434970394 ], [ -73.926675986497656, 40.685970442492852 ], [ -73.929590984083987, 40.685634448496486 ], [ -73.929749982021335, 40.686365445976008 ], [ -73.92681898464393, 40.686701439968665 ], [ -73.923541988097867, 40.687075433770126 ], [ -73.923395990033441, 40.686344434970394 ] ] ] ] } },
{ "type": "Feature", "properties": { "GISJOIN": "G36004700385003", "Total Pop (Race/Ethnicity)": 1277, "Not Hispanic or Latino": 1145, "Not Hispanic or Latino: White alone": 707, "Not Hispanic or Latino: Black or African American alone": 410, "Not Hispanic or Latino: American Indian and Alaska Native alone": 0, "Not Hispanic or Latino: Asian alone": 0, "Not Hispanic or Latino: Native Hawaiian and Other Pacific Islander alone": 0, "Not Hispanic or Latino: Some other race alone": 16, "Not Hispanic or Latino: Two or more races": 12, "Not Hispanic or Latino: Two or more races: Two races including Some other race": 0, "Not Hispanic or Latino: Two or more races: Two races excluding Some other race, and three or more races": 12, "Hispanic or Latino": 132, "Total Households (Income)": 533, "Less than $10,000": 55, "$10,000 to $14,999": 0, "$15,000 to $19,999": 33, "$20,000 to $24,999": 0, "$25,000 to $29,999": 16, "$30,000 to $34,999": 0, "$35,000 to $39,999": 15, "$40,000 to $44,999": 0, "$45,000 to $49,999": 0, "$50,000 to $59,999": 16, "$60,000 to $74,999": 8, "$75,000 to $99,999": 79, "$100,000 to $124,999": 71, "$125,000 to $149,999": 0, "$150,000 to $199,999": 180, "$200,000 or more": 60, "COUNTY": "Kings County", "TRACTCE": "038500", "BLKGRPCE": "3", "Area (Sq Mi)": 0.016905791505791506, "zip_code": "11221", "block_group": "0385003", "bg_area": 471305.4770352029, "overlap_area": 471305.4770352029, "frac_in_neighborhood": 1.0, "pop_in_neighborhood": 1277.0, "neighborhood": "bedstuy" }, "geometry": { "type": "MultiPolygon", "coordinates": [ [ [ [ -73.923541988097867, 40.687075433770126 ], [ -73.92681898464393, 40.686701439968665 ], [ -73.929749982021335, 40.686365445976008 ], [ -73.929887979824187, 40.687099446033365 ], [ -73.926966982710383, 40.687437438925663 ], [ -73.923688985888433, 40.68781043152029 ], [ -73.923541988097867, 40.687075433770126 ] ] ] ] } },
{ "type": "Feature", "properties": { "GISJOIN": "G36004700385002", "Total Pop (Race/Ethnicity)": 803, "Not Hispanic or Latino": 760, "Not Hispanic or Latino: White alone": 116, "Not Hispanic or Latino: Black or African American alone": 143, "Not Hispanic or Latino: American Indian and Alaska Native alone": 0, "Not Hispanic or Latino: Asian alone": 15, "Not Hispanic or Latino: Native Hawaiian and Other Pacific Islander alone": 0, "Not Hispanic or Latino: Some other race alone": 0, "Not Hispanic or Latino: Two or more races": 486, "Not Hispanic or Latino: Two or more races: Two races including Some other race": 478, "Not Hispanic or Latino: Two or more races: Two races excluding Some other race, and three or more races": 8, "Hispanic or Latino": 43, "Total Households (Income)": 187, "Less than $10,000": 6, "$10,000 to $14,999": 0, "$15,000 to $19,999": 0, "$20,000 to $24,999": 0, "$25,000 to $29,999": 20, "$30,000 to $34,999": 0, "$35,000 to $39,999": 0, "$40,000 to $44,999": 0, "$45,000 to $49,999": 0, "$50,000 to $59,999": 0, "$60,000 to $74,999": 0, "$75,000 to $99,999": 0, "$100,000 to $124,999": 0, "$125,000 to $149,999": 28, "$150,000 to $199,999": 25, "$200,000 or more": 108, "COUNTY": "Kings County", "TRACTCE": "038500", "BLKGRPCE": "2", "Area (Sq Mi)": 0.016783783783783784, "zip_code": "11221", "block_group": "0385002", "bg_area": 467900.72425124643, "overlap_area": 467900.72425124649, "frac_in_neighborhood": 1.0000000000000002, "pop_in_neighborhood": 803.00000000000023, "neighborhood": "bedstuy" }, "geometry": { "type": "MultiPolygon", "coordinates": [ [ [ [ -73.923688985888433, 40.68781043152029 ], [ -73.926966982710383, 40.687437438925663 ], [ -73.929887979824187, 40.687099446033365 ], [ -73.930034977772934, 40.687832444026398 ], [ -73.927112980298631, 40.688166437183177 ], [ -73.923833983255108, 40.688540430452321 ], [ -73.923688985888433, 40.68781043152029 ] ] ] ] } },
{ "type": "Feature", "properties": { "GISJOIN": "G36004700385001", "Total Pop (Race/Ethnicity)": 983, "Not Hispanic or Latino": 823, "Not Hispanic or Latino: White alone": 231, "Not Hispanic or Latino: Black or African American alone": 536, "Not Hispanic or Latino: American Indian and Alaska Native alone": 0, "Not Hispanic or Latino: Asian alone": 32, "Not Hispanic or Latino: Native Hawaiian and Other Pacific Islander alone": 0, "Not Hispanic or Latino: Some other race alone": 0, "Not Hispanic or Latino: Two or more races": 24, "Not Hispanic or Latino: Two or more races: Two races including Some other race": 0, "Not Hispanic or Latino: Two or more races: Two races excluding Some other race, and three or more races": 24, "Hispanic or Latino": 160, "Total Households (Income)": 515, "Less than $10,000": 1, "$10,000 to $14,999": 20, "$15,000 to $19,999": 10, "$20,000 to $24,999": 0, "$25,000 to $29,999": 0, "$30,000 to $34,999": 0, "$35,000 to $39,999": 0, "$40,000 to $44,999": 0, "$45,000 to $49,999": 0, "$50,000 to $59,999": 0, "$60,000 to $74,999": 62, "$75,000 to $99,999": 217, "$100,000 to $124,999": 61, "$125,000 to $149,999": 53, "$150,000 to $199,999": 18, "$200,000 or more": 73, "COUNTY": "Kings County", "TRACTCE": "038500", "BLKGRPCE": "1", "Area (Sq Mi)": 0.016852895752895752, "zip_code": "11221", "block_group": "0385001", "bg_area": 469830.37536114355, "overlap_area": 469830.37536114349, "frac_in_neighborhood": 0.99999999999999989, "pop_in_neighborhood": 982.99999999999989, "neighborhood": "bedstuy" }, "geometry": { "type": "MultiPolygon", "coordinates": [ [ [ [ -73.923833983255108, 40.688540430452321 ], [ -73.927112980298631, 40.688166437183177 ], [ -73.930034977772934, 40.687832444026398 ], [ -73.930179976107027, 40.68856444282202 ], [ -73.927253978322611, 40.688900435882836 ], [ -73.923978982191613, 40.689274428712508 ], [ -73.923833983255108, 40.688540430452321 ] ] ] ] } },
{ "type": "Feature", "properties": { "GISJOIN": "G36004700387002", "Total Pop (Race/Ethnicity)": 1116, "Not Hispanic or Latino": 1064, "Not Hispanic or Latino: White alone": 349, "Not Hispanic or Latino: Black or African American alone": 620, "Not Hispanic or Latino: American Indian and Alaska Native alone": 0, "Not Hispanic or Latino: Asian alone": 74, "Not Hispanic or Latino: Native Hawaiian and Other Pacific Islander alone": 0, "Not Hispanic or Latino: Some other race alone": 0, "Not Hispanic or Latino: Two or more races": 21, "Not Hispanic or Latino: Two or more races: Two races including Some other race": 0, "Not Hispanic or Latino: Two or more races: Two races excluding Some other race, and three or more races": 21, "Hispanic or Latino": 52, "Total Households (Income)": 353, "Less than $10,000": 35, "$10,000 to $14,999": 26, "$15,000 to $19,999": 0, "$20,000 to $24,999": 20, "$25,000 to $29,999": 0, "$30,000 to $34,999": 107, "$35,000 to $39,999": 0, "$40,000 to $44,999": 0, "$45,000 to $49,999": 0, "$50,000 to $59,999": 0, "$60,000 to $74,999": 0, "$75,000 to $99,999": 0, "$100,000 to $124,999": 43, "$125,000 to $149,999": 33, "$150,000 to $199,999": 0, "$200,000 or more": 89, "COUNTY": "Kings County", "TRACTCE": "038700", "BLKGRPCE": "2", "Area (Sq Mi)": 0.016798455598455598, "zip_code": "11221", "block_group": "0387002", "bg_area": 468318.74723975162, "overlap_area": 468318.74723975168, "frac_in_neighborhood": 1.0000000000000002, "pop_in_neighborhood": 1116.0000000000002, "neighborhood": "bedstuy" }, "geometry": { "type": "MultiPolygon", "coordinates": [ [ [ [ -73.923978982191613, 40.689274428712508 ], [ -73.927253978322611, 40.688900435882836 ], [ -73.930179976107027, 40.68856444282202 ], [ -73.930324973030892, 40.689297441110718 ], [ -73.927403976531565, 40.689630435213118 ], [ -73.924126979781661, 40.690004427817755 ], [ -73.923978982191613, 40.689274428712508 ] ] ] ] } },
{ "type": "Feature", "properties": { "GISJOIN": "G36004700293004", "Total Pop (Race/Ethnicity)": 794, "Not Hispanic or Latino": 549, "Not Hispanic or Latino: White alone": 162, "Not Hispanic or Latino: Black or African American alone": 349, "Not Hispanic or Latino: American Indian and Alaska Native alone": 0, "Not Hispanic or Latino: Asian alone": 38, "Not Hispanic or Latino: Native Hawaiian and Other Pacific Islander alone": 0, "Not Hispanic or Latino: Some other race alone": 0, "Not Hispanic or Latino: Two or more races": 0, "Not Hispanic or Latino: Two or more races: Two races including Some other race": 0, "Not Hispanic or Latino: Two or more races: Two races excluding Some other race, and three or more races": 0, "Hispanic or Latino": 245, "Total Households (Income)": 428, "Less than $10,000": 131, "$10,000 to $14,999": 0, "$15,000 to $19,999": 0, "$20,000 to $24,999": 0, "$25,000 to $29,999": 15, "$30,000 to $34,999": 69, "$35,000 to $39,999": 0, "$40,000 to $44,999": 0, "$45,000 to $49,999": 0, "$50,000 to $59,999": 0, "$60,000 to $74,999": 0, "$75,000 to $99,999": 17, "$100,000 to $124,999": 71, "$125,000 to $149,999": 41, "$150,000 to $199,999": 40, "$200,000 or more": 44, "COUNTY": "Kings County", "TRACTCE": "029300", "BLKGRPCE": "4", "Area (Sq Mi)": 0.015857915057915058, "zip_code": "11221", "block_group": "0293004", "bg_area": 442088.77601164969, "overlap_area": 442088.77601164969, "frac_in_neighborhood": 1.0, "pop_in_neighborhood": 794.0, "neighborhood": "bedstuy" }, "geometry": { "type": "MultiPolygon", "coordinates": [ [ [ [ -73.929749982021335, 40.686365445976008 ], [ -73.932668979068126, 40.686031453982842 ], [ -73.935589975770839, 40.68569445993446 ], [ -73.93573597426159, 40.686427457460006 ], [ -73.932812977003806, 40.686762452023167 ], [ -73.929887979824187, 40.687099446033365 ], [ -73.929749982021335, 40.686365445976008 ] ] ] ] } },
{ "type": "Feature", "properties": { "GISJOIN": "G36004700293003", "Total Pop (Race/Ethnicity)": 715, "Not Hispanic or Latino": 715, "Not Hispanic or Latino: White alone": 112, "Not Hispanic or Latino: Black or African American alone": 557, "Not Hispanic or Latino: American Indian and Alaska Native alone": 0, "Not Hispanic or Latino: Asian alone": 25, "Not Hispanic or Latino: Native Hawaiian and Other Pacific Islander alone": 0, "Not Hispanic or Latino: Some other race alone": 0, "Not Hispanic or Latino: Two or more races": 21, "Not Hispanic or Latino: Two or more races: Two races including Some other race": 0, "Not Hispanic or Latino: Two or more races: Two races excluding Some other race, and three or more races": 21, "Hispanic or Latino": 0, "Total Households (Income)": 255, "Less than $10,000": 18, "$10,000 to $14,999": 0, "$15,000 to $19,999": 0, "$20,000 to $24,999": 0, "$25,000 to $29,999": 0, "$30,000 to $34,999": 0, "$35,000 to $39,999": 15, "$40,000 to $44,999": 26, "$45,000 to $49,999": 10, "$50,000 to $59,999": 0, "$60,000 to $74,999": 0, "$75,000 to $99,999": 81, "$100,000 to $124,999": 11, "$125,000 to $149,999": 55, "$150,000 to $199,999": 14, "$200,000 or more": 25, "COUNTY": "Kings County", "TRACTCE": "029300", "BLKGRPCE": "3", "Area (Sq Mi)": 0.01587876447876448, "zip_code": "11221", "block_group": "0293003", "bg_area": 442677.897194447, "overlap_area": 442677.897194447, "frac_in_neighborhood": 1.0, "pop_in_neighborhood": 715.0, "neighborhood": "bedstuy" }, "geometry": { "type": "MultiPolygon", "coordinates": [ [ [ [ -73.929887979824187, 40.687099446033365 ], [ -73.932812977003806, 40.686762452023167 ], [ -73.93573597426159, 40.686427457460006 ], [ -73.935878972340959, 40.687159456807073 ], [ -73.932957975180315, 40.687495450693632 ], [ -73.930034977772934, 40.687832444026398 ], [ -73.929887979824187, 40.687099446033365 ] ] ] ] } },
{ "type": "Feature", "properties": { "GISJOIN": "G36004700293002", "Total Pop (Race/Ethnicity)": 498, "Not Hispanic or Latino": 398, "Not Hispanic or Latino: White alone": 19, "Not Hispanic or Latino: Black or African American alone": 345, "Not Hispanic or Latino: American Indian and Alaska Native alone": 0, "Not Hispanic or Latino: Asian alone": 14, "Not Hispanic or Latino: Native Hawaiian and Other Pacific Islander alone": 0, "Not Hispanic or Latino: Some other race alone": 0, "Not Hispanic or Latino: Two or more races": 20, "Not Hispanic or Latino: Two or more races: Two races including Some other race": 0, "Not Hispanic or Latino: Two or more races: Two races excluding Some other race, and three or more races": 20, "Hispanic or Latino": 100, "Total Households (Income)": 247, "Less than $10,000": 127, "$10,000 to $14,999": 30, "$15,000 to $19,999": 7, "$20,000 to $24,999": 0, "$25,000 to $29,999": 30, "$30,000 to $34,999": 20, "$35,000 to $39,999": 15, "$40,000 to $44,999": 0, "$45,000 to $49,999": 0, "$50,000 to $59,999": 0, "$60,000 to $74,999": 0, "$75,000 to $99,999": 0, "$100,000 to $124,999": 0, "$125,000 to $149,999": 0, "$150,000 to $199,999": 0, "$200,000 or more": 18, "COUNTY": "Kings County", "TRACTCE": "029300", "BLKGRPCE": "2", "Area (Sq Mi)": 0.015904633204633204, "zip_code": "11221", "block_group": "0293002", "bg_area": 443398.60230808455, "overlap_area": 443398.60230808455, "frac_in_neighborhood": 1.0, "pop_in_neighborhood": 498.0, "neighborhood": "bedstuy" }, "geometry": { "type": "MultiPolygon", "coordinates": [ [ [ [ -73.930034977772934, 40.687832444026398 ], [ -73.932957975180315, 40.687495450693632 ], [ -73.935878972340959, 40.687159456807073 ], [ -73.936026969915062, 40.687891455056672 ], [ -73.933101973251638, 40.688231449293362 ], [ -73.930179976107027, 40.68856444282202 ], [ -73.930034977772934, 40.687832444026398 ] ] ] ] } },
{ "type": "Feature", "properties": { "GISJOIN": "G36004700293001", "Total Pop (Race/Ethnicity)": 1174, "Not Hispanic or Latino": 703, "Not Hispanic or Latino: White alone": 22, "Not Hispanic or Latino: Black or African American alone": 667, "Not Hispanic or Latino: American Indian and Alaska Native alone": 0, "Not Hispanic or Latino: Asian alone": 0, "Not Hispanic or Latino: Native Hawaiian and Other Pacific Islander alone": 0, "Not Hispanic or Latino: Some other race alone": 0, "Not Hispanic or Latino: Two or more races": 14, "Not Hispanic or Latino: Two or more races: Two races including Some other race": 0, "Not Hispanic or Latino: Two or more races: Two races excluding Some other race, and three or more races": 14, "Hispanic or Latino": 471, "Total Households (Income)": 396, "Less than $10,000": 87, "$10,000 to $14,999": 21, "$15,000 to $19,999": 0, "$20,000 to $24,999": 82, "$25,000 to $29,999": 15, "$30,000 to $34,999": 0, "$35,000 to $39,999": 0, "$40,000 to $44,999": 0, "$45,000 to $49,999": 0, "$50,000 to $59,999": 70, "$60,000 to $74,999": 0, "$75,000 to $99,999": 9, "$100,000 to $124,999": 8, "$125,000 to $149,999": 56, "$150,000 to $199,999": 0, "$200,000 or more": 48, "COUNTY": "Kings County", "TRACTCE": "029300", "BLKGRPCE": "1", "Area (Sq Mi)": 0.015856756756756758, "zip_code": "11221", "block_group": "0293001", "bg_area": 442064.15336141904, "overlap_area": 442064.15336141904, "frac_in_neighborhood": 1.0, "pop_in_neighborhood": 1174.0, "neighborhood": "bedstuy" }, "geometry": { "type": "MultiPolygon", "coordinates": [ [ [ [ -73.930179976107027, 40.68856444282202 ], [ -73.933101973251638, 40.688231449293362 ], [ -73.936026969915062, 40.687891455056672 ], [ -73.936171968650001, 40.688626454651278 ], [ -73.933248969971203, 40.688960447571951 ], [ -73.930324973030892, 40.689297441110718 ], [ -73.930179976107027, 40.68856444282202 ] ] ] ] } },
{ "type": "Feature", "properties": { "GISJOIN": "G36004700291003", "Total Pop (Race/Ethnicity)": 1151, "Not Hispanic or Latino": 1053, "Not Hispanic or Latino: White alone": 150, "Not Hispanic or Latino: Black or African American alone": 776, "Not Hispanic or Latino: American Indian and Alaska Native alone": 0, "Not Hispanic or Latino: Asian alone": 29, "Not Hispanic or Latino: Native Hawaiian and Other Pacific Islander alone": 0, "Not Hispanic or Latino: Some other race alone": 0, "Not Hispanic or Latino: Two or more races": 98, "Not Hispanic or Latino: Two or more races: Two races including Some other race": 0, "Not Hispanic or Latino: Two or more races: Two races excluding Some other race, and three or more races": 98, "Hispanic or Latino": 98, "Total Households (Income)": 575, "Less than $10,000": 0, "$10,000 to $14,999": 129, "$15,000 to $19,999": 7, "$20,000 to $24,999": 71, "$25,000 to $29,999": 48, "$30,000 to $34,999": 0, "$35,000 to $39,999": 39, "$40,000 to $44,999": 0, "$45,000 to $49,999": 21, "$50,000 to $59,999": 0, "$60,000 to $74,999": 96, "$75,000 to $99,999": 18, "$100,000 to $124,999": 37, "$125,000 to $149,999": 11, "$150,000 to $199,999": 6, "$200,000 or more": 92, "COUNTY": "Kings County", "TRACTCE": "029100", "BLKGRPCE": "3", "Area (Sq Mi)": 0.015861776061776061, "zip_code": "11221", "block_group": "0291003", "bg_area": 442202.4286291473, "overlap_area": 442202.42862914735, "frac_in_neighborhood": 1.0000000000000002, "pop_in_neighborhood": 1151.0000000000002, "neighborhood": "bedstuy" }, "geometry": { "type": "MultiPolygon", "coordinates": [ [ [ [ -73.930324973030892, 40.689297441110718 ], [ -73.933248969971203, 40.688960447571951 ], [ -73.936171968650001, 40.688626454651278 ], [ -73.936320966196845, 40.689353452819113 ], [ -73.933392968223487, 40.68969344636141 ], [ -73.930469971507875, 40.690030440280452 ], [ -73.930324973030892, 40.689297441110718 ] ] ] ] } },
{ "type": "Feature", "properties": { "GISJOIN": "G36004700291002", "Total Pop (Race/Ethnicity)": 1353, "Not Hispanic or Latino": 1137, "Not Hispanic or Latino: White alone": 296, "Not Hispanic or Latino: Black or African American alone": 706, "Not Hispanic or Latino: American Indian and Alaska Native alone": 0, "Not Hispanic or Latino: Asian alone": 29, "Not Hispanic or Latino: Native Hawaiian and Other Pacific Islander alone": 58, "Not Hispanic or Latino: Some other race alone": 0, "Not Hispanic or Latino: Two or more races": 48, "Not Hispanic or Latino: Two or more races: Two races including Some other race": 15, "Not Hispanic or Latino: Two or more races: Two races excluding Some other race, and three or more races": 33, "Hispanic or Latino": 216, "Total Households (Income)": 473, "Less than $10,000": 68, "$10,000 to $14,999": 0, "$15,000 to $19,999": 0, "$20,000 to $24,999": 15, "$25,000 to $29,999": 0, "$30,000 to $34,999": 29, "$35,000 to $39,999": 0, "$40,000 to $44,999": 0, "$45,000 to $49,999": 0, "$50,000 to $59,999": 29, "$60,000 to $74,999": 64, "$75,000 to $99,999": 166, "$100,000 to $124,999": 20, "$125,000 to $149,999": 0, "$150,000 to $199,999": 15, "$200,000 or more": 67, "COUNTY": "Kings County", "TRACTCE": "029100", "BLKGRPCE": "2", "Area (Sq Mi)": 0.015920077220077222, "zip_code": "11221", "block_group": "0291002", "bg_area": 443819.64017744747, "overlap_area": 443819.64017744747, "frac_in_neighborhood": 1.0, "pop_in_neighborhood": 1353.0, "neighborhood": "bedstuy" }, "geometry": { "type": "MultiPolygon", "coordinates": [ [ [ [ -73.930469971507875, 40.690030440280452 ], [ -73.933392968223487, 40.68969344636141 ], [ -73.936320966196845, 40.689353452819113 ], [ -73.936466963660976, 40.690089451443733 ], [ -73.933541966193445, 40.690427445118473 ], [ -73.930615968333981, 40.690761438631519 ], [ -73.930469971507875, 40.690030440280452 ] ] ] ] } },
{ "type": "Feature", "properties": { "GISJOIN": "G36004700291001", "Total Pop (Race/Ethnicity)": 957, "Not Hispanic or Latino": 758, "Not Hispanic or Latino: White alone": 222, "Not Hispanic or Latino: Black or African American alone": 463, "Not Hispanic or Latino: American Indian and Alaska Native alone": 0, "Not Hispanic or Latino: Asian alone": 49, "Not Hispanic or Latino: Native Hawaiian and Other Pacific Islander alone": 0, "Not Hispanic or Latino: Some other race alone": 0, "Not Hispanic or Latino: Two or more races": 24, "Not Hispanic or Latino: Two or more races: Two races including Some other race": 0, "Not Hispanic or Latino: Two or more races: Two races excluding Some other race, and three or more races": 24, "Hispanic or Latino": 199, "Total Households (Income)": 403, "Less than $10,000": 17, "$10,000 to $14,999": 0, "$15,000 to $19,999": 0, "$20,000 to $24,999": 0, "$25,000 to $29,999": 0, "$30,000 to $34,999": 0, "$35,000 to $39,999": 0, "$40,000 to $44,999": 0, "$45,000 to $49,999": 8, "$50,000 to $59,999": 0, "$60,000 to $74,999": 41, "$75,000 to $99,999": 32, "$100,000 to $124,999": 21, "$125,000 to $149,999": 81, "$150,000 to $199,999": 41, "$200,000 or more": 162, "COUNTY": "Kings County", "TRACTCE": "029100", "BLKGRPCE": "1", "Area (Sq Mi)": 0.031787258687258686, "zip_code": "11221", "block_group": "0291001", "bg_area": 886184.67314128228, "overlap_area": 886184.67314128228, "frac_in_neighborhood": 1.0, "pop_in_neighborhood": 957.0, "neighborhood": "bedstuy" }, "geometry": { "type": "MultiPolygon", "coordinates": [ [ [ [ -73.930615968333981, 40.690761438631519 ], [ -73.933541966193445, 40.690427445118473 ], [ -73.936466963660976, 40.690089451443733 ], [ -73.936611961121827, 40.690821449746259 ], [ -73.936757959012169, 40.691555448654512 ], [ -73.933832962125678, 40.691892442426031 ], [ -73.930906964246859, 40.6922274360305 ], [ -73.930759966467349, 40.691494437224186 ], [ -73.930615968333981, 40.690761438631519 ] ] ] ] } },
{ "type": "Feature", "properties": { "GISJOIN": "G36004700289002", "Total Pop (Race/Ethnicity)": 1512, "Not Hispanic or Latino": 1223, "Not Hispanic or Latino: White alone": 336, "Not Hispanic or Latino: Black or African American alone": 845, "Not Hispanic or Latino: American Indian and Alaska Native alone": 0, "Not Hispanic or Latino: Asian alone": 0, "Not Hispanic or Latino: Native Hawaiian and Other Pacific Islander alone": 0, "Not Hispanic or Latino: Some other race alone": 0, "Not Hispanic or Latino: Two or more races": 42, "Not Hispanic or Latino: Two or more races: Two races including Some other race": 42, "Not Hispanic or Latino: Two or more races: Two races excluding Some other race, and three or more races": 0, "Hispanic or Latino": 289, "Total Households (Income)": 531, "Less than $10,000": 41, "$10,000 to $14,999": 0, "$15,000 to $19,999": 0, "$20,000 to $24,999": 17, "$25,000 to $29,999": 40, "$30,000 to $34,999": 0, "$35,000 to $39,999": 39, "$40,000 to $44,999": 80, "$45,000 to $49,999": 0, "$50,000 to $59,999": 41, "$60,000 to $74,999": 0, "$75,000 to $99,999": 19, "$100,000 to $124,999": 22, "$125,000 to $149,999": 120, "$150,000 to $199,999": 47, "$200,000 or more": 65, "COUNTY": "Kings County", "TRACTCE": "028900", "BLKGRPCE": "2", "Area (Sq Mi)": 0.015874131274131273, "zip_code": "11221", "block_group": "0289002", "bg_area": 442544.87099525717, "overlap_area": 442544.87099525717, "frac_in_neighborhood": 1.0, "pop_in_neighborhood": 1512.0, "neighborhood": "bedstuy" }, "geometry": { "type": "MultiPolygon", "coordinates": [ [ [ [ -73.930906964246859, 40.6922274360305 ], [ -73.933832962125678, 40.691892442426031 ], [ -73.936757959012169, 40.691555448654512 ], [ -73.936904957443161, 40.69228744710243 ], [ -73.93397896064738, 40.692623441484763 ], [ -73.931052963627394, 40.692960433995175 ], [ -73.930906964246859, 40.6922274360305 ] ] ] ] } },
{ "type": "Feature", "properties": { "GISJOIN": "G36004700387004", "Total Pop (Race/Ethnicity)": 1629, "Not Hispanic or Latino": 1498, "Not Hispanic or Latino: White alone": 66, "Not Hispanic or Latino: Black or African American alone": 1039, "Not Hispanic or Latino: American Indian and Alaska Native alone": 0, "Not Hispanic or Latino: Asian alone": 24, "Not Hispanic or Latino: Native Hawaiian and Other Pacific Islander alone": 0, "Not Hispanic or Latino: Some other race alone": 0, "Not Hispanic or Latino: Two or more races": 369, "Not Hispanic or Latino: Two or more races: Two races including Some other race": 0, "Not Hispanic or Latino: Two or more races: Two races excluding Some other race, and three or more races": 369, "Hispanic or Latino": 131, "Total Households (Income)": 571, "Less than $10,000": 82, "$10,000 to $14,999": 0, "$15,000 to $19,999": 0, "$20,000 to $24,999": 0, "$25,000 to $29,999": 16, "$30,000 to $34,999": 0, "$35,000 to $39,999": 0, "$40,000 to $44,999": 0, "$45,000 to $49,999": 0, "$50,000 to $59,999": 0, "$60,000 to $74,999": 8, "$75,000 to $99,999": 305, "$100,000 to $124,999": 77, "$125,000 to $149,999": 52, "$150,000 to $199,999": 0, "$200,000 or more": 31, "COUNTY": "Kings County", "TRACTCE": "038700", "BLKGRPCE": "4", "Area (Sq Mi)": 0.015865250965250967, "zip_code": "11221", "block_group": "0387004", "bg_area": 442304.49526956235, "overlap_area": 442304.49526956229, "frac_in_neighborhood": 0.99999999999999989, "pop_in_neighborhood": 1628.9999999999998, "neighborhood": "bedstuy" }, "geometry": { "type": "MultiPolygon", "coordinates": [ [ [ [ -73.927693972305917, 40.691098432236103 ], [ -73.930615968333981, 40.690761438631519 ], [ -73.930759966467349, 40.691494437224186 ], [ -73.930906964246859, 40.6922274360305 ], [ -73.927984967562693, 40.692562429420043 ], [ -73.927838970495628, 40.691830431128011 ], [ -73.927693972305917, 40.691098432236103 ] ] ] ] } },
{ "type": "Feature", "properties": { "GISJOIN": "G36004700387003", "Total Pop (Race/Ethnicity)": 606, "Not Hispanic or Latino": 529, "Not Hispanic or Latino: White alone": 232, "Not Hispanic or Latino: Black or African American alone": 253, "Not Hispanic or Latino: American Indian and Alaska Native alone": 0, "Not Hispanic or Latino: Asian alone": 12, "Not Hispanic or Latino: Native Hawaiian and Other Pacific Islander alone": 0, "Not Hispanic or Latino: Some other race alone": 0, "Not Hispanic or Latino: Two or more races": 32, "Not Hispanic or Latino: Two or more races: Two races including Some other race": 0, "Not Hispanic or Latino: Two or more races: Two races excluding Some other race, and three or more races": 32, "Hispanic or Latino": 77, "Total Households (Income)": 274, "Less than $10,000": 0, "$10,000 to $14,999": 0, "$15,000 to $19,999": 18, "$20,000 to $24,999": 7, "$25,000 to $29,999": 0, "$30,000 to $34,999": 0, "$35,000 to $39,999": 9, "$40,000 to $44,999": 35, "$45,000 to $49,999": 25, "$50,000 to $59,999": 21, "$60,000 to $74,999": 0, "$75,000 to $99,999": 52, "$100,000 to $124,999": 39, "$125,000 to $149,999": 12, "$150,000 to $199,999": 0, "$200,000 or more": 56, "COUNTY": "Kings County", "TRACTCE": "038700", "BLKGRPCE": "3", "Area (Sq Mi)": 0.015880308880308881, "zip_code": "11221", "block_group": "0387003", "bg_area": 442718.41376478947, "overlap_area": 442718.41376478947, "frac_in_neighborhood": 1.0, "pop_in_neighborhood": 606.0, "neighborhood": "bedstuy" }, "geometry": { "type": "MultiPolygon", "coordinates": [ [ [ [ -73.927403976531565, 40.689630435213118 ], [ -73.930324973030892, 40.689297441110718 ], [ -73.930469971507875, 40.690030440280452 ], [ -73.930615968333981, 40.690761438631519 ], [ -73.927693972305917, 40.691098432236103 ], [ -73.927546974187109, 40.690368433331557 ], [ -73.927403976531565, 40.689630435213118 ] ] ] ] } },
{ "type": "Feature", "properties": { "GISJOIN": "G36004700395002", "Total Pop (Race/Ethnicity)": 1304, "Not Hispanic or Latino": 818, "Not Hispanic or Latino: White alone": 375, "Not Hispanic or Latino: Black or African American alone": 368, "Not Hispanic or Latino: American Indian and Alaska Native alone": 0, "Not Hispanic or Latino: Asian alone": 62, "Not Hispanic or Latino: Native Hawaiian and Other Pacific Islander alone": 2, "Not Hispanic or Latino: Some other race alone": 0, "Not Hispanic or Latino: Two or more races": 11, "Not Hispanic or Latino: Two or more races: Two races including Some other race": 11, "Not Hispanic or Latino: Two or more races: Two races excluding Some other race, and three or more races": 0, "Hispanic or Latino": 486, "Total Households (Income)": 600, "Less than $10,000": 67, "$10,000 to $14,999": 37, "$15,000 to $19,999": 41, "$20,000 to $24,999": 0, "$25,000 to $29,999": 9, "$30,000 to $34,999": 38, "$35,000 to $39,999": 11, "$40,000 to $44,999": 14, "$45,000 to $49,999": 14, "$50,000 to $59,999": 41, "$60,000 to $74,999": 8, "$75,000 to $99,999": 26, "$100,000 to $124,999": 78, "$125,000 to $149,999": 0, "$150,000 to $199,999": 155, "$200,000 or more": 61, "COUNTY": "Kings County", "TRACTCE": "039500", "BLKGRPCE": "2", "Area (Sq Mi)": 0.027295366795366795, "zip_code": "11221", "block_group": "0395002", "bg_area": 760952.72232820792, "overlap_area": 809.47357461704166, "frac_in_neighborhood": 0.0010637632941773039, "pop_in_neighborhood": 1.3871473356072044, "neighborhood": "bedstuy" }, "geometry": { "type": "MultiPolygon", "coordinates": [ [ [ [ -73.925205969266912, 40.693454422398808 ], [ -73.924950969813722, 40.693314422015511 ], [ -73.924438970959997, 40.69304042162269 ], [ -73.924184972171304, 40.692900421102898 ], [ -73.92367197253752, 40.6926254210859 ], [ -73.922918974950008, 40.692212420488566 ], [ -73.922229976590458, 40.691822420240307 ], [ -73.922949978787443, 40.691099423131767 ], [ -73.923643978937363, 40.690398426513227 ], [ -73.924286977429489, 40.690767426416024 ], [ -73.924391977489435, 40.690830425803796 ], [ -73.925364974209316, 40.691366426903819 ], [ -73.925559973544821, 40.691490427602218 ], [ -73.926315971549954, 40.69192842714979 ], [ -73.926449971299562, 40.692001427269489 ], [ -73.927070968987181, 40.692345428486902 ], [ -73.925714968051864, 40.693723422268349 ], [ -73.925205969266912, 40.693454422398808 ] ] ] ] } },
{ "type": "Feature", "properties": { "GISJOIN": "G36004700387001", "Total Pop (Race/Ethnicity)": 1961, "Not Hispanic or Latino": 1721, "Not Hispanic or Latino: White alone": 371, "Not Hispanic or Latino: Black or African American alone": 751, "Not Hispanic or Latino: American Indian and Alaska Native alone": 0, "Not Hispanic or Latino: Asian alone": 578, "Not Hispanic or Latino: Native Hawaiian and Other Pacific Islander alone": 0, "Not Hispanic or Latino: Some other race alone": 0, "Not Hispanic or Latino: Two or more races": 21, "Not Hispanic or Latino: Two or more races: Two races including Some other race": 0, "Not Hispanic or Latino: Two or more races: Two races excluding Some other race, and three or more races": 21, "Hispanic or Latino": 240, "Total Households (Income)": 895, "Less than $10,000": 66, "$10,000 to $14,999": 64, "$15,000 to $19,999": 42, "$20,000 to $24,999": 18, "$25,000 to $29,999": 271, "$30,000 to $34,999": 0, "$35,000 to $39,999": 0, "$40,000 to $44,999": 0, "$45,000 to $49,999": 0, "$50,000 to $59,999": 0, "$60,000 to $74,999": 17, "$75,000 to $99,999": 129, "$100,000 to $124,999": 0, "$125,000 to $149,999": 0, "$150,000 to $199,999": 103, "$200,000 or more": 185, "COUNTY": "Kings County", "TRACTCE": "038700", "BLKGRPCE": "1", "Area (Sq Mi)": 0.024149034749034751, "zip_code": "11221", "block_group": "0387001", "bg_area": 673230.7902670789, "overlap_area": 673229.10334357608, "frac_in_neighborhood": 0.99999749428646578, "pop_in_neighborhood": 1960.9950862957594, "neighborhood": "bedstuy" }, "geometry": { "type": "MultiPolygon", "coordinates": [ [ [ [ -73.927070968987181, 40.692345428486902 ], [ -73.926449971299562, 40.692001427269489 ], [ -73.926315971549954, 40.69192842714979 ], [ -73.925559973544821, 40.691490427602218 ], [ -73.925364974209316, 40.691366426903819 ], [ -73.924391977489435, 40.690830425803796 ], [ -73.924260977238546, 40.690641426312865 ], [ -73.924126979781661, 40.690004427817755 ], [ -73.927403976531565, 40.689630435213118 ], [ -73.927546974187109, 40.690368433331557 ], [ -73.927693972305917, 40.691098432236103 ], [ -73.927838970495628, 40.691830431128011 ], [ -73.927984967562693, 40.692562429420043 ], [ -73.927506968622765, 40.692603429348281 ], [ -73.927070968987181, 40.692345428486902 ] ] ] ] } },
{ "type": "Feature", "properties": { "GISJOIN": "G36004700397003", "Total Pop (Race/Ethnicity)": 1405, "Not Hispanic or Latino": 1105, "Not Hispanic or Latino: White alone": 382, "Not Hispanic or Latino: Black or African American alone": 582, "Not Hispanic or Latino: American Indian and Alaska Native alone": 0, "Not Hispanic or Latino: Asian alone": 6, "Not Hispanic or Latino: Native Hawaiian and Other Pacific Islander alone": 0, "Not Hispanic or Latino: Some other race alone": 0, "Not Hispanic or Latino: Two or more races": 135, "Not Hispanic or Latino: Two or more races: Two races including Some other race": 121, "Not Hispanic or Latino: Two or more races: Two races excluding Some other race, and three or more races": 14, "Hispanic or Latino": 300, "Total Households (Income)": 832, "Less than $10,000": 79, "$10,000 to $14,999": 55, "$15,000 to $19,999": 57, "$20,000 to $24,999": 0, "$25,000 to $29,999": 62, "$30,000 to $34,999": 0, "$35,000 to $39,999": 10, "$40,000 to $44,999": 227, "$45,000 to $49,999": 12, "$50,000 to $59,999": 7, "$60,000 to $74,999": 0, "$75,000 to $99,999": 197, "$100,000 to $124,999": 57, "$125,000 to $149,999": 0, "$150,000 to $199,999": 31, "$200,000 or more": 38, "COUNTY": "Kings County", "TRACTCE": "039700", "BLKGRPCE": "3", "Area (Sq Mi)": 0.024933976833976836, "zip_code": "11221", "block_group": "0397003", "bg_area": 695129.42582213518, "overlap_area": 185.30199098559527, "frac_in_neighborhood": 0.00026657192761828075, "pop_in_neighborhood": 0.37453355830368446, "neighborhood": "bedstuy" }, "geometry": { "type": "MultiPolygon", "coordinates": [ [ [ [ -73.919905984123545, 40.690498419246126 ], [ -73.919152984942841, 40.690075418260513 ], [ -73.920549988535086, 40.688640424345301 ], [ -73.920960986088033, 40.68887142485751 ], [ -73.921213986651694, 40.689018424044058 ], [ -73.921305985722014, 40.689071425347315 ], [ -73.922071984341358, 40.689489424786423 ], [ -73.92280698176917, 40.689923425929123 ], [ -73.92316898048125, 40.690122426056639 ], [ -73.923643978937363, 40.690398426513227 ], [ -73.922949978787443, 40.691099423131767 ], [ -73.922229976590458, 40.691822420240307 ], [ -73.921410979339853, 40.69135242006795 ], [ -73.920656980863598, 40.690926419836373 ], [ -73.919905984123545, 40.690498419246126 ] ] ] ] } },
{ "type": "Feature", "properties": { "GISJOIN": "G36004700375002", "Total Pop (Race/Ethnicity)": 1524, "Not Hispanic or Latino": 1214, "Not Hispanic or Latino: White alone": 293, "Not Hispanic or Latino: Black or African American alone": 737, "Not Hispanic or Latino: American Indian and Alaska Native alone": 0, "Not Hispanic or Latino: Asian alone": 156, "Not Hispanic or Latino: Native Hawaiian and Other Pacific Islander alone": 0, "Not Hispanic or Latino: Some other race alone": 0, "Not Hispanic or Latino: Two or more races": 28, "Not Hispanic or Latino: Two or more races: Two races including Some other race": 0, "Not Hispanic or Latino: Two or more races: Two races excluding Some other race, and three or more races": 28, "Hispanic or Latino": 310, "Total Households (Income)": 768, "Less than $10,000": 38, "$10,000 to $14,999": 13, "$15,000 to $19,999": 13, "$20,000 to $24,999": 12, "$25,000 to $29,999": 47, "$30,000 to $34,999": 0, "$35,000 to $39,999": 9, "$40,000 to $44,999": 0, "$45,000 to $49,999": 15, "$50,000 to $59,999": 0, "$60,000 to $74,999": 119, "$75,000 to $99,999": 192, "$100,000 to $124,999": 87, "$125,000 to $149,999": 85, "$150,000 to $199,999": 52, "$200,000 or more": 86, "COUNTY": "Kings County", "TRACTCE": "037500", "BLKGRPCE": "2", "Area (Sq Mi)": 0.032538996138996142, "zip_code": "11221", "block_group": "0375002", "bg_area": 907136.92713803158, "overlap_area": 907136.92713803146, "frac_in_neighborhood": 0.99999999999999989, "pop_in_neighborhood": 1523.9999999999998, "neighborhood": "bedstuy" }, "geometry": { "type": "MultiPolygon", "coordinates": [ [ [ [ -73.923643978937363, 40.690398426513227 ], [ -73.92316898048125, 40.690122426056639 ], [ -73.92280698176917, 40.689923425929123 ], [ -73.922071984341358, 40.689489424786423 ], [ -73.921305985722014, 40.689071425347315 ], [ -73.921213986651694, 40.689018424044058 ], [ -73.920960986088033, 40.68887142485751 ], [ -73.920549988535086, 40.688640424345301 ], [ -73.919809990047582, 40.688210423390991 ], [ -73.919060992307905, 40.687783423541894 ], [ -73.918782992092332, 40.687625423429786 ], [ -73.920470991134422, 40.68742942660964 ], [ -73.920886990455699, 40.687381427497392 ], [ -73.923541988097867, 40.687075433770126 ], [ -73.923688985888433, 40.68781043152029 ], [ -73.923833983255108, 40.688540430452321 ], [ -73.923978982191613, 40.689274428712508 ], [ -73.924126979781661, 40.690004427817755 ], [ -73.924260977238546, 40.690641426312865 ], [ -73.924391977489435, 40.690830425803796 ], [ -73.924286977429489, 40.690767426416024 ], [ -73.923643978937363, 40.690398426513227 ] ] ] ] } },
{ "type": "Feature", "properties": { "GISJOIN": "G36004700397002", "Total Pop (Race/Ethnicity)": 1148, "Not Hispanic or Latino": 788, "Not Hispanic or Latino: White alone": 259, "Not Hispanic or Latino: Black or African American alone": 444, "Not Hispanic or Latino: American Indian and Alaska Native alone": 0, "Not Hispanic or Latino: Asian alone": 2, "Not Hispanic or Latino: Native Hawaiian and Other Pacific Islander alone": 0, "Not Hispanic or Latino: Some other race alone": 0, "Not Hispanic or Latino: Two or more races": 83, "Not Hispanic or Latino: Two or more races: Two races including Some other race": 28, "Not Hispanic or Latino: Two or more races: Two races excluding Some other race, and three or more races": 55, "Hispanic or Latino": 360, "Total Households (Income)": 507, "Less than $10,000": 92, "$10,000 to $14,999": 0, "$15,000 to $19,999": 0, "$20,000 to $24,999": 0, "$25,000 to $29,999": 51, "$30,000 to $34,999": 0, "$35,000 to $39,999": 0, "$40,000 to $44,999": 0, "$45,000 to $49,999": 0, "$50,000 to $59,999": 0, "$60,000 to $74,999": 92, "$75,000 to $99,999": 38, "$100,000 to $124,999": 93, "$125,000 to $149,999": 77, "$150,000 to $199,999": 22, "$200,000 or more": 42, "COUNTY": "Kings County", "TRACTCE": "039700", "BLKGRPCE": "2", "Area (Sq Mi)": 0.018274517374517376, "zip_code": "11221", "block_group": "0397002", "bg_area": 509472.75577823631, "overlap_area": 173.28183592886063, "frac_in_neighborhood": 0.00034011992587153547, "pop_in_neighborhood": 0.39045767490052274, "neighborhood": "bedstuy" }, "geometry": { "type": "MultiPolygon", "coordinates": [ [ [ [ -73.916898991793303, 40.68878941671381 ], [ -73.918293993564646, 40.68735642315422 ], [ -73.918782992092332, 40.687625423429786 ], [ -73.919060992307905, 40.687783423541894 ], [ -73.919809990047582, 40.688210423390991 ], [ -73.920549988535086, 40.688640424345301 ], [ -73.919152984942841, 40.690075418260513 ], [ -73.918399987579889, 40.68964541750745 ], [ -73.917648989232617, 40.689217417229465 ], [ -73.916898991793303, 40.68878941671381 ] ] ] ] } },
{ "type": "Feature", "properties": { "GISJOIN": "G36004700375001", "Total Pop (Race/Ethnicity)": 767, "Not Hispanic or Latino": 629, "Not Hispanic or Latino: White alone": 262, "Not Hispanic or Latino: Black or African American alone": 349, "Not Hispanic or Latino: American Indian and Alaska Native alone": 0, "Not Hispanic or Latino: Asian alone": 0, "Not Hispanic or Latino: Native Hawaiian and Other Pacific Islander alone": 0, "Not Hispanic or Latino: Some other race alone": 4, "Not Hispanic or Latino: Two or more races": 14, "Not Hispanic or Latino: Two or more races: Two races including Some other race": 14, "Not Hispanic or Latino: Two or more races: Two races excluding Some other race, and three or more races": 0, "Hispanic or Latino": 138, "Total Households (Income)": 330, "Less than $10,000": 70, "$10,000 to $14,999": 20, "$15,000 to $19,999": 0, "$20,000 to $24,999": 0, "$25,000 to $29,999": 0, "$30,000 to $34,999": 0, "$35,000 to $39,999": 0, "$40,000 to $44,999": 0, "$45,000 to $49,999": 14, "$50,000 to $59,999": 0, "$60,000 to $74,999": 34, "$75,000 to $99,999": 14, "$100,000 to $124,999": 49, "$125,000 to $149,999": 0, "$150,000 to $199,999": 45, "$200,000 or more": 84, "COUNTY": "Kings County", "TRACTCE": "037500", "BLKGRPCE": "1", "Area (Sq Mi)": 0.014679150579150578, "zip_code": "11233", "block_group": "0375001", "bg_area": 409233.57004033937, "overlap_area": 409173.91835159622, "frac_in_neighborhood": 0.99985423559280029, "pop_in_neighborhood": 766.88819869967779, "neighborhood": "bedstuy" }, "geometry": { "type": "MultiPolygon", "coordinates": [ [ [ [ -73.917849997788011, 40.686232423986397 ], [ -73.918213996493819, 40.68619042457977 ], [ -73.920494994653438, 40.685927430551637 ], [ -73.920594994279369, 40.685916429998954 ], [ -73.920748994131515, 40.685898430761888 ], [ -73.92092199396221, 40.68587843086307 ], [ -73.922890992563651, 40.685651435214353 ], [ -73.923094992551569, 40.685628435964276 ], [ -73.923251992065744, 40.685611435659922 ], [ -73.923395990033441, 40.686344434970394 ], [ -73.920739992789422, 40.686649429038248 ], [ -73.920116993284239, 40.686720427014478 ], [ -73.918158995408817, 40.686945423308892 ], [ -73.917995995613964, 40.686964423675782 ], [ -73.917926996132252, 40.686624423657499 ], [ -73.91789199640894, 40.686448423581567 ], [ -73.917849997788011, 40.686232423986397 ] ] ] ] } },
{ "type": "Feature", "properties": { "GISJOIN": "G36004700375003", "Total Pop (Race/Ethnicity)": 1457, "Not Hispanic or Latino": 948, "Not Hispanic or Latino: White alone": 80, "Not Hispanic or Latino: Black or African American alone": 768, "Not Hispanic or Latino: American Indian and Alaska Native alone": 0, "Not Hispanic or Latino: Asian alone": 100, "Not Hispanic or Latino: Native Hawaiian and Other Pacific Islander alone": 0, "Not Hispanic or Latino: Some other race alone": 0, "Not Hispanic or Latino: Two or more races": 0, "Not Hispanic or Latino: Two or more races: Two races including Some other race": 0, "Not Hispanic or Latino: Two or more races: Two races excluding Some other race, and three or more races": 0, "Hispanic or Latino": 509, "Total Households (Income)": 462, "Less than $10,000": 0, "$10,000 to $14,999": 16, "$15,000 to $19,999": 0, "$20,000 to $24,999": 21, "$25,000 to $29,999": 0, "$30,000 to $34,999": 0, "$35,000 to $39,999": 23, "$40,000 to $44,999": 0, "$45,000 to $49,999": 0, "$50,000 to $59,999": 189, "$60,000 to $74,999": 6, "$75,000 to $99,999": 36, "$100,000 to $124,999": 0, "$125,000 to $149,999": 113, "$150,000 to $199,999": 30, "$200,000 or more": 28, "COUNTY": "Kings County", "TRACTCE": "037500", "BLKGRPCE": "3", "Area (Sq Mi)": 0.014098069498069498, "zip_code": "11221", "block_group": "0375003", "bg_area": 393022.77593585773, "overlap_area": 392990.52002842014, "frac_in_neighborhood": 0.99991792865601548, "pop_in_neighborhood": 1456.8804220518145, "neighborhood": "bedstuy" }, "geometry": { "type": "MultiPolygon", "coordinates": [ [ [ [ -73.918293993564646, 40.68735642315422 ], [ -73.918045994228521, 40.687212422190989 ], [ -73.917995995613964, 40.686964423675782 ], [ -73.918158995408817, 40.686945423308892 ], [ -73.920116993284239, 40.686720427014478 ], [ -73.920739992789422, 40.686649429038248 ], [ -73.923395990033441, 40.686344434970394 ], [ -73.923541988097867, 40.687075433770126 ], [ -73.920886990455699, 40.687381427497392 ], [ -73.920470991134422, 40.68742942660964 ], [ -73.918782992092332, 40.687625423429786 ], [ -73.918293993564646, 40.68735642315422 ] ] ] ] } },
{ "type": "Feature", "properties": { "GISJOIN": "G36004700383003", "Total Pop (Race/Ethnicity)": 1346, "Not Hispanic or Latino": 1115, "Not Hispanic or Latino: White alone": 132, "Not Hispanic or Latino: Black or African American alone": 825, "Not Hispanic or Latino: American Indian and Alaska Native alone": 0, "Not Hispanic or Latino: Asian alone": 14, "Not Hispanic or Latino: Native Hawaiian and Other Pacific Islander alone": 0, "Not Hispanic or Latino: Some other race alone": 0, "Not Hispanic or Latino: Two or more races": 144, "Not Hispanic or Latino: Two or more races: Two races including Some other race": 144, "Not Hispanic or Latino: Two or more races: Two races excluding Some other race, and three or more races": 0, "Hispanic or Latino": 231, "Total Households (Income)": 529, "Less than $10,000": 0, "$10,000 to $14,999": 21, "$15,000 to $19,999": 0, "$20,000 to $24,999": 0, "$25,000 to $29,999": 0, "$30,000 to $34,999": 58, "$35,000 to $39,999": 0, "$40,000 to $44,999": 0, "$45,000 to $49,999": 0, "$50,000 to $59,999": 0, "$60,000 to $74,999": 72, "$75,000 to $99,999": 85, "$100,000 to $124,999": 0, "$125,000 to $149,999": 61, "$150,000 to $199,999": 136, "$200,000 or more": 96, "COUNTY": "Kings County", "TRACTCE": "038300", "BLKGRPCE": "3", "Area (Sq Mi)": 0.016833204633204632, "zip_code": "11233", "block_group": "0383003", "bg_area": 469275.53920215502, "overlap_area": 469275.53920215502, "frac_in_neighborhood": 1.0, "pop_in_neighborhood": 1346.0, "neighborhood": "bedstuy" }, "geometry": { "type": "MultiPolygon", "coordinates": [ [ [ [ -73.922958995717494, 40.684147438167258 ], [ -73.926239993235399, 40.683770446590174 ], [ -73.929160989951498, 40.683436452518535 ], [ -73.929308987228239, 40.684168450938202 ], [ -73.926383990061126, 40.684502444757911 ], [ -73.923103994948832, 40.684879438227597 ], [ -73.922958995717494, 40.684147438167258 ] ] ] ] } },
{ "type": "Feature", "properties": { "GISJOIN": "G36004700383004", "Total Pop (Race/Ethnicity)": 1217, "Not Hispanic or Latino": 1042, "Not Hispanic or Latino: White alone": 145, "Not Hispanic or Latino: Black or African American alone": 780, "Not Hispanic or Latino: American Indian and Alaska Native alone": 0, "Not Hispanic or Latino: Asian alone": 14, "Not Hispanic or Latino: Native Hawaiian and Other Pacific Islander alone": 0, "Not Hispanic or Latino: Some other race alone": 0, "Not Hispanic or Latino: Two or more races": 103, "Not Hispanic or Latino: Two or more races: Two races including Some other race": 61, "Not Hispanic or Latino: Two or more races: Two races excluding Some other race, and three or more races": 42, "Hispanic or Latino": 175, "Total Households (Income)": 596, "Less than $10,000": 119, "$10,000 to $14,999": 0, "$15,000 to $19,999": 0, "$20,000 to $24,999": 0, "$25,000 to $29,999": 50, "$30,000 to $34,999": 42, "$35,000 to $39,999": 0, "$40,000 to $44,999": 11, "$45,000 to $49,999": 60, "$50,000 to $59,999": 0, "$60,000 to $74,999": 156, "$75,000 to $99,999": 16, "$100,000 to $124,999": 0, "$125,000 to $149,999": 15, "$150,000 to $199,999": 113, "$200,000 or more": 14, "COUNTY": "Kings County", "TRACTCE": "038300", "BLKGRPCE": "4", "Area (Sq Mi)": 0.016851737451737452, "zip_code": "11233", "block_group": "0383004", "bg_area": 469795.78955902503, "overlap_area": 469795.78955902503, "frac_in_neighborhood": 1.0, "pop_in_neighborhood": 1217.0, "neighborhood": "bedstuy" }, "geometry": { "type": "MultiPolygon", "coordinates": [ [ [ [ -73.92281399734199, 40.68341444062942 ], [ -73.926094995572186, 40.683037447040881 ], [ -73.929008992779259, 40.682702453057544 ], [ -73.929160989951498, 40.683436452518535 ], [ -73.926239993235399, 40.683770446590174 ], [ -73.922958995717494, 40.684147438167258 ], [ -73.92281399734199, 40.68341444062942 ] ] ] ] } },
{ "type": "Feature", "properties": { "GISJOIN": "G36004700381001", "Total Pop (Race/Ethnicity)": 1749, "Not Hispanic or Latino": 1340, "Not Hispanic or Latino: White alone": 301, "Not Hispanic or Latino: Black or African American alone": 664, "Not Hispanic or Latino: American Indian and Alaska Native alone": 0, "Not Hispanic or Latino: Asian alone": 8, "Not Hispanic or Latino: Native Hawaiian and Other Pacific Islander alone": 0, "Not Hispanic or Latino: Some other race alone": 0, "Not Hispanic or Latino: Two or more races": 367, "Not Hispanic or Latino: Two or more races: Two races including Some other race": 21, "Not Hispanic or Latino: Two or more races: Two races excluding Some other race, and three or more races": 346, "Hispanic or Latino": 409, "Total Households (Income)": 699, "Less than $10,000": 0, "$10,000 to $14,999": 29, "$15,000 to $19,999": 0, "$20,000 to $24,999": 0, "$25,000 to $29,999": 0, "$30,000 to $34,999": 53, "$35,000 to $39,999": 60, "$40,000 to $44,999": 127, "$45,000 to $49,999": 0, "$50,000 to $59,999": 38, "$60,000 to $74,999": 58, "$75,000 to $99,999": 87, "$100,000 to $124,999": 59, "$125,000 to $149,999": 53, "$150,000 to $199,999": 52, "$200,000 or more": 83, "COUNTY": "Kings County", "TRACTCE": "038100", "BLKGRPCE": "1", "Area (Sq Mi)": 0.017840540540540541, "zip_code": "11233", "block_group": "0381001", "bg_area": 497364.79651034309, "overlap_area": 497364.79651034303, "frac_in_neighborhood": 0.99999999999999989, "pop_in_neighborhood": 1748.9999999999998, "neighborhood": "bedstuy" }, "geometry": { "type": "MultiPolygon", "coordinates": [ [ [ [ -73.922670000580524, 40.682681441206249 ], [ -73.922545001948009, 40.681935443533661 ], [ -73.925785998888031, 40.681570449400645 ], [ -73.925945997018701, 40.682307449230571 ], [ -73.926094995572186, 40.683037447040881 ], [ -73.92281399734199, 40.68341444062942 ], [ -73.922670000580524, 40.682681441206249 ] ] ] ] } },
{ "type": "Feature", "properties": { "GISJOIN": "G36004700381002", "Total Pop (Race/Ethnicity)": 1487, "Not Hispanic or Latino": 1267, "Not Hispanic or Latino: White alone": 0, "Not Hispanic or Latino: Black or African American alone": 1185, "Not Hispanic or Latino: American Indian and Alaska Native alone": 0, "Not Hispanic or Latino: Asian alone": 0, "Not Hispanic or Latino: Native Hawaiian and Other Pacific Islander alone": 0, "Not Hispanic or Latino: Some other race alone": 0, "Not Hispanic or Latino: Two or more races": 82, "Not Hispanic or Latino: Two or more races: Two races including Some other race": 0, "Not Hispanic or Latino: Two or more races: Two races excluding Some other race, and three or more races": 82, "Hispanic or Latino": 220, "Total Households (Income)": 836, "Less than $10,000": 185, "$10,000 to $14,999": 15, "$15,000 to $19,999": 99, "$20,000 to $24,999": 20, "$25,000 to $29,999": 0, "$30,000 to $34,999": 0, "$35,000 to $39,999": 20, "$40,000 to $44,999": 70, "$45,000 to $49,999": 24, "$50,000 to $59,999": 0, "$60,000 to $74,999": 92, "$75,000 to $99,999": 254, "$100,000 to $124,999": 0, "$125,000 to $149,999": 31, "$150,000 to $199,999": 26, "$200,000 or more": 0, "COUNTY": "Kings County", "TRACTCE": "038100", "BLKGRPCE": "2", "Area (Sq Mi)": 0.033097297297297296, "zip_code": "11233", "block_group": "0381002", "bg_area": 922690.94638154353, "overlap_area": 922690.90511721361, "frac_in_neighborhood": 0.9999999552782759, "pop_in_neighborhood": 1486.9999334987963, "neighborhood": "bedstuy" }, "geometry": { "type": "MultiPolygon", "coordinates": [ [ [ [ -73.922427004179241, 40.681210444377271 ], [ -73.922277005878001, 40.680475445683243 ], [ -73.922132008353188, 40.679744446996331 ], [ -73.921973010649097, 40.679077447841344 ], [ -73.921835011573918, 40.678945448442171 ], [ -73.921646010954106, 40.678869448095199 ], [ -73.922505009626903, 40.678916449386932 ], [ -73.924593006772866, 40.679031454171863 ], [ -73.925266007154178, 40.679072454273822 ], [ -73.92534000577588, 40.679392453967225 ], [ -73.925479003803645, 40.680111452800112 ], [ -73.925625001165358, 40.680846450980027 ], [ -73.925785998888031, 40.681570449400645 ], [ -73.922545001948009, 40.681935443533661 ], [ -73.922427004179241, 40.681210444377271 ] ] ] ] } },
{ "type": "Feature", "properties": { "GISJOIN": "G36004700377003", "Total Pop (Race/Ethnicity)": 1236, "Not Hispanic or Latino": 1095, "Not Hispanic or Latino: White alone": 192, "Not Hispanic or Latino: Black or African American alone": 831, "Not Hispanic or Latino: American Indian and Alaska Native alone": 0, "Not Hispanic or Latino: Asian alone": 13, "Not Hispanic or Latino: Native Hawaiian and Other Pacific Islander alone": 0, "Not Hispanic or Latino: Some other race alone": 0, "Not Hispanic or Latino: Two or more races": 59, "Not Hispanic or Latino: Two or more races: Two races including Some other race": 0, "Not Hispanic or Latino: Two or more races: Two races excluding Some other race, and three or more races": 59, "Hispanic or Latino": 141, "Total Households (Income)": 590, "Less than $10,000": 22, "$10,000 to $14,999": 0, "$15,000 to $19,999": 158, "$20,000 to $24,999": 72, "$25,000 to $29,999": 0, "$30,000 to $34,999": 57, "$35,000 to $39,999": 0, "$40,000 to $44,999": 20, "$45,000 to $49,999": 0, "$50,000 to $59,999": 36, "$60,000 to $74,999": 0, "$75,000 to $99,999": 20, "$100,000 to $124,999": 21, "$125,000 to $149,999": 13, "$150,000 to $199,999": 67, "$200,000 or more": 104, "COUNTY": "Kings County", "TRACTCE": "037700", "BLKGRPCE": "3", "Area (Sq Mi)": 0.01476023166023166, "zip_code": "11233", "block_group": "0377003", "bg_area": 411497.69037161523, "overlap_area": 411496.7018587499, "frac_in_neighborhood": 0.99999759776813224, "pop_in_neighborhood": 1235.9970308414115, "neighborhood": "bedstuy" }, "geometry": { "type": "MultiPolygon", "coordinates": [ [ [ [ -73.917122006795239, 40.682567431070204 ], [ -73.917521007114502, 40.682522432255347 ], [ -73.919866004959786, 40.682253437264592 ], [ -73.922545001948009, 40.681935443533661 ], [ -73.922670000580524, 40.682681441206249 ], [ -73.920011002866374, 40.682985435860758 ], [ -73.917648004471573, 40.683258430470474 ], [ -73.917266006067607, 40.683302430062412 ], [ -73.917122006795239, 40.682567431070204 ] ] ] ] } },
{ "type": "Feature", "properties": { "GISJOIN": "G36004700379002", "Total Pop (Race/Ethnicity)": 1613, "Not Hispanic or Latino": 1470, "Not Hispanic or Latino: White alone": 105, "Not Hispanic or Latino: Black or African American alone": 1321, "Not Hispanic or Latino: American Indian and Alaska Native alone": 0, "Not Hispanic or Latino: Asian alone": 12, "Not Hispanic or Latino: Native Hawaiian and Other Pacific Islander alone": 0, "Not Hispanic or Latino: Some other race alone": 13, "Not Hispanic or Latino: Two or more races": 19, "Not Hispanic or Latino: Two or more races: Two races including Some other race": 0, "Not Hispanic or Latino: Two or more races: Two races excluding Some other race, and three or more races": 19, "Hispanic or Latino": 143, "Total Households (Income)": 656, "Less than $10,000": 98, "$10,000 to $14,999": 70, "$15,000 to $19,999": 13, "$20,000 to $24,999": 34, "$25,000 to $29,999": 26, "$30,000 to $34,999": 0, "$35,000 to $39,999": 0, "$40,000 to $44,999": 41, "$45,000 to $49,999": 19, "$50,000 to $59,999": 0, "$60,000 to $74,999": 32, "$75,000 to $99,999": 79, "$100,000 to $124,999": 120, "$125,000 to $149,999": 0, "$150,000 to $199,999": 60, "$200,000 or more": 64, "COUNTY": "Kings County", "TRACTCE": "037900", "BLKGRPCE": "2", "Area (Sq Mi)": 0.029575289575289574, "zip_code": "11233", "block_group": "0379002", "bg_area": 824496.61023015575, "overlap_area": 824496.61023015564, "frac_in_neighborhood": 0.99999999999999989, "pop_in_neighborhood": 1612.9999999999998, "neighborhood": "bedstuy" }, "geometry": { "type": "MultiPolygon", "coordinates": [ [ [ [ -73.916831011311814, 40.681100433793411 ], [ -73.916687014040221, 40.680370435553954 ], [ -73.919430011694189, 40.680054441279047 ], [ -73.922132008353188, 40.679744446996331 ], [ -73.922277005878001, 40.680475445683243 ], [ -73.922427004179241, 40.681210444377271 ], [ -73.919720007033149, 40.681518438123625 ], [ -73.917355009296983, 40.681791433360807 ], [ -73.916977009899853, 40.681833433168954 ], [ -73.916831011311814, 40.681100433793411 ] ] ] ] } },
{ "type": "Feature", "properties": { "GISJOIN": "G36004700379001", "Total Pop (Race/Ethnicity)": 674, "Not Hispanic or Latino": 643, "Not Hispanic or Latino: White alone": 55, "Not Hispanic or Latino: Black or African American alone": 434, "Not Hispanic or Latino: American Indian and Alaska Native alone": 36, "Not Hispanic or Latino: Asian alone": 0, "Not Hispanic or Latino: Native Hawaiian and Other Pacific Islander alone": 0, "Not Hispanic or Latino: Some other race alone": 8, "Not Hispanic or Latino: Two or more races": 110, "Not Hispanic or Latino: Two or more races: Two races including Some other race": 50, "Not Hispanic or Latino: Two or more races: Two races excluding Some other race, and three or more races": 60, "Hispanic or Latino": 31, "Total Households (Income)": 303, "Less than $10,000": 18, "$10,000 to $14,999": 34, "$15,000 to $19,999": 13, "$20,000 to $24,999": 0, "$25,000 to $29,999": 0, "$30,000 to $34,999": 36, "$35,000 to $39,999": 0, "$40,000 to $44,999": 0, "$45,000 to $49,999": 0, "$50,000 to $59,999": 52, "$60,000 to $74,999": 44, "$75,000 to $99,999": 64, "$100,000 to $124,999": 0, "$125,000 to $149,999": 0, "$150,000 to $199,999": 27, "$200,000 or more": 15, "COUNTY": "Kings County", "TRACTCE": "037900", "BLKGRPCE": "1", "Area (Sq Mi)": 0.014741312741312742, "zip_code": "11233", "block_group": "0379001", "bg_area": 410969.67919271998, "overlap_area": 410969.67919271992, "frac_in_neighborhood": 0.99999999999999989, "pop_in_neighborhood": 673.99999999999989, "neighborhood": "bedstuy" }, "geometry": { "type": "MultiPolygon", "coordinates": [ [ [ [ -73.916977009899853, 40.681833433168954 ], [ -73.917355009296983, 40.681791433360807 ], [ -73.919720007033149, 40.681518438123625 ], [ -73.922427004179241, 40.681210444377271 ], [ -73.922545001948009, 40.681935443533661 ], [ -73.919866004959786, 40.682253437264592 ], [ -73.917521007114502, 40.682522432255347 ], [ -73.917122006795239, 40.682567431070204 ], [ -73.916977009899853, 40.681833433168954 ] ] ] ] } },
{ "type": "Feature", "properties": { "GISJOIN": "G36004700377002", "Total Pop (Race/Ethnicity)": 1212, "Not Hispanic or Latino": 1130, "Not Hispanic or Latino: White alone": 182, "Not Hispanic or Latino: Black or African American alone": 883, "Not Hispanic or Latino: American Indian and Alaska Native alone": 0, "Not Hispanic or Latino: Asian alone": 10, "Not Hispanic or Latino: Native Hawaiian and Other Pacific Islander alone": 0, "Not Hispanic or Latino: Some other race alone": 9, "Not Hispanic or Latino: Two or more races": 46, "Not Hispanic or Latino: Two or more races: Two races including Some other race": 20, "Not Hispanic or Latino: Two or more races: Two races excluding Some other race, and three or more races": 26, "Hispanic or Latino": 82, "Total Households (Income)": 454, "Less than $10,000": 0, "$10,000 to $14,999": 0, "$15,000 to $19,999": 0, "$20,000 to $24,999": 0, "$25,000 to $29,999": 73, "$30,000 to $34,999": 0, "$35,000 to $39,999": 0, "$40,000 to $44,999": 0, "$45,000 to $49,999": 27, "$50,000 to $59,999": 29, "$60,000 to $74,999": 146, "$75,000 to $99,999": 33, "$100,000 to $124,999": 65, "$125,000 to $149,999": 42, "$150,000 to $199,999": 18, "$200,000 or more": 21, "COUNTY": "Kings County", "TRACTCE": "037700", "BLKGRPCE": "2", "Area (Sq Mi)": 0.022370270270270269, "zip_code": "11233", "block_group": "0377002", "bg_area": 623648.89533232281, "overlap_area": 623646.1694904241, "frac_in_neighborhood": 0.99999562920431817, "pop_in_neighborhood": 1211.9947025956337, "neighborhood": "bedstuy" }, "geometry": { "type": "MultiPolygon", "coordinates": [ [ [ [ -73.917558001785821, 40.684766427094686 ], [ -73.917413003491291, 40.684033428133951 ], [ -73.917266006067607, 40.683302430062412 ], [ -73.917648004471573, 40.683258430470474 ], [ -73.920011002866374, 40.682985435860758 ], [ -73.92015600154204, 40.68371843435574 ], [ -73.920303998286926, 40.684450433010163 ], [ -73.920446997294093, 40.685184431947732 ], [ -73.918067998899332, 40.685458426618759 ], [ -73.917700999871727, 40.685499425688853 ], [ -73.917558001785821, 40.684766427094686 ] ] ] ] } },
{ "type": "Feature", "properties": { "GISJOIN": "G36004700377004", "Total Pop (Race/Ethnicity)": 1583, "Not Hispanic or Latino": 1330, "Not Hispanic or Latino: White alone": 560, "Not Hispanic or Latino: Black or African American alone": 701, "Not Hispanic or Latino: American Indian and Alaska Native alone": 0, "Not Hispanic or Latino: Asian alone": 18, "Not Hispanic or Latino: Native Hawaiian and Other Pacific Islander alone": 0, "Not Hispanic or Latino: Some other race alone": 0, "Not Hispanic or Latino: Two or more races": 51, "Not Hispanic or Latino: Two or more races: Two races including Some other race": 0, "Not Hispanic or Latino: Two or more races: Two races excluding Some other race, and three or more races": 51, "Hispanic or Latino": 253, "Total Households (Income)": 585, "Less than $10,000": 70, "$10,000 to $14,999": 0, "$15,000 to $19,999": 19, "$20,000 to $24,999": 0, "$25,000 to $29,999": 0, "$30,000 to $34,999": 54, "$35,000 to $39,999": 31, "$40,000 to $44,999": 0, "$45,000 to $49,999": 17, "$50,000 to $59,999": 15, "$60,000 to $74,999": 60, "$75,000 to $99,999": 76, "$100,000 to $124,999": 0, "$125,000 to $149,999": 66, "$150,000 to $199,999": 27, "$200,000 or more": 150, "COUNTY": "Kings County", "TRACTCE": "037700", "BLKGRPCE": "4", "Area (Sq Mi)": 0.02165135135135135, "zip_code": "11233", "block_group": "0377004", "bg_area": 603605.38040347572, "overlap_area": 603605.3804034756, "frac_in_neighborhood": 0.99999999999999978, "pop_in_neighborhood": 1582.9999999999995, "neighborhood": "bedstuy" }, "geometry": { "type": "MultiPolygon", "coordinates": [ [ [ [ -73.920011002866374, 40.682985435860758 ], [ -73.922670000580524, 40.682681441206249 ], [ -73.92281399734199, 40.68341444062942 ], [ -73.922958995717494, 40.684147438167258 ], [ -73.923103994948832, 40.684879438227597 ], [ -73.920446997294093, 40.685184431947732 ], [ -73.920303998286926, 40.684450433010163 ], [ -73.92015600154204, 40.68371843435574 ], [ -73.920011002866374, 40.682985435860758 ] ] ] ] } },
{ "type": "Feature", "properties": { "GISJOIN": "G36004700377001", "Total Pop (Race/Ethnicity)": 1059, "Not Hispanic or Latino": 968, "Not Hispanic or Latino: White alone": 91, "Not Hispanic or Latino: Black or African American alone": 851, "Not Hispanic or Latino: American Indian and Alaska Native alone": 0, "Not Hispanic or Latino: Asian alone": 26, "Not Hispanic or Latino: Native Hawaiian and Other Pacific Islander alone": 0, "Not Hispanic or Latino: Some other race alone": 0, "Not Hispanic or Latino: Two or more races": 0, "Not Hispanic or Latino: Two or more races: Two races including Some other race": 0, "Not Hispanic or Latino: Two or more races: Two races excluding Some other race, and three or more races": 0, "Hispanic or Latino": 91, "Total Households (Income)": 283, "Less than $10,000": 0, "$10,000 to $14,999": 0, "$15,000 to $19,999": 0, "$20,000 to $24,999": 0, "$25,000 to $29,999": 27, "$30,000 to $34,999": 0, "$35,000 to $39,999": 0, "$40,000 to $44,999": 0, "$45,000 to $49,999": 0, "$50,000 to $59,999": 0, "$60,000 to $74,999": 31, "$75,000 to $99,999": 108, "$100,000 to $124,999": 9, "$125,000 to $149,999": 33, "$150,000 to $199,999": 12, "$200,000 or more": 63, "COUNTY": "Kings County", "TRACTCE": "037700", "BLKGRPCE": "1", "Area (Sq Mi)": 0.014655212355212355, "zip_code": "11233", "block_group": "0377001", "bg_area": 408562.48639917624, "overlap_area": 408562.48639917618, "frac_in_neighborhood": 0.99999999999999989, "pop_in_neighborhood": 1058.9999999999998, "neighborhood": "bedstuy" }, "geometry": { "type": "MultiPolygon", "coordinates": [ [ [ [ -73.917700999871727, 40.685499425688853 ], [ -73.918067998899332, 40.685458426618759 ], [ -73.920446997294093, 40.685184431947732 ], [ -73.923103994948832, 40.684879438227597 ], [ -73.923251992065744, 40.685611435659922 ], [ -73.923094992551569, 40.685628435964276 ], [ -73.922890992563651, 40.685651435214353 ], [ -73.92092199396221, 40.68587843086307 ], [ -73.920748994131515, 40.685898430761888 ], [ -73.920594994279369, 40.685916429998954 ], [ -73.920494994653438, 40.685927430551637 ], [ -73.918213996493819, 40.68619042457977 ], [ -73.917849997788011, 40.686232423986397 ], [ -73.917700999871727, 40.685499425688853 ] ] ] ] } },
{ "type": "Feature", "properties": { "GISJOIN": "G36004700373001", "Total Pop (Race/Ethnicity)": 1642, "Not Hispanic or Latino": 1187, "Not Hispanic or Latino: White alone": 69, "Not Hispanic or Latino: Black or African American alone": 865, "Not Hispanic or Latino: American Indian and Alaska Native alone": 0, "Not Hispanic or Latino: Asian alone": 141, "Not Hispanic or Latino: Native Hawaiian and Other Pacific Islander alone": 0, "Not Hispanic or Latino: Some other race alone": 112, "Not Hispanic or Latino: Two or more races": 0, "Not Hispanic or Latino: Two or more races: Two races including Some other race": 0, "Not Hispanic or Latino: Two or more races: Two races excluding Some other race, and three or more races": 0, "Hispanic or Latino": 455, "Total Households (Income)": 702, "Less than $10,000": 72, "$10,000 to $14,999": 34, "$15,000 to $19,999": 54, "$20,000 to $24,999": 75, "$25,000 to $29,999": 43, "$30,000 to $34,999": 19, "$35,000 to $39,999": 0, "$40,000 to $44,999": 39, "$45,000 to $49,999": 0, "$50,000 to $59,999": 18, "$60,000 to $74,999": 83, "$75,000 to $99,999": 70, "$100,000 to $124,999": 130, "$125,000 to $149,999": 0, "$150,000 to $199,999": 60, "$200,000 or more": 5, "COUNTY": "Kings County", "TRACTCE": "037300", "BLKGRPCE": "1", "Area (Sq Mi)": 0.022337451737451736, "zip_code": "11233", "block_group": "0373001", "bg_area": 622720.69878749107, "overlap_area": 65.177862180665514, "frac_in_neighborhood": 0.00010466628507382895, "pop_in_neighborhood": 0.17186204009122713, "neighborhood": "bedstuy" }, "geometry": { "type": "MultiPolygon", "coordinates": [ [ [ [ -73.916046000567604, 40.686071421365554 ], [ -73.915827000563198, 40.685946421337015 ], [ -73.915501001601555, 40.685761420362681 ], [ -73.91529000152525, 40.685644420001914 ], [ -73.914701003216464, 40.685316420004504 ], [ -73.914540004359168, 40.685226420437168 ], [ -73.91379800602067, 40.68479941980285 ], [ -73.913308007096802, 40.684520419655826 ], [ -73.913238007650719, 40.684481419318239 ], [ -73.913037008668653, 40.684367419517756 ], [ -73.912273010428791, 40.683934419172594 ], [ -73.912379010302089, 40.683865419316461 ], [ -73.912747010480544, 40.683821420081763 ], [ -73.914611007773757, 40.683604424359025 ], [ -73.914755006507079, 40.684337422429955 ], [ -73.914883003838199, 40.684925421112879 ], [ -73.914915004423904, 40.68507142156372 ], [ -73.917558001785821, 40.684766427094686 ], [ -73.917700999871727, 40.685499425688853 ], [ -73.917849997788011, 40.686232423986397 ], [ -73.91789199640894, 40.686448423581567 ], [ -73.917926996132252, 40.686624423657499 ], [ -73.917995995613964, 40.686964423675782 ], [ -73.918045994228521, 40.687212422190989 ], [ -73.917613995930211, 40.686965422228816 ], [ -73.916797998147388, 40.686496421772794 ], [ -73.91661099842743, 40.686390421057673 ], [ -73.916046000567604, 40.686071421365554 ] ] ] ] } },
{ "type": "Feature", "properties": { "GISJOIN": "G36004700373004", "Total Pop (Race/Ethnicity)": 1403, "Not Hispanic or Latino": 1074, "Not Hispanic or Latino: White alone": 116, "Not Hispanic or Latino: Black or African American alone": 868, "Not Hispanic or Latino: American Indian and Alaska Native alone": 0, "Not Hispanic or Latino: Asian alone": 19, "Not Hispanic or Latino: Native Hawaiian and Other Pacific Islander alone": 0, "Not Hispanic or Latino: Some other race alone": 0, "Not Hispanic or Latino: Two or more races": 71, "Not Hispanic or Latino: Two or more races: Two races including Some other race": 15, "Not Hispanic or Latino: Two or more races: Two races excluding Some other race, and three or more races": 56, "Hispanic or Latino": 329, "Total Households (Income)": 386, "Less than $10,000": 18, "$10,000 to $14,999": 0, "$15,000 to $19,999": 37, "$20,000 to $24,999": 0, "$25,000 to $29,999": 0, "$30,000 to $34,999": 0, "$35,000 to $39,999": 0, "$40,000 to $44,999": 0, "$45,000 to $49,999": 0, "$50,000 to $59,999": 30, "$60,000 to $74,999": 46, "$75,000 to $99,999": 75, "$100,000 to $124,999": 0, "$125,000 to $149,999": 58, "$150,000 to $199,999": 45, "$200,000 or more": 77, "COUNTY": "Kings County", "TRACTCE": "037300", "BLKGRPCE": "4", "Area (Sq Mi)": 0.014422779922779922, "zip_code": "11233", "block_group": "0373004", "bg_area": 402088.62401805213, "overlap_area": 29.78380887642215, "frac_in_neighborhood": 7.4072746895433134e-05, "pop_in_neighborhood": 0.10392406389429269, "neighborhood": "bedstuy" }, "geometry": { "type": "MultiPolygon", "coordinates": [ [ [ [ -73.914611007773757, 40.683604424359025 ], [ -73.917266006067607, 40.683302430062412 ], [ -73.917413003491291, 40.684033428133951 ], [ -73.917558001785821, 40.684766427094686 ], [ -73.914915004423904, 40.68507142156372 ], [ -73.914883003838199, 40.684925421112879 ], [ -73.914755006507079, 40.684337422429955 ], [ -73.914611007773757, 40.683604424359025 ] ] ] ] } },
{ "type": "Feature", "properties": { "GISJOIN": "G36004700373003", "Total Pop (Race/Ethnicity)": 724, "Not Hispanic or Latino": 724, "Not Hispanic or Latino: White alone": 144, "Not Hispanic or Latino: Black or African American alone": 539, "Not Hispanic or Latino: American Indian and Alaska Native alone": 0, "Not Hispanic or Latino: Asian alone": 29, "Not Hispanic or Latino: Native Hawaiian and Other Pacific Islander alone": 0, "Not Hispanic or Latino: Some other race alone": 0, "Not Hispanic or Latino: Two or more races": 12, "Not Hispanic or Latino: Two or more races: Two races including Some other race": 0, "Not Hispanic or Latino: Two or more races: Two races excluding Some other race, and three or more races": 12, "Hispanic or Latino": 0, "Total Households (Income)": 324, "Less than $10,000": 0, "$10,000 to $14,999": 0, "$15,000 to $19,999": 0, "$20,000 to $24,999": 0, "$25,000 to $29,999": 0, "$30,000 to $34,999": 0, "$35,000 to $39,999": 0, "$40,000 to $44,999": 42, "$45,000 to $49,999": 0, "$50,000 to $59,999": 70, "$60,000 to $74,999": 119, "$75,000 to $99,999": 12, "$100,000 to $124,999": 47, "$125,000 to $149,999": 11, "$150,000 to $199,999": 0, "$200,000 or more": 23, "COUNTY": "Kings County", "TRACTCE": "037300", "BLKGRPCE": "3", "Area (Sq Mi)": 0.014447876447876448, "zip_code": "11233", "block_group": "0373003", "bg_area": 402781.47042863967, "overlap_area": 87.031803847761736, "frac_in_neighborhood": 0.00021607698029192497, "pop_in_neighborhood": 0.15643973373135367, "neighborhood": "bedstuy" }, "geometry": { "type": "MultiPolygon", "coordinates": [ [ [ [ -73.914319012143821, 40.682139426619301 ], [ -73.916977009899853, 40.681833433168954 ], [ -73.917122006795239, 40.682567431070204 ], [ -73.917266006067607, 40.683302430062412 ], [ -73.914611007773757, 40.683604424359025 ], [ -73.914465010098851, 40.682873426266006 ], [ -73.914319012143821, 40.682139426619301 ] ] ] ] } },
{ "type": "Feature", "properties": { "GISJOIN": "G36004700371003", "Total Pop (Race/Ethnicity)": 1109, "Not Hispanic or Latino": 891, "Not Hispanic or Latino: White alone": 84, "Not Hispanic or Latino: Black or African American alone": 807, "Not Hispanic or Latino: American Indian and Alaska Native alone": 0, "Not Hispanic or Latino: Asian alone": 0, "Not Hispanic or Latino: Native Hawaiian and Other Pacific Islander alone": 0, "Not Hispanic or Latino: Some other race alone": 0, "Not Hispanic or Latino: Two or more races": 0, "Not Hispanic or Latino: Two or more races: Two races including Some other race": 0, "Not Hispanic or Latino: Two or more races: Two races excluding Some other race, and three or more races": 0, "Hispanic or Latino": 218, "Total Households (Income)": 456, "Less than $10,000": 102, "$10,000 to $14,999": 0, "$15,000 to $19,999": 0, "$20,000 to $24,999": 0, "$25,000 to $29,999": 17, "$30,000 to $34,999": 0, "$35,000 to $39,999": 0, "$40,000 to $44,999": 0, "$45,000 to $49,999": 0, "$50,000 to $59,999": 0, "$60,000 to $74,999": 63, "$75,000 to $99,999": 42, "$100,000 to $124,999": 105, "$125,000 to $149,999": 83, "$150,000 to $199,999": 44, "$200,000 or more": 0, "COUNTY": "Kings County", "TRACTCE": "037100", "BLKGRPCE": "3", "Area (Sq Mi)": 0.014566023166023167, "zip_code": "11233", "block_group": "0371003", "bg_area": 406072.45806591719, "overlap_area": 39.351317974357599, "frac_in_neighborhood": 9.6907133672113647e-05, "pop_in_neighborhood": 0.10747001124237403, "neighborhood": "bedstuy" }, "geometry": { "type": "MultiPolygon", "coordinates": [ [ [ [ -73.91122502140361, 40.680239425393786 ], [ -73.91388301796006, 40.679934431054711 ], [ -73.916540015839658, 40.679636437335184 ], [ -73.916687014040221, 40.680370435553954 ], [ -73.914028016793694, 40.680676429714737 ], [ -73.911374018917826, 40.680979424562516 ], [ -73.91122502140361, 40.680239425393786 ] ] ] ] } },
{ "type": "Feature", "properties": { "GISJOIN": "G36004700371002", "Total Pop (Race/Ethnicity)": 1180, "Not Hispanic or Latino": 1053, "Not Hispanic or Latino: White alone": 82, "Not Hispanic or Latino: Black or African American alone": 732, "Not Hispanic or Latino: American Indian and Alaska Native alone": 0, "Not Hispanic or Latino: Asian alone": 55, "Not Hispanic or Latino: Native Hawaiian and Other Pacific Islander alone": 0, "Not Hispanic or Latino: Some other race alone": 34, "Not Hispanic or Latino: Two or more races": 150, "Not Hispanic or Latino: Two or more races: Two races including Some other race": 60, "Not Hispanic or Latino: Two or more races: Two races excluding Some other race, and three or more races": 90, "Hispanic or Latino": 127, "Total Households (Income)": 447, "Less than $10,000": 68, "$10,000 to $14,999": 17, "$15,000 to $19,999": 0, "$20,000 to $24,999": 43, "$25,000 to $29,999": 19, "$30,000 to $34,999": 0, "$35,000 to $39,999": 0, "$40,000 to $44,999": 43, "$45,000 to $49,999": 0, "$50,000 to $59,999": 16, "$60,000 to $74,999": 0, "$75,000 to $99,999": 74, "$100,000 to $124,999": 20, "$125,000 to $149,999": 89, "$150,000 to $199,999": 10, "$200,000 or more": 48, "COUNTY": "Kings County", "TRACTCE": "037100", "BLKGRPCE": "2", "Area (Sq Mi)": 0.014402702702702703, "zip_code": "11233", "block_group": "0371002", "bg_area": 401519.99273212207, "overlap_area": 67.227146372484029, "frac_in_neighborhood": 0.00016743162878401241, "pop_in_neighborhood": 0.19756932196513463, "neighborhood": "bedstuy" }, "geometry": { "type": "MultiPolygon", "coordinates": [ [ [ [ -73.911374018917826, 40.680979424562516 ], [ -73.914028016793694, 40.680676429714737 ], [ -73.916687014040221, 40.680370435553954 ], [ -73.916831011311814, 40.681100433793411 ], [ -73.914178013954, 40.681407428857966 ], [ -73.911518017730259, 40.68171142252698 ], [ -73.911374018917826, 40.680979424562516 ] ] ] ] } },
{ "type": "Feature", "properties": { "GISJOIN": "G36004700371001", "Total Pop (Race/Ethnicity)": 500, "Not Hispanic or Latino": 461, "Not Hispanic or Latino: White alone": 238, "Not Hispanic or Latino: Black or African American alone": 185, "Not Hispanic or Latino: American Indian and Alaska Native alone": 0, "Not Hispanic or Latino: Asian alone": 0, "Not Hispanic or Latino: Native Hawaiian and Other Pacific Islander alone": 0, "Not Hispanic or Latino: Some other race alone": 0, "Not Hispanic or Latino: Two or more races": 38, "Not Hispanic or Latino: Two or more races: Two races including Some other race": 0, "Not Hispanic or Latino: Two or more races: Two races excluding Some other race, and three or more races": 38, "Hispanic or Latino": 39, "Total Households (Income)": 207, "Less than $10,000": 0, "$10,000 to $14,999": 18, "$15,000 to $19,999": 0, "$20,000 to $24,999": 0, "$25,000 to $29,999": 0, "$30,000 to $34,999": 0, "$35,000 to $39,999": 0, "$40,000 to $44,999": 0, "$45,000 to $49,999": 0, "$50,000 to $59,999": 0, "$60,000 to $74,999": 49, "$75,000 to $99,999": 25, "$100,000 to $124,999": 38, "$125,000 to $149,999": 17, "$150,000 to $199,999": 0, "$200,000 or more": 60, "COUNTY": "Kings County", "TRACTCE": "037100", "BLKGRPCE": "1", "Area (Sq Mi)": 0.01442934362934363, "zip_code": "11233", "block_group": "0371001", "bg_area": 402261.04665555415, "overlap_area": 67.947939286197339, "frac_in_neighborhood": 0.00016891503627091046, "pop_in_neighborhood": 0.084457518135455226, "neighborhood": "bedstuy" }, "geometry": { "type": "MultiPolygon", "coordinates": [ [ [ [ -73.911518017730259, 40.68171142252698 ], [ -73.914178013954, 40.681407428857966 ], [ -73.916831011311814, 40.681100433793411 ], [ -73.916977009899853, 40.681833433168954 ], [ -73.914319012143821, 40.682139426619301 ], [ -73.911664014190464, 40.682445421003976 ], [ -73.911518017730259, 40.68171142252698 ] ] ] ] } },
{ "type": "Feature", "properties": { "GISJOIN": "G36004700397001", "Total Pop (Race/Ethnicity)": 803, "Not Hispanic or Latino": 361, "Not Hispanic or Latino: White alone": 230, "Not Hispanic or Latino: Black or African American alone": 117, "Not Hispanic or Latino: American Indian and Alaska Native alone": 0, "Not Hispanic or Latino: Asian alone": 5, "Not Hispanic or Latino: Native Hawaiian and Other Pacific Islander alone": 0, "Not Hispanic or Latino: Some other race alone": 0, "Not Hispanic or Latino: Two or more races": 9, "Not Hispanic or Latino: Two or more races: Two races including Some other race": 0, "Not Hispanic or Latino: Two or more races: Two races excluding Some other race, and three or more races": 9, "Hispanic or Latino": 442, "Total Households (Income)": 259, "Less than $10,000": 0, "$10,000 to $14,999": 0, "$15,000 to $19,999": 0, "$20,000 to $24,999": 0, "$25,000 to $29,999": 0, "$30,000 to $34,999": 0, "$35,000 to $39,999": 0, "$40,000 to $44,999": 0, "$45,000 to $49,999": 0, "$50,000 to $59,999": 76, "$60,000 to $74,999": 0, "$75,000 to $99,999": 46, "$100,000 to $124,999": 46, "$125,000 to $149,999": 12, "$150,000 to $199,999": 19, "$200,000 or more": 60, "COUNTY": "Kings County", "TRACTCE": "039700", "BLKGRPCE": "1", "Area (Sq Mi)": 0.018248262548262548, "zip_code": "11221", "block_group": "0397001", "bg_area": 508734.57650801621, "overlap_area": 16.754856252550027, "frac_in_neighborhood": 3.2934376836652893e-05, "pop_in_neighborhood": 0.026446304599832271, "neighborhood": "bedstuy" }, "geometry": { "type": "MultiPolygon", "coordinates": [ [ [ [ -73.914641999050602, 40.687506415394118 ], [ -73.914784997741251, 40.687359415663174 ], [ -73.914886998794444, 40.687253416218383 ], [ -73.915752999841288, 40.686369420208777 ], [ -73.916046000567604, 40.686071421365554 ], [ -73.91661099842743, 40.686390421057673 ], [ -73.916797998147388, 40.686496421772794 ], [ -73.917613995930211, 40.686965422228816 ], [ -73.918045994228521, 40.687212422190989 ], [ -73.918293993564646, 40.68735642315422 ], [ -73.916898991793303, 40.68878941671381 ], [ -73.9161469934851, 40.68836041645406 ], [ -73.915394995791829, 40.687935416242738 ], [ -73.914641999050602, 40.687506415394118 ] ] ] ] } },
{ "type": "Feature", "properties": { "GISJOIN": "G36004700395003", "Total Pop (Race/Ethnicity)": 1699, "Not Hispanic or Latino": 1273, "Not Hispanic or Latino: White alone": 654, "Not Hispanic or Latino: Black or African American alone": 387, "Not Hispanic or Latino: American Indian and Alaska Native alone": 0, "Not Hispanic or Latino: Asian alone": 179, "Not Hispanic or Latino: Native Hawaiian and Other Pacific Islander alone": 0, "Not Hispanic or Latino: Some other race alone": 14, "Not Hispanic or Latino: Two or more races": 39, "Not Hispanic or Latino: Two or more races: Two races including Some other race": 33, "Not Hispanic or Latino: Two or more races: Two races excluding Some other race, and three or more races": 6, "Hispanic or Latino": 426, "Total Households (Income)": 883, "Less than $10,000": 39, "$10,000 to $14,999": 0, "$15,000 to $19,999": 214, "$20,000 to $24,999": 0, "$25,000 to $29,999": 0, "$30,000 to $34,999": 6, "$35,000 to $39,999": 18, "$40,000 to $44,999": 0, "$45,000 to $49,999": 0, "$50,000 to $59,999": 22, "$60,000 to $74,999": 25, "$75,000 to $99,999": 105, "$100,000 to $124,999": 27, "$125,000 to $149,999": 40, "$150,000 to $199,999": 218, "$200,000 or more": 169, "COUNTY": "Kings County", "TRACTCE": "039500", "BLKGRPCE": "3", "Area (Sq Mi)": 0.018486486486486486, "zip_code": "11221", "block_group": "0395003", "bg_area": 515369.50164907327, "overlap_area": 103.68007814891932, "frac_in_neighborhood": 0.00020117620040992925, "pop_in_neighborhood": 0.34179836449646978, "neighborhood": "bedstuy" }, "geometry": { "type": "MultiPolygon", "coordinates": [ [ [ [ -73.925749963879184, 40.695284419000181 ], [ -73.924994966663675, 40.694854418615989 ], [ -73.924248968446491, 40.694428418212198 ], [ -73.925205969266912, 40.693454422398808 ], [ -73.925714968051864, 40.693723422268349 ], [ -73.927070968987181, 40.692345428486902 ], [ -73.927506968622765, 40.692603429348281 ], [ -73.92781096754986, 40.692773428875526 ], [ -73.92648096538565, 40.694140423127379 ], [ -73.926735964595579, 40.694279423942106 ], [ -73.927226963935325, 40.694547423826606 ], [ -73.927496962179745, 40.694696423614353 ], [ -73.926498962179323, 40.695711419421485 ], [ -73.925749963879184, 40.695284419000181 ] ] ] ] } },
{ "type": "Feature", "properties": { "GISJOIN": "G36008100353002", "Total Pop (Race/Ethnicity)": 1077, "Not Hispanic or Latino": 350, "Not Hispanic or Latino: White alone": 101, "Not Hispanic or Latino: Black or African American alone": 0, "Not Hispanic or Latino: American Indian and Alaska Native alone": 0, "Not Hispanic or Latino: Asian alone": 78, "Not Hispanic or Latino: Native Hawaiian and Other Pacific Islander alone": 0, "Not Hispanic or Latino: Some other race alone": 8, "Not Hispanic or Latino: Two or more races": 163, "Not Hispanic or Latino: Two or more races: Two races including Some other race": 163, "Not Hispanic or Latino: Two or more races: Two races excluding Some other race, and three or more races": 0, "Hispanic or Latino": 727, "Total Households (Income)": 433, "Less than $10,000": 23, "$10,000 to $14,999": 8, "$15,000 to $19,999": 0, "$20,000 to $24,999": 0, "$25,000 to $29,999": 16, "$30,000 to $34,999": 0, "$35,000 to $39,999": 8, "$40,000 to $44,999": 0, "$45,000 to $49,999": 49, "$50,000 to $59,999": 21, "$60,000 to $74,999": 32, "$75,000 to $99,999": 35, "$100,000 to $124,999": 0, "$125,000 to $149,999": 200, "$150,000 to $199,999": 16, "$200,000 or more": 25, "COUNTY": "Queens County", "TRACTCE": "035300", "BLKGRPCE": "2", "Area (Sq Mi)": 0.026418146718146719, "zip_code": "11369", "block_group": "0353002", "bg_area": 736489.83146598365, "overlap_area": 172.38104738025891, "frac_in_neighborhood": 0.00023405760679293328, "pop_in_neighborhood": 0.25208004251598914, "neighborhood": "jacksonheights" }, "geometry": { "type": "MultiPolygon", "coordinates": [ [ [ [ -73.872552000652902, 40.758791318511641 ], [ -73.872292001476637, 40.757348315586825 ], [ -73.872219003146043, 40.756942313785643 ], [ -73.872603001586668, 40.756902314494134 ], [ -73.873110999914701, 40.756850315270768 ], [ -73.873656999147101, 40.756803315858136 ], [ -73.874207998676695, 40.756731316321734 ], [ -73.875138996130005, 40.756633317254185 ], [ -73.875510993854419, 40.758679320267518 ], [ -73.875806992735789, 40.760307324245801 ], [ -73.874840994459475, 40.760410324116698 ], [ -73.874583996350864, 40.758998320676561 ], [ -73.874511995699038, 40.758592320236481 ], [ -73.873447999281382, 40.758694318782261 ], [ -73.872552000652902, 40.758791318511641 ] ] ] ] } },
{ "type": "Feature", "properties": { "GISJOIN": "G36008100351001", "Total Pop (Race/Ethnicity)": 799, "Not Hispanic or Latino": 73, "Not Hispanic or Latino: White alone": 17, "Not Hispanic or Latino: Black or African American alone": 0, "Not Hispanic or Latino: American Indian and Alaska Native alone": 0, "Not Hispanic or Latino: Asian alone": 56, "Not Hispanic or Latino: Native Hawaiian and Other Pacific Islander alone": 0, "Not Hispanic or Latino: Some other race alone": 0, "Not Hispanic or Latino: Two or more races": 0, "Not Hispanic or Latino: Two or more races: Two races including Some other race": 0, "Not Hispanic or Latino: Two or more races: Two races excluding Some other race, and three or more races": 0, "Hispanic or Latino": 726, "Total Households (Income)": 283, "Less than $10,000": 0, "$10,000 to $14,999": 0, "$15,000 to $19,999": 0, "$20,000 to $24,999": 0, "$25,000 to $29,999": 9, "$30,000 to $34,999": 7, "$35,000 to $39,999": 79, "$40,000 to $44,999": 15, "$45,000 to $49,999": 34, "$50,000 to $59,999": 16, "$60,000 to $74,999": 42, "$75,000 to $99,999": 17, "$100,000 to $124,999": 13, "$125,000 to $149,999": 17, "$150,000 to $199,999": 34, "$200,000 or more": 0, "COUNTY": "Queens County", "TRACTCE": "035100", "BLKGRPCE": "1", "Area (Sq Mi)": 0.016973745173745173, "zip_code": "11369", "block_group": "0351001", "bg_area": 473195.36577026243, "overlap_area": 473195.36577026238, "frac_in_neighborhood": 0.99999999999999989, "pop_in_neighborhood": 798.99999999999989, "neighborhood": "jacksonheights" }, "geometry": { "type": "MultiPolygon", "coordinates": [ [ [ [ -73.87601399195573, 40.76144332727624 ], [ -73.875806992735789, 40.760307324245801 ], [ -73.875510993854419, 40.758679320267518 ], [ -73.875138996130005, 40.756633317254185 ], [ -73.876067994346272, 40.756535318071052 ], [ -73.876454993026712, 40.758659322061582 ], [ -73.876737885385978, 40.760209220727816 ], [ -73.876991885777301, 40.761620224081184 ], [ -73.87601399195573, 40.76144332727624 ] ] ] ] } },
{ "type": "Feature", "properties": { "GISJOIN": "G36008100351002", "Total Pop (Race/Ethnicity)": 1786, "Not Hispanic or Latino": 816, "Not Hispanic or Latino: White alone": 245, "Not Hispanic or Latino: Black or African American alone": 138, "Not Hispanic or Latino: American Indian and Alaska Native alone": 0, "Not Hispanic or Latino: Asian alone": 382, "Not Hispanic or Latino: Native Hawaiian and Other Pacific Islander alone": 0, "Not Hispanic or Latino: Some other race alone": 0, "Not Hispanic or Latino: Two or more races": 51, "Not Hispanic or Latino: Two or more races: Two races including Some other race": 40, "Not Hispanic or Latino: Two or more races: Two races excluding Some other race, and three or more races": 11, "Hispanic or Latino": 970, "Total Households (Income)": 899, "Less than $10,000": 8, "$10,000 to $14,999": 21, "$15,000 to $19,999": 0, "$20,000 to $24,999": 47, "$25,000 to $29,999": 8, "$30,000 to $34,999": 6, "$35,000 to $39,999": 73, "$40,000 to $44,999": 13, "$45,000 to $49,999": 43, "$50,000 to $59,999": 61, "$60,000 to $74,999": 59, "$75,000 to $99,999": 157, "$100,000 to $124,999": 153, "$125,000 to $149,999": 90, "$150,000 to $199,999": 130, "$200,000 or more": 30, "COUNTY": "Queens County", "TRACTCE": "035100", "BLKGRPCE": "2", "Area (Sq Mi)": 0.019906177606177605, "zip_code": "11369", "block_group": "0351002", "bg_area": 554950.89649814926, "overlap_area": 554950.89649814926, "frac_in_neighborhood": 1.0, "pop_in_neighborhood": 1786.0, "neighborhood": "jacksonheights" }, "geometry": { "type": "MultiPolygon", "coordinates": [ [ [ [ -73.876067994346272, 40.756535318071052 ], [ -73.876997886472367, 40.7564382125043 ], [ -73.877929885243233, 40.756338214189157 ], [ -73.878314883663549, 40.758463219884881 ], [ -73.877384884873777, 40.758561217567461 ], [ -73.877667884134283, 40.760113222318161 ], [ -73.876737885385978, 40.760209220727816 ], [ -73.876454993026712, 40.758659322061582 ], [ -73.876067994346272, 40.756535318071052 ] ] ] ] } },
{ "type": "Feature", "properties": { "GISJOIN": "G36008100351003", "Total Pop (Race/Ethnicity)": 1013, "Not Hispanic or Latino": 164, "Not Hispanic or Latino: White alone": 20, "Not Hispanic or Latino: Black or African American alone": 0, "Not Hispanic or Latino: American Indian and Alaska Native alone": 0, "Not Hispanic or Latino: Asian alone": 67, "Not Hispanic or Latino: Native Hawaiian and Other Pacific Islander alone": 0, "Not Hispanic or Latino: Some other race alone": 77, "Not Hispanic or Latino: Two or more races": 0, "Not Hispanic or Latino: Two or more races: Two races including Some other race": 0, "Not Hispanic or Latino: Two or more races: Two races excluding Some other race, and three or more races": 0, "Hispanic or Latino": 849, "Total Households (Income)": 268, "Less than $10,000": 67, "$10,000 to $14,999": 0, "$15,000 to $19,999": 0, "$20,000 to $24,999": 0, "$25,000 to $29,999": 22, "$30,000 to $34,999": 8, "$35,000 to $39,999": 0, "$40,000 to $44,999": 0, "$45,000 to $49,999": 0, "$50,000 to $59,999": 0, "$60,000 to $74,999": 29, "$75,000 to $99,999": 46, "$100,000 to $124,999": 55, "$125,000 to $149,999": 0, "$150,000 to $199,999": 36, "$200,000 or more": 5, "COUNTY": "Queens County", "TRACTCE": "035100", "BLKGRPCE": "3", "Area (Sq Mi)": 0.016881081081081082, "zip_code": "11369", "block_group": "0351003", "bg_area": 470619.26816969196, "overlap_area": 470458.0421820833, "frac_in_neighborhood": 0.99965741736789548, "pop_in_neighborhood": 1012.6529637936782, "neighborhood": "jacksonheights" }, "geometry": { "type": "MultiPolygon", "coordinates": [ [ [ [ -73.877972884766095, 40.761794226326877 ], [ -73.876991885777301, 40.761620224081184 ], [ -73.876737885385978, 40.760209220727816 ], [ -73.877667884134283, 40.760113222318161 ], [ -73.877384884873777, 40.758561217567461 ], [ -73.878314883663549, 40.758463219884881 ], [ -73.878595882906211, 40.760013223686961 ], [ -73.878953883603685, 40.761983228318925 ], [ -73.877972884766095, 40.761794226326877 ] ] ] ] } },
{ "type": "Feature", "properties": { "GISJOIN": "G36008100353001", "Total Pop (Race/Ethnicity)": 1066, "Not Hispanic or Latino": 424, "Not Hispanic or Latino: White alone": 6, "Not Hispanic or Latino: Black or African American alone": 307, "Not Hispanic or Latino: American Indian and Alaska Native alone": 0, "Not Hispanic or Latino: Asian alone": 102, "Not Hispanic or Latino: Native Hawaiian and Other Pacific Islander alone": 0, "Not Hispanic or Latino: Some other race alone": 0, "Not Hispanic or Latino: Two or more races": 9, "Not Hispanic or Latino: Two or more races: Two races including Some other race": 0, "Not Hispanic or Latino: Two or more races: Two races excluding Some other race, and three or more races": 9, "Hispanic or Latino": 642, "Total Households (Income)": 333, "Less than $10,000": 0, "$10,000 to $14,999": 9, "$15,000 to $19,999": 14, "$20,000 to $24,999": 0, "$25,000 to $29,999": 0, "$30,000 to $34,999": 0, "$35,000 to $39,999": 14, "$40,000 to $44,999": 21, "$45,000 to $49,999": 7, "$50,000 to $59,999": 10, "$60,000 to $74,999": 42, "$75,000 to $99,999": 38, "$100,000 to $124,999": 76, "$125,000 to $149,999": 44, "$150,000 to $199,999": 19, "$200,000 or more": 39, "COUNTY": "Queens County", "TRACTCE": "035300", "BLKGRPCE": "1", "Area (Sq Mi)": 0.033471428571428569, "zip_code": "11369", "block_group": "0353001", "bg_area": 933112.14754264685, "overlap_area": 50.998531169688995, "frac_in_neighborhood": 5.465423561786625e-05, "pop_in_neighborhood": 0.058261415168645421, "neighborhood": "jacksonheights" }, "geometry": { "type": "MultiPolygon", "coordinates": [ [ [ [ -73.872883998661777, 40.760614321581038 ], [ -73.872709999987933, 40.759657319306875 ], [ -73.872552000652902, 40.758791318511641 ], [ -73.873447999281382, 40.758694318782261 ], [ -73.874511995699038, 40.758592320236481 ], [ -73.874583996350864, 40.758998320676561 ], [ -73.874840994459475, 40.760410324116698 ], [ -73.875806992735789, 40.760307324245801 ], [ -73.87601399195573, 40.76144332727624 ], [ -73.874995994124887, 40.761263324903638 ], [ -73.875312992124918, 40.7630073275309 ], [ -73.874194995351885, 40.762817326958348 ], [ -73.873251996902411, 40.762656325064256 ], [ -73.872936998986404, 40.760907322292709 ], [ -73.872883998661777, 40.760614321581038 ] ] ] ] } },
{ "type": "Feature", "properties": { "GISJOIN": "G36008100347001", "Total Pop (Race/Ethnicity)": 1627, "Not Hispanic or Latino": 639, "Not Hispanic or Latino: White alone": 193, "Not Hispanic or Latino: Black or African American alone": 201, "Not Hispanic or Latino: American Indian and Alaska Native alone": 0, "Not Hispanic or Latino: Asian alone": 241, "Not Hispanic or Latino: Native Hawaiian and Other Pacific Islander alone": 0, "Not Hispanic or Latino: Some other race alone": 0, "Not Hispanic or Latino: Two or more races": 4, "Not Hispanic or Latino: Two or more races: Two races including Some other race": 1, "Not Hispanic or Latino: Two or more races: Two races excluding Some other race, and three or more races": 3, "Hispanic or Latino": 988, "Total Households (Income)": 450, "Less than $10,000": 0, "$10,000 to $14,999": 0, "$15,000 to $19,999": 0, "$20,000 to $24,999": 3, "$25,000 to $29,999": 42, "$30,000 to $34,999": 0, "$35,000 to $39,999": 0, "$40,000 to $44,999": 29, "$45,000 to $49,999": 13, "$50,000 to $59,999": 3, "$60,000 to $74,999": 41, "$75,000 to $99,999": 35, "$100,000 to $124,999": 77, "$125,000 to $149,999": 93, "$150,000 to $199,999": 54, "$200,000 or more": 60, "COUNTY": "Queens County", "TRACTCE": "034700", "BLKGRPCE": "1", "Area (Sq Mi)": 0.049253667953667951, "zip_code": "11369", "block_group": "0347001", "bg_area": 1373111.1109917408, "overlap_area": 98.669299904887055, "frac_in_neighborhood": 7.1858205148177948e-05, "pop_in_neighborhood": 0.11691329977608553, "neighborhood": "jacksonheights" }, "geometry": { "type": "MultiPolygon", "coordinates": [ [ [ [ -73.875534991209264, 40.764230330803443 ], [ -73.875312992124918, 40.7630073275309 ], [ -73.874995994124887, 40.761263324903638 ], [ -73.87601399195573, 40.76144332727624 ], [ -73.876991885777301, 40.761620224081184 ], [ -73.877972884766095, 40.761794226326877 ], [ -73.87828588335077, 40.76351423001632 ], [ -73.878863882543442, 40.76361723167917 ], [ -73.87880088280356, 40.763896232579896 ], [ -73.87898288192298, 40.76388423188871 ], [ -73.878986882835576, 40.764794234917332 ], [ -73.878938881388677, 40.765739236081657 ], [ -73.878699883004259, 40.765760236053822 ], [ -73.87776188382459, 40.765851234628343 ], [ -73.876831884725433, 40.765946232426771 ], [ -73.875864990336396, 40.766051334043915 ], [ -73.875534991209264, 40.764230330803443 ] ] ] ] } },
{ "type": "Feature", "properties": { "GISJOIN": "G36008100339001", "Total Pop (Race/Ethnicity)": 774, "Not Hispanic or Latino": 228, "Not Hispanic or Latino: White alone": 129, "Not Hispanic or Latino: Black or African American alone": 0, "Not Hispanic or Latino: American Indian and Alaska Native alone": 0, "Not Hispanic or Latino: Asian alone": 99, "Not Hispanic or Latino: Native Hawaiian and Other Pacific Islander alone": 0, "Not Hispanic or Latino: Some other race alone": 0, "Not Hispanic or Latino: Two or more races": 0, "Not Hispanic or Latino: Two or more races: Two races including Some other race": 0, "Not Hispanic or Latino: Two or more races: Two races excluding Some other race, and three or more races": 0, "Hispanic or Latino": 546, "Total Households (Income)": 314, "Less than $10,000": 65, "$10,000 to $14,999": 0, "$15,000 to $19,999": 0, "$20,000 to $24,999": 0, "$25,000 to $29,999": 0, "$30,000 to $34,999": 18, "$35,000 to $39,999": 73, "$40,000 to $44,999": 0, "$45,000 to $49,999": 0, "$50,000 to $59,999": 24, "$60,000 to $74,999": 31, "$75,000 to $99,999": 81, "$100,000 to $124,999": 13, "$125,000 to $149,999": 0, "$150,000 to $199,999": 0, "$200,000 or more": 9, "COUNTY": "Queens County", "TRACTCE": "033900", "BLKGRPCE": "1", "Area (Sq Mi)": 0.024269884169884171, "zip_code": "11369", "block_group": "0339001", "bg_area": 676596.18479965371, "overlap_area": 676596.18479965371, "frac_in_neighborhood": 1.0, "pop_in_neighborhood": 774.0, "neighborhood": "jacksonheights" }, "geometry": { "type": "MultiPolygon", "coordinates": [ [ [ [ -73.878314883663549, 40.758463219884881 ], [ -73.879244883386775, 40.758367221084697 ], [ -73.880174882078293, 40.758268222391351 ], [ -73.880458880164994, 40.759818226880654 ], [ -73.88081787990356, 40.761806232170478 ], [ -73.879887881762116, 40.761905230205294 ], [ -73.878953883603685, 40.761983228318925 ], [ -73.878595882906211, 40.760013223686961 ], [ -73.878314883663549, 40.758463219884881 ] ] ] ] } },
{ "type": "Feature", "properties": { "GISJOIN": "G36008100339003", "Total Pop (Race/Ethnicity)": 920, "Not Hispanic or Latino": 440, "Not Hispanic or Latino: White alone": 233, "Not Hispanic or Latino: Black or African American alone": 66, "Not Hispanic or Latino: American Indian and Alaska Native alone": 0, "Not Hispanic or Latino: Asian alone": 96, "Not Hispanic or Latino: Native Hawaiian and Other Pacific Islander alone": 0, "Not Hispanic or Latino: Some other race alone": 0, "Not Hispanic or Latino: Two or more races": 45, "Not Hispanic or Latino: Two or more races: Two races including Some other race": 0, "Not Hispanic or Latino: Two or more races: Two races excluding Some other race, and three or more races": 45, "Hispanic or Latino": 480, "Total Households (Income)": 285, "Less than $10,000": 0, "$10,000 to $14,999": 21, "$15,000 to $19,999": 0, "$20,000 to $24,999": 0, "$25,000 to $29,999": 0, "$30,000 to $34,999": 0, "$35,000 to $39,999": 0, "$40,000 to $44,999": 0, "$45,000 to $49,999": 0, "$50,000 to $59,999": 0, "$60,000 to $74,999": 59, "$75,000 to $99,999": 54, "$100,000 to $124,999": 39, "$125,000 to $149,999": 0, "$150,000 to $199,999": 31, "$200,000 or more": 81, "COUNTY": "Queens County", "TRACTCE": "033900", "BLKGRPCE": "3", "Area (Sq Mi)": 0.01938957528957529, "zip_code": "11369", "block_group": "0339003", "bg_area": 540550.96454179136, "overlap_area": 540550.96454179147, "frac_in_neighborhood": 1.0000000000000002, "pop_in_neighborhood": 920.00000000000023, "neighborhood": "jacksonheights" }, "geometry": { "type": "MultiPolygon", "coordinates": [ [ [ [ -73.880174882078293, 40.758268222391351 ], [ -73.879788882972619, 40.756146218066519 ], [ -73.880718880989605, 40.756048219115378 ], [ -73.880791880793566, 40.756453220380784 ], [ -73.881103879883014, 40.75817022465943 ], [ -73.881385880283815, 40.759721228450481 ], [ -73.881747878306143, 40.761704233572722 ], [ -73.88081787990356, 40.761806232170478 ], [ -73.880458880164994, 40.759818226880654 ], [ -73.880174882078293, 40.758268222391351 ] ] ] ] } },
{ "type": "Feature", "properties": { "GISJOIN": "G36008100337001", "Total Pop (Race/Ethnicity)": 1552, "Not Hispanic or Latino": 556, "Not Hispanic or Latino: White alone": 159, "Not Hispanic or Latino: Black or African American alone": 132, "Not Hispanic or Latino: American Indian and Alaska Native alone": 0, "Not Hispanic or Latino: Asian alone": 247, "Not Hispanic or Latino: Native Hawaiian and Other Pacific Islander alone": 0, "Not Hispanic or Latino: Some other race alone": 18, "Not Hispanic or Latino: Two or more races": 0, "Not Hispanic or Latino: Two or more races: Two races including Some other race": 0, "Not Hispanic or Latino: Two or more races: Two races excluding Some other race, and three or more races": 0, "Hispanic or Latino": 996, "Total Households (Income)": 482, "Less than $10,000": 11, "$10,000 to $14,999": 0, "$15,000 to $19,999": 12, "$20,000 to $24,999": 19, "$25,000 to $29,999": 8, "$30,000 to $34,999": 0, "$35,000 to $39,999": 0, "$40,000 to $44,999": 46, "$45,000 to $49,999": 30, "$50,000 to $59,999": 22, "$60,000 to $74,999": 76, "$75,000 to $99,999": 19, "$100,000 to $124,999": 121, "$125,000 to $149,999": 65, "$150,000 to $199,999": 36, "$200,000 or more": 17, "COUNTY": "Queens County", "TRACTCE": "033700", "BLKGRPCE": "1", "Area (Sq Mi)": 0.036390733590733589, "zip_code": "11370", "block_group": "0337001", "bg_area": 1014500.1652451355, "overlap_area": 1014500.1652451354, "frac_in_neighborhood": 0.99999999999999989, "pop_in_neighborhood": 1551.9999999999998, "neighborhood": "jacksonheights" }, "geometry": { "type": "MultiPolygon", "coordinates": [ [ [ [ -73.881103879883014, 40.75817022465943 ], [ -73.882034879724984, 40.758073225993989 ], [ -73.882500878370749, 40.758023227432112 ], [ -73.88260487796731, 40.758012227487136 ], [ -73.882963878129914, 40.757975227624634 ], [ -73.883896876834427, 40.757876230475162 ], [ -73.884175876638963, 40.759426233980214 ], [ -73.88453587531248, 40.761413238238582 ], [ -73.883606876334809, 40.761510236325101 ], [ -73.883149876984533, 40.761557236571029 ], [ -73.883049876819612, 40.76156823540893 ], [ -73.882676878080318, 40.761607235453233 ], [ -73.881747878306143, 40.761704233572722 ], [ -73.881385880283815, 40.759721228450481 ], [ -73.881103879883014, 40.75817022465943 ] ] ] ] } },
{ "type": "Feature", "properties": { "GISJOIN": "G36008100327001", "Total Pop (Race/Ethnicity)": 2399, "Not Hispanic or Latino": 927, "Not Hispanic or Latino: White alone": 155, "Not Hispanic or Latino: Black or African American alone": 10, "Not Hispanic or Latino: American Indian and Alaska Native alone": 43, "Not Hispanic or Latino: Asian alone": 665, "Not Hispanic or Latino: Native Hawaiian and Other Pacific Islander alone": 0, "Not Hispanic or Latino: Some other race alone": 0, "Not Hispanic or Latino: Two or more races": 54, "Not Hispanic or Latino: Two or more races: Two races including Some other race": 0, "Not Hispanic or Latino: Two or more races: Two races excluding Some other race, and three or more races": 54, "Hispanic or Latino": 1472, "Total Households (Income)": 635, "Less than $10,000": 37, "$10,000 to $14,999": 10, "$15,000 to $19,999": 14, "$20,000 to $24,999": 8, "$25,000 to $29,999": 20, "$30,000 to $34,999": 0, "$35,000 to $39,999": 35, "$40,000 to $44,999": 0, "$45,000 to $49,999": 0, "$50,000 to $59,999": 86, "$60,000 to $74,999": 16, "$75,000 to $99,999": 66, "$100,000 to $124,999": 99, "$125,000 to $149,999": 22, "$150,000 to $199,999": 174, "$200,000 or more": 48, "COUNTY": "Queens County", "TRACTCE": "032700", "BLKGRPCE": "1", "Area (Sq Mi)": 0.036371042471042468, "zip_code": "11370", "block_group": "0327001", "bg_area": 1013966.3789003273, "overlap_area": 1013966.3789003271, "frac_in_neighborhood": 0.99999999999999989, "pop_in_neighborhood": 2398.9999999999995, "neighborhood": "jacksonheights" }, "geometry": { "type": "MultiPolygon", "coordinates": [ [ [ [ -73.883896876834427, 40.757876230475162 ], [ -73.884823875998279, 40.757779231533355 ], [ -73.88575287439761, 40.757683232953966 ], [ -73.886684873440572, 40.757585234360832 ], [ -73.886964873026159, 40.759132238573727 ], [ -73.887326871826019, 40.761117243598356 ], [ -73.886396872822289, 40.761215241578377 ], [ -73.885467875099351, 40.761314240162136 ], [ -73.88453587531248, 40.761413238238582 ], [ -73.884175876638963, 40.759426233980214 ], [ -73.883896876834427, 40.757876230475162 ] ] ] ] } },
{ "type": "Feature", "properties": { "GISJOIN": "G36008100309031", "Total Pop (Race/Ethnicity)": 1687, "Not Hispanic or Latino": 1368, "Not Hispanic or Latino: White alone": 426, "Not Hispanic or Latino: Black or African American alone": 0, "Not Hispanic or Latino: American Indian and Alaska Native alone": 0, "Not Hispanic or Latino: Asian alone": 446, "Not Hispanic or Latino: Native Hawaiian and Other Pacific Islander alone": 0, "Not Hispanic or Latino: Some other race alone": 0, "Not Hispanic or Latino: Two or more races": 496, "Not Hispanic or Latino: Two or more races: Two races including Some other race": 356, "Not Hispanic or Latino: Two or more races: Two races excluding Some other race, and three or more races": 140, "Hispanic or Latino": 319, "Total Households (Income)": 475, "Less than $10,000": 0, "$10,000 to $14,999": 6, "$15,000 to $19,999": 25, "$20,000 to $24,999": 0, "$25,000 to $29,999": 0, "$30,000 to $34,999": 0, "$35,000 to $39,999": 76, "$40,000 to $44,999": 16, "$45,000 to $49,999": 0, "$50,000 to $59,999": 0, "$60,000 to $74,999": 144, "$75,000 to $99,999": 49, "$100,000 to $124,999": 89, "$125,000 to $149,999": 0, "$150,000 to $199,999": 45, "$200,000 or more": 25, "COUNTY": "Queens County", "TRACTCE": "030903", "BLKGRPCE": "1", "Area (Sq Mi)": 0.047644015444015447, "zip_code": "11370", "block_group": "0309031", "bg_area": 1328218.5522963905, "overlap_area": 1328218.5522963898, "frac_in_neighborhood": 0.99999999999999944, "pop_in_neighborhood": 1686.9999999999991, "neighborhood": "jacksonheights" }, "geometry": { "type": "MultiPolygon", "coordinates": [ [ [ [ -73.886964873026159, 40.759132238573727 ], [ -73.887892871108633, 40.759036239866901 ], [ -73.888822869913881, 40.758936241562999 ], [ -73.889749869221163, 40.758840243221677 ], [ -73.890690867534545, 40.758743245154797 ], [ -73.891608865964827, 40.758645247010612 ], [ -73.892527864603153, 40.758549248664885 ], [ -73.893472864014626, 40.758450250543035 ], [ -73.893828862771755, 40.760434254655287 ], [ -73.892898863517544, 40.76053225289246 ], [ -73.891974865256927, 40.760630251530642 ], [ -73.891053866148852, 40.760727250069316 ], [ -73.890112868032318, 40.760826248645159 ], [ -73.88918586902281, 40.760922246070194 ], [ -73.888256869417859, 40.761021244961832 ], [ -73.887326871826019, 40.761117243598356 ], [ -73.886964873026159, 40.759132238573727 ] ] ] ] } },
{ "type": "Feature", "properties": { "GISJOIN": "G36008100309042", "Total Pop (Race/Ethnicity)": 1433, "Not Hispanic or Latino": 1024, "Not Hispanic or Latino: White alone": 304, "Not Hispanic or Latino: Black or African American alone": 39, "Not Hispanic or Latino: American Indian and Alaska Native alone": 0, "Not Hispanic or Latino: Asian alone": 615, "Not Hispanic or Latino: Native Hawaiian and Other Pacific Islander alone": 0, "Not Hispanic or Latino: Some other race alone": 24, "Not Hispanic or Latino: Two or more races": 42, "Not Hispanic or Latino: Two or more races: Two races including Some other race": 42, "Not Hispanic or Latino: Two or more races: Two races excluding Some other race, and three or more races": 0, "Hispanic or Latino": 409, "Total Households (Income)": 717, "Less than $10,000": 0, "$10,000 to $14,999": 94, "$15,000 to $19,999": 66, "$20,000 to $24,999": 11, "$25,000 to $29,999": 11, "$30,000 to $34,999": 10, "$35,000 to $39,999": 105, "$40,000 to $44,999": 14, "$45,000 to $49,999": 26, "$50,000 to $59,999": 94, "$60,000 to $74,999": 65, "$75,000 to $99,999": 34, "$100,000 to $124,999": 52, "$125,000 to $149,999": 44, "$150,000 to $199,999": 58, "$200,000 or more": 33, "COUNTY": "Queens County", "TRACTCE": "030904", "BLKGRPCE": "2", "Area (Sq Mi)": 0.043980308880308877, "zip_code": "11370", "block_group": "0309042", "bg_area": 1226073.7245461771, "overlap_area": 1226073.4948846393, "frac_in_neighborhood": 0.99999981268537674, "pop_in_neighborhood": 1432.999731578145, "neighborhood": "jacksonheights" }, "geometry": { "type": "MultiPolygon", "coordinates": [ [ [ [ -73.886396872822289, 40.761215241578377 ], [ -73.887326871826019, 40.761117243598356 ], [ -73.888256869417859, 40.761021244961832 ], [ -73.88918586902281, 40.760922246070194 ], [ -73.890112868032318, 40.760826248645159 ], [ -73.891053866148852, 40.760727250069316 ], [ -73.891974865256927, 40.760630251530642 ], [ -73.892898863517544, 40.76053225289246 ], [ -73.893239863494145, 40.762353257972421 ], [ -73.892302864839777, 40.762452255907341 ], [ -73.891375866094251, 40.762556255094303 ], [ -73.890445866854535, 40.762659253124518 ], [ -73.889518868856428, 40.762758250741001 ], [ -73.888588869350755, 40.762857249918788 ], [ -73.887660871257083, 40.762956247701695 ], [ -73.886729872729163, 40.763052246518569 ], [ -73.886396872822289, 40.761215241578377 ] ] ] ] } },
{ "type": "Feature", "properties": { "GISJOIN": "G36008100329003", "Total Pop (Race/Ethnicity)": 1183, "Not Hispanic or Latino": 480, "Not Hispanic or Latino: White alone": 44, "Not Hispanic or Latino: Black or African American alone": 0, "Not Hispanic or Latino: American Indian and Alaska Native alone": 0, "Not Hispanic or Latino: Asian alone": 356, "Not Hispanic or Latino: Native Hawaiian and Other Pacific Islander alone": 0, "Not Hispanic or Latino: Some other race alone": 80, "Not Hispanic or Latino: Two or more races": 0, "Not Hispanic or Latino: Two or more races: Two races including Some other race": 0, "Not Hispanic or Latino: Two or more races: Two races excluding Some other race, and three or more races": 0, "Hispanic or Latino": 703, "Total Households (Income)": 468, "Less than $10,000": 35, "$10,000 to $14,999": 0, "$15,000 to $19,999": 43, "$20,000 to $24,999": 0, "$25,000 to $29,999": 0, "$30,000 to $34,999": 11, "$35,000 to $39,999": 0, "$40,000 to $44,999": 13, "$45,000 to $49,999": 17, "$50,000 to $59,999": 34, "$60,000 to $74,999": 95, "$75,000 to $99,999": 68, "$100,000 to $124,999": 88, "$125,000 to $149,999": 39, "$150,000 to $199,999": 13, "$200,000 or more": 12, "COUNTY": "Queens County", "TRACTCE": "032900", "BLKGRPCE": "3", "Area (Sq Mi)": 0.05551312741312741, "zip_code": "11370", "block_group": "0329003", "bg_area": 1547612.0928214472, "overlap_area": 313.40399323938755, "frac_in_neighborhood": 0.00020250810567654692, "pop_in_neighborhood": 0.23956708901535501, "neighborhood": "jacksonheights" }, "geometry": { "type": "MultiPolygon", "coordinates": [ [ [ [ -73.883606876334809, 40.761510236325101 ], [ -73.88453587531248, 40.761413238238582 ], [ -73.885467875099351, 40.761314240162136 ], [ -73.886396872822289, 40.761215241578377 ], [ -73.886729872729163, 40.763052246518569 ], [ -73.887063871696895, 40.764872250745881 ], [ -73.887089871589097, 40.765012251797799 ], [ -73.887551870958845, 40.766349255285675 ], [ -73.8864268716966, 40.766610253187658 ], [ -73.884603874476866, 40.766989250296469 ], [ -73.884270875569115, 40.765166246031235 ], [ -73.884151875633606, 40.764508244089249 ], [ -73.884096875819381, 40.764207243837035 ], [ -73.883940876231321, 40.763346241169366 ], [ -73.883606876334809, 40.761510236325101 ] ] ] ] } },
{ "type": "Feature", "properties": { "GISJOIN": "G36008100329001", "Total Pop (Race/Ethnicity)": 972, "Not Hispanic or Latino": 617, "Not Hispanic or Latino: White alone": 115, "Not Hispanic or Latino: Black or African American alone": 194, "Not Hispanic or Latino: American Indian and Alaska Native alone": 0, "Not Hispanic or Latino: Asian alone": 281, "Not Hispanic or Latino: Native Hawaiian and Other Pacific Islander alone": 0, "Not Hispanic or Latino: Some other race alone": 10, "Not Hispanic or Latino: Two or more races": 17, "Not Hispanic or Latino: Two or more races: Two races including Some other race": 0, "Not Hispanic or Latino: Two or more races: Two races excluding Some other race, and three or more races": 17, "Hispanic or Latino": 355, "Total Households (Income)": 303, "Less than $10,000": 10, "$10,000 to $14,999": 29, "$15,000 to $19,999": 0, "$20,000 to $24,999": 14, "$25,000 to $29,999": 0, "$30,000 to $34,999": 12, "$35,000 to $39,999": 12, "$40,000 to $44,999": 0, "$45,000 to $49,999": 104, "$50,000 to $59,999": 0, "$60,000 to $74,999": 3, "$75,000 to $99,999": 24, "$100,000 to $124,999": 14, "$125,000 to $149,999": 0, "$150,000 to $199,999": 47, "$200,000 or more": 34, "COUNTY": "Queens County", "TRACTCE": "032900", "BLKGRPCE": "1", "Area (Sq Mi)": 0.057344787644787648, "zip_code": "11369", "block_group": "0329001", "bg_area": 1598672.1223416377, "overlap_area": 228.34820444540492, "frac_in_neighborhood": 0.00014283617087845028, "pop_in_neighborhood": 0.13883675809385368, "neighborhood": "jacksonheights" }, "geometry": { "type": "MultiPolygon", "coordinates": [ [ [ [ -73.88081787990356, 40.761806232170478 ], [ -73.881747878306143, 40.761704233572722 ], [ -73.882676878080318, 40.761607235453233 ], [ -73.883049876819612, 40.76156823540893 ], [ -73.883149876984533, 40.761557236571029 ], [ -73.883606876334809, 40.761510236325101 ], [ -73.883940876231321, 40.763346241169366 ], [ -73.884096875819381, 40.764207243837035 ], [ -73.884151875633606, 40.764508244089249 ], [ -73.884270875569115, 40.765166246031235 ], [ -73.884603874476866, 40.766989250296469 ], [ -73.883686875486134, 40.767153249162533 ], [ -73.882767876355686, 40.767311247940569 ], [ -73.881857878683235, 40.767470246679416 ], [ -73.881483879279259, 40.765459241309266 ], [ -73.881215880032045, 40.764012237755225 ], [ -73.881147879602295, 40.763627236784956 ], [ -73.88081787990356, 40.761806232170478 ] ] ] ] } },
{ "type": "Feature", "properties": { "GISJOIN": "G36008100347002", "Total Pop (Race/Ethnicity)": 2349, "Not Hispanic or Latino": 627, "Not Hispanic or Latino: White alone": 71, "Not Hispanic or Latino: Black or African American alone": 266, "Not Hispanic or Latino: American Indian and Alaska Native alone": 0, "Not Hispanic or Latino: Asian alone": 276, "Not Hispanic or Latino: Native Hawaiian and Other Pacific Islander alone": 0, "Not Hispanic or Latino: Some other race alone": 0, "Not Hispanic or Latino: Two or more races": 14, "Not Hispanic or Latino: Two or more races: Two races including Some other race": 0, "Not Hispanic or Latino: Two or more races: Two races excluding Some other race, and three or more races": 14, "Hispanic or Latino": 1722, "Total Households (Income)": 575, "Less than $10,000": 0, "$10,000 to $14,999": 9, "$15,000 to $19,999": 0, "$20,000 to $24,999": 41, "$25,000 to $29,999": 7, "$30,000 to $34,999": 18, "$35,000 to $39,999": 0, "$40,000 to $44,999": 27, "$45,000 to $49,999": 69, "$50,000 to $59,999": 16, "$60,000 to $74,999": 137, "$75,000 to $99,999": 96, "$100,000 to $124,999": 29, "$125,000 to $149,999": 87, "$150,000 to $199,999": 25, "$200,000 or more": 14, "COUNTY": "Queens County", "TRACTCE": "034700", "BLKGRPCE": "2", "Area (Sq Mi)": 0.098534749034749028, "zip_code": "11369", "block_group": "0347002", "bg_area": 2746976.7541126111, "overlap_area": 53.871935927115977, "frac_in_neighborhood": 1.9611354863655871e-05, "pop_in_neighborhood": 0.046067072574727641, "neighborhood": "jacksonheights" }, "geometry": { "type": "MultiPolygon", "coordinates": [ [ [ [ -73.875864990336396, 40.766051334043915 ], [ -73.876831884725433, 40.765946232426771 ], [ -73.87776188382459, 40.765851234628343 ], [ -73.878699883004259, 40.765760236053822 ], [ -73.879072881304396, 40.76783524136453 ], [ -73.879980880633525, 40.76773924280122 ], [ -73.880951879611729, 40.767629244358282 ], [ -73.881857878683235, 40.767470246679416 ], [ -73.882767876355686, 40.767311247940569 ], [ -73.883686875486134, 40.767153249162533 ], [ -73.884603874476866, 40.766989250296469 ], [ -73.8864268716966, 40.766610253187658 ], [ -73.887551870958845, 40.766349255285675 ], [ -73.887674870679092, 40.766737256311956 ], [ -73.887730870621525, 40.766914256436642 ], [ -73.886866871450806, 40.767141254437377 ], [ -73.886800871689687, 40.767160254620386 ], [ -73.886710871569278, 40.767187255323712 ], [ -73.886226872188331, 40.767326254654691 ], [ -73.885704873222608, 40.76748825379979 ], [ -73.885208874211756, 40.767652253245416 ], [ -73.884915874162274, 40.767760252715426 ], [ -73.88466287425031, 40.767852252416994 ], [ -73.884318874792982, 40.767981251601206 ], [ -73.883688875781289, 40.768257250613118 ], [ -73.883210876401321, 40.768462251208312 ], [ -73.883127876490562, 40.768502250766062 ], [ -73.882383877643377, 40.768856249537734 ], [ -73.88203487799997, 40.769037249678362 ], [ -73.881478878576246, 40.769336248856781 ], [ -73.881430879170154, 40.769363249475909 ], [ -73.880573879512951, 40.769845248298935 ], [ -73.880527880081502, 40.769870248404288 ], [ -73.87990588071527, 40.770213247877898 ], [ -73.879784881118582, 40.770279247839227 ], [ -73.879517881398471, 40.770426247753456 ], [ -73.879128881900414, 40.770615246386463 ], [ -73.878995881124155, 40.770679246718608 ], [ -73.87876788204855, 40.770790246343644 ], [ -73.878618881961003, 40.770862246858556 ], [ -73.878251882374769, 40.77100824634023 ], [ -73.878032882811709, 40.771091246330116 ], [ -73.87787588271361, 40.771150245813644 ], [ -73.876695884070514, 40.771501243732338 ], [ -73.87631498581996, 40.771585344684631 ], [ -73.876227985593403, 40.771604344548031 ], [ -73.876118986876293, 40.771628344157328 ], [ -73.87604798752507, 40.771443343947716 ], [ -73.875986987867364, 40.770908342616607 ], [ -73.876021986762481, 40.770311341995885 ], [ -73.876013986983267, 40.769816340201146 ], [ -73.876387986580852, 40.768999339842374 ], [ -73.876243987627277, 40.768132338946771 ], [ -73.87613998839565, 40.767695337546797 ], [ -73.875864990336396, 40.766051334043915 ] ] ] ] } },
{ "type": "Feature", "properties": { "GISJOIN": "G36008100329002", "Total Pop (Race/Ethnicity)": 1560, "Not Hispanic or Latino": 641, "Not Hispanic or Latino: White alone": 0, "Not Hispanic or Latino: Black or African American alone": 333, "Not Hispanic or Latino: American Indian and Alaska Native alone": 0, "Not Hispanic or Latino: Asian alone": 280, "Not Hispanic or Latino: Native Hawaiian and Other Pacific Islander alone": 0, "Not Hispanic or Latino: Some other race alone": 23, "Not Hispanic or Latino: Two or more races": 5, "Not Hispanic or Latino: Two or more races: Two races including Some other race": 5, "Not Hispanic or Latino: Two or more races: Two races excluding Some other race, and three or more races": 0, "Hispanic or Latino": 919, "Total Households (Income)": 403, "Less than $10,000": 0, "$10,000 to $14,999": 25, "$15,000 to $19,999": 0, "$20,000 to $24,999": 0, "$25,000 to $29,999": 36, "$30,000 to $34,999": 0, "$35,000 to $39,999": 35, "$40,000 to $44,999": 13, "$45,000 to $49,999": 30, "$50,000 to $59,999": 39, "$60,000 to $74,999": 54, "$75,000 to $99,999": 26, "$100,000 to $124,999": 54, "$125,000 to $149,999": 8, "$150,000 to $199,999": 37, "$200,000 or more": 46, "COUNTY": "Queens County", "TRACTCE": "032900", "BLKGRPCE": "2", "Area (Sq Mi)": 0.055835135135135133, "zip_code": "11369", "block_group": "0329002", "bg_area": 1556601.8998667076, "overlap_area": 145.06168617652719, "frac_in_neighborhood": 9.3191256023103186e-05, "pop_in_neighborhood": 0.14537835939604096, "neighborhood": "jacksonheights" }, "geometry": { "type": "MultiPolygon", "coordinates": [ [ [ [ -73.878699883004259, 40.765760236053822 ], [ -73.878938881388677, 40.765739236081657 ], [ -73.878986882835576, 40.764794234917332 ], [ -73.87898288192298, 40.76388423188871 ], [ -73.87880088280356, 40.763896232579896 ], [ -73.878863882543442, 40.76361723167917 ], [ -73.87828588335077, 40.76351423001632 ], [ -73.877972884766095, 40.761794226326877 ], [ -73.878953883603685, 40.761983228318925 ], [ -73.879887881762116, 40.761905230205294 ], [ -73.88081787990356, 40.761806232170478 ], [ -73.881147879602295, 40.763627236784956 ], [ -73.881215880032045, 40.764012237755225 ], [ -73.881483879279259, 40.765459241309266 ], [ -73.881857878683235, 40.767470246679416 ], [ -73.880951879611729, 40.767629244358282 ], [ -73.879980880633525, 40.76773924280122 ], [ -73.879072881304396, 40.76783524136453 ], [ -73.878699883004259, 40.765760236053822 ] ] ] ] } },
{ "type": "Feature", "properties": { "GISJOIN": "G36008100317004", "Total Pop (Race/Ethnicity)": 1208, "Not Hispanic or Latino": 668, "Not Hispanic or Latino: White alone": 454, "Not Hispanic or Latino: Black or African American alone": 0, "Not Hispanic or Latino: American Indian and Alaska Native alone": 0, "Not Hispanic or Latino: Asian alone": 214, "Not Hispanic or Latino: Native Hawaiian and Other Pacific Islander alone": 0, "Not Hispanic or Latino: Some other race alone": 0, "Not Hispanic or Latino: Two or more races": 0, "Not Hispanic or Latino: Two or more races: Two races including Some other race": 0, "Not Hispanic or Latino: Two or more races: Two races excluding Some other race, and three or more races": 0, "Hispanic or Latino": 540, "Total Households (Income)": 545, "Less than $10,000": 137, "$10,000 to $14,999": 13, "$15,000 to $19,999": 13, "$20,000 to $24,999": 0, "$25,000 to $29,999": 0, "$30,000 to $34,999": 0, "$35,000 to $39,999": 0, "$40,000 to $44,999": 0, "$45,000 to $49,999": 0, "$50,000 to $59,999": 57, "$60,000 to $74,999": 137, "$75,000 to $99,999": 44, "$100,000 to $124,999": 0, "$125,000 to $149,999": 28, "$150,000 to $199,999": 40, "$200,000 or more": 76, "COUNTY": "Queens County", "TRACTCE": "031700", "BLKGRPCE": "4", "Area (Sq Mi)": 0.058167953667953666, "zip_code": "11370", "block_group": "0317004", "bg_area": 1621622.6558081682, "overlap_area": 491.85094284448849, "frac_in_neighborhood": 0.00030330788798665659, "pop_in_neighborhood": 0.36639592868788118, "neighborhood": "jacksonheights" }, "geometry": { "type": "MultiPolygon", "coordinates": [ [ [ [ -73.887730870621525, 40.766914256436642 ], [ -73.888364869717762, 40.766769257645429 ], [ -73.888341870205025, 40.766596256609084 ], [ -73.888513869200253, 40.766562257207951 ], [ -73.888738869360054, 40.76651725726699 ], [ -73.88877286929575, 40.766510257826837 ], [ -73.889185869293286, 40.766298258513814 ], [ -73.889398868493146, 40.766245258107546 ], [ -73.889948867965742, 40.766103259516228 ], [ -73.890423866323573, 40.765961259807973 ], [ -73.890719866464337, 40.765886260427777 ], [ -73.890897865881286, 40.765856260290526 ], [ -73.891001866389487, 40.766116261472781 ], [ -73.891033866494354, 40.766196261581435 ], [ -73.891089865635308, 40.766336262695397 ], [ -73.891834865272543, 40.766279263707531 ], [ -73.892072865305366, 40.76627926428074 ], [ -73.892463864898914, 40.766284264560426 ], [ -73.892780864922912, 40.766299265538414 ], [ -73.892853864316891, 40.766302265373341 ], [ -73.893241863986987, 40.766336266469523 ], [ -73.893859862705199, 40.766420267171341 ], [ -73.894009861619793, 40.766378268518245 ], [ -73.894082861963454, 40.766329268171582 ], [ -73.894323861841556, 40.7661452682513 ], [ -73.894568861962682, 40.766199268734226 ], [ -73.895959859648443, 40.766430272377768 ], [ -73.895929859756848, 40.766521271972699 ], [ -73.895894859982121, 40.766611272427241 ], [ -73.89584785974597, 40.766728272974916 ], [ -73.895825859466186, 40.766792272462482 ], [ -73.895799860426564, 40.766884273289996 ], [ -73.894985860463919, 40.766785271024752 ], [ -73.894037861662625, 40.76677826857393 ], [ -73.89434186069235, 40.768444273759137 ], [ -73.893410862152479, 40.768539271337744 ], [ -73.892482863779463, 40.768639270049988 ], [ -73.89155286520743, 40.768737268407051 ], [ -73.890621866341945, 40.768835266779668 ], [ -73.889695867672955, 40.76892926449176 ], [ -73.888725868688269, 40.768915262057163 ], [ -73.888632869112158, 40.768901262753317 ], [ -73.88856086892433, 40.768891262949595 ], [ -73.888460869521964, 40.768858261893712 ], [ -73.888362869005789, 40.76879326181173 ], [ -73.888251869536887, 40.768657261309336 ], [ -73.888222869851745, 40.768578261310232 ], [ -73.888177870223586, 40.768427260466808 ], [ -73.887817870779031, 40.767201257308479 ], [ -73.887730870621525, 40.766914256436642 ] ] ] ] } },
{ "type": "Feature", "properties": { "GISJOIN": "G36008100299001", "Total Pop (Race/Ethnicity)": 0, "Not Hispanic or Latino": 0, "Not Hispanic or Latino: White alone": 0, "Not Hispanic or Latino: Black or African American alone": 0, "Not Hispanic or Latino: American Indian and Alaska Native alone": 0, "Not Hispanic or Latino: Asian alone": 0, "Not Hispanic or Latino: Native Hawaiian and Other Pacific Islander alone": 0, "Not Hispanic or Latino: Some other race alone": 0, "Not Hispanic or Latino: Two or more races": 0, "Not Hispanic or Latino: Two or more races: Two races including Some other race": 0, "Not Hispanic or Latino: Two or more races: Two races excluding Some other race, and three or more races": 0, "Hispanic or Latino": 0, "Total Households (Income)": 0, "Less than $10,000": 0, "$10,000 to $14,999": 0, "$15,000 to $19,999": 0, "$20,000 to $24,999": 0, "$25,000 to $29,999": 0, "$30,000 to $34,999": 0, "$35,000 to $39,999": 0, "$40,000 to $44,999": 0, "$45,000 to $49,999": 0, "$50,000 to $59,999": 0, "$60,000 to $74,999": 0, "$75,000 to $99,999": 0, "$100,000 to $124,999": 0, "$125,000 to $149,999": 0, "$150,000 to $199,999": 0, "$200,000 or more": 0, "COUNTY": "Queens County", "TRACTCE": "029900", "BLKGRPCE": "1", "Area (Sq Mi)": 0.15762741312741313, "zip_code": "11377", "block_group": "0299001", "bg_area": 4394362.6121411314, "overlap_area": 1882.6623431546011, "frac_in_neighborhood": 0.0004284267160732289, "pop_in_neighborhood": 0.0, "neighborhood": "jacksonheights" }, "geometry": { "type": "MultiPolygon", "coordinates": [ [ [ [ -73.894323861841556, 40.7661452682513 ], [ -73.894431862410798, 40.766010267490259 ], [ -73.89449986063228, 40.765919268265925 ], [ -73.894565861335821, 40.765812268089853 ], [ -73.894597861369036, 40.765727267995665 ], [ -73.894624861178897, 40.765614267753087 ], [ -73.894795860694288, 40.765153266458469 ], [ -73.8949548612825, 40.764667266268397 ], [ -73.895030861027735, 40.764476265669323 ], [ -73.895096860771616, 40.76435626568734 ], [ -73.895199860542562, 40.764229265783015 ], [ -73.895290860763552, 40.764150265578259 ], [ -73.895382861095555, 40.764051265954606 ], [ -73.89549986021477, 40.76395226580469 ], [ -73.895650859647446, 40.763835266243653 ], [ -73.895856860088401, 40.763701266312395 ], [ -73.895986860111677, 40.763610266601056 ], [ -73.896111859828167, 40.76351726553397 ], [ -73.896215859798247, 40.763433266570445 ], [ -73.896317859734097, 40.763346266090821 ], [ -73.896391859192136, 40.763268265914277 ], [ -73.896550859418767, 40.763081266832238 ], [ -73.896763858789939, 40.762773265866159 ], [ -73.896823858160445, 40.762686265991462 ], [ -73.897005858821259, 40.76243926584781 ], [ -73.897126858698044, 40.762290265642449 ], [ -73.897316858979394, 40.762020265408211 ], [ -73.897344858008921, 40.761976265310842 ], [ -73.897484858300473, 40.761773265359679 ], [ -73.898567857279588, 40.760194264271014 ], [ -73.898772855994281, 40.759915263712671 ], [ -73.898862857056187, 40.75990126425355 ], [ -73.899099856212061, 40.759881264429332 ], [ -73.899261855439576, 40.759867264027037 ], [ -73.901273852943021, 40.759650268909688 ], [ -73.90137585378784, 40.759640268864629 ], [ -73.901552853533389, 40.759625268590533 ], [ -73.901818852642435, 40.760758271717258 ], [ -73.901663852578267, 40.760788271621998 ], [ -73.901995852023006, 40.76212127484272 ], [ -73.902072851672528, 40.762380275972127 ], [ -73.902183851493973, 40.762674275804009 ], [ -73.902693850973364, 40.763895280538748 ], [ -73.902923850137569, 40.764442281680516 ], [ -73.903248850549886, 40.765219284525429 ], [ -73.903511849180433, 40.765849285861286 ], [ -73.903416849804131, 40.765962286422841 ], [ -73.903292849707199, 40.766120286279509 ], [ -73.903158849492542, 40.766285285410952 ], [ -73.903012849858698, 40.766443286121905 ], [ -73.902876850895211, 40.766607286330242 ], [ -73.902729850714906, 40.766765286962205 ], [ -73.902577850647404, 40.766921286668769 ], [ -73.902179851767073, 40.767315287099862 ], [ -73.902024850991722, 40.767416285700101 ], [ -73.901029853484133, 40.7672662843692 ], [ -73.900658853815941, 40.767210283207 ], [ -73.897157857572338, 40.766637274599923 ], [ -73.895959859648443, 40.766430272377768 ], [ -73.894568861962682, 40.766199268734226 ], [ -73.894323861841556, 40.7661452682513 ] ] ] ] } },
{ "type": "Feature", "properties": { "GISJOIN": "G36008100309041", "Total Pop (Race/Ethnicity)": 1288, "Not Hispanic or Latino": 624, "Not Hispanic or Latino: White alone": 140, "Not Hispanic or Latino: Black or African American alone": 0, "Not Hispanic or Latino: American Indian and Alaska Native alone": 0, "Not Hispanic or Latino: Asian alone": 459, "Not Hispanic or Latino: Native Hawaiian and Other Pacific Islander alone": 0, "Not Hispanic or Latino: Some other race alone": 0, "Not Hispanic or Latino: Two or more races": 25, "Not Hispanic or Latino: Two or more races: Two races including Some other race": 25, "Not Hispanic or Latino: Two or more races: Two races excluding Some other race, and three or more races": 0, "Hispanic or Latino": 664, "Total Households (Income)": 483, "Less than $10,000": 66, "$10,000 to $14,999": 0, "$15,000 to $19,999": 13, "$20,000 to $24,999": 0, "$25,000 to $29,999": 6, "$30,000 to $34,999": 12, "$35,000 to $39,999": 20, "$40,000 to $44,999": 38, "$45,000 to $49,999": 31, "$50,000 to $59,999": 10, "$60,000 to $74,999": 56, "$75,000 to $99,999": 60, "$100,000 to $124,999": 11, "$125,000 to $149,999": 31, "$150,000 to $199,999": 21, "$200,000 or more": 108, "COUNTY": "Queens County", "TRACTCE": "030904", "BLKGRPCE": "1", "Area (Sq Mi)": 0.11602702702702702, "zip_code": "11370", "block_group": "0309041", "bg_area": 3234605.8702891194, "overlap_area": 3234203.656818572, "frac_in_neighborhood": 0.99987565302028236, "pop_in_neighborhood": 1287.8398410901236, "neighborhood": "jacksonheights" }, "geometry": { "type": "MultiPolygon", "coordinates": [ [ [ [ -73.887551870958845, 40.766349255285675 ], [ -73.887089871589097, 40.765012251797799 ], [ -73.887063871696895, 40.764872250745881 ], [ -73.886729872729163, 40.763052246518569 ], [ -73.887660871257083, 40.762956247701695 ], [ -73.888588869350755, 40.762857249918788 ], [ -73.889518868856428, 40.762758250741001 ], [ -73.890445866854535, 40.762659253124518 ], [ -73.891375866094251, 40.762556255094303 ], [ -73.892302864839777, 40.762452255907341 ], [ -73.893239863494145, 40.762353257972421 ], [ -73.895084860632963, 40.762160261317533 ], [ -73.896023859543845, 40.762061262641311 ], [ -73.896940859296421, 40.761967264530952 ], [ -73.897050859525706, 40.761956264957249 ], [ -73.897203858397674, 40.761966265493456 ], [ -73.897344858008921, 40.761976265310842 ], [ -73.897316858979394, 40.762020265408211 ], [ -73.897126858698044, 40.762290265642449 ], [ -73.897005858821259, 40.76243926584781 ], [ -73.896823858160445, 40.762686265991462 ], [ -73.896763858789939, 40.762773265866159 ], [ -73.896550859418767, 40.763081266832238 ], [ -73.896391859192136, 40.763268265914277 ], [ -73.896317859734097, 40.763346266090821 ], [ -73.896215859798247, 40.763433266570445 ], [ -73.896111859828167, 40.76351726553397 ], [ -73.895986860111677, 40.763610266601056 ], [ -73.895856860088401, 40.763701266312395 ], [ -73.895650859647446, 40.763835266243653 ], [ -73.89549986021477, 40.76395226580469 ], [ -73.895382861095555, 40.764051265954606 ], [ -73.895290860763552, 40.764150265578259 ], [ -73.895199860542562, 40.764229265783015 ], [ -73.895096860771616, 40.76435626568734 ], [ -73.895030861027735, 40.764476265669323 ], [ -73.8949548612825, 40.764667266268397 ], [ -73.894795860694288, 40.765153266458469 ], [ -73.894624861178897, 40.765614267753087 ], [ -73.894597861369036, 40.765727267995665 ], [ -73.894565861335821, 40.765812268089853 ], [ -73.89449986063228, 40.765919268265925 ], [ -73.894431862410798, 40.766010267490259 ], [ -73.894323861841556, 40.7661452682513 ], [ -73.894082861963454, 40.766329268171582 ], [ -73.894009861619793, 40.766378268518245 ], [ -73.893859862705199, 40.766420267171341 ], [ -73.893241863986987, 40.766336266469523 ], [ -73.892853864316891, 40.766302265373341 ], [ -73.892780864922912, 40.766299265538414 ], [ -73.892463864898914, 40.766284264560426 ], [ -73.892072865305366, 40.76627926428074 ], [ -73.891834865272543, 40.766279263707531 ], [ -73.891089865635308, 40.766336262695397 ], [ -73.891033866494354, 40.766196261581435 ], [ -73.891001866389487, 40.766116261472781 ], [ -73.890897865881286, 40.765856260290526 ], [ -73.890719866464337, 40.765886260427777 ], [ -73.890423866323573, 40.765961259807973 ], [ -73.889948867965742, 40.766103259516228 ], [ -73.889398868493146, 40.766245258107546 ], [ -73.889185869293286, 40.766298258513814 ], [ -73.88877286929575, 40.766510257826837 ], [ -73.888738869360054, 40.76651725726699 ], [ -73.888513869200253, 40.766562257207951 ], [ -73.888341870205025, 40.766596256609084 ], [ -73.888364869717762, 40.766769257645429 ], [ -73.887730870621525, 40.766914256436642 ], [ -73.887674870679092, 40.766737256311956 ], [ -73.887551870958845, 40.766349255285675 ] ] ] ] } },
{ "type": "Feature", "properties": { "GISJOIN": "G36008100309052", "Total Pop (Race/Ethnicity)": 2729, "Not Hispanic or Latino": 1587, "Not Hispanic or Latino: White alone": 133, "Not Hispanic or Latino: Black or African American alone": 110, "Not Hispanic or Latino: American Indian and Alaska Native alone": 0, "Not Hispanic or Latino: Asian alone": 1344, "Not Hispanic or Latino: Native Hawaiian and Other Pacific Islander alone": 0, "Not Hispanic or Latino: Some other race alone": 0, "Not Hispanic or Latino: Two or more races": 0, "Not Hispanic or Latino: Two or more races: Two races including Some other race": 0, "Not Hispanic or Latino: Two or more races: Two races excluding Some other race, and three or more races": 0, "Hispanic or Latino": 1142, "Total Households (Income)": 839, "Less than $10,000": 25, "$10,000 to $14,999": 38, "$15,000 to $19,999": 0, "$20,000 to $24,999": 34, "$25,000 to $29,999": 0, "$30,000 to $34,999": 130, "$35,000 to $39,999": 0, "$40,000 to $44,999": 46, "$45,000 to $49,999": 18, "$50,000 to $59,999": 0, "$60,000 to $74,999": 122, "$75,000 to $99,999": 59, "$100,000 to $124,999": 194, "$125,000 to $149,999": 54, "$150,000 to $199,999": 43, "$200,000 or more": 76, "COUNTY": "Queens County", "TRACTCE": "030905", "BLKGRPCE": "2", "Area (Sq Mi)": 0.041083397683397686, "zip_code": "11370", "block_group": "0309052", "bg_area": 1145334.1295401119, "overlap_area": 1139556.310861971, "frac_in_neighborhood": 0.99495534226290727, "pop_in_neighborhood": 2715.2331290354741, "neighborhood": "jacksonheights" }, "geometry": { "type": "MultiPolygon", "coordinates": [ [ [ [ -73.893472864014626, 40.758450250543035 ], [ -73.89440186192607, 40.758352252056284 ], [ -73.895335860608682, 40.758254252900755 ], [ -73.89626185980417, 40.758158255192093 ], [ -73.897190858428942, 40.758059256906108 ], [ -73.898191857939025, 40.757954259207594 ], [ -73.899211855925671, 40.75784726036607 ], [ -73.899459855415458, 40.757813261070474 ], [ -73.899702856426728, 40.757782261386602 ], [ -73.899695855352775, 40.758000261191953 ], [ -73.899681856141441, 40.75811026184855 ], [ -73.899607855115335, 40.758385261465591 ], [ -73.899547856296024, 40.758520262770936 ], [ -73.899480855236263, 40.758637263333149 ], [ -73.89937185622982, 40.758797262492365 ], [ -73.899002855556191, 40.759309262889033 ], [ -73.898551857400136, 40.759925262598045 ], [ -73.898453856924377, 40.759930263212773 ], [ -73.898222856406065, 40.75995926321751 ], [ -73.897552858063818, 40.760043261408562 ], [ -73.896622859563337, 40.760140259293486 ], [ -73.895692860734329, 40.76023825830957 ], [ -73.894758861933141, 40.76033725668082 ], [ -73.893828862771755, 40.760434254655287 ], [ -73.893472864014626, 40.758450250543035 ] ] ] ] } },
{ "type": "Feature", "properties": { "GISJOIN": "G36008100309051", "Total Pop (Race/Ethnicity)": 1051, "Not Hispanic or Latino": 751, "Not Hispanic or Latino: White alone": 339, "Not Hispanic or Latino: Black or African American alone": 69, "Not Hispanic or Latino: American Indian and Alaska Native alone": 0, "Not Hispanic or Latino: Asian alone": 343, "Not Hispanic or Latino: Native Hawaiian and Other Pacific Islander alone": 0, "Not Hispanic or Latino: Some other race alone": 0, "Not Hispanic or Latino: Two or more races": 0, "Not Hispanic or Latino: Two or more races: Two races including Some other race": 0, "Not Hispanic or Latino: Two or more races: Two races excluding Some other race, and three or more races": 0, "Hispanic or Latino": 300, "Total Households (Income)": 386, "Less than $10,000": 12, "$10,000 to $14,999": 0, "$15,000 to $19,999": 29, "$20,000 to $24,999": 0, "$25,000 to $29,999": 0, "$30,000 to $34,999": 17, "$35,000 to $39,999": 0, "$40,000 to $44,999": 40, "$45,000 to $49,999": 42, "$50,000 to $59,999": 22, "$60,000 to $74,999": 56, "$75,000 to $99,999": 35, "$100,000 to $124,999": 77, "$125,000 to $149,999": 25, "$150,000 to $199,999": 12, "$200,000 or more": 19, "COUNTY": "Queens County", "TRACTCE": "030905", "BLKGRPCE": "1", "Area (Sq Mi)": 0.033727799227799227, "zip_code": "11370", "block_group": "0309051", "bg_area": 940265.8926928275, "overlap_area": 940258.23326781613, "frac_in_neighborhood": 0.99999185397974033, "pop_in_neighborhood": 1050.991438532707, "neighborhood": "jacksonheights" }, "geometry": { "type": "MultiPolygon", "coordinates": [ [ [ [ -73.892898863517544, 40.76053225289246 ], [ -73.893828862771755, 40.760434254655287 ], [ -73.894758861933141, 40.76033725668082 ], [ -73.895692860734329, 40.76023825830957 ], [ -73.896622859563337, 40.760140259293486 ], [ -73.897552858063818, 40.760043261408562 ], [ -73.898222856406065, 40.75995926321751 ], [ -73.898453856924377, 40.759930263212773 ], [ -73.898551857400136, 40.759925262598045 ], [ -73.898772855994281, 40.759915263712671 ], [ -73.898567857279588, 40.760194264271014 ], [ -73.897484858300473, 40.761773265359679 ], [ -73.897344858008921, 40.761976265310842 ], [ -73.897203858397674, 40.761966265493456 ], [ -73.897050859525706, 40.761956264957249 ], [ -73.896940859296421, 40.761967264530952 ], [ -73.896023859543845, 40.762061262641311 ], [ -73.895084860632963, 40.762160261317533 ], [ -73.893239863494145, 40.762353257972421 ], [ -73.892898863517544, 40.76053225289246 ] ] ] ] } },
{ "type": "Feature", "properties": { "GISJOIN": "G36008100297001", "Total Pop (Race/Ethnicity)": 926, "Not Hispanic or Latino": 772, "Not Hispanic or Latino: White alone": 631, "Not Hispanic or Latino: Black or African American alone": 0, "Not Hispanic or Latino: American Indian and Alaska Native alone": 0, "Not Hispanic or Latino: Asian alone": 107, "Not Hispanic or Latino: Native Hawaiian and Other Pacific Islander alone": 0, "Not Hispanic or Latino: Some other race alone": 0, "Not Hispanic or Latino: Two or more races": 34, "Not Hispanic or Latino: Two or more races: Two races including Some other race": 0, "Not Hispanic or Latino: Two or more races: Two races excluding Some other race, and three or more races": 34, "Hispanic or Latino": 154, "Total Households (Income)": 327, "Less than $10,000": 0, "$10,000 to $14,999": 7, "$15,000 to $19,999": 0, "$20,000 to $24,999": 15, "$25,000 to $29,999": 9, "$30,000 to $34,999": 16, "$35,000 to $39,999": 0, "$40,000 to $44,999": 20, "$45,000 to $49,999": 25, "$50,000 to $59,999": 5, "$60,000 to $74,999": 24, "$75,000 to $99,999": 25, "$100,000 to $124,999": 20, "$125,000 to $149,999": 43, "$150,000 to $199,999": 8, "$200,000 or more": 110, "COUNTY": "Queens County", "TRACTCE": "029700", "BLKGRPCE": "1", "Area (Sq Mi)": 0.12022548262548262, "zip_code": "11377", "block_group": "0297001", "bg_area": 3351683.3465422331, "overlap_area": 38.12115765045084, "frac_in_neighborhood": 1.1373734839771951e-05, "pop_in_neighborhood": 0.010532078461628827, "neighborhood": "jacksonheights" }, "geometry": { "type": "MultiPolygon", "coordinates": [ [ [ [ -73.898772855994281, 40.759915263712671 ], [ -73.898551857400136, 40.759925262598045 ], [ -73.899002855556191, 40.759309262889033 ], [ -73.89937185622982, 40.758797262492365 ], [ -73.899480855236263, 40.758637263333149 ], [ -73.899547856296024, 40.758520262770936 ], [ -73.899607855115335, 40.758385261465591 ], [ -73.899681856141441, 40.75811026184855 ], [ -73.899695855352775, 40.758000261191953 ], [ -73.899702856426728, 40.757782261386602 ], [ -73.899831855969396, 40.757782261080756 ], [ -73.899899855554651, 40.757771261469266 ], [ -73.899966855312201, 40.75776726133644 ], [ -73.900518855069407, 40.757707262855327 ], [ -73.900814854185029, 40.757678262980583 ], [ -73.901018854119883, 40.757656263886595 ], [ -73.901347852961379, 40.757621264074956 ], [ -73.901898852829035, 40.757563265938941 ], [ -73.902785850906994, 40.757471266593768 ], [ -73.903677850941605, 40.757376268337559 ], [ -73.904664849283179, 40.75727326996892 ], [ -73.904846848727459, 40.757254269814538 ], [ -73.904771849124273, 40.758082271981834 ], [ -73.904560848254206, 40.759484274534429 ], [ -73.90510084857236, 40.75951427634741 ], [ -73.905230848471746, 40.759542275716363 ], [ -73.905438846749007, 40.759587276904107 ], [ -73.906314847044683, 40.759843278947173 ], [ -73.906996846116499, 40.760142280685784 ], [ -73.907291844834219, 40.760280281250779 ], [ -73.907416844887436, 40.760339281839876 ], [ -73.907793844291589, 40.760517283414345 ], [ -73.906509846396958, 40.762108284198746 ], [ -73.906261846274575, 40.762416284704869 ], [ -73.905244847782257, 40.763686285493193 ], [ -73.904511848756087, 40.764588284582615 ], [ -73.903707849668095, 40.765596286101903 ], [ -73.903647849368554, 40.765673286389799 ], [ -73.90358784921419, 40.765750285784833 ], [ -73.903511849180433, 40.765849285861286 ], [ -73.903248850549886, 40.765219284525429 ], [ -73.902923850137569, 40.764442281680516 ], [ -73.902693850973364, 40.763895280538748 ], [ -73.902183851493973, 40.762674275804009 ], [ -73.902072851672528, 40.762380275972127 ], [ -73.901995852023006, 40.76212127484272 ], [ -73.901663852578267, 40.760788271621998 ], [ -73.901818852642435, 40.760758271717258 ], [ -73.901552853533389, 40.759625268590533 ], [ -73.90137585378784, 40.759640268864629 ], [ -73.901273852943021, 40.759650268909688 ], [ -73.899261855439576, 40.759867264027037 ], [ -73.899099856212061, 40.759881264429332 ], [ -73.898862857056187, 40.75990126425355 ], [ -73.898772855994281, 40.759915263712671 ] ] ] ] } },
{ "type": "Feature", "properties": { "GISJOIN": "G36008100297002", "Total Pop (Race/Ethnicity)": 1465, "Not Hispanic or Latino": 591, "Not Hispanic or Latino: White alone": 36, "Not Hispanic or Latino: Black or African American alone": 5, "Not Hispanic or Latino: American Indian and Alaska Native alone": 16, "Not Hispanic or Latino: Asian alone": 510, "Not Hispanic or Latino: Native Hawaiian and Other Pacific Islander alone": 0, "Not Hispanic or Latino: Some other race alone": 0, "Not Hispanic or Latino: Two or more races": 24, "Not Hispanic or Latino: Two or more races: Two races including Some other race": 14, "Not Hispanic or Latino: Two or more races: Two races excluding Some other race, and three or more races": 10, "Hispanic or Latino": 874, "Total Households (Income)": 391, "Less than $10,000": 6, "$10,000 to $14,999": 9, "$15,000 to $19,999": 4, "$20,000 to $24,999": 0, "$25,000 to $29,999": 0, "$30,000 to $34,999": 30, "$35,000 to $39,999": 21, "$40,000 to $44,999": 8, "$45,000 to $49,999": 6, "$50,000 to $59,999": 26, "$60,000 to $74,999": 60, "$75,000 to $99,999": 35, "$100,000 to $124,999": 87, "$125,000 to $149,999": 38, "$150,000 to $199,999": 45, "$200,000 or more": 16, "COUNTY": "Queens County", "TRACTCE": "029700", "BLKGRPCE": "2", "Area (Sq Mi)": 0.080243629343629344, "zip_code": "11377", "block_group": "0297002", "bg_area": 2237074.9748656782, "overlap_area": 246.47842289371013, "frac_in_neighborhood": 0.00011017888343617521, "pop_in_neighborhood": 0.16141206423399668, "neighborhood": "jacksonheights" }, "geometry": { "type": "MultiPolygon", "coordinates": [ [ [ [ -73.899479856417173, 40.756246257524069 ], [ -73.899224856118948, 40.755541254812712 ], [ -73.899120856019778, 40.75530525477258 ], [ -73.8989908572524, 40.755025254504474 ], [ -73.898969857059598, 40.754980253894843 ], [ -73.898875857732122, 40.7547452526954 ], [ -73.898862857871279, 40.754711253090306 ], [ -73.898609857795634, 40.754283252114227 ], [ -73.898768857225036, 40.754202251570995 ], [ -73.898737856650513, 40.754153251129573 ], [ -73.898762857304789, 40.754148251832731 ], [ -73.899180856779097, 40.754109253072613 ], [ -73.899572856328504, 40.754063253186679 ], [ -73.900302855157747, 40.753990254788157 ], [ -73.90121285375298, 40.753901255892046 ], [ -73.902120853228197, 40.753800258197558 ], [ -73.902471853243838, 40.753762257664064 ], [ -73.902988852136872, 40.753707258502978 ], [ -73.903922849811195, 40.7536102599516 ], [ -73.90491684905011, 40.753504263016453 ], [ -73.905153848821939, 40.75485726556753 ], [ -73.905293848271825, 40.755627267501538 ], [ -73.905574847737896, 40.757177271403144 ], [ -73.905486847521672, 40.75718627114469 ], [ -73.905101848673368, 40.757227271254521 ], [ -73.904846848727459, 40.757254269814538 ], [ -73.904664849283179, 40.75727326996892 ], [ -73.903677850941605, 40.757376268337559 ], [ -73.902785850906994, 40.757471266593768 ], [ -73.901898852829035, 40.757563265938941 ], [ -73.901347852961379, 40.757621264074956 ], [ -73.901018854119883, 40.757656263886595 ], [ -73.900814854185029, 40.757678262980583 ], [ -73.900518855069407, 40.757707262855327 ], [ -73.899966855312201, 40.75776726133644 ], [ -73.899899855554651, 40.757771261469266 ], [ -73.899831855969396, 40.757782261080756 ], [ -73.899702856426728, 40.757782261386602 ], [ -73.899722856415295, 40.757624260158927 ], [ -73.899738856224914, 40.757417260135149 ], [ -73.899737856107265, 40.757264260479758 ], [ -73.899730855096308, 40.757156259019879 ], [ -73.899716855754789, 40.757033259890846 ], [ -73.899699856103922, 40.756936260056079 ], [ -73.899671855998648, 40.756812259151573 ], [ -73.899642855532221, 40.756705259481521 ], [ -73.89959185517651, 40.7565552580025 ], [ -73.899479856417173, 40.756246257524069 ] ] ] ] } },
{ "type": "Feature", "properties": { "GISJOIN": "G36008100309063", "Total Pop (Race/Ethnicity)": 1334, "Not Hispanic or Latino": 504, "Not Hispanic or Latino: White alone": 143, "Not Hispanic or Latino: Black or African American alone": 0, "Not Hispanic or Latino: American Indian and Alaska Native alone": 0, "Not Hispanic or Latino: Asian alone": 352, "Not Hispanic or Latino: Native Hawaiian and Other Pacific Islander alone": 0, "Not Hispanic or Latino: Some other race alone": 0, "Not Hispanic or Latino: Two or more races": 9, "Not Hispanic or Latino: Two or more races: Two races including Some other race": 0, "Not Hispanic or Latino: Two or more races: Two races excluding Some other race, and three or more races": 9, "Hispanic or Latino": 830, "Total Households (Income)": 447, "Less than $10,000": 11, "$10,000 to $14,999": 15, "$15,000 to $19,999": 0, "$20,000 to $24,999": 0, "$25,000 to $29,999": 41, "$30,000 to $34,999": 0, "$35,000 to $39,999": 0, "$40,000 to $44,999": 12, "$45,000 to $49,999": 0, "$50,000 to $59,999": 15, "$60,000 to $74,999": 58, "$75,000 to $99,999": 106, "$100,000 to $124,999": 74, "$125,000 to $149,999": 9, "$150,000 to $199,999": 88, "$200,000 or more": 18, "COUNTY": "Queens County", "TRACTCE": "030906", "BLKGRPCE": "3", "Area (Sq Mi)": 0.018416988416988418, "zip_code": "11377", "block_group": "0309063", "bg_area": 513434.49677030684, "overlap_area": 511668.26494284847, "frac_in_neighborhood": 0.99655996658080315, "pop_in_neighborhood": 1329.4109954187913, "neighborhood": "jacksonheights" }, "geometry": { "type": "MultiPolygon", "coordinates": [ [ [ [ -73.896521860261998, 40.754388247183627 ], [ -73.896798858775171, 40.754357248237646 ], [ -73.89750085839988, 40.754280249532023 ], [ -73.897923858858533, 40.754239249838278 ], [ -73.89854185717455, 40.754173250894212 ], [ -73.898737856650513, 40.754153251129573 ], [ -73.898768857225036, 40.754202251570995 ], [ -73.898609857795634, 40.754283252114227 ], [ -73.898862857871279, 40.754711253090306 ], [ -73.898875857732122, 40.7547452526954 ], [ -73.898969857059598, 40.754980253894843 ], [ -73.8989908572524, 40.755025254504474 ], [ -73.899120856019778, 40.75530525477258 ], [ -73.899224856118948, 40.755541254812712 ], [ -73.899479856417173, 40.756246257524069 ], [ -73.898925856333491, 40.756298256335363 ], [ -73.897909858884859, 40.75640425426441 ], [ -73.897415859073078, 40.756456253560167 ], [ -73.897152858577698, 40.75648425337355 ], [ -73.896907859506996, 40.756510253389258 ], [ -73.896842859861266, 40.756156252469019 ], [ -73.896597860398458, 40.754806248699239 ], [ -73.896521860261998, 40.754388247183627 ] ] ] ] } },
{ "type": "Feature", "properties": { "GISJOIN": "G36008100309061", "Total Pop (Race/Ethnicity)": 1094, "Not Hispanic or Latino": 604, "Not Hispanic or Latino: White alone": 50, "Not Hispanic or Latino: Black or African American alone": 0, "Not Hispanic or Latino: American Indian and Alaska Native alone": 0, "Not Hispanic or Latino: Asian alone": 554, "Not Hispanic or Latino: Native Hawaiian and Other Pacific Islander alone": 0, "Not Hispanic or Latino: Some other race alone": 0, "Not Hispanic or Latino: Two or more races": 0, "Not Hispanic or Latino: Two or more races: Two races including Some other race": 0, "Not Hispanic or Latino: Two or more races: Two races excluding Some other race, and three or more races": 0, "Hispanic or Latino": 490, "Total Households (Income)": 396, "Less than $10,000": 0, "$10,000 to $14,999": 0, "$15,000 to $19,999": 20, "$20,000 to $24,999": 0, "$25,000 to $29,999": 10, "$30,000 to $34,999": 11, "$35,000 to $39,999": 90, "$40,000 to $44,999": 1, "$45,000 to $49,999": 0, "$50,000 to $59,999": 35, "$60,000 to $74,999": 0, "$75,000 to $99,999": 33, "$100,000 to $124,999": 10, "$125,000 to $149,999": 119, "$150,000 to $199,999": 62, "$200,000 or more": 5, "COUNTY": "Queens County", "TRACTCE": "030906", "BLKGRPCE": "1", "Area (Sq Mi)": 0.036232432432432432, "zip_code": "11370", "block_group": "0309061", "bg_area": 1010105.1422788489, "overlap_area": 1008436.5644098126, "frac_in_neighborhood": 0.99834811466727913, "pop_in_neighborhood": 1092.1928374460033, "neighborhood": "jacksonheights" }, "geometry": { "type": "MultiPolygon", "coordinates": [ [ [ [ -73.893187865023023, 40.756897246308725 ], [ -73.894123863909869, 40.756794248257584 ], [ -73.895051861962529, 40.756710249116828 ], [ -73.895975861016439, 40.756607252032467 ], [ -73.896907859506996, 40.756510253389258 ], [ -73.897152858577698, 40.75648425337355 ], [ -73.897415859073078, 40.756456253560167 ], [ -73.897909858884859, 40.75640425426441 ], [ -73.898925856333491, 40.756298256335363 ], [ -73.899479856417173, 40.756246257524069 ], [ -73.89959185517651, 40.7565552580025 ], [ -73.899642855532221, 40.756705259481521 ], [ -73.899671855998648, 40.756812259151573 ], [ -73.899699856103922, 40.756936260056079 ], [ -73.899716855754789, 40.757033259890846 ], [ -73.899730855096308, 40.757156259019879 ], [ -73.899737856107265, 40.757264260479758 ], [ -73.899738856224914, 40.757417260135149 ], [ -73.899722856415295, 40.757624260158927 ], [ -73.899702856426728, 40.757782261386602 ], [ -73.899459855415458, 40.757813261070474 ], [ -73.899211855925671, 40.75784726036607 ], [ -73.898191857939025, 40.757954259207594 ], [ -73.897190858428942, 40.758059256906108 ], [ -73.89626185980417, 40.758158255192093 ], [ -73.895335860608682, 40.758254252900755 ], [ -73.89440186192607, 40.758352252056284 ], [ -73.893472864014626, 40.758450250543035 ], [ -73.893187865023023, 40.756897246308725 ] ] ] ] } },
{ "type": "Feature", "properties": { "GISJOIN": "G36008100309062", "Total Pop (Race/Ethnicity)": 1688, "Not Hispanic or Latino": 1179, "Not Hispanic or Latino: White alone": 245, "Not Hispanic or Latino: Black or African American alone": 5, "Not Hispanic or Latino: American Indian and Alaska Native alone": 0, "Not Hispanic or Latino: Asian alone": 929, "Not Hispanic or Latino: Native Hawaiian and Other Pacific Islander alone": 0, "Not Hispanic or Latino: Some other race alone": 0, "Not Hispanic or Latino: Two or more races": 0, "Not Hispanic or Latino: Two or more races: Two races including Some other race": 0, "Not Hispanic or Latino: Two or more races: Two races excluding Some other race, and three or more races": 0, "Hispanic or Latino": 509, "Total Households (Income)": 542, "Less than $10,000": 9, "$10,000 to $14,999": 0, "$15,000 to $19,999": 0, "$20,000 to $24,999": 0, "$25,000 to $29,999": 17, "$30,000 to $34,999": 0, "$35,000 to $39,999": 48, "$40,000 to $44,999": 34, "$45,000 to $49,999": 55, "$50,000 to $59,999": 46, "$60,000 to $74,999": 25, "$75,000 to $99,999": 179, "$100,000 to $124,999": 10, "$125,000 to $149,999": 0, "$150,000 to $199,999": 65, "$200,000 or more": 54, "COUNTY": "Queens County", "TRACTCE": "030906", "BLKGRPCE": "2", "Area (Sq Mi)": 0.029113513513513514, "zip_code": "11370", "block_group": "0309062", "bg_area": 811636.11801768618, "overlap_area": 811636.11801768641, "frac_in_neighborhood": 1.0000000000000002, "pop_in_neighborhood": 1688.0000000000005, "neighborhood": "jacksonheights" }, "geometry": { "type": "MultiPolygon", "coordinates": [ [ [ [ -73.892802865181295, 40.754777240427082 ], [ -73.8937338645148, 40.754680242176221 ], [ -73.894660862122208, 40.754582243414816 ], [ -73.895589861274075, 40.754484245988934 ], [ -73.896521860261998, 40.754388247183627 ], [ -73.896597860398458, 40.754806248699239 ], [ -73.896842859861266, 40.756156252469019 ], [ -73.896907859506996, 40.756510253389258 ], [ -73.895975861016439, 40.756607252032467 ], [ -73.895051861962529, 40.756710249116828 ], [ -73.894123863909869, 40.756794248257584 ], [ -73.893187865023023, 40.756897246308725 ], [ -73.892802865181295, 40.754777240427082 ] ] ] ] } },
{ "type": "Feature", "properties": { "GISJOIN": "G36008100289001", "Total Pop (Race/Ethnicity)": 698, "Not Hispanic or Latino": 463, "Not Hispanic or Latino: White alone": 116, "Not Hispanic or Latino: Black or African American alone": 0, "Not Hispanic or Latino: American Indian and Alaska Native alone": 0, "Not Hispanic or Latino: Asian alone": 347, "Not Hispanic or Latino: Native Hawaiian and Other Pacific Islander alone": 0, "Not Hispanic or Latino: Some other race alone": 0, "Not Hispanic or Latino: Two or more races": 0, "Not Hispanic or Latino: Two or more races: Two races including Some other race": 0, "Not Hispanic or Latino: Two or more races: Two races excluding Some other race, and three or more races": 0, "Hispanic or Latino": 235, "Total Households (Income)": 259, "Less than $10,000": 0, "$10,000 to $14,999": 0, "$15,000 to $19,999": 0, "$20,000 to $24,999": 0, "$25,000 to $29,999": 30, "$30,000 to $34,999": 0, "$35,000 to $39,999": 0, "$40,000 to $44,999": 0, "$45,000 to $49,999": 19, "$50,000 to $59,999": 19, "$60,000 to $74,999": 19, "$75,000 to $99,999": 21, "$100,000 to $124,999": 61, "$125,000 to $149,999": 21, "$150,000 to $199,999": 19, "$200,000 or more": 50, "COUNTY": "Queens County", "TRACTCE": "028900", "BLKGRPCE": "1", "Area (Sq Mi)": 0.025434362934362933, "zip_code": "11372", "block_group": "0289001", "bg_area": 709061.28871485614, "overlap_area": 709061.28871485603, "frac_in_neighborhood": 0.99999999999999989, "pop_in_neighborhood": 697.99999999999989, "neighborhood": "jacksonheights" }, "geometry": { "type": "MultiPolygon", "coordinates": [ [ [ [ -73.890612869139815, 40.753144232753129 ], [ -73.891544866825441, 40.753046234202429 ], [ -73.892472864927498, 40.752947236339416 ], [ -73.892120866665024, 40.751003231450738 ], [ -73.893047865867885, 40.750907233304929 ], [ -73.893397864564832, 40.7528512375183 ], [ -73.8937338645148, 40.754680242176221 ], [ -73.892802865181295, 40.754777240427082 ], [ -73.891880866276281, 40.754872239681966 ], [ -73.890947867335939, 40.754973237072072 ], [ -73.890612869139815, 40.753144232753129 ] ] ] ] } },
{ "type": "Feature", "properties": { "GISJOIN": "G36008100291003", "Total Pop (Race/Ethnicity)": 1376, "Not Hispanic or Latino": 966, "Not Hispanic or Latino: White alone": 351, "Not Hispanic or Latino: Black or African American alone": 38, "Not Hispanic or Latino: American Indian and Alaska Native alone": 0, "Not Hispanic or Latino: Asian alone": 571, "Not Hispanic or Latino: Native Hawaiian and Other Pacific Islander alone": 0, "Not Hispanic or Latino: Some other race alone": 0, "Not Hispanic or Latino: Two or more races": 6, "Not Hispanic or Latino: Two or more races: Two races including Some other race": 6, "Not Hispanic or Latino: Two or more races: Two races excluding Some other race, and three or more races": 0, "Hispanic or Latino": 410, "Total Households (Income)": 436, "Less than $10,000": 43, "$10,000 to $14,999": 0, "$15,000 to $19,999": 98, "$20,000 to $24,999": 23, "$25,000 to $29,999": 19, "$30,000 to $34,999": 19, "$35,000 to $39,999": 0, "$40,000 to $44,999": 0, "$45,000 to $49,999": 18, "$50,000 to $59,999": 22, "$60,000 to $74,999": 39, "$75,000 to $99,999": 74, "$100,000 to $124,999": 33, "$125,000 to $149,999": 0, "$150,000 to $199,999": 29, "$200,000 or more": 19, "COUNTY": "Queens County", "TRACTCE": "029100", "BLKGRPCE": "3", "Area (Sq Mi)": 0.03072123552123552, "zip_code": "11372", "block_group": "0291003", "bg_area": 856437.58304009889, "overlap_area": 856402.21390003699, "frac_in_neighborhood": 0.99995870202246806, "pop_in_neighborhood": 1375.9431739829161, "neighborhood": "jacksonheights" }, "geometry": { "type": "MultiPolygon", "coordinates": [ [ [ [ -73.893047865867885, 40.750907233304929 ], [ -73.893975863417225, 40.750810234818516 ], [ -73.894898862931711, 40.7507162372276 ], [ -73.895798861323826, 40.750619238599754 ], [ -73.895899861237396, 40.750608238378746 ], [ -73.8965398610422, 40.750541239480697 ], [ -73.896734860381926, 40.750521239906639 ], [ -73.897021859515888, 40.750490239805629 ], [ -73.897121859477807, 40.750479240514736 ], [ -73.897308859223557, 40.750458240853668 ], [ -73.897396859219086, 40.750803241853312 ], [ -73.897458860160185, 40.751062242486391 ], [ -73.897478860032066, 40.751148242846945 ], [ -73.897572859750539, 40.751763243950464 ], [ -73.89758285851903, 40.751898243957754 ], [ -73.897587858630729, 40.751956244627799 ], [ -73.897593858819079, 40.752038245169182 ], [ -73.897608858731672, 40.752129244586236 ], [ -73.897628859207074, 40.752220245938219 ], [ -73.897650858550037, 40.752302245416693 ], [ -73.897682858994415, 40.752399245104534 ], [ -73.897477858950325, 40.752419245054469 ], [ -73.897357859877047, 40.752431245417867 ], [ -73.897156859998887, 40.752456244018227 ], [ -73.89654885961194, 40.752521243350415 ], [ -73.896191861210198, 40.752559242788116 ], [ -73.895259861521083, 40.752656241366516 ], [ -73.894329863381671, 40.752755239786531 ], [ -73.893397864564832, 40.7528512375183 ], [ -73.893047865867885, 40.750907233304929 ] ] ] ] } },
{ "type": "Feature", "properties": { "GISJOIN": "G36008100291004", "Total Pop (Race/Ethnicity)": 1191, "Not Hispanic or Latino": 640, "Not Hispanic or Latino: White alone": 81, "Not Hispanic or Latino: Black or African American alone": 3, "Not Hispanic or Latino: American Indian and Alaska Native alone": 0, "Not Hispanic or Latino: Asian alone": 553, "Not Hispanic or Latino: Native Hawaiian and Other Pacific Islander alone": 0, "Not Hispanic or Latino: Some other race alone": 0, "Not Hispanic or Latino: Two or more races": 3, "Not Hispanic or Latino: Two or more races: Two races including Some other race": 0, "Not Hispanic or Latino: Two or more races: Two races excluding Some other race, and three or more races": 3, "Hispanic or Latino": 551, "Total Households (Income)": 444, "Less than $10,000": 0, "$10,000 to $14,999": 38, "$15,000 to $19,999": 0, "$20,000 to $24,999": 0, "$25,000 to $29,999": 126, "$30,000 to $34,999": 36, "$35,000 to $39,999": 0, "$40,000 to $44,999": 58, "$45,000 to $49,999": 31, "$50,000 to $59,999": 67, "$60,000 to $74,999": 0, "$75,000 to $99,999": 19, "$100,000 to $124,999": 0, "$125,000 to $149,999": 62, "$150,000 to $199,999": 0, "$200,000 or more": 7, "COUNTY": "Queens County", "TRACTCE": "029100", "BLKGRPCE": "4", "Area (Sq Mi)": 0.031067953667953667, "zip_code": "11372", "block_group": "0291004", "bg_area": 866131.57484035962, "overlap_area": 866051.68441613065, "frac_in_neighborhood": 0.99990776179214602, "pop_in_neighborhood": 1190.8901442944459, "neighborhood": "jacksonheights" }, "geometry": { "type": "MultiPolygon", "coordinates": [ [ [ [ -73.893397864564832, 40.7528512375183 ], [ -73.894329863381671, 40.752755239786531 ], [ -73.895259861521083, 40.752656241366516 ], [ -73.896191861210198, 40.752559242788116 ], [ -73.89654885961194, 40.752521243350415 ], [ -73.897156859998887, 40.752456244018227 ], [ -73.897357859877047, 40.752431245417867 ], [ -73.897477858950325, 40.752419245054469 ], [ -73.897682858994415, 40.752399245104534 ], [ -73.897732859244726, 40.752537245893052 ], [ -73.897790859547797, 40.752673246265374 ], [ -73.897856858507254, 40.752807246873125 ], [ -73.897931857753846, 40.752938247796251 ], [ -73.898215857832511, 40.753366249222182 ], [ -73.898398857946106, 40.753642250047889 ], [ -73.898737856650513, 40.754153251129573 ], [ -73.89854185717455, 40.754173250894212 ], [ -73.897923858858533, 40.754239249838278 ], [ -73.89750085839988, 40.754280249532023 ], [ -73.896798858775171, 40.754357248237646 ], [ -73.896521860261998, 40.754388247183627 ], [ -73.895589861274075, 40.754484245988934 ], [ -73.894660862122208, 40.754582243414816 ], [ -73.8937338645148, 40.754680242176221 ], [ -73.893397864564832, 40.7528512375183 ] ] ] ] } },
{ "type": "Feature", "properties": { "GISJOIN": "G36008100293001", "Total Pop (Race/Ethnicity)": 1214, "Not Hispanic or Latino": 1033, "Not Hispanic or Latino: White alone": 134, "Not Hispanic or Latino: Black or African American alone": 4, "Not Hispanic or Latino: American Indian and Alaska Native alone": 0, "Not Hispanic or Latino: Asian alone": 793, "Not Hispanic or Latino: Native Hawaiian and Other Pacific Islander alone": 0, "Not Hispanic or Latino: Some other race alone": 0, "Not Hispanic or Latino: Two or more races": 102, "Not Hispanic or Latino: Two or more races: Two races including Some other race": 0, "Not Hispanic or Latino: Two or more races: Two races excluding Some other race, and three or more races": 102, "Hispanic or Latino": 181, "Total Households (Income)": 414, "Less than $10,000": 4, "$10,000 to $14,999": 29, "$15,000 to $19,999": 0, "$20,000 to $24,999": 6, "$25,000 to $29,999": 0, "$30,000 to $34,999": 9, "$35,000 to $39,999": 63, "$40,000 to $44,999": 7, "$45,000 to $49,999": 36, "$50,000 to $59,999": 41, "$60,000 to $74,999": 20, "$75,000 to $99,999": 61, "$100,000 to $124,999": 51, "$125,000 to $149,999": 6, "$150,000 to $199,999": 32, "$200,000 or more": 49, "COUNTY": "Queens County", "TRACTCE": "029300", "BLKGRPCE": "1", "Area (Sq Mi)": 0.058430888030888029, "zip_code": "11377", "block_group": "0293001", "bg_area": 1628966.8657783675, "overlap_area": 178.62640460361177, "frac_in_neighborhood": 0.00010965625413028822, "pop_in_neighborhood": 0.13312269251416989, "neighborhood": "jacksonheights" }, "geometry": { "type": "MultiPolygon", "coordinates": [ [ [ [ -73.897682858994415, 40.752399245104534 ], [ -73.897650858550037, 40.752302245416693 ], [ -73.897628859207074, 40.752220245938219 ], [ -73.897608858731672, 40.752129244586236 ], [ -73.897593858819079, 40.752038245169182 ], [ -73.897587858630729, 40.751956244627799 ], [ -73.89758285851903, 40.751898243957754 ], [ -73.897572859750539, 40.751763243950464 ], [ -73.897478860032066, 40.751148242846945 ], [ -73.897458860160185, 40.751062242486391 ], [ -73.897396859219086, 40.750803241853312 ], [ -73.897308859223557, 40.750458240853668 ], [ -73.897260860143376, 40.750327241220802 ], [ -73.897204860084798, 40.750197239656679 ], [ -73.897142860527211, 40.750070239547036 ], [ -73.897074860013333, 40.749944239550366 ], [ -73.896864861082861, 40.749605240111045 ], [ -73.896527862743397, 40.749062239589151 ], [ -73.89635886375784, 40.7487692412681 ], [ -73.89642986397908, 40.748799240752355 ], [ -73.896456863552402, 40.748809240235644 ], [ -73.896610862994905, 40.748877241411847 ], [ -73.89687086308021, 40.748992241543178 ], [ -73.897576861092929, 40.749299242054335 ], [ -73.898390858937702, 40.749642243228081 ], [ -73.898574858283467, 40.749721243368178 ], [ -73.89922785671186, 40.75000224347383 ], [ -73.899657856954377, 40.750181245322771 ], [ -73.899708856648914, 40.750203244985656 ], [ -73.900050855543967, 40.750352245997973 ], [ -73.901062854583472, 40.750782249018009 ], [ -73.900762853969511, 40.751469250134782 ], [ -73.90087085546638, 40.752061251674796 ], [ -73.901557853473037, 40.751994252920191 ], [ -73.902157853892788, 40.751931252995874 ], [ -73.902275852672574, 40.75259625495579 ], [ -73.902471853243838, 40.753762257664064 ], [ -73.902120853228197, 40.753800258197558 ], [ -73.90121285375298, 40.753901255892046 ], [ -73.900302855157747, 40.753990254788157 ], [ -73.899572856328504, 40.754063253186679 ], [ -73.899180856779097, 40.754109253072613 ], [ -73.898762857304789, 40.754148251832731 ], [ -73.898737856650513, 40.754153251129573 ], [ -73.898398857946106, 40.753642250047889 ], [ -73.898215857832511, 40.753366249222182 ], [ -73.897931857753846, 40.752938247796251 ], [ -73.897856858507254, 40.752807246873125 ], [ -73.897790859547797, 40.752673246265374 ], [ -73.897732859244726, 40.752537245893052 ], [ -73.897682858994415, 40.752399245104534 ] ] ] ] } },
{ "type": "Feature", "properties": { "GISJOIN": "G36008100289003", "Total Pop (Race/Ethnicity)": 3250, "Not Hispanic or Latino": 2535, "Not Hispanic or Latino: White alone": 1736, "Not Hispanic or Latino: Black or African American alone": 0, "Not Hispanic or Latino: American Indian and Alaska Native alone": 0, "Not Hispanic or Latino: Asian alone": 471, "Not Hispanic or Latino: Native Hawaiian and Other Pacific Islander alone": 0, "Not Hispanic or Latino: Some other race alone": 56, "Not Hispanic or Latino: Two or more races": 272, "Not Hispanic or Latino: Two or more races: Two races including Some other race": 32, "Not Hispanic or Latino: Two or more races: Two races excluding Some other race, and three or more races": 240, "Hispanic or Latino": 715, "Total Households (Income)": 1347, "Less than $10,000": 66, "$10,000 to $14,999": 53, "$15,000 to $19,999": 78, "$20,000 to $24,999": 26, "$25,000 to $29,999": 0, "$30,000 to $34,999": 43, "$35,000 to $39,999": 63, "$40,000 to $44,999": 170, "$45,000 to $49,999": 23, "$50,000 to $59,999": 63, "$60,000 to $74,999": 25, "$75,000 to $99,999": 135, "$100,000 to $124,999": 111, "$125,000 to $149,999": 60, "$150,000 to $199,999": 88, "$200,000 or more": 343, "COUNTY": "Queens County", "TRACTCE": "028900", "BLKGRPCE": "3", "Area (Sq Mi)": 0.027865250965250964, "zip_code": "11372", "block_group": "0289003", "bg_area": 776835.74564070476, "overlap_area": 776721.58162152616, "frac_in_neighborhood": 0.99985303969362993, "pop_in_neighborhood": 3249.5223790042974, "neighborhood": "jacksonheights" }, "geometry": { "type": "MultiPolygon", "coordinates": [ [ [ [ -73.890500876173547, 40.746941233404208 ], [ -73.89143087628949, 40.74684423487038 ], [ -73.89160687551292, 40.74682623575184 ], [ -73.891683875455172, 40.746818236149089 ], [ -73.891749874721825, 40.746811235913221 ], [ -73.892408873999742, 40.747134236158686 ], [ -73.892707868603168, 40.748862233236828 ], [ -73.893047865867885, 40.750907233304929 ], [ -73.892120866665024, 40.751003231450738 ], [ -73.89118886754548, 40.751100229654838 ], [ -73.8908238712431, 40.749060229452262 ], [ -73.890864870710516, 40.749056229270778 ], [ -73.890900870702708, 40.749008229430139 ], [ -73.890575876131024, 40.747342232416443 ], [ -73.890500876173547, 40.746941233404208 ] ] ] ] } },
{ "type": "Feature", "properties": { "GISJOIN": "G36008100291002", "Total Pop (Race/Ethnicity)": 1878, "Not Hispanic or Latino": 1419, "Not Hispanic or Latino: White alone": 284, "Not Hispanic or Latino: Black or African American alone": 0, "Not Hispanic or Latino: American Indian and Alaska Native alone": 0, "Not Hispanic or Latino: Asian alone": 1135, "Not Hispanic or Latino: Native Hawaiian and Other Pacific Islander alone": 0, "Not Hispanic or Latino: Some other race alone": 0, "Not Hispanic or Latino: Two or more races": 0, "Not Hispanic or Latino: Two or more races: Two races including Some other race": 0, "Not Hispanic or Latino: Two or more races: Two races excluding Some other race, and three or more races": 0, "Hispanic or Latino": 459, "Total Households (Income)": 691, "Less than $10,000": 0, "$10,000 to $14,999": 114, "$15,000 to $19,999": 19, "$20,000 to $24,999": 7, "$25,000 to $29,999": 27, "$30,000 to $34,999": 50, "$35,000 to $39,999": 34, "$40,000 to $44,999": 22, "$45,000 to $49,999": 39, "$50,000 to $59,999": 13, "$60,000 to $74,999": 33, "$75,000 to $99,999": 54, "$100,000 to $124,999": 87, "$125,000 to $149,999": 13, "$150,000 to $199,999": 83, "$200,000 or more": 96, "COUNTY": "Queens County", "TRACTCE": "029100", "BLKGRPCE": "2", "Area (Sq Mi)": 0.015553281853281854, "zip_code": "11372", "block_group": "0291002", "bg_area": 433591.7880676433, "overlap_area": 433591.78806764324, "frac_in_neighborhood": 0.99999999999999989, "pop_in_neighborhood": 1877.9999999999998, "neighborhood": "jacksonheights" }, "geometry": { "type": "MultiPolygon", "coordinates": [ [ [ [ -73.892707868603168, 40.748862233236828 ], [ -73.893606867564671, 40.748770235084578 ], [ -73.893984867987555, 40.748733235702993 ], [ -73.894539867019731, 40.748679237001078 ], [ -73.894692863802391, 40.749515235704052 ], [ -73.894720863408423, 40.749698235754096 ], [ -73.895798861323826, 40.750619238599754 ], [ -73.894898862931711, 40.7507162372276 ], [ -73.893975863417225, 40.750810234818516 ], [ -73.893047865867885, 40.750907233304929 ], [ -73.892707868603168, 40.748862233236828 ] ] ] ] } },
{ "type": "Feature", "properties": { "GISJOIN": "G36008100291001", "Total Pop (Race/Ethnicity)": 1814, "Not Hispanic or Latino": 1408, "Not Hispanic or Latino: White alone": 280, "Not Hispanic or Latino: Black or African American alone": 19, "Not Hispanic or Latino: American Indian and Alaska Native alone": 0, "Not Hispanic or Latino: Asian alone": 1065, "Not Hispanic or Latino: Native Hawaiian and Other Pacific Islander alone": 0, "Not Hispanic or Latino: Some other race alone": 0, "Not Hispanic or Latino: Two or more races": 44, "Not Hispanic or Latino: Two or more races: Two races including Some other race": 0, "Not Hispanic or Latino: Two or more races: Two races excluding Some other race, and three or more races": 44, "Hispanic or Latino": 406, "Total Households (Income)": 984, "Less than $10,000": 0, "$10,000 to $14,999": 21, "$15,000 to $19,999": 20, "$20,000 to $24,999": 15, "$25,000 to $29,999": 9, "$30,000 to $34,999": 39, "$35,000 to $39,999": 67, "$40,000 to $44,999": 185, "$45,000 to $49,999": 73, "$50,000 to $59,999": 0, "$60,000 to $74,999": 210, "$75,000 to $99,999": 138, "$100,000 to $124,999": 14, "$125,000 to $149,999": 7, "$150,000 to $199,999": 135, "$200,000 or more": 51, "COUNTY": "Queens County", "TRACTCE": "029100", "BLKGRPCE": "1", "Area (Sq Mi)": 0.023613513513513512, "zip_code": "11372", "block_group": "0291001", "bg_area": 658293.6203696758, "overlap_area": 657309.01190579846, "frac_in_neighborhood": 0.99850430198104545, "pop_in_neighborhood": 1811.2868037936164, "neighborhood": "jacksonheights" }, "geometry": { "type": "MultiPolygon", "coordinates": [ [ [ [ -73.892707868603168, 40.748862233236828 ], [ -73.892408873999742, 40.747134236158686 ], [ -73.893796869449901, 40.747691238509624 ], [ -73.895276866743401, 40.748316239456948 ], [ -73.895658865963412, 40.748472240695065 ], [ -73.895839865955523, 40.748546240336765 ], [ -73.896109864433086, 40.748668240905459 ], [ -73.896144864114333, 40.748679239924556 ], [ -73.89635886375784, 40.7487692412681 ], [ -73.896527862743397, 40.749062239589151 ], [ -73.896864861082861, 40.749605240111045 ], [ -73.897074860013333, 40.749944239550366 ], [ -73.897142860527211, 40.750070239547036 ], [ -73.897204860084798, 40.750197239656679 ], [ -73.897260860143376, 40.750327241220802 ], [ -73.897308859223557, 40.750458240853668 ], [ -73.897121859477807, 40.750479240514736 ], [ -73.897021859515888, 40.750490239805629 ], [ -73.896734860381926, 40.750521239906639 ], [ -73.8965398610422, 40.750541239480697 ], [ -73.895899861237396, 40.750608238378746 ], [ -73.895798861323826, 40.750619238599754 ], [ -73.894720863408423, 40.749698235754096 ], [ -73.894692863802391, 40.749515235704052 ], [ -73.894539867019731, 40.748679237001078 ], [ -73.893984867987555, 40.748733235702993 ], [ -73.893606867564671, 40.748770235084578 ], [ -73.892707868603168, 40.748862233236828 ] ] ] ] } },
{ "type": "Feature", "properties": { "GISJOIN": "G36008100263001", "Total Pop (Race/Ethnicity)": 903, "Not Hispanic or Latino": 782, "Not Hispanic or Latino: White alone": 130, "Not Hispanic or Latino: Black or African American alone": 52, "Not Hispanic or Latino: American Indian and Alaska Native alone": 0, "Not Hispanic or Latino: Asian alone": 578, "Not Hispanic or Latino: Native Hawaiian and Other Pacific Islander alone": 0, "Not Hispanic or Latino: Some other race alone": 0, "Not Hispanic or Latino: Two or more races": 22, "Not Hispanic or Latino: Two or more races: Two races including Some other race": 0, "Not Hispanic or Latino: Two or more races: Two races excluding Some other race, and three or more races": 22, "Hispanic or Latino": 121, "Total Households (Income)": 531, "Less than $10,000": 56, "$10,000 to $14,999": 0, "$15,000 to $19,999": 0, "$20,000 to $24,999": 16, "$25,000 to $29,999": 191, "$30,000 to $34,999": 0, "$35,000 to $39,999": 0, "$40,000 to $44,999": 0, "$45,000 to $49,999": 0, "$50,000 to $59,999": 16, "$60,000 to $74,999": 47, "$75,000 to $99,999": 70, "$100,000 to $124,999": 44, "$125,000 to $149,999": 28, "$150,000 to $199,999": 43, "$200,000 or more": 20, "COUNTY": "Queens County", "TRACTCE": "026300", "BLKGRPCE": "1", "Area (Sq Mi)": 0.030282239382239381, "zip_code": "11377", "block_group": "0263001", "bg_area": 844201.71111757436, "overlap_area": 3.7173054567887078, "frac_in_neighborhood": 4.4033379793410397e-06, "pop_in_neighborhood": 0.0039762141953449586, "neighborhood": "jacksonheights" }, "geometry": { "type": "MultiPolygon", "coordinates": [ [ [ [ -73.89635886375784, 40.7487692412681 ], [ -73.896144864114333, 40.748679239924556 ], [ -73.896109864433086, 40.748668240905459 ], [ -73.895839865955523, 40.748546240336765 ], [ -73.895658865963412, 40.748472240695065 ], [ -73.894446872131027, 40.746534241809584 ], [ -73.89473387119709, 40.746502243143077 ], [ -73.894825872676591, 40.746492243147081 ], [ -73.895024871063299, 40.746469243056858 ], [ -73.895040872539582, 40.746467243515134 ], [ -73.89542087175171, 40.746427244287517 ], [ -73.896324870616141, 40.746334245961108 ], [ -73.897223869771295, 40.746237248218058 ], [ -73.898109868337372, 40.746143250331919 ], [ -73.898459867408619, 40.746107251210532 ], [ -73.898941867165988, 40.746236251370199 ], [ -73.898615864979917, 40.746936250050318 ], [ -73.898335864776271, 40.747560247669263 ], [ -73.897916862148676, 40.748493245088419 ], [ -73.897576861092929, 40.749299242054335 ], [ -73.89687086308021, 40.748992241543178 ], [ -73.896610862994905, 40.748877241411847 ], [ -73.896456863552402, 40.748809240235644 ], [ -73.89642986397908, 40.748799240752355 ], [ -73.89635886375784, 40.7487692412681 ] ] ] ] } },
{ "type": "Feature", "properties": { "GISJOIN": "G36008100275003", "Total Pop (Race/Ethnicity)": 1796, "Not Hispanic or Latino": 359, "Not Hispanic or Latino: White alone": 0, "Not Hispanic or Latino: Black or African American alone": 0, "Not Hispanic or Latino: American Indian and Alaska Native alone": 0, "Not Hispanic or Latino: Asian alone": 359, "Not Hispanic or Latino: Native Hawaiian and Other Pacific Islander alone": 0, "Not Hispanic or Latino: Some other race alone": 0, "Not Hispanic or Latino: Two or more races": 0, "Not Hispanic or Latino: Two or more races: Two races including Some other race": 0, "Not Hispanic or Latino: Two or more races: Two races excluding Some other race, and three or more races": 0, "Hispanic or Latino": 1437, "Total Households (Income)": 585, "Less than $10,000": 157, "$10,000 to $14,999": 0, "$15,000 to $19,999": 0, "$20,000 to $24,999": 0, "$25,000 to $29,999": 0, "$30,000 to $34,999": 0, "$35,000 to $39,999": 0, "$40,000 to $44,999": 26, "$45,000 to $49,999": 0, "$50,000 to $59,999": 16, "$60,000 to $74,999": 233, "$75,000 to $99,999": 11, "$100,000 to $124,999": 19, "$125,000 to $149,999": 50, "$150,000 to $199,999": 0, "$200,000 or more": 73, "COUNTY": "Queens County", "TRACTCE": "027500", "BLKGRPCE": "3", "Area (Sq Mi)": 0.035703474903474905, "zip_code": "11372", "block_group": "0275003", "bg_area": 995344.46047141065, "overlap_area": 995146.05720097083, "frac_in_neighborhood": 0.99980066873497653, "pop_in_neighborhood": 1795.6420010480178, "neighborhood": "jacksonheights" }, "geometry": { "type": "MultiPolygon", "coordinates": [ [ [ [ -73.87408500200533, 40.750822305671733 ], [ -73.874012001410563, 40.750412305185272 ], [ -73.873701004685529, 40.748716305347749 ], [ -73.873983004151441, 40.748685306232943 ], [ -73.874629002582864, 40.748613307454221 ], [ -73.875423001622153, 40.748527307692271 ], [ -73.875552000740001, 40.748513308612786 ], [ -73.876251998930158, 40.748438308525223 ], [ -73.876479998196871, 40.748415309344189 ], [ -73.87687588680916, 40.750529199611563 ], [ -73.877246886014532, 40.752567205368706 ], [ -73.876314995393869, 40.752665311957415 ], [ -73.875385997644955, 40.752762310831613 ], [ -73.875014999603508, 40.750724306770742 ], [ -73.87408500200533, 40.750822305671733 ] ] ] ] } },
{ "type": "Feature", "properties": { "GISJOIN": "G36008100277011", "Total Pop (Race/Ethnicity)": 1559, "Not Hispanic or Latino": 288, "Not Hispanic or Latino: White alone": 0, "Not Hispanic or Latino: Black or African American alone": 9, "Not Hispanic or Latino: American Indian and Alaska Native alone": 0, "Not Hispanic or Latino: Asian alone": 156, "Not Hispanic or Latino: Native Hawaiian and Other Pacific Islander alone": 0, "Not Hispanic or Latino: Some other race alone": 123, "Not Hispanic or Latino: Two or more races": 0, "Not Hispanic or Latino: Two or more races: Two races including Some other race": 0, "Not Hispanic or Latino: Two or more races: Two races excluding Some other race, and three or more races": 0, "Hispanic or Latino": 1271, "Total Households (Income)": 557, "Less than $10,000": 98, "$10,000 to $14,999": 0, "$15,000 to $19,999": 0, "$20,000 to $24,999": 37, "$25,000 to $29,999": 0, "$30,000 to $34,999": 0, "$35,000 to $39,999": 0, "$40,000 to $44,999": 0, "$45,000 to $49,999": 7, "$50,000 to $59,999": 0, "$60,000 to $74,999": 118, "$75,000 to $99,999": 16, "$100,000 to $124,999": 49, "$125,000 to $149,999": 16, "$150,000 to $199,999": 151, "$200,000 or more": 65, "COUNTY": "Queens County", "TRACTCE": "027701", "BLKGRPCE": "1", "Area (Sq Mi)": 0.014234362934362935, "zip_code": "11372", "block_group": "0277011", "bg_area": 396828.42174104741, "overlap_area": 396748.25002325384, "frac_in_neighborhood": 0.99979796881120098, "pop_in_neighborhood": 1558.6850333766624, "neighborhood": "jacksonheights" }, "geometry": { "type": "MultiPolygon", "coordinates": [ [ [ [ -73.876479998196871, 40.748415309344189 ], [ -73.876924890786697, 40.74836820315597 ], [ -73.877415890446827, 40.748318204067019 ], [ -73.877801886065171, 40.750431201234349 ], [ -73.878173885612938, 40.752470207314751 ], [ -73.877246886014532, 40.752567205368706 ], [ -73.87687588680916, 40.750529199611563 ], [ -73.876479998196871, 40.748415309344189 ] ] ] ] } },
{ "type": "Feature", "properties": { "GISJOIN": "G36008100277012", "Total Pop (Race/Ethnicity)": 1994, "Not Hispanic or Latino": 283, "Not Hispanic or Latino: White alone": 85, "Not Hispanic or Latino: Black or African American alone": 23, "Not Hispanic or Latino: American Indian and Alaska Native alone": 0, "Not Hispanic or Latino: Asian alone": 175, "Not Hispanic or Latino: Native Hawaiian and Other Pacific Islander alone": 0, "Not Hispanic or Latino: Some other race alone": 0, "Not Hispanic or Latino: Two or more races": 0, "Not Hispanic or Latino: Two or more races: Two races including Some other race": 0, "Not Hispanic or Latino: Two or more races: Two races excluding Some other race, and three or more races": 0, "Hispanic or Latino": 1711, "Total Households (Income)": 659, "Less than $10,000": 0, "$10,000 to $14,999": 6, "$15,000 to $19,999": 0, "$20,000 to $24,999": 21, "$25,000 to $29,999": 18, "$30,000 to $34,999": 99, "$35,000 to $39,999": 7, "$40,000 to $44,999": 70, "$45,000 to $49,999": 0, "$50,000 to $59,999": 2, "$60,000 to $74,999": 203, "$75,000 to $99,999": 121, "$100,000 to $124,999": 47, "$125,000 to $149,999": 31, "$150,000 to $199,999": 34, "$200,000 or more": 0, "COUNTY": "Queens County", "TRACTCE": "027701", "BLKGRPCE": "2", "Area (Sq Mi)": 0.014481467181467181, "zip_code": "11372", "block_group": "0277012", "bg_area": 403722.07671407179, "overlap_area": 403621.64059673238, "frac_in_neighborhood": 0.99975122460937271, "pop_in_neighborhood": 1993.5039418710892, "neighborhood": "jacksonheights" }, "geometry": { "type": "MultiPolygon", "coordinates": [ [ [ [ -73.877415890446827, 40.748318204067019 ], [ -73.878405889915456, 40.748215206718804 ], [ -73.878731883915847, 40.75033320336042 ], [ -73.879103884471391, 40.752372208536286 ], [ -73.878173885612938, 40.752470207314751 ], [ -73.877801886065171, 40.750431201234349 ], [ -73.877415890446827, 40.748318204067019 ] ] ] ] } },
{ "type": "Feature", "properties": { "GISJOIN": "G36008100279003", "Total Pop (Race/Ethnicity)": 1851, "Not Hispanic or Latino": 318, "Not Hispanic or Latino: White alone": 32, "Not Hispanic or Latino: Black or African American alone": 63, "Not Hispanic or Latino: American Indian and Alaska Native alone": 0, "Not Hispanic or Latino: Asian alone": 220, "Not Hispanic or Latino: Native Hawaiian and Other Pacific Islander alone": 0, "Not Hispanic or Latino: Some other race alone": 3, "Not Hispanic or Latino: Two or more races": 0, "Not Hispanic or Latino: Two or more races: Two races including Some other race": 0, "Not Hispanic or Latino: Two or more races: Two races excluding Some other race, and three or more races": 0, "Hispanic or Latino": 1533, "Total Households (Income)": 566, "Less than $10,000": 0, "$10,000 to $14,999": 0, "$15,000 to $19,999": 11, "$20,000 to $24,999": 8, "$25,000 to $29,999": 148, "$30,000 to $34,999": 30, "$35,000 to $39,999": 0, "$40,000 to $44,999": 77, "$45,000 to $49,999": 0, "$50,000 to $59,999": 135, "$60,000 to $74,999": 30, "$75,000 to $99,999": 29, "$100,000 to $124,999": 78, "$125,000 to $149,999": 0, "$150,000 to $199,999": 14, "$200,000 or more": 6, "COUNTY": "Queens County", "TRACTCE": "027900", "BLKGRPCE": "3", "Area (Sq Mi)": 0.014497297297297297, "zip_code": "11372", "block_group": "0279003", "bg_area": 404158.31479747221, "overlap_area": 404009.6205790026, "frac_in_neighborhood": 0.99963208917638102, "pop_in_neighborhood": 1850.3189970654812, "neighborhood": "jacksonheights" }, "geometry": { "type": "MultiPolygon", "coordinates": [ [ [ [ -73.879277888740816, 40.748123208300541 ], [ -73.879838887324553, 40.748061209354915 ], [ -73.880205886775954, 40.748024210915439 ], [ -73.881136886678789, 40.747926212781167 ], [ -73.881519880172291, 40.750038208375521 ], [ -73.880592881978231, 40.750137206576461 ], [ -73.879661882897082, 40.75023620507816 ], [ -73.879277888740816, 40.748123208300541 ] ] ] ] } },
{ "type": "Feature", "properties": { "GISJOIN": "G36008100279002", "Total Pop (Race/Ethnicity)": 4534, "Not Hispanic or Latino": 1059, "Not Hispanic or Latino: White alone": 59, "Not Hispanic or Latino: Black or African American alone": 3, "Not Hispanic or Latino: American Indian and Alaska Native alone": 0, "Not Hispanic or Latino: Asian alone": 195, "Not Hispanic or Latino: Native Hawaiian and Other Pacific Islander alone": 193, "Not Hispanic or Latino: Some other race alone": 115, "Not Hispanic or Latino: Two or more races": 494, "Not Hispanic or Latino: Two or more races: Two races including Some other race": 0, "Not Hispanic or Latino: Two or more races: Two races excluding Some other race, and three or more races": 494, "Hispanic or Latino": 3475, "Total Households (Income)": 885, "Less than $10,000": 14, "$10,000 to $14,999": 0, "$15,000 to $19,999": 18, "$20,000 to $24,999": 0, "$25,000 to $29,999": 17, "$30,000 to $34,999": 0, "$35,000 to $39,999": 0, "$40,000 to $44,999": 48, "$45,000 to $49,999": 93, "$50,000 to $59,999": 60, "$60,000 to $74,999": 14, "$75,000 to $99,999": 254, "$100,000 to $124,999": 100, "$125,000 to $149,999": 81, "$150,000 to $199,999": 24, "$200,000 or more": 162, "COUNTY": "Queens County", "TRACTCE": "027900", "BLKGRPCE": "2", "Area (Sq Mi)": 0.02105173745173745, "zip_code": "11372", "block_group": "0279002", "bg_area": 586887.12497224985, "overlap_area": 586629.35392883397, "frac_in_neighborhood": 0.99956078258927883, "pop_in_neighborhood": 4532.0085882597905, "neighborhood": "jacksonheights" }, "geometry": { "type": "MultiPolygon", "coordinates": [ [ [ [ -73.878405889915456, 40.748215206718804 ], [ -73.879277888740816, 40.748123208300541 ], [ -73.879661882897082, 40.75023620507816 ], [ -73.880592881978231, 40.750137206576461 ], [ -73.88096288127575, 40.752178212298546 ], [ -73.880033881801268, 40.752284210023333 ], [ -73.879103884471391, 40.752372208536286 ], [ -73.878731883915847, 40.75033320336042 ], [ -73.878405889915456, 40.748215206718804 ] ] ] ] } },
{ "type": "Feature", "properties": { "GISJOIN": "G36008100279004", "Total Pop (Race/Ethnicity)": 363, "Not Hispanic or Latino": 232, "Not Hispanic or Latino: White alone": 90, "Not Hispanic or Latino: Black or African American alone": 3, "Not Hispanic or Latino: American Indian and Alaska Native alone": 18, "Not Hispanic or Latino: Asian alone": 59, "Not Hispanic or Latino: Native Hawaiian and Other Pacific Islander alone": 0, "Not Hispanic or Latino: Some other race alone": 0, "Not Hispanic or Latino: Two or more races": 62, "Not Hispanic or Latino: Two or more races: Two races including Some other race": 31, "Not Hispanic or Latino: Two or more races: Two races excluding Some other race, and three or more races": 31, "Hispanic or Latino": 131, "Total Households (Income)": 245, "Less than $10,000": 68, "$10,000 to $14,999": 23, "$15,000 to $19,999": 0, "$20,000 to $24,999": 0, "$25,000 to $29,999": 0, "$30,000 to $34,999": 0, "$35,000 to $39,999": 15, "$40,000 to $44,999": 0, "$45,000 to $49,999": 18, "$50,000 to $59,999": 22, "$60,000 to $74,999": 36, "$75,000 to $99,999": 4, "$100,000 to $124,999": 22, "$125,000 to $149,999": 13, "$150,000 to $199,999": 18, "$200,000 or more": 6, "COUNTY": "Queens County", "TRACTCE": "027900", "BLKGRPCE": "4", "Area (Sq Mi)": 0.007, "zip_code": "11372", "block_group": "0279004", "bg_area": 195146.18839187134, "overlap_area": 195146.18839187134, "frac_in_neighborhood": 1.0, "pop_in_neighborhood": 363.0, "neighborhood": "jacksonheights" }, "geometry": { "type": "MultiPolygon", "coordinates": [ [ [ [ -73.880592881978231, 40.750137206576461 ], [ -73.881519880172291, 40.750038208375521 ], [ -73.881893879675545, 40.752080213807147 ], [ -73.88096288127575, 40.752178212298546 ], [ -73.880592881978231, 40.750137206576461 ] ] ] ] } },
{ "type": "Feature", "properties": { "GISJOIN": "G36008100281003", "Total Pop (Race/Ethnicity)": 1457, "Not Hispanic or Latino": 1077, "Not Hispanic or Latino: White alone": 973, "Not Hispanic or Latino: Black or African American alone": 0, "Not Hispanic or Latino: American Indian and Alaska Native alone": 0, "Not Hispanic or Latino: Asian alone": 99, "Not Hispanic or Latino: Native Hawaiian and Other Pacific Islander alone": 0, "Not Hispanic or Latino: Some other race alone": 0, "Not Hispanic or Latino: Two or more races": 5, "Not Hispanic or Latino: Two or more races: Two races including Some other race": 0, "Not Hispanic or Latino: Two or more races: Two races excluding Some other race, and three or more races": 5, "Hispanic or Latino": 380, "Total Households (Income)": 677, "Less than $10,000": 72, "$10,000 to $14,999": 42, "$15,000 to $19,999": 12, "$20,000 to $24,999": 13, "$25,000 to $29,999": 19, "$30,000 to $34,999": 92, "$35,000 to $39,999": 0, "$40,000 to $44,999": 38, "$45,000 to $49,999": 0, "$50,000 to $59,999": 14, "$60,000 to $74,999": 66, "$75,000 to $99,999": 41, "$100,000 to $124,999": 0, "$125,000 to $149,999": 118, "$150,000 to $199,999": 96, "$200,000 or more": 54, "COUNTY": "Queens County", "TRACTCE": "028100", "BLKGRPCE": "3", "Area (Sq Mi)": 0.014274517374517374, "zip_code": "11372", "block_group": "0281003", "bg_area": 397950.63025226432, "overlap_area": 397831.08891006757, "frac_in_neighborhood": 0.99969960760680043, "pop_in_neighborhood": 1456.5623282831082, "neighborhood": "jacksonheights" }, "geometry": { "type": "MultiPolygon", "coordinates": [ [ [ [ -73.881519880172291, 40.750038208375521 ], [ -73.881136886678789, 40.747926212781167 ], [ -73.88130388668435, 40.747908213001885 ], [ -73.882070885601493, 40.747829215157317 ], [ -73.882450879380258, 40.749939211222546 ], [ -73.882822878220367, 40.751981214950661 ], [ -73.881893879675545, 40.752080213807147 ], [ -73.881519880172291, 40.750038208375521 ] ] ] ] } },
{ "type": "Feature", "properties": { "GISJOIN": "G36008100287002", "Total Pop (Race/Ethnicity)": 1255, "Not Hispanic or Latino": 1131, "Not Hispanic or Latino: White alone": 508, "Not Hispanic or Latino: Black or African American alone": 18, "Not Hispanic or Latino: American Indian and Alaska Native alone": 0, "Not Hispanic or Latino: Asian alone": 535, "Not Hispanic or Latino: Native Hawaiian and Other Pacific Islander alone": 0, "Not Hispanic or Latino: Some other race alone": 0, "Not Hispanic or Latino: Two or more races": 70, "Not Hispanic or Latino: Two or more races: Two races including Some other race": 0, "Not Hispanic or Latino: Two or more races: Two races excluding Some other race, and three or more races": 70, "Hispanic or Latino": 124, "Total Households (Income)": 571, "Less than $10,000": 0, "$10,000 to $14,999": 0, "$15,000 to $19,999": 0, "$20,000 to $24,999": 18, "$25,000 to $29,999": 0, "$30,000 to $34,999": 0, "$35,000 to $39,999": 0, "$40,000 to $44,999": 0, "$45,000 to $49,999": 0, "$50,000 to $59,999": 0, "$60,000 to $74,999": 18, "$75,000 to $99,999": 158, "$100,000 to $124,999": 15, "$125,000 to $149,999": 18, "$150,000 to $199,999": 175, "$200,000 or more": 169, "COUNTY": "Queens County", "TRACTCE": "028700", "BLKGRPCE": "2", "Area (Sq Mi)": 0.015167181467181467, "zip_code": "11372", "block_group": "0287002", "bg_area": 422835.00070873369, "overlap_area": 422746.09649877041, "frac_in_neighborhood": 0.99978974254776865, "pop_in_neighborhood": 1254.7361268974496, "neighborhood": "jacksonheights" }, "geometry": { "type": "MultiPolygon", "coordinates": [ [ [ [ -73.888028873421504, 40.749355222693026 ], [ -73.887646879707262, 40.747244226734416 ], [ -73.887782879593274, 40.747228227582227 ], [ -73.888677878032254, 40.747133229176441 ], [ -73.888755877503627, 40.747542228277723 ], [ -73.889073872285394, 40.749246225437517 ], [ -73.888975872424325, 40.749256225566235 ], [ -73.889331869436177, 40.751296227113613 ], [ -73.888400871792612, 40.751395225347039 ], [ -73.888028873421504, 40.749355222693026 ] ] ] ] } },
{ "type": "Feature", "properties": { "GISJOIN": "G36008100287003", "Total Pop (Race/Ethnicity)": 1921, "Not Hispanic or Latino": 1158, "Not Hispanic or Latino: White alone": 909, "Not Hispanic or Latino: Black or African American alone": 8, "Not Hispanic or Latino: American Indian and Alaska Native alone": 0, "Not Hispanic or Latino: Asian alone": 229, "Not Hispanic or Latino: Native Hawaiian and Other Pacific Islander alone": 0, "Not Hispanic or Latino: Some other race alone": 0, "Not Hispanic or Latino: Two or more races": 12, "Not Hispanic or Latino: Two or more races: Two races including Some other race": 0, "Not Hispanic or Latino: Two or more races: Two races excluding Some other race, and three or more races": 12, "Hispanic or Latino": 763, "Total Households (Income)": 1053, "Less than $10,000": 29, "$10,000 to $14,999": 68, "$15,000 to $19,999": 57, "$20,000 to $24,999": 16, "$25,000 to $29,999": 0, "$30,000 to $34,999": 46, "$35,000 to $39,999": 28, "$40,000 to $44,999": 1, "$45,000 to $49,999": 12, "$50,000 to $59,999": 59, "$60,000 to $74,999": 158, "$75,000 to $99,999": 123, "$100,000 to $124,999": 8, "$125,000 to $149,999": 85, "$150,000 to $199,999": 119, "$200,000 or more": 244, "COUNTY": "Queens County", "TRACTCE": "028700", "BLKGRPCE": "3", "Area (Sq Mi)": 0.028194594594594596, "zip_code": "11372", "block_group": "0287003", "bg_area": 786010.0074876463, "overlap_area": 785848.99693834165, "frac_in_neighborhood": 0.99979515458102208, "pop_in_neighborhood": 1920.6064919501434, "neighborhood": "jacksonheights" }, "geometry": { "type": "MultiPolygon", "coordinates": [ [ [ [ -73.888677878032254, 40.747133229176441 ], [ -73.88957087767669, 40.747038231381943 ], [ -73.890500876173547, 40.746941233404208 ], [ -73.890575876131024, 40.747342232416443 ], [ -73.890900870702708, 40.749008229430139 ], [ -73.890864870710516, 40.749056229270778 ], [ -73.8908238712431, 40.749060229452262 ], [ -73.89118886754548, 40.751100229654838 ], [ -73.890261868981213, 40.751199228714817 ], [ -73.889331869436177, 40.751296227113613 ], [ -73.888975872424325, 40.749256225566235 ], [ -73.889073872285394, 40.749246225437517 ], [ -73.888755877503627, 40.747542228277723 ], [ -73.888677878032254, 40.747133229176441 ] ] ] ] } },
{ "type": "Feature", "properties": { "GISJOIN": "G36008100285003", "Total Pop (Race/Ethnicity)": 1995, "Not Hispanic or Latino": 1208, "Not Hispanic or Latino: White alone": 1045, "Not Hispanic or Latino: Black or African American alone": 27, "Not Hispanic or Latino: American Indian and Alaska Native alone": 0, "Not Hispanic or Latino: Asian alone": 66, "Not Hispanic or Latino: Native Hawaiian and Other Pacific Islander alone": 0, "Not Hispanic or Latino: Some other race alone": 16, "Not Hispanic or Latino: Two or more races": 54, "Not Hispanic or Latino: Two or more races: Two races including Some other race": 0, "Not Hispanic or Latino: Two or more races: Two races excluding Some other race, and three or more races": 54, "Hispanic or Latino": 787, "Total Households (Income)": 843, "Less than $10,000": 19, "$10,000 to $14,999": 17, "$15,000 to $19,999": 0, "$20,000 to $24,999": 0, "$25,000 to $29,999": 30, "$30,000 to $34,999": 0, "$35,000 to $39,999": 0, "$40,000 to $44,999": 0, "$45,000 to $49,999": 9, "$50,000 to $59,999": 8, "$60,000 to $74,999": 56, "$75,000 to $99,999": 105, "$100,000 to $124,999": 122, "$125,000 to $149,999": 43, "$150,000 to $199,999": 208, "$200,000 or more": 226, "COUNTY": "Queens County", "TRACTCE": "028500", "BLKGRPCE": "3", "Area (Sq Mi)": 0.014003861003861005, "zip_code": "11372", "block_group": "0285003", "bg_area": 390395.00679710839, "overlap_area": 390395.00679710828, "frac_in_neighborhood": 0.99999999999999967, "pop_in_neighborhood": 1994.9999999999993, "neighborhood": "jacksonheights" }, "geometry": { "type": "MultiPolygon", "coordinates": [ [ [ [ -73.886167875563345, 40.749551218380454 ], [ -73.887097874465141, 40.749453219991651 ], [ -73.888028873421504, 40.749355222693026 ], [ -73.888400871792612, 40.751395225347039 ], [ -73.887469873113105, 40.751494223467596 ], [ -73.886542873513037, 40.751591222345809 ], [ -73.886167875563345, 40.749551218380454 ] ] ] ] } },
{ "type": "Feature", "properties": { "GISJOIN": "G36008100285004", "Total Pop (Race/Ethnicity)": 579, "Not Hispanic or Latino": 168, "Not Hispanic or Latino: White alone": 88, "Not Hispanic or Latino: Black or African American alone": 0, "Not Hispanic or Latino: American Indian and Alaska Native alone": 0, "Not Hispanic or Latino: Asian alone": 80, "Not Hispanic or Latino: Native Hawaiian and Other Pacific Islander alone": 0, "Not Hispanic or Latino: Some other race alone": 0, "Not Hispanic or Latino: Two or more races": 0, "Not Hispanic or Latino: Two or more races: Two races including Some other race": 0, "Not Hispanic or Latino: Two or more races: Two races excluding Some other race, and three or more races": 0, "Hispanic or Latino": 411, "Total Households (Income)": 306, "Less than $10,000": 64, "$10,000 to $14,999": 12, "$15,000 to $19,999": 33, "$20,000 to $24,999": 13, "$25,000 to $29,999": 0, "$30,000 to $34,999": 38, "$35,000 to $39,999": 14, "$40,000 to $44,999": 0, "$45,000 to $49,999": 0, "$50,000 to $59,999": 0, "$60,000 to $74,999": 18, "$75,000 to $99,999": 38, "$100,000 to $124,999": 34, "$125,000 to $149,999": 9, "$150,000 to $199,999": 24, "$200,000 or more": 9, "COUNTY": "Queens County", "TRACTCE": "028500", "BLKGRPCE": "4", "Area (Sq Mi)": 0.0145, "zip_code": "11372", "block_group": "0285004", "bg_area": 404237.4169230744, "overlap_area": 404069.28601773921, "frac_in_neighborhood": 0.99958407881532851, "pop_in_neighborhood": 578.75918163407516, "neighborhood": "jacksonheights" }, "geometry": { "type": "MultiPolygon", "coordinates": [ [ [ [ -73.885786881681554, 40.747439223306991 ], [ -73.886716880437703, 40.747340225088116 ], [ -73.887646879707262, 40.747244226734416 ], [ -73.888028873421504, 40.749355222693026 ], [ -73.887097874465141, 40.749453219991651 ], [ -73.886167875563345, 40.749551218380454 ], [ -73.885786881681554, 40.747439223306991 ] ] ] ] } },
{ "type": "Feature", "properties": { "GISJOIN": "G36008100283005", "Total Pop (Race/Ethnicity)": 2292, "Not Hispanic or Latino": 719, "Not Hispanic or Latino: White alone": 232, "Not Hispanic or Latino: Black or African American alone": 76, "Not Hispanic or Latino: American Indian and Alaska Native alone": 0, "Not Hispanic or Latino: Asian alone": 411, "Not Hispanic or Latino: Native Hawaiian and Other Pacific Islander alone": 0, "Not Hispanic or Latino: Some other race alone": 0, "Not Hispanic or Latino: Two or more races": 0, "Not Hispanic or Latino: Two or more races: Two races including Some other race": 0, "Not Hispanic or Latino: Two or more races: Two races excluding Some other race, and three or more races": 0, "Hispanic or Latino": 1573, "Total Households (Income)": 1086, "Less than $10,000": 0, "$10,000 to $14,999": 29, "$15,000 to $19,999": 234, "$20,000 to $24,999": 105, "$25,000 to $29,999": 29, "$30,000 to $34,999": 59, "$35,000 to $39,999": 0, "$40,000 to $44,999": 42, "$45,000 to $49,999": 23, "$50,000 to $59,999": 33, "$60,000 to $74,999": 0, "$75,000 to $99,999": 47, "$100,000 to $124,999": 72, "$125,000 to $149,999": 212, "$150,000 to $199,999": 91, "$200,000 or more": 110, "COUNTY": "Queens County", "TRACTCE": "028300", "BLKGRPCE": "5", "Area (Sq Mi)": 0.01423976833976834, "zip_code": "11372", "block_group": "0283005", "bg_area": 396987.96382530016, "overlap_area": 396930.26598966919, "frac_in_neighborhood": 0.99985466099507148, "pop_in_neighborhood": 2291.6668830007038, "neighborhood": "jacksonheights" }, "geometry": { "type": "MultiPolygon", "coordinates": [ [ [ [ -73.884854883155555, 40.747534220587212 ], [ -73.885786881681554, 40.747439223306991 ], [ -73.886167875563345, 40.749551218380454 ], [ -73.886542873513037, 40.751591222345809 ], [ -73.885612874539973, 40.751689220461095 ], [ -73.885240876081525, 40.74965021635218 ], [ -73.884854883155555, 40.747534220587212 ] ] ] ] } },
{ "type": "Feature", "properties": { "GISJOIN": "G36008100283004", "Total Pop (Race/Ethnicity)": 1170, "Not Hispanic or Latino": 472, "Not Hispanic or Latino: White alone": 240, "Not Hispanic or Latino: Black or African American alone": 0, "Not Hispanic or Latino: American Indian and Alaska Native alone": 0, "Not Hispanic or Latino: Asian alone": 232, "Not Hispanic or Latino: Native Hawaiian and Other Pacific Islander alone": 0, "Not Hispanic or Latino: Some other race alone": 0, "Not Hispanic or Latino: Two or more races": 0, "Not Hispanic or Latino: Two or more races: Two races including Some other race": 0, "Not Hispanic or Latino: Two or more races: Two races excluding Some other race, and three or more races": 0, "Hispanic or Latino": 698, "Total Households (Income)": 559, "Less than $10,000": 25, "$10,000 to $14,999": 0, "$15,000 to $19,999": 79, "$20,000 to $24,999": 0, "$25,000 to $29,999": 7, "$30,000 to $34,999": 50, "$35,000 to $39,999": 27, "$40,000 to $44,999": 0, "$45,000 to $49,999": 74, "$50,000 to $59,999": 0, "$60,000 to $74,999": 75, "$75,000 to $99,999": 91, "$100,000 to $124,999": 92, "$125,000 to $149,999": 24, "$150,000 to $199,999": 0, "$200,000 or more": 15, "COUNTY": "Queens County", "TRACTCE": "028300", "BLKGRPCE": "4", "Area (Sq Mi)": 0.014211196911196912, "zip_code": "11372", "block_group": "0283004", "bg_area": 396177.53539347026, "overlap_area": 396100.64014954859, "frac_in_neighborhood": 0.99980590710716266, "pop_in_neighborhood": 1169.7729113153803, "neighborhood": "jacksonheights" }, "geometry": { "type": "MultiPolygon", "coordinates": [ [ [ [ -73.883935883601737, 40.747629218360977 ], [ -73.884854883155555, 40.747534220587212 ], [ -73.885240876081525, 40.74965021635218 ], [ -73.885612874539973, 40.751689220461095 ], [ -73.884683875930605, 40.751787218824433 ], [ -73.884310877635698, 40.749744215072354 ], [ -73.883935883601737, 40.747629218360977 ] ] ] ] } },
{ "type": "Feature", "properties": { "GISJOIN": "G36008100283003", "Total Pop (Race/Ethnicity)": 1277, "Not Hispanic or Latino": 399, "Not Hispanic or Latino: White alone": 262, "Not Hispanic or Latino: Black or African American alone": 114, "Not Hispanic or Latino: American Indian and Alaska Native alone": 0, "Not Hispanic or Latino: Asian alone": 23, "Not Hispanic or Latino: Native Hawaiian and Other Pacific Islander alone": 0, "Not Hispanic or Latino: Some other race alone": 0, "Not Hispanic or Latino: Two or more races": 0, "Not Hispanic or Latino: Two or more races: Two races including Some other race": 0, "Not Hispanic or Latino: Two or more races: Two races excluding Some other race, and three or more races": 0, "Hispanic or Latino": 878, "Total Households (Income)": 438, "Less than $10,000": 0, "$10,000 to $14,999": 6, "$15,000 to $19,999": 0, "$20,000 to $24,999": 0, "$25,000 to $29,999": 0, "$30,000 to $34,999": 30, "$35,000 to $39,999": 26, "$40,000 to $44,999": 0, "$45,000 to $49,999": 0, "$50,000 to $59,999": 0, "$60,000 to $74,999": 43, "$75,000 to $99,999": 116, "$100,000 to $124,999": 25, "$125,000 to $149,999": 22, "$150,000 to $199,999": 95, "$200,000 or more": 75, "COUNTY": "Queens County", "TRACTCE": "028300", "BLKGRPCE": "3", "Area (Sq Mi)": 0.014301158301158301, "zip_code": "11372", "block_group": "0283003", "bg_area": 398687.33596123348, "overlap_area": 398581.74715146504, "frac_in_neighborhood": 0.99973515885696784, "pop_in_neighborhood": 1276.6617978603479, "neighborhood": "jacksonheights" }, "geometry": { "type": "MultiPolygon", "coordinates": [ [ [ [ -73.882998884529187, 40.747733217006498 ], [ -73.883935883601737, 40.747629218360977 ], [ -73.884310877635698, 40.749744215072354 ], [ -73.884683875930605, 40.751787218824433 ], [ -73.883752877461646, 40.751884216866522 ], [ -73.883379878789839, 40.749844212201154 ], [ -73.882998884529187, 40.747733217006498 ] ] ] ] } },
{ "type": "Feature", "properties": { "GISJOIN": "G36008100281004", "Total Pop (Race/Ethnicity)": 1945, "Not Hispanic or Latino": 513, "Not Hispanic or Latino: White alone": 272, "Not Hispanic or Latino: Black or African American alone": 28, "Not Hispanic or Latino: American Indian and Alaska Native alone": 0, "Not Hispanic or Latino: Asian alone": 173, "Not Hispanic or Latino: Native Hawaiian and Other Pacific Islander alone": 0, "Not Hispanic or Latino: Some other race alone": 0, "Not Hispanic or Latino: Two or more races": 40, "Not Hispanic or Latino: Two or more races: Two races including Some other race": 0, "Not Hispanic or Latino: Two or more races: Two races excluding Some other race, and three or more races": 40, "Hispanic or Latino": 1432, "Total Households (Income)": 770, "Less than $10,000": 29, "$10,000 to $14,999": 0, "$15,000 to $19,999": 22, "$20,000 to $24,999": 63, "$25,000 to $29,999": 75, "$30,000 to $34,999": 49, "$35,000 to $39,999": 0, "$40,000 to $44,999": 20, "$45,000 to $49,999": 0, "$50,000 to $59,999": 88, "$60,000 to $74,999": 53, "$75,000 to $99,999": 13, "$100,000 to $124,999": 0, "$125,000 to $149,999": 101, "$150,000 to $199,999": 196, "$200,000 or more": 61, "COUNTY": "Queens County", "TRACTCE": "028100", "BLKGRPCE": "4", "Area (Sq Mi)": 0.014227027027027026, "zip_code": "11372", "block_group": "0281004", "bg_area": 396623.17692796059, "overlap_area": 396549.28514938196, "frac_in_neighborhood": 0.99981369777946172, "pop_in_neighborhood": 1944.637642181053, "neighborhood": "jacksonheights" }, "geometry": { "type": "MultiPolygon", "coordinates": [ [ [ [ -73.882070885601493, 40.747829215157317 ], [ -73.882568885052791, 40.747777215387117 ], [ -73.882998884529187, 40.747733217006498 ], [ -73.883379878789839, 40.749844212201154 ], [ -73.883752877461646, 40.751884216866522 ], [ -73.882822878220367, 40.751981214950661 ], [ -73.882450879380258, 40.749939211222546 ], [ -73.882070885601493, 40.747829215157317 ] ] ] ] } },
{ "type": "Feature", "properties": { "GISJOIN": "G36008100283002", "Total Pop (Race/Ethnicity)": 1937, "Not Hispanic or Latino": 1249, "Not Hispanic or Latino: White alone": 681, "Not Hispanic or Latino: Black or African American alone": 19, "Not Hispanic or Latino: American Indian and Alaska Native alone": 0, "Not Hispanic or Latino: Asian alone": 22, "Not Hispanic or Latino: Native Hawaiian and Other Pacific Islander alone": 0, "Not Hispanic or Latino: Some other race alone": 0, "Not Hispanic or Latino: Two or more races": 527, "Not Hispanic or Latino: Two or more races: Two races including Some other race": 0, "Not Hispanic or Latino: Two or more races: Two races excluding Some other race, and three or more races": 527, "Hispanic or Latino": 688, "Total Households (Income)": 971, "Less than $10,000": 115, "$10,000 to $14,999": 28, "$15,000 to $19,999": 21, "$20,000 to $24,999": 0, "$25,000 to $29,999": 0, "$30,000 to $34,999": 0, "$35,000 to $39,999": 0, "$40,000 to $44,999": 52, "$45,000 to $49,999": 142, "$50,000 to $59,999": 25, "$60,000 to $74,999": 48, "$75,000 to $99,999": 120, "$100,000 to $124,999": 143, "$125,000 to $149,999": 150, "$150,000 to $199,999": 22, "$200,000 or more": 105, "COUNTY": "Queens County", "TRACTCE": "028300", "BLKGRPCE": "2", "Area (Sq Mi)": 0.013334362934362935, "zip_code": "11372", "block_group": "0283002", "bg_area": 371743.18533130892, "overlap_area": 371743.18533130886, "frac_in_neighborhood": 0.99999999999999989, "pop_in_neighborhood": 1936.9999999999998, "neighborhood": "jacksonheights" }, "geometry": { "type": "MultiPolygon", "coordinates": [ [ [ [ -73.883752877461646, 40.751884216866522 ], [ -73.884683875930605, 40.751787218824433 ], [ -73.885612874539973, 40.751689220461095 ], [ -73.885964874801957, 40.753633225170894 ], [ -73.885036876162815, 40.75373022319507 ], [ -73.88410587632346, 40.753828221939649 ], [ -73.883752877461646, 40.751884216866522 ] ] ] ] } },
{ "type": "Feature", "properties": { "GISJOIN": "G36008100283001", "Total Pop (Race/Ethnicity)": 902, "Not Hispanic or Latino": 374, "Not Hispanic or Latino: White alone": 129, "Not Hispanic or Latino: Black or African American alone": 0, "Not Hispanic or Latino: American Indian and Alaska Native alone": 0, "Not Hispanic or Latino: Asian alone": 227, "Not Hispanic or Latino: Native Hawaiian and Other Pacific Islander alone": 0, "Not Hispanic or Latino: Some other race alone": 0, "Not Hispanic or Latino: Two or more races": 18, "Not Hispanic or Latino: Two or more races: Two races including Some other race": 0, "Not Hispanic or Latino: Two or more races: Two races excluding Some other race, and three or more races": 18, "Hispanic or Latino": 528, "Total Households (Income)": 264, "Less than $10,000": 0, "$10,000 to $14,999": 0, "$15,000 to $19,999": 0, "$20,000 to $24,999": 0, "$25,000 to $29,999": 0, "$30,000 to $34,999": 0, "$35,000 to $39,999": 55, "$40,000 to $44,999": 16, "$45,000 to $49,999": 0, "$50,000 to $59,999": 0, "$60,000 to $74,999": 63, "$75,000 to $99,999": 0, "$100,000 to $124,999": 0, "$125,000 to $149,999": 0, "$150,000 to $199,999": 102, "$200,000 or more": 28, "COUNTY": "Queens County", "TRACTCE": "028300", "BLKGRPCE": "1", "Area (Sq Mi)": 0.012529343629343629, "zip_code": "11372", "block_group": "0283001", "bg_area": 349295.17935457756, "overlap_area": 349295.17935457756, "frac_in_neighborhood": 1.0, "pop_in_neighborhood": 902.0, "neighborhood": "jacksonheights" }, "geometry": { "type": "MultiPolygon", "coordinates": [ [ [ [ -73.88410587632346, 40.753828221939649 ], [ -73.885036876162815, 40.75373022319507 ], [ -73.885964874801957, 40.753633225170894 ], [ -73.886297873054033, 40.755459229344616 ], [ -73.885366875402212, 40.755556227559737 ], [ -73.884438875488414, 40.755656225467199 ], [ -73.88410587632346, 40.753828221939649 ] ] ] ] } },
{ "type": "Feature", "properties": { "GISJOIN": "G36008100285001", "Total Pop (Race/Ethnicity)": 641, "Not Hispanic or Latino": 574, "Not Hispanic or Latino: White alone": 395, "Not Hispanic or Latino: Black or African American alone": 0, "Not Hispanic or Latino: American Indian and Alaska Native alone": 0, "Not Hispanic or Latino: Asian alone": 161, "Not Hispanic or Latino: Native Hawaiian and Other Pacific Islander alone": 0, "Not Hispanic or Latino: Some other race alone": 0, "Not Hispanic or Latino: Two or more races": 18, "Not Hispanic or Latino: Two or more races: Two races including Some other race": 18, "Not Hispanic or Latino: Two or more races: Two races excluding Some other race, and three or more races": 0, "Hispanic or Latino": 67, "Total Households (Income)": 316, "Less than $10,000": 0, "$10,000 to $14,999": 35, "$15,000 to $19,999": 0, "$20,000 to $24,999": 0, "$25,000 to $29,999": 0, "$30,000 to $34,999": 0, "$35,000 to $39,999": 0, "$40,000 to $44,999": 0, "$45,000 to $49,999": 10, "$50,000 to $59,999": 0, "$60,000 to $74,999": 0, "$75,000 to $99,999": 69, "$100,000 to $124,999": 37, "$125,000 to $149,999": 20, "$150,000 to $199,999": 25, "$200,000 or more": 120, "COUNTY": "Queens County", "TRACTCE": "028500", "BLKGRPCE": "1", "Area (Sq Mi)": 0.019206949806949807, "zip_code": "11372", "block_group": "0285001", "bg_area": 535457.47669019224, "overlap_area": 535457.47669019224, "frac_in_neighborhood": 1.0, "pop_in_neighborhood": 641.0, "neighborhood": "jacksonheights" }, "geometry": { "type": "MultiPolygon", "coordinates": [ [ [ [ -73.885964874801957, 40.753633225170894 ], [ -73.885612874539973, 40.751689220461095 ], [ -73.886542873513037, 40.751591222345809 ], [ -73.886895872638505, 40.753535226222816 ], [ -73.887823871979734, 40.753437228301465 ], [ -73.888156871880966, 40.755265232603591 ], [ -73.887227872062482, 40.755362230439395 ], [ -73.886297873054033, 40.755459229344616 ], [ -73.885964874801957, 40.753633225170894 ] ] ] ] } },
{ "type": "Feature", "properties": { "GISJOIN": "G36008100285002", "Total Pop (Race/Ethnicity)": 1596, "Not Hispanic or Latino": 1115, "Not Hispanic or Latino: White alone": 359, "Not Hispanic or Latino: Black or African American alone": 104, "Not Hispanic or Latino: American Indian and Alaska Native alone": 0, "Not Hispanic or Latino: Asian alone": 374, "Not Hispanic or Latino: Native Hawaiian and Other Pacific Islander alone": 0, "Not Hispanic or Latino: Some other race alone": 54, "Not Hispanic or Latino: Two or more races": 224, "Not Hispanic or Latino: Two or more races: Two races including Some other race": 49, "Not Hispanic or Latino: Two or more races: Two races excluding Some other race, and three or more races": 175, "Hispanic or Latino": 481, "Total Households (Income)": 730, "Less than $10,000": 26, "$10,000 to $14,999": 0, "$15,000 to $19,999": 0, "$20,000 to $24,999": 22, "$25,000 to $29,999": 42, "$30,000 to $34,999": 0, "$35,000 to $39,999": 0, "$40,000 to $44,999": 0, "$45,000 to $49,999": 0, "$50,000 to $59,999": 13, "$60,000 to $74,999": 142, "$75,000 to $99,999": 11, "$100,000 to $124,999": 39, "$125,000 to $149,999": 97, "$150,000 to $199,999": 111, "$200,000 or more": 227, "COUNTY": "Queens County", "TRACTCE": "028500", "BLKGRPCE": "2", "Area (Sq Mi)": 0.013333204633204632, "zip_code": "11372", "block_group": "0285002", "bg_area": 371707.09804509027, "overlap_area": 371707.09804509021, "frac_in_neighborhood": 0.99999999999999989, "pop_in_neighborhood": 1595.9999999999998, "neighborhood": "jacksonheights" }, "geometry": { "type": "MultiPolygon", "coordinates": [ [ [ [ -73.886542873513037, 40.751591222345809 ], [ -73.887469873113105, 40.751494223467596 ], [ -73.888400871792612, 40.751395225347039 ], [ -73.888755870355595, 40.75333922967009 ], [ -73.887823871979734, 40.753437228301465 ], [ -73.886895872638505, 40.753535226222816 ], [ -73.886542873513037, 40.751591222345809 ] ] ] ] } },
{ "type": "Feature", "properties": { "GISJOIN": "G36008100289002", "Total Pop (Race/Ethnicity)": 911, "Not Hispanic or Latino": 812, "Not Hispanic or Latino: White alone": 265, "Not Hispanic or Latino: Black or African American alone": 0, "Not Hispanic or Latino: American Indian and Alaska Native alone": 0, "Not Hispanic or Latino: Asian alone": 503, "Not Hispanic or Latino: Native Hawaiian and Other Pacific Islander alone": 0, "Not Hispanic or Latino: Some other race alone": 8, "Not Hispanic or Latino: Two or more races": 36, "Not Hispanic or Latino: Two or more races: Two races including Some other race": 0, "Not Hispanic or Latino: Two or more races: Two races excluding Some other race, and three or more races": 36, "Hispanic or Latino": 99, "Total Households (Income)": 461, "Less than $10,000": 24, "$10,000 to $14,999": 52, "$15,000 to $19,999": 0, "$20,000 to $24,999": 0, "$25,000 to $29,999": 0, "$30,000 to $34,999": 44, "$35,000 to $39,999": 24, "$40,000 to $44,999": 18, "$45,000 to $49,999": 18, "$50,000 to $59,999": 0, "$60,000 to $74,999": 30, "$75,000 to $99,999": 61, "$100,000 to $124,999": 54, "$125,000 to $149,999": 37, "$150,000 to $199,999": 21, "$200,000 or more": 78, "COUNTY": "Queens County", "TRACTCE": "028900", "BLKGRPCE": "2", "Area (Sq Mi)": 0.013349034749034748, "zip_code": "11372", "block_group": "0289002", "bg_area": 372148.4405867483, "overlap_area": 372148.4405867483, "frac_in_neighborhood": 1.0, "pop_in_neighborhood": 911.0, "neighborhood": "jacksonheights" }, "geometry": { "type": "MultiPolygon", "coordinates": [ [ [ [ -73.890261868981213, 40.751199228714817 ], [ -73.89118886754548, 40.751100229654838 ], [ -73.892120866665024, 40.751003231450738 ], [ -73.892472864927498, 40.752947236339416 ], [ -73.891544866825441, 40.753046234202429 ], [ -73.890612869139815, 40.753144232753129 ], [ -73.890261868981213, 40.751199228714817 ] ] ] ] } },
{ "type": "Feature", "properties": { "GISJOIN": "G36008100287004", "Total Pop (Race/Ethnicity)": 2263, "Not Hispanic or Latino": 1859, "Not Hispanic or Latino: White alone": 276, "Not Hispanic or Latino: Black or African American alone": 15, "Not Hispanic or Latino: American Indian and Alaska Native alone": 0, "Not Hispanic or Latino: Asian alone": 1278, "Not Hispanic or Latino: Native Hawaiian and Other Pacific Islander alone": 0, "Not Hispanic or Latino: Some other race alone": 32, "Not Hispanic or Latino: Two or more races": 258, "Not Hispanic or Latino: Two or more races: Two races including Some other race": 39, "Not Hispanic or Latino: Two or more races: Two races excluding Some other race, and three or more races": 219, "Hispanic or Latino": 404, "Total Households (Income)": 954, "Less than $10,000": 15, "$10,000 to $14,999": 70, "$15,000 to $19,999": 0, "$20,000 to $24,999": 175, "$25,000 to $29,999": 0, "$30,000 to $34,999": 0, "$35,000 to $39,999": 25, "$40,000 to $44,999": 15, "$45,000 to $49,999": 20, "$50,000 to $59,999": 57, "$60,000 to $74,999": 0, "$75,000 to $99,999": 319, "$100,000 to $124,999": 85, "$125,000 to $149,999": 58, "$150,000 to $199,999": 13, "$200,000 or more": 102, "COUNTY": "Queens County", "TRACTCE": "028700", "BLKGRPCE": "4", "Area (Sq Mi)": 0.01295945945945946, "zip_code": "11372", "block_group": "0287004", "bg_area": 361285.88880945771, "overlap_area": 361285.88880945777, "frac_in_neighborhood": 1.0000000000000002, "pop_in_neighborhood": 2263.0000000000005, "neighborhood": "jacksonheights" }, "geometry": { "type": "MultiPolygon", "coordinates": [ [ [ [ -73.889331869436177, 40.751296227113613 ], [ -73.890261868981213, 40.751199228714817 ], [ -73.890612869139815, 40.753144232753129 ], [ -73.890947867335939, 40.754973237072072 ], [ -73.890012868664172, 40.755070235465432 ], [ -73.889683868805832, 40.753242231067901 ], [ -73.889331869436177, 40.751296227113613 ] ] ] ] } },
{ "type": "Feature", "properties": { "GISJOIN": "G36008100287001", "Total Pop (Race/Ethnicity)": 983, "Not Hispanic or Latino": 265, "Not Hispanic or Latino: White alone": 89, "Not Hispanic or Latino: Black or African American alone": 71, "Not Hispanic or Latino: American Indian and Alaska Native alone": 0, "Not Hispanic or Latino: Asian alone": 105, "Not Hispanic or Latino: Native Hawaiian and Other Pacific Islander alone": 0, "Not Hispanic or Latino: Some other race alone": 0, "Not Hispanic or Latino: Two or more races": 0, "Not Hispanic or Latino: Two or more races: Two races including Some other race": 0, "Not Hispanic or Latino: Two or more races: Two races excluding Some other race, and three or more races": 0, "Hispanic or Latino": 718, "Total Households (Income)": 432, "Less than $10,000": 9, "$10,000 to $14,999": 15, "$15,000 to $19,999": 0, "$20,000 to $24,999": 0, "$25,000 to $29,999": 0, "$30,000 to $34,999": 0, "$35,000 to $39,999": 0, "$40,000 to $44,999": 0, "$45,000 to $49,999": 0, "$50,000 to $59,999": 0, "$60,000 to $74,999": 91, "$75,000 to $99,999": 180, "$100,000 to $124,999": 26, "$125,000 to $149,999": 45, "$150,000 to $199,999": 23, "$200,000 or more": 43, "COUNTY": "Queens County", "TRACTCE": "028700", "BLKGRPCE": "1", "Area (Sq Mi)": 0.019209652509652508, "zip_code": "11372", "block_group": "0287001", "bg_area": 535537.51085139683, "overlap_area": 535537.51085139683, "frac_in_neighborhood": 1.0, "pop_in_neighborhood": 983.0, "neighborhood": "jacksonheights" }, "geometry": { "type": "MultiPolygon", "coordinates": [ [ [ [ -73.887823871979734, 40.753437228301465 ], [ -73.888755870355595, 40.75333922967009 ], [ -73.888400871792612, 40.751395225347039 ], [ -73.889331869436177, 40.751296227113613 ], [ -73.889683868805832, 40.753242231067901 ], [ -73.890012868664172, 40.755070235465432 ], [ -73.88908787001921, 40.755169233971671 ], [ -73.888156871880966, 40.755265232603591 ], [ -73.887823871979734, 40.753437228301465 ] ] ] ] } },
{ "type": "Feature", "properties": { "GISJOIN": "G36008100309033", "Total Pop (Race/Ethnicity)": 717, "Not Hispanic or Latino": 296, "Not Hispanic or Latino: White alone": 23, "Not Hispanic or Latino: Black or African American alone": 176, "Not Hispanic or Latino: American Indian and Alaska Native alone": 0, "Not Hispanic or Latino: Asian alone": 92, "Not Hispanic or Latino: Native Hawaiian and Other Pacific Islander alone": 0, "Not Hispanic or Latino: Some other race alone": 0, "Not Hispanic or Latino: Two or more races": 5, "Not Hispanic or Latino: Two or more races: Two races including Some other race": 0, "Not Hispanic or Latino: Two or more races: Two races excluding Some other race, and three or more races": 5, "Hispanic or Latino": 421, "Total Households (Income)": 241, "Less than $10,000": 0, "$10,000 to $14,999": 6, "$15,000 to $19,999": 0, "$20,000 to $24,999": 0, "$25,000 to $29,999": 0, "$30,000 to $34,999": 0, "$35,000 to $39,999": 0, "$40,000 to $44,999": 0, "$45,000 to $49,999": 0, "$50,000 to $59,999": 104, "$60,000 to $74,999": 23, "$75,000 to $99,999": 35, "$100,000 to $124,999": 19, "$125,000 to $149,999": 0, "$150,000 to $199,999": 13, "$200,000 or more": 41, "COUNTY": "Queens County", "TRACTCE": "030903", "BLKGRPCE": "3", "Area (Sq Mi)": 0.021839768339768341, "zip_code": "11370", "block_group": "0309033", "bg_area": 608851.27694431343, "overlap_area": 608851.27694431355, "frac_in_neighborhood": 1.0000000000000002, "pop_in_neighborhood": 717.00000000000011, "neighborhood": "jacksonheights" }, "geometry": { "type": "MultiPolygon", "coordinates": [ [ [ [ -73.886297873054033, 40.755459229344616 ], [ -73.887227872062482, 40.755362230439395 ], [ -73.888156871880966, 40.755265232603591 ], [ -73.88908787001921, 40.755169233971671 ], [ -73.889471869452947, 40.757292239357078 ], [ -73.888543870657415, 40.75738723829447 ], [ -73.887612871973033, 40.757484236658179 ], [ -73.886684873440572, 40.757585234360832 ], [ -73.886297873054033, 40.755459229344616 ] ] ] ] } },
{ "type": "Feature", "properties": { "GISJOIN": "G36008100309034", "Total Pop (Race/Ethnicity)": 1683, "Not Hispanic or Latino": 1300, "Not Hispanic or Latino: White alone": 197, "Not Hispanic or Latino: Black or African American alone": 0, "Not Hispanic or Latino: American Indian and Alaska Native alone": 0, "Not Hispanic or Latino: Asian alone": 1071, "Not Hispanic or Latino: Native Hawaiian and Other Pacific Islander alone": 0, "Not Hispanic or Latino: Some other race alone": 0, "Not Hispanic or Latino: Two or more races": 32, "Not Hispanic or Latino: Two or more races: Two races including Some other race": 32, "Not Hispanic or Latino: Two or more races: Two races excluding Some other race, and three or more races": 0, "Hispanic or Latino": 383, "Total Households (Income)": 654, "Less than $10,000": 0, "$10,000 to $14,999": 0, "$15,000 to $19,999": 100, "$20,000 to $24,999": 5, "$25,000 to $29,999": 0, "$30,000 to $34,999": 0, "$35,000 to $39,999": 19, "$40,000 to $44,999": 105, "$45,000 to $49,999": 0, "$50,000 to $59,999": 0, "$60,000 to $74,999": 72, "$75,000 to $99,999": 105, "$100,000 to $124,999": 165, "$125,000 to $149,999": 0, "$150,000 to $199,999": 32, "$200,000 or more": 51, "COUNTY": "Queens County", "TRACTCE": "030903", "BLKGRPCE": "4", "Area (Sq Mi)": 0.029076447876447878, "zip_code": "11370", "block_group": "0309034", "bg_area": 810592.98628623644, "overlap_area": 810592.98628623644, "frac_in_neighborhood": 1.0, "pop_in_neighborhood": 1683.0, "neighborhood": "jacksonheights" }, "geometry": { "type": "MultiPolygon", "coordinates": [ [ [ [ -73.88908787001921, 40.755169233971671 ], [ -73.890012868664172, 40.755070235465432 ], [ -73.890947867335939, 40.754973237072072 ], [ -73.891880866276281, 40.754872239681966 ], [ -73.892802865181295, 40.754777240427082 ], [ -73.893187865023023, 40.756897246308725 ], [ -73.892260865442893, 40.756989244146155 ], [ -73.89133286694458, 40.757095243259151 ], [ -73.890402868016835, 40.757192241408887 ], [ -73.889471869452947, 40.757292239357078 ], [ -73.88908787001921, 40.755169233971671 ] ] ] ] } },
{ "type": "Feature", "properties": { "GISJOIN": "G36008100309032", "Total Pop (Race/Ethnicity)": 1089, "Not Hispanic or Latino": 720, "Not Hispanic or Latino: White alone": 365, "Not Hispanic or Latino: Black or African American alone": 0, "Not Hispanic or Latino: American Indian and Alaska Native alone": 0, "Not Hispanic or Latino: Asian alone": 355, "Not Hispanic or Latino: Native Hawaiian and Other Pacific Islander alone": 0, "Not Hispanic or Latino: Some other race alone": 0, "Not Hispanic or Latino: Two or more races": 0, "Not Hispanic or Latino: Two or more races: Two races including Some other race": 0, "Not Hispanic or Latino: Two or more races: Two races excluding Some other race, and three or more races": 0, "Hispanic or Latino": 369, "Total Households (Income)": 366, "Less than $10,000": 0, "$10,000 to $14,999": 0, "$15,000 to $19,999": 0, "$20,000 to $24,999": 90, "$25,000 to $29,999": 18, "$30,000 to $34,999": 0, "$35,000 to $39,999": 0, "$40,000 to $44,999": 24, "$45,000 to $49,999": 0, "$50,000 to $59,999": 12, "$60,000 to $74,999": 0, "$75,000 to $99,999": 25, "$100,000 to $124,999": 27, "$125,000 to $149,999": 78, "$150,000 to $199,999": 65, "$200,000 or more": 27, "COUNTY": "Queens County", "TRACTCE": "030903", "BLKGRPCE": "2", "Area (Sq Mi)": 0.037232046332046333, "zip_code": "11370", "block_group": "0309032", "bg_area": 1037979.2614528921, "overlap_area": 1037979.2614528922, "frac_in_neighborhood": 1.0000000000000002, "pop_in_neighborhood": 1089.0000000000002, "neighborhood": "jacksonheights" }, "geometry": { "type": "MultiPolygon", "coordinates": [ [ [ [ -73.886684873440572, 40.757585234360832 ], [ -73.887612871973033, 40.757484236658179 ], [ -73.888543870657415, 40.75738723829447 ], [ -73.889471869452947, 40.757292239357078 ], [ -73.890402868016835, 40.757192241408887 ], [ -73.89133286694458, 40.757095243259151 ], [ -73.892260865442893, 40.756989244146155 ], [ -73.893187865023023, 40.756897246308725 ], [ -73.893472864014626, 40.758450250543035 ], [ -73.892527864603153, 40.758549248664885 ], [ -73.891608865964827, 40.758645247010612 ], [ -73.890690867534545, 40.758743245154797 ], [ -73.889749869221163, 40.758840243221677 ], [ -73.888822869913881, 40.758936241562999 ], [ -73.887892871108633, 40.759036239866901 ], [ -73.886964873026159, 40.759132238573727 ], [ -73.886684873440572, 40.757585234360832 ] ] ] ] } },
{ "type": "Feature", "properties": { "GISJOIN": "G36008100327002", "Total Pop (Race/Ethnicity)": 1343, "Not Hispanic or Latino": 277, "Not Hispanic or Latino: White alone": 76, "Not Hispanic or Latino: Black or African American alone": 0, "Not Hispanic or Latino: American Indian and Alaska Native alone": 0, "Not Hispanic or Latino: Asian alone": 201, "Not Hispanic or Latino: Native Hawaiian and Other Pacific Islander alone": 0, "Not Hispanic or Latino: Some other race alone": 0, "Not Hispanic or Latino: Two or more races": 0, "Not Hispanic or Latino: Two or more races: Two races including Some other race": 0, "Not Hispanic or Latino: Two or more races: Two races excluding Some other race, and three or more races": 0, "Hispanic or Latino": 1066, "Total Households (Income)": 433, "Less than $10,000": 45, "$10,000 to $14,999": 0, "$15,000 to $19,999": 11, "$20,000 to $24,999": 13, "$25,000 to $29,999": 10, "$30,000 to $34,999": 0, "$35,000 to $39,999": 29, "$40,000 to $44,999": 14, "$45,000 to $49,999": 0, "$50,000 to $59,999": 73, "$60,000 to $74,999": 0, "$75,000 to $99,999": 103, "$100,000 to $124,999": 20, "$125,000 to $149,999": 52, "$150,000 to $199,999": 19, "$200,000 or more": 44, "COUNTY": "Queens County", "TRACTCE": "032700", "BLKGRPCE": "2", "Area (Sq Mi)": 0.021872972972972974, "zip_code": "11370", "block_group": "0327002", "bg_area": 609768.53539354645, "overlap_area": 609768.53539354645, "frac_in_neighborhood": 1.0, "pop_in_neighborhood": 1343.0, "neighborhood": "jacksonheights" }, "geometry": { "type": "MultiPolygon", "coordinates": [ [ [ [ -73.88350687748617, 40.755754223892289 ], [ -73.884309876343792, 40.755669226175009 ], [ -73.884438875488414, 40.755656225467199 ], [ -73.885366875402212, 40.755556227559737 ], [ -73.886297873054033, 40.755459229344616 ], [ -73.886684873440572, 40.757585234360832 ], [ -73.88575287439761, 40.757683232953966 ], [ -73.884823875998279, 40.757779231533355 ], [ -73.883896876834427, 40.757876230475162 ], [ -73.883562877173247, 40.756063225072744 ], [ -73.88350687748617, 40.755754223892289 ] ] ] ] } },
{ "type": "Feature", "properties": { "GISJOIN": "G36008100281001", "Total Pop (Race/Ethnicity)": 869, "Not Hispanic or Latino": 182, "Not Hispanic or Latino: White alone": 125, "Not Hispanic or Latino: Black or African American alone": 0, "Not Hispanic or Latino: American Indian and Alaska Native alone": 0, "Not Hispanic or Latino: Asian alone": 26, "Not Hispanic or Latino: Native Hawaiian and Other Pacific Islander alone": 0, "Not Hispanic or Latino: Some other race alone": 28, "Not Hispanic or Latino: Two or more races": 3, "Not Hispanic or Latino: Two or more races: Two races including Some other race": 0, "Not Hispanic or Latino: Two or more races: Two races excluding Some other race, and three or more races": 3, "Hispanic or Latino": 687, "Total Households (Income)": 291, "Less than $10,000": 13, "$10,000 to $14,999": 0, "$15,000 to $19,999": 0, "$20,000 to $24,999": 0, "$25,000 to $29,999": 17, "$30,000 to $34,999": 0, "$35,000 to $39,999": 36, "$40,000 to $44,999": 0, "$45,000 to $49,999": 23, "$50,000 to $59,999": 21, "$60,000 to $74,999": 13, "$75,000 to $99,999": 0, "$100,000 to $124,999": 75, "$125,000 to $149,999": 3, "$150,000 to $199,999": 31, "$200,000 or more": 59, "COUNTY": "Queens County", "TRACTCE": "028100", "BLKGRPCE": "1", "Area (Sq Mi)": 0.018835907335907336, "zip_code": "11372", "block_group": "0281001", "bg_area": 525113.67013764824, "overlap_area": 525113.67013764812, "frac_in_neighborhood": 0.99999999999999978, "pop_in_neighborhood": 868.99999999999977, "neighborhood": "jacksonheights" }, "geometry": { "type": "MultiPolygon", "coordinates": [ [ [ [ -73.881314880188285, 40.754122216666261 ], [ -73.882245879718653, 40.754023218346411 ], [ -73.883176877800921, 40.753925220063671 ], [ -73.88410587632346, 40.753828221939649 ], [ -73.884438875488414, 40.755656225467199 ], [ -73.884309876343792, 40.755669226175009 ], [ -73.88350687748617, 40.755754223892289 ], [ -73.883410878051293, 40.755764224580446 ], [ -73.882578879115371, 40.7558532229693 ], [ -73.882330878285813, 40.755879222323479 ], [ -73.881829880005682, 40.755931221534844 ], [ -73.881647879347, 40.755951221333881 ], [ -73.881314880188285, 40.754122216666261 ] ] ] ] } },
{ "type": "Feature", "properties": { "GISJOIN": "G36008100337002", "Total Pop (Race/Ethnicity)": 1239, "Not Hispanic or Latino": 453, "Not Hispanic or Latino: White alone": 110, "Not Hispanic or Latino: Black or African American alone": 0, "Not Hispanic or Latino: American Indian and Alaska Native alone": 0, "Not Hispanic or Latino: Asian alone": 343, "Not Hispanic or Latino: Native Hawaiian and Other Pacific Islander alone": 0, "Not Hispanic or Latino: Some other race alone": 0, "Not Hispanic or Latino: Two or more races": 0, "Not Hispanic or Latino: Two or more races: Two races including Some other race": 0, "Not Hispanic or Latino: Two or more races: Two races excluding Some other race, and three or more races": 0, "Hispanic or Latino": 786, "Total Households (Income)": 388, "Less than $10,000": 0, "$10,000 to $14,999": 0, "$15,000 to $19,999": 0, "$20,000 to $24,999": 0, "$25,000 to $29,999": 9, "$30,000 to $34,999": 24, "$35,000 to $39,999": 19, "$40,000 to $44,999": 0, "$45,000 to $49,999": 34, "$50,000 to $59,999": 22, "$60,000 to $74,999": 0, "$75,000 to $99,999": 23, "$100,000 to $124,999": 9, "$125,000 to $149,999": 87, "$150,000 to $199,999": 128, "$200,000 or more": 33, "COUNTY": "Queens County", "TRACTCE": "033700", "BLKGRPCE": "2", "Area (Sq Mi)": 0.021849420849420851, "zip_code": "11369", "block_group": "0337002", "bg_area": 609123.39665024285, "overlap_area": 609123.39665024274, "frac_in_neighborhood": 0.99999999999999978, "pop_in_neighborhood": 1238.9999999999998, "neighborhood": "jacksonheights" }, "geometry": { "type": "MultiPolygon", "coordinates": [ [ [ [ -73.880718880989605, 40.756048219115378 ], [ -73.881647879347, 40.755951221333881 ], [ -73.881829880005682, 40.755931221534844 ], [ -73.882330878285813, 40.755879222323479 ], [ -73.882578879115371, 40.7558532229693 ], [ -73.883410878051293, 40.755764224580446 ], [ -73.88350687748617, 40.755754223892289 ], [ -73.883562877173247, 40.756063225072744 ], [ -73.883896876834427, 40.757876230475162 ], [ -73.882963878129914, 40.757975227624634 ], [ -73.88260487796731, 40.758012227487136 ], [ -73.882500878370749, 40.758023227432112 ], [ -73.882034879724984, 40.758073225993989 ], [ -73.881103879883014, 40.75817022465943 ], [ -73.880791880793566, 40.756453220380784 ], [ -73.880718880989605, 40.756048219115378 ] ] ] ] } },
{ "type": "Feature", "properties": { "GISJOIN": "G36008100339002", "Total Pop (Race/Ethnicity)": 1472, "Not Hispanic or Latino": 876, "Not Hispanic or Latino: White alone": 175, "Not Hispanic or Latino: Black or African American alone": 67, "Not Hispanic or Latino: American Indian and Alaska Native alone": 0, "Not Hispanic or Latino: Asian alone": 326, "Not Hispanic or Latino: Native Hawaiian and Other Pacific Islander alone": 0, "Not Hispanic or Latino: Some other race alone": 0, "Not Hispanic or Latino: Two or more races": 308, "Not Hispanic or Latino: Two or more races: Two races including Some other race": 293, "Not Hispanic or Latino: Two or more races: Two races excluding Some other race, and three or more races": 15, "Hispanic or Latino": 596, "Total Households (Income)": 641, "Less than $10,000": 43, "$10,000 to $14,999": 92, "$15,000 to $19,999": 33, "$20,000 to $24,999": 0, "$25,000 to $29,999": 0, "$30,000 to $34,999": 0, "$35,000 to $39,999": 16, "$40,000 to $44,999": 25, "$45,000 to $49,999": 0, "$50,000 to $59,999": 26, "$60,000 to $74,999": 131, "$75,000 to $99,999": 96, "$100,000 to $124,999": 59, "$125,000 to $149,999": 67, "$150,000 to $199,999": 39, "$200,000 or more": 14, "COUNTY": "Queens County", "TRACTCE": "033900", "BLKGRPCE": "2", "Area (Sq Mi)": 0.014577606177606178, "zip_code": "11372", "block_group": "0339002", "bg_area": 406402.42582559848, "overlap_area": 406402.42582559842, "frac_in_neighborhood": 0.99999999999999989, "pop_in_neighborhood": 1471.9999999999998, "neighborhood": "jacksonheights" }, "geometry": { "type": "MultiPolygon", "coordinates": [ [ [ [ -73.877929885243233, 40.756338214189157 ], [ -73.87886088289406, 40.756240216069571 ], [ -73.879788882972619, 40.756146218066519 ], [ -73.880174882078293, 40.758268222391351 ], [ -73.879244883386775, 40.758367221084697 ], [ -73.878314883663549, 40.758463219884881 ], [ -73.877929885243233, 40.756338214189157 ] ] ] ] } },
{ "type": "Feature", "properties": { "GISJOIN": "G36008100281002", "Total Pop (Race/Ethnicity)": 1819, "Not Hispanic or Latino": 703, "Not Hispanic or Latino: White alone": 453, "Not Hispanic or Latino: Black or African American alone": 22, "Not Hispanic or Latino: American Indian and Alaska Native alone": 0, "Not Hispanic or Latino: Asian alone": 48, "Not Hispanic or Latino: Native Hawaiian and Other Pacific Islander alone": 0, "Not Hispanic or Latino: Some other race alone": 0, "Not Hispanic or Latino: Two or more races": 180, "Not Hispanic or Latino: Two or more races: Two races including Some other race": 79, "Not Hispanic or Latino: Two or more races: Two races excluding Some other race, and three or more races": 101, "Hispanic or Latino": 1116, "Total Households (Income)": 757, "Less than $10,000": 0, "$10,000 to $14,999": 26, "$15,000 to $19,999": 38, "$20,000 to $24,999": 25, "$25,000 to $29,999": 0, "$30,000 to $34,999": 0, "$35,000 to $39,999": 0, "$40,000 to $44,999": 53, "$45,000 to $49,999": 0, "$50,000 to $59,999": 51, "$60,000 to $74,999": 74, "$75,000 to $99,999": 110, "$100,000 to $124,999": 108, "$125,000 to $149,999": 0, "$150,000 to $199,999": 136, "$200,000 or more": 136, "COUNTY": "Queens County", "TRACTCE": "028100", "BLKGRPCE": "2", "Area (Sq Mi)": 0.020014285714285714, "zip_code": "11372", "block_group": "0281002", "bg_area": 557960.61637549405, "overlap_area": 557960.61637549417, "frac_in_neighborhood": 1.0000000000000002, "pop_in_neighborhood": 1819.0000000000005, "neighborhood": "jacksonheights" }, "geometry": { "type": "MultiPolygon", "coordinates": [ [ [ [ -73.88096288127575, 40.752178212298546 ], [ -73.881893879675545, 40.752080213807147 ], [ -73.882822878220367, 40.751981214950661 ], [ -73.883752877461646, 40.751884216866522 ], [ -73.88410587632346, 40.753828221939649 ], [ -73.883176877800921, 40.753925220063671 ], [ -73.882245879718653, 40.754023218346411 ], [ -73.881314880188285, 40.754122216666261 ], [ -73.88096288127575, 40.752178212298546 ] ] ] ] } },
{ "type": "Feature", "properties": { "GISJOIN": "G36008100279001", "Total Pop (Race/Ethnicity)": 1803, "Not Hispanic or Latino": 716, "Not Hispanic or Latino: White alone": 509, "Not Hispanic or Latino: Black or African American alone": 20, "Not Hispanic or Latino: American Indian and Alaska Native alone": 0, "Not Hispanic or Latino: Asian alone": 187, "Not Hispanic or Latino: Native Hawaiian and Other Pacific Islander alone": 0, "Not Hispanic or Latino: Some other race alone": 0, "Not Hispanic or Latino: Two or more races": 0, "Not Hispanic or Latino: Two or more races: Two races including Some other race": 0, "Not Hispanic or Latino: Two or more races: Two races excluding Some other race, and three or more races": 0, "Hispanic or Latino": 1087, "Total Households (Income)": 708, "Less than $10,000": 0, "$10,000 to $14,999": 0, "$15,000 to $19,999": 0, "$20,000 to $24,999": 53, "$25,000 to $29,999": 21, "$30,000 to $34,999": 0, "$35,000 to $39,999": 0, "$40,000 to $44,999": 0, "$45,000 to $49,999": 0, "$50,000 to $59,999": 11, "$60,000 to $74,999": 207, "$75,000 to $99,999": 74, "$100,000 to $124,999": 101, "$125,000 to $149,999": 0, "$150,000 to $199,999": 135, "$200,000 or more": 106, "COUNTY": "Queens County", "TRACTCE": "027900", "BLKGRPCE": "1", "Area (Sq Mi)": 0.025850579150579152, "zip_code": "11372", "block_group": "0279001", "bg_area": 720663.59670088766, "overlap_area": 720663.59670088789, "frac_in_neighborhood": 1.0000000000000002, "pop_in_neighborhood": 1803.0000000000005, "neighborhood": "jacksonheights" }, "geometry": { "type": "MultiPolygon", "coordinates": [ [ [ [ -73.879103884471391, 40.752372208536286 ], [ -73.880033881801268, 40.752284210023333 ], [ -73.88096288127575, 40.752178212298546 ], [ -73.881314880188285, 40.754122216666261 ], [ -73.881647879347, 40.755951221333881 ], [ -73.880718880989605, 40.756048219115378 ], [ -73.879788882972619, 40.756146218066519 ], [ -73.879455883629092, 40.754317213681716 ], [ -73.879103884471391, 40.752372208536286 ] ] ] ] } },
{ "type": "Feature", "properties": { "GISJOIN": "G36008100277022", "Total Pop (Race/Ethnicity)": 900, "Not Hispanic or Latino": 114, "Not Hispanic or Latino: White alone": 30, "Not Hispanic or Latino: Black or African American alone": 0, "Not Hispanic or Latino: American Indian and Alaska Native alone": 0, "Not Hispanic or Latino: Asian alone": 84, "Not Hispanic or Latino: Native Hawaiian and Other Pacific Islander alone": 0, "Not Hispanic or Latino: Some other race alone": 0, "Not Hispanic or Latino: Two or more races": 0, "Not Hispanic or Latino: Two or more races: Two races including Some other race": 0, "Not Hispanic or Latino: Two or more races: Two races excluding Some other race, and three or more races": 0, "Hispanic or Latino": 786, "Total Households (Income)": 409, "Less than $10,000": 36, "$10,000 to $14,999": 34, "$15,000 to $19,999": 25, "$20,000 to $24,999": 0, "$25,000 to $29,999": 8, "$30,000 to $34,999": 93, "$35,000 to $39,999": 0, "$40,000 to $44,999": 20, "$45,000 to $49,999": 0, "$50,000 to $59,999": 0, "$60,000 to $74,999": 39, "$75,000 to $99,999": 28, "$100,000 to $124,999": 29, "$125,000 to $149,999": 47, "$150,000 to $199,999": 50, "$200,000 or more": 0, "COUNTY": "Queens County", "TRACTCE": "027702", "BLKGRPCE": "2", "Area (Sq Mi)": 0.019187258687258686, "zip_code": "11372", "block_group": "0277022", "bg_area": 534902.74820095825, "overlap_area": 534902.74820095825, "frac_in_neighborhood": 1.0, "pop_in_neighborhood": 900.0, "neighborhood": "jacksonheights" }, "geometry": { "type": "MultiPolygon", "coordinates": [ [ [ [ -73.877597885943246, 40.754512210073713 ], [ -73.878528884407004, 40.754414211478796 ], [ -73.878173885612938, 40.752470207314751 ], [ -73.879103884471391, 40.752372208536286 ], [ -73.879455883629092, 40.754317213681716 ], [ -73.879788882972619, 40.756146218066519 ], [ -73.87886088289406, 40.756240216069571 ], [ -73.877929885243233, 40.756338214189157 ], [ -73.877597885943246, 40.754512210073713 ] ] ] ] } },
{ "type": "Feature", "properties": { "GISJOIN": "G36008100277023", "Total Pop (Race/Ethnicity)": 1310, "Not Hispanic or Latino": 409, "Not Hispanic or Latino: White alone": 57, "Not Hispanic or Latino: Black or African American alone": 0, "Not Hispanic or Latino: American Indian and Alaska Native alone": 0, "Not Hispanic or Latino: Asian alone": 352, "Not Hispanic or Latino: Native Hawaiian and Other Pacific Islander alone": 0, "Not Hispanic or Latino: Some other race alone": 0, "Not Hispanic or Latino: Two or more races": 0, "Not Hispanic or Latino: Two or more races: Two races including Some other race": 0, "Not Hispanic or Latino: Two or more races: Two races excluding Some other race, and three or more races": 0, "Hispanic or Latino": 901, "Total Households (Income)": 560, "Less than $10,000": 10, "$10,000 to $14,999": 39, "$15,000 to $19,999": 48, "$20,000 to $24,999": 16, "$25,000 to $29,999": 82, "$30,000 to $34,999": 0, "$35,000 to $39,999": 0, "$40,000 to $44,999": 16, "$45,000 to $49,999": 40, "$50,000 to $59,999": 79, "$60,000 to $74,999": 49, "$75,000 to $99,999": 25, "$100,000 to $124,999": 42, "$125,000 to $149,999": 67, "$150,000 to $199,999": 4, "$200,000 or more": 43, "COUNTY": "Queens County", "TRACTCE": "027702", "BLKGRPCE": "3", "Area (Sq Mi)": 0.013344401544401545, "zip_code": "11372", "block_group": "0277023", "bg_area": 372019.7994420309, "overlap_area": 372019.79944203096, "frac_in_neighborhood": 1.0000000000000002, "pop_in_neighborhood": 1310.0000000000002, "neighborhood": "jacksonheights" }, "geometry": { "type": "MultiPolygon", "coordinates": [ [ [ [ -73.876314995393869, 40.752665311957415 ], [ -73.877246886014532, 40.752567205368706 ], [ -73.878173885612938, 40.752470207314751 ], [ -73.878528884407004, 40.754414211478796 ], [ -73.877597885943246, 40.754512210073713 ], [ -73.876667887220421, 40.754609208609573 ], [ -73.876314995393869, 40.752665311957415 ] ] ] ] } },
{ "type": "Feature", "properties": { "GISJOIN": "G36008100275002", "Total Pop (Race/Ethnicity)": 2871, "Not Hispanic or Latino": 931, "Not Hispanic or Latino: White alone": 149, "Not Hispanic or Latino: Black or African American alone": 0, "Not Hispanic or Latino: American Indian and Alaska Native alone": 0, "Not Hispanic or Latino: Asian alone": 705, "Not Hispanic or Latino: Native Hawaiian and Other Pacific Islander alone": 0, "Not Hispanic or Latino: Some other race alone": 77, "Not Hispanic or Latino: Two or more races": 0, "Not Hispanic or Latino: Two or more races: Two races including Some other race": 0, "Not Hispanic or Latino: Two or more races: Two races excluding Some other race, and three or more races": 0, "Hispanic or Latino": 1940, "Total Households (Income)": 943, "Less than $10,000": 90, "$10,000 to $14,999": 21, "$15,000 to $19,999": 0, "$20,000 to $24,999": 28, "$25,000 to $29,999": 86, "$30,000 to $34,999": 13, "$35,000 to $39,999": 101, "$40,000 to $44,999": 0, "$45,000 to $49,999": 0, "$50,000 to $59,999": 158, "$60,000 to $74,999": 53, "$75,000 to $99,999": 244, "$100,000 to $124,999": 0, "$125,000 to $149,999": 0, "$150,000 to $199,999": 53, "$200,000 or more": 96, "COUNTY": "Queens County", "TRACTCE": "027500", "BLKGRPCE": "2", "Area (Sq Mi)": 0.020342471042471041, "zip_code": "11372", "block_group": "0275002", "bg_area": 567111.85652953805, "overlap_area": 567111.85652953817, "frac_in_neighborhood": 1.0000000000000002, "pop_in_neighborhood": 2871.0000000000005, "neighborhood": "jacksonheights" }, "geometry": { "type": "MultiPolygon", "coordinates": [ [ [ [ -73.87445499989127, 40.752858310108046 ], [ -73.87408500200533, 40.750822305671733 ], [ -73.875014999603508, 40.750724306770742 ], [ -73.875385997644955, 40.752762310831613 ], [ -73.876314995393869, 40.752665311957415 ], [ -73.876667887220421, 40.754609208609573 ], [ -73.875738995069312, 40.754708314411616 ], [ -73.874808997452377, 40.754805313940516 ], [ -73.87445499989127, 40.752858310108046 ] ] ] ] } },
{ "type": "Feature", "properties": { "GISJOIN": "G36008100275001", "Total Pop (Race/Ethnicity)": 1787, "Not Hispanic or Latino": 1093, "Not Hispanic or Latino: White alone": 276, "Not Hispanic or Latino: Black or African American alone": 32, "Not Hispanic or Latino: American Indian and Alaska Native alone": 0, "Not Hispanic or Latino: Asian alone": 723, "Not Hispanic or Latino: Native Hawaiian and Other Pacific Islander alone": 0, "Not Hispanic or Latino: Some other race alone": 0, "Not Hispanic or Latino: Two or more races": 62, "Not Hispanic or Latino: Two or more races: Two races including Some other race": 53, "Not Hispanic or Latino: Two or more races: Two races excluding Some other race, and three or more races": 9, "Hispanic or Latino": 694, "Total Households (Income)": 807, "Less than $10,000": 23, "$10,000 to $14,999": 0, "$15,000 to $19,999": 0, "$20,000 to $24,999": 17, "$25,000 to $29,999": 156, "$30,000 to $34,999": 53, "$35,000 to $39,999": 13, "$40,000 to $44,999": 0, "$45,000 to $49,999": 0, "$50,000 to $59,999": 63, "$60,000 to $74,999": 224, "$75,000 to $99,999": 52, "$100,000 to $124,999": 30, "$125,000 to $149,999": 80, "$150,000 to $199,999": 67, "$200,000 or more": 29, "COUNTY": "Queens County", "TRACTCE": "027500", "BLKGRPCE": "1", "Area (Sq Mi)": 0.012535521235521235, "zip_code": "11372", "block_group": "0275001", "bg_area": 349468.61274112196, "overlap_area": 349468.61274112191, "frac_in_neighborhood": 0.99999999999999978, "pop_in_neighborhood": 1786.9999999999995, "neighborhood": "jacksonheights" }, "geometry": { "type": "MultiPolygon", "coordinates": [ [ [ [ -73.874808997452377, 40.754805313940516 ], [ -73.875738995069312, 40.754708314411616 ], [ -73.876667887220421, 40.754609208609573 ], [ -73.876997886472367, 40.7564382125043 ], [ -73.876067994346272, 40.756535318071052 ], [ -73.875138996130005, 40.756633317254185 ], [ -73.874808997452377, 40.754805313940516 ] ] ] ] } },
{ "type": "Feature", "properties": { "GISJOIN": "G36008100277021", "Total Pop (Race/Ethnicity)": 1187, "Not Hispanic or Latino": 775, "Not Hispanic or Latino: White alone": 261, "Not Hispanic or Latino: Black or African American alone": 60, "Not Hispanic or Latino: American Indian and Alaska Native alone": 18, "Not Hispanic or Latino: Asian alone": 421, "Not Hispanic or Latino: Native Hawaiian and Other Pacific Islander alone": 0, "Not Hispanic or Latino: Some other race alone": 0, "Not Hispanic or Latino: Two or more races": 15, "Not Hispanic or Latino: Two or more races: Two races including Some other race": 3, "Not Hispanic or Latino: Two or more races: Two races excluding Some other race, and three or more races": 12, "Hispanic or Latino": 412, "Total Households (Income)": 582, "Less than $10,000": 14, "$10,000 to $14,999": 0, "$15,000 to $19,999": 0, "$20,000 to $24,999": 0, "$25,000 to $29,999": 15, "$30,000 to $34,999": 0, "$35,000 to $39,999": 23, "$40,000 to $44,999": 24, "$45,000 to $49,999": 0, "$50,000 to $59,999": 82, "$60,000 to $74,999": 13, "$75,000 to $99,999": 69, "$100,000 to $124,999": 38, "$125,000 to $149,999": 76, "$150,000 to $199,999": 198, "$200,000 or more": 30, "COUNTY": "Queens County", "TRACTCE": "027702", "BLKGRPCE": "1", "Area (Sq Mi)": 0.0062783783783783784, "zip_code": "11372", "block_group": "0277021", "bg_area": 175027.66258958835, "overlap_area": 175027.66258958838, "frac_in_neighborhood": 1.0000000000000002, "pop_in_neighborhood": 1187.0000000000002, "neighborhood": "jacksonheights" }, "geometry": { "type": "MultiPolygon", "coordinates": [ [ [ [ -73.876667887220421, 40.754609208609573 ], [ -73.877597885943246, 40.754512210073713 ], [ -73.877929885243233, 40.756338214189157 ], [ -73.876997886472367, 40.7564382125043 ], [ -73.876667887220421, 40.754609208609573 ] ] ] ] } },
{ "type": "Feature", "properties": { "GISJOIN": "G36008100375021", "Total Pop (Race/Ethnicity)": 1457, "Not Hispanic or Latino": 311, "Not Hispanic or Latino: White alone": 17, "Not Hispanic or Latino: Black or African American alone": 199, "Not Hispanic or Latino: American Indian and Alaska Native alone": 0, "Not Hispanic or Latino: Asian alone": 79, "Not Hispanic or Latino: Native Hawaiian and Other Pacific Islander alone": 0, "Not Hispanic or Latino: Some other race alone": 10, "Not Hispanic or Latino: Two or more races": 6, "Not Hispanic or Latino: Two or more races: Two races including Some other race": 6, "Not Hispanic or Latino: Two or more races: Two races excluding Some other race, and three or more races": 0, "Hispanic or Latino": 1146, "Total Households (Income)": 376, "Less than $10,000": 20, "$10,000 to $14,999": 8, "$15,000 to $19,999": 34, "$20,000 to $24,999": 26, "$25,000 to $29,999": 0, "$30,000 to $34,999": 0, "$35,000 to $39,999": 0, "$40,000 to $44,999": 0, "$45,000 to $49,999": 18, "$50,000 to $59,999": 38, "$60,000 to $74,999": 41, "$75,000 to $99,999": 37, "$100,000 to $124,999": 21, "$125,000 to $149,999": 20, "$150,000 to $199,999": 34, "$200,000 or more": 79, "COUNTY": "Queens County", "TRACTCE": "037502", "BLKGRPCE": "1", "Area (Sq Mi)": 0.029448262548262549, "zip_code": "11368", "block_group": "0375021", "bg_area": 820963.66717729857, "overlap_area": 3.2632329159431697, "frac_in_neighborhood": 3.9748810409150892e-06, "pop_in_neighborhood": 0.0057914016766132852, "neighborhood": "jacksonheights" }, "geometry": { "type": "MultiPolygon", "coordinates": [ [ [ [ -73.870995006670739, 40.755207309292146 ], [ -73.870695007181396, 40.753563306815465 ], [ -73.870642008661591, 40.75328530642458 ], [ -73.869947009693689, 40.75179330301038 ], [ -73.870842007544496, 40.751544303187956 ], [ -73.871792005241545, 40.753325307378717 ], [ -73.872070004555951, 40.753861308321397 ], [ -73.872142004023814, 40.753985309289632 ], [ -73.872692003179267, 40.755029312005838 ], [ -73.873656999147101, 40.756803315858136 ], [ -73.873110999914701, 40.756850315270768 ], [ -73.872603001586668, 40.756902314494134 ], [ -73.872219003146043, 40.756942313785643 ], [ -73.871324004810376, 40.757035314107355 ], [ -73.870995006670739, 40.755207309292146 ] ] ] ] } },
{ "type": "Feature", "properties": { "GISJOIN": "G36008100273022", "Total Pop (Race/Ethnicity)": 1127, "Not Hispanic or Latino": 335, "Not Hispanic or Latino: White alone": 0, "Not Hispanic or Latino: Black or African American alone": 35, "Not Hispanic or Latino: American Indian and Alaska Native alone": 0, "Not Hispanic or Latino: Asian alone": 253, "Not Hispanic or Latino: Native Hawaiian and Other Pacific Islander alone": 0, "Not Hispanic or Latino: Some other race alone": 0, "Not Hispanic or Latino: Two or more races": 47, "Not Hispanic or Latino: Two or more races: Two races including Some other race": 0, "Not Hispanic or Latino: Two or more races: Two races excluding Some other race, and three or more races": 47, "Hispanic or Latino": 792, "Total Households (Income)": 339, "Less than $10,000": 0, "$10,000 to $14,999": 0, "$15,000 to $19,999": 19, "$20,000 to $24,999": 21, "$25,000 to $29,999": 12, "$30,000 to $34,999": 0, "$35,000 to $39,999": 29, "$40,000 to $44,999": 25, "$45,000 to $49,999": 38, "$50,000 to $59,999": 0, "$60,000 to $74,999": 17, "$75,000 to $99,999": 98, "$100,000 to $124,999": 57, "$125,000 to $149,999": 0, "$150,000 to $199,999": 23, "$200,000 or more": 0, "COUNTY": "Queens County", "TRACTCE": "027302", "BLKGRPCE": "2", "Area (Sq Mi)": 0.010236679536679536, "zip_code": "11372", "block_group": "0273022", "bg_area": 285383.59846720152, "overlap_area": 285371.79610053863, "frac_in_neighborhood": 0.99995864385085098, "pop_in_neighborhood": 1126.9533916199091, "neighborhood": "jacksonheights" }, "geometry": { "type": "MultiPolygon", "coordinates": [ [ [ [ -73.871792005241545, 40.753325307378717 ], [ -73.872614004166422, 40.753141307909615 ], [ -73.873528002554281, 40.752961309231125 ], [ -73.873655001027046, 40.753671310631269 ], [ -73.873878999747518, 40.754903312858019 ], [ -73.872692003179267, 40.755029312005838 ], [ -73.872142004023814, 40.753985309289632 ], [ -73.872070004555951, 40.753861308321397 ], [ -73.871792005241545, 40.753325307378717 ] ] ] ] } },
{ "type": "Feature", "properties": { "GISJOIN": "G36008100273021", "Total Pop (Race/Ethnicity)": 688, "Not Hispanic or Latino": 464, "Not Hispanic or Latino: White alone": 141, "Not Hispanic or Latino: Black or African American alone": 52, "Not Hispanic or Latino: American Indian and Alaska Native alone": 0, "Not Hispanic or Latino: Asian alone": 151, "Not Hispanic or Latino: Native Hawaiian and Other Pacific Islander alone": 0, "Not Hispanic or Latino: Some other race alone": 0, "Not Hispanic or Latino: Two or more races": 120, "Not Hispanic or Latino: Two or more races: Two races including Some other race": 120, "Not Hispanic or Latino: Two or more races: Two races excluding Some other race, and three or more races": 0, "Hispanic or Latino": 224, "Total Households (Income)": 328, "Less than $10,000": 18, "$10,000 to $14,999": 0, "$15,000 to $19,999": 13, "$20,000 to $24,999": 21, "$25,000 to $29,999": 20, "$30,000 to $34,999": 0, "$35,000 to $39,999": 0, "$40,000 to $44,999": 12, "$45,000 to $49,999": 0, "$50,000 to $59,999": 0, "$60,000 to $74,999": 0, "$75,000 to $99,999": 44, "$100,000 to $124,999": 32, "$125,000 to $149,999": 35, "$150,000 to $199,999": 92, "$200,000 or more": 41, "COUNTY": "Queens County", "TRACTCE": "027302", "BLKGRPCE": "1", "Area (Sq Mi)": 0.018844401544401545, "zip_code": "11372", "block_group": "0273021", "bg_area": 525341.63875473035, "overlap_area": 525324.96659445588, "frac_in_neighborhood": 0.99996826415603757, "pop_in_neighborhood": 687.97816573935381, "neighborhood": "jacksonheights" }, "geometry": { "type": "MultiPolygon", "coordinates": [ [ [ [ -73.872692003179267, 40.755029312005838 ], [ -73.873878999747518, 40.754903312858019 ], [ -73.873655001027046, 40.753671310631269 ], [ -73.873528002554281, 40.752961309231125 ], [ -73.87445499989127, 40.752858310108046 ], [ -73.874808997452377, 40.754805313940516 ], [ -73.875138996130005, 40.756633317254185 ], [ -73.874207998676695, 40.756731316321734 ], [ -73.873656999147101, 40.756803315858136 ], [ -73.872692003179267, 40.755029312005838 ] ] ] ] } },
{ "type": "Feature", "properties": { "GISJOIN": "G36008100273023", "Total Pop (Race/Ethnicity)": 1998, "Not Hispanic or Latino": 251, "Not Hispanic or Latino: White alone": 43, "Not Hispanic or Latino: Black or African American alone": 12, "Not Hispanic or Latino: American Indian and Alaska Native alone": 0, "Not Hispanic or Latino: Asian alone": 171, "Not Hispanic or Latino: Native Hawaiian and Other Pacific Islander alone": 0, "Not Hispanic or Latino: Some other race alone": 15, "Not Hispanic or Latino: Two or more races": 10, "Not Hispanic or Latino: Two or more races: Two races including Some other race": 0, "Not Hispanic or Latino: Two or more races: Two races excluding Some other race, and three or more races": 10, "Hispanic or Latino": 1747, "Total Households (Income)": 683, "Less than $10,000": 0, "$10,000 to $14,999": 42, "$15,000 to $19,999": 81, "$20,000 to $24,999": 0, "$25,000 to $29,999": 35, "$30,000 to $34,999": 16, "$35,000 to $39,999": 25, "$40,000 to $44,999": 44, "$45,000 to $49,999": 5, "$50,000 to $59,999": 46, "$60,000 to $74,999": 42, "$75,000 to $99,999": 204, "$100,000 to $124,999": 51, "$125,000 to $149,999": 47, "$150,000 to $199,999": 45, "$200,000 or more": 0, "COUNTY": "Queens County", "TRACTCE": "027302", "BLKGRPCE": "3", "Area (Sq Mi)": 0.015943243243243244, "zip_code": "11372", "block_group": "0273023", "bg_area": 444469.77090971189, "overlap_area": 444452.28174805391, "frac_in_neighborhood": 0.99996065162851866, "pop_in_neighborhood": 1997.9213819537804, "neighborhood": "jacksonheights" }, "geometry": { "type": "MultiPolygon", "coordinates": [ [ [ [ -73.870842007544496, 40.751544303187956 ], [ -73.871297007896928, 40.751386303511552 ], [ -73.871663005975321, 40.751260303724727 ], [ -73.872236005547236, 40.751062304672779 ], [ -73.873119004307242, 40.750734305244926 ], [ -73.873160003657588, 40.750914305863233 ], [ -73.873528002554281, 40.752961309231125 ], [ -73.872614004166422, 40.753141307909615 ], [ -73.871792005241545, 40.753325307378717 ], [ -73.870842007544496, 40.751544303187956 ] ] ] ] } },
{ "type": "Feature", "properties": { "GISJOIN": "G36008100273012", "Total Pop (Race/Ethnicity)": 1590, "Not Hispanic or Latino": 167, "Not Hispanic or Latino: White alone": 42, "Not Hispanic or Latino: Black or African American alone": 0, "Not Hispanic or Latino: American Indian and Alaska Native alone": 0, "Not Hispanic or Latino: Asian alone": 125, "Not Hispanic or Latino: Native Hawaiian and Other Pacific Islander alone": 0, "Not Hispanic or Latino: Some other race alone": 0, "Not Hispanic or Latino: Two or more races": 0, "Not Hispanic or Latino: Two or more races: Two races including Some other race": 0, "Not Hispanic or Latino: Two or more races: Two races excluding Some other race, and three or more races": 0, "Hispanic or Latino": 1423, "Total Households (Income)": 447, "Less than $10,000": 27, "$10,000 to $14,999": 9, "$15,000 to $19,999": 147, "$20,000 to $24,999": 8, "$25,000 to $29,999": 15, "$30,000 to $34,999": 17, "$35,000 to $39,999": 0, "$40,000 to $44,999": 40, "$45,000 to $49,999": 0, "$50,000 to $59,999": 0, "$60,000 to $74,999": 8, "$75,000 to $99,999": 76, "$100,000 to $124,999": 8, "$125,000 to $149,999": 66, "$150,000 to $199,999": 19, "$200,000 or more": 7, "COUNTY": "Queens County", "TRACTCE": "027301", "BLKGRPCE": "2", "Area (Sq Mi)": 0.014198069498069498, "zip_code": "11372", "block_group": "0273012", "bg_area": 395827.15116660018, "overlap_area": 395751.76048234908, "frac_in_neighborhood": 0.99980953634931591, "pop_in_neighborhood": 1589.6971627954124, "neighborhood": "jacksonheights" }, "geometry": { "type": "MultiPolygon", "coordinates": [ [ [ [ -73.873119004307242, 40.750734305244926 ], [ -73.872774006587136, 40.748812304604314 ], [ -73.873303005055945, 40.74875730515258 ], [ -73.873701004685529, 40.748716305347749 ], [ -73.874012001410563, 40.750412305185272 ], [ -73.87408500200533, 40.750822305671733 ], [ -73.87445499989127, 40.752858310108046 ], [ -73.873528002554281, 40.752961309231125 ], [ -73.873160003657588, 40.750914305863233 ], [ -73.873119004307242, 40.750734305244926 ] ] ] ] } },
{ "type": "Feature", "properties": { "GISJOIN": "G36008100273011", "Total Pop (Race/Ethnicity)": 1508, "Not Hispanic or Latino": 433, "Not Hispanic or Latino: White alone": 0, "Not Hispanic or Latino: Black or African American alone": 22, "Not Hispanic or Latino: American Indian and Alaska Native alone": 0, "Not Hispanic or Latino: Asian alone": 411, "Not Hispanic or Latino: Native Hawaiian and Other Pacific Islander alone": 0, "Not Hispanic or Latino: Some other race alone": 0, "Not Hispanic or Latino: Two or more races": 0, "Not Hispanic or Latino: Two or more races: Two races including Some other race": 0, "Not Hispanic or Latino: Two or more races: Two races excluding Some other race, and three or more races": 0, "Hispanic or Latino": 1075, "Total Households (Income)": 464, "Less than $10,000": 18, "$10,000 to $14,999": 0, "$15,000 to $19,999": 9, "$20,000 to $24,999": 42, "$25,000 to $29,999": 0, "$30,000 to $34,999": 23, "$35,000 to $39,999": 18, "$40,000 to $44,999": 0, "$45,000 to $49,999": 0, "$50,000 to $59,999": 45, "$60,000 to $74,999": 36, "$75,000 to $99,999": 88, "$100,000 to $124,999": 136, "$125,000 to $149,999": 0, "$150,000 to $199,999": 43, "$200,000 or more": 6, "COUNTY": "Queens County", "TRACTCE": "027301", "BLKGRPCE": "1", "Area (Sq Mi)": 0.023886872586872585, "zip_code": "11372", "block_group": "0273011", "bg_area": 665924.4613272351, "overlap_area": 665720.1185425407, "frac_in_neighborhood": 0.99969314419793631, "pop_in_neighborhood": 1507.5372614504879, "neighborhood": "jacksonheights" }, "geometry": { "type": "MultiPolygon", "coordinates": [ [ [ [ -73.869425013211782, 40.749156300134075 ], [ -73.869739012759354, 40.749125300616875 ], [ -73.870379011019907, 40.749063301002721 ], [ -73.871356009411713, 40.748956303190873 ], [ -73.8718410088659, 40.748905303879802 ], [ -73.87237300801273, 40.748851303533868 ], [ -73.872774006587136, 40.748812304604314 ], [ -73.873119004307242, 40.750734305244926 ], [ -73.872236005547236, 40.751062304672779 ], [ -73.871663005975321, 40.751260303724727 ], [ -73.871297007896928, 40.751386303511552 ], [ -73.870842007544496, 40.751544303187956 ], [ -73.869685012088553, 40.749611299522734 ], [ -73.869425013211782, 40.749156300134075 ] ] ] ] } },
{ "type": "Feature", "properties": { "GISJOIN": "G36008100375022", "Total Pop (Race/Ethnicity)": 1212, "Not Hispanic or Latino": 317, "Not Hispanic or Latino: White alone": 0, "Not Hispanic or Latino: Black or African American alone": 255, "Not Hispanic or Latino: American Indian and Alaska Native alone": 0, "Not Hispanic or Latino: Asian alone": 62, "Not Hispanic or Latino: Native Hawaiian and Other Pacific Islander alone": 0, "Not Hispanic or Latino: Some other race alone": 0, "Not Hispanic or Latino: Two or more races": 0, "Not Hispanic or Latino: Two or more races: Two races including Some other race": 0, "Not Hispanic or Latino: Two or more races: Two races excluding Some other race, and three or more races": 0, "Hispanic or Latino": 895, "Total Households (Income)": 318, "Less than $10,000": 11, "$10,000 to $14,999": 68, "$15,000 to $19,999": 24, "$20,000 to $24,999": 7, "$25,000 to $29,999": 7, "$30,000 to $34,999": 0, "$35,000 to $39,999": 0, "$40,000 to $44,999": 23, "$45,000 to $49,999": 0, "$50,000 to $59,999": 8, "$60,000 to $74,999": 56, "$75,000 to $99,999": 78, "$100,000 to $124,999": 19, "$125,000 to $149,999": 0, "$150,000 to $199,999": 10, "$200,000 or more": 7, "COUNTY": "Queens County", "TRACTCE": "037502", "BLKGRPCE": "2", "Area (Sq Mi)": 0.0092092664092664096, "zip_code": "11368", "block_group": "0375022", "bg_area": 256732.869329101, "overlap_area": 41.662057179957628, "frac_in_neighborhood": 0.00016227784657581895, "pop_in_neighborhood": 0.19668075004989255, "neighborhood": "jacksonheights" }, "geometry": { "type": "MultiPolygon", "coordinates": [ [ [ [ -73.868458015440325, 40.749263298530337 ], [ -73.869425013211782, 40.749156300134075 ], [ -73.869685012088553, 40.749611299522734 ], [ -73.870842007544496, 40.751544303187956 ], [ -73.869947009693689, 40.75179330301038 ], [ -73.868826014455436, 40.749898299073131 ], [ -73.868458015440325, 40.749263298530337 ] ] ] ] } }
]
}
