{
"type": "FeatureCollection",
"name": "population_by_blockgroup_bedstuy",
"crs": { "type": "name", "properties": { "name": "urn:ogc:def:crs:EPSG::2263" } },
"features": [
{ "type": "Feature", "properties": { "GISJOIN": "G36004700307003", "Total Pop (Race/Ethnicity)": 3208, "Not Hispanic or Latino": 3065, "Not Hispanic or Latino: White alone": 464, "Not Hispanic or Latino: Black or African American alone": 2130, "Not Hispanic or Latino: American Indian and Alaska Native alone": 0, "Not Hispanic or Latino: Asian alone": 243, "Not Hispanic or Latino: Native Hawaiian and Other Pacific Islander alone": 0, "Not Hispanic or Latino: Some other race alone": 45, "Not Hispanic or Latino: Two or more races": 183, "Not Hispanic or Latino: Two or more races: Two races including Some other race": 63, "Not Hispanic or Latino: Two or more races: Two races excluding Some other race, and three or more races": 120, "Hispanic or Latino": 143, "Total Households (Income)": 1249, "Less than $10,000": 0, "$10,000 to $14,999": 87, "$15,000 to $19,999": 0, "$20,000 to $24,999": 0, "$25,000 to $29,999": 0, "$30,000 to $34,999": 0, "$35,000 to $39,999": 0, "$40,000 to $44,999": 138, "$45,000 to $49,999": 29, "$50,000 to $59,999": 204, "$60,000 to $74,999": 36, "$75,000 to $99,999": 121, "$100,000 to $124,999": 112, "$125,000 to $149,999": 281, "$150,000 to $199,999": 90, "$200,000 or more": 151, "COUNTY": "Kings County", "TRACTCE": "030700", "BLKGRPCE": "3", "Area (Sq Mi)": 0.070678378378378384, "zip_code": "11233", "block_group": "0307003", "bg_area": 1970391.9490006573, "overlap_area": 4615.0721839074258, "frac_in_neighborhood": 0.0023422102319531385, "pop_in_neighborhood": 7.5138104241056682, "neighborhood": "bedstuy" }, "geometry": { "type": "MultiPolygon", "coordinates": [ [ [ [ 1003576.896380249527283, 186110.153099637362175 ], [ 1004158.027534035383724, 186071.639000950177433 ], [ 1004350.81536984979175, 186056.860266880365089 ], [ 1004611.011008778470568, 186035.581645457947161 ], [ 1005118.363477233564481, 185997.757665574230487 ], [ 1005391.873155302950181, 185977.9559132065624 ], [ 1005550.112230057478882, 185967.200922818359686 ], [ 1005391.276744795963168, 185977.586129147355678 ], [ 1005114.744564025430009, 185995.472869996767258 ], [ 1005040.594252919894643, 186000.925089943106286 ], [ 1005019.554245495703071, 186002.474052191799274 ], [ 1004609.712059083976783, 186032.620497850555694 ], [ 1004493.947735461173579, 186041.993826404272113 ], [ 1004459.167657060315832, 186044.808138079446508 ], [ 1004350.355491678696126, 186053.620691688644001 ], [ 1004303.580645450856537, 186057.357399844244355 ], [ 1004267.061367872753181, 186060.277298230095766 ], [ 1004154.102224206551909, 186069.305845378927188 ], [ 1003685.63477851159405, 186100.757750549266348 ], [ 1003649.181114737177268, 186103.205663171975175 ], [ 1003577.114425557665527, 186108.044483539444627 ], [ 1003576.915179048548453, 186108.059341008396586 ], [ 1003576.896380249527283, 186110.153099637362175 ] ] ], [ [ [ 1005936.394046748639084, 185942.367284444364486 ], [ 1005936.393246005056426, 185942.355966933071613 ], [ 1005926.123161097755656, 185943.012228870706167 ], [ 1005936.394046748639084, 185942.367284444364486 ] ] ] ] } },
{ "type": "Feature", "properties": { "GISJOIN": "G36004700311001", "Total Pop (Race/Ethnicity)": 1104, "Not Hispanic or Latino": 964, "Not Hispanic or Latino: White alone": 168, "Not Hispanic or Latino: Black or African American alone": 414, "Not Hispanic or Latino: American Indian and Alaska Native alone": 0, "Not Hispanic or Latino: Asian alone": 206, "Not Hispanic or Latino: Native Hawaiian and Other Pacific Islander alone": 0, "Not Hispanic or Latino: Some other race alone": 0, "Not Hispanic or Latino: Two or more races": 176, "Not Hispanic or Latino: Two or more races: Two races including Some other race": 140, "Not Hispanic or Latino: Two or more races: Two races excluding Some other race, and three or more races": 36, "Hispanic or Latino": 140, "Total Households (Income)": 398, "Less than $10,000": 17, "$10,000 to $14,999": 20, "$15,000 to $19,999": 0, "$20,000 to $24,999": 30, "$25,000 to $29,999": 0, "$30,000 to $34,999": 0, "$35,000 to $39,999": 34, "$40,000 to $44,999": 0, "$45,000 to $49,999": 0, "$50,000 to $59,999": 0, "$60,000 to $74,999": 39, "$75,000 to $99,999": 36, "$100,000 to $124,999": 40, "$125,000 to $149,999": 89, "$150,000 to $199,999": 0, "$200,000 or more": 93, "COUNTY": "Kings County", "TRACTCE": "031100", "BLKGRPCE": "1", "Area (Sq Mi)": 0.025004247104247104, "zip_code": "11213", "block_group": "0311001", "bg_area": 697079.27608750539, "overlap_area": 6694.9304208998092, "frac_in_neighborhood": 0.0096042597313700431, "pop_in_neighborhood": 10.603102743432528, "neighborhood": "bedstuy" }, "geometry": { "type": "Polygon", "coordinates": [ [ [ 1001282.609066911973059, 186285.135957962687826 ], [ 1001476.22658076742664, 186268.513205931318225 ], [ 1002041.26300859125331, 186229.937541286490159 ], [ 1002041.345538259367459, 186219.597349431947805 ], [ 1002041.275488792336546, 186219.602303734660381 ], [ 1002000.05503320263233, 186222.62741519001429 ], [ 1001975.287786653032526, 186224.444557177164825 ], [ 1001736.843056202749722, 186241.95059323872556 ], [ 1001690.064975641784258, 186245.385298674722435 ], [ 1001473.631323317764327, 186261.27078052124125 ], [ 1001282.063073913799599, 186275.333322070568101 ], [ 1001282.609066911973059, 186285.135957962687826 ] ] ] } },
{ "type": "Feature", "properties": { "GISJOIN": "G36004700309001", "Total Pop (Race/Ethnicity)": 1334, "Not Hispanic or Latino": 1156, "Not Hispanic or Latino: White alone": 87, "Not Hispanic or Latino: Black or African American alone": 1062, "Not Hispanic or Latino: American Indian and Alaska Native alone": 0, "Not Hispanic or Latino: Asian alone": 7, "Not Hispanic or Latino: Native Hawaiian and Other Pacific Islander alone": 0, "Not Hispanic or Latino: Some other race alone": 0, "Not Hispanic or Latino: Two or more races": 0, "Not Hispanic or Latino: Two or more races: Two races including Some other race": 0, "Not Hispanic or Latino: Two or more races: Two races excluding Some other race, and three or more races": 0, "Hispanic or Latino": 178, "Total Households (Income)": 451, "Less than $10,000": 78, "$10,000 to $14,999": 40, "$15,000 to $19,999": 24, "$20,000 to $24,999": 8, "$25,000 to $29,999": 29, "$30,000 to $34,999": 9, "$35,000 to $39,999": 0, "$40,000 to $44,999": 46, "$45,000 to $49,999": 0, "$50,000 to $59,999": 10, "$60,000 to $74,999": 97, "$75,000 to $99,999": 12, "$100,000 to $124,999": 0, "$125,000 to $149,999": 92, "$150,000 to $199,999": 0, "$200,000 or more": 6, "COUNTY": "Kings County", "TRACTCE": "030900", "BLKGRPCE": "1", "Area (Sq Mi)": 0.033885328185328183, "zip_code": "11213", "block_group": "0309001", "bg_area": 944673.36446024687, "overlap_area": 7632.0317327299344, "frac_in_neighborhood": 0.008079016536144859, "pop_in_neighborhood": 10.777408059217242, "neighborhood": "bedstuy" }, "geometry": { "type": "Polygon", "coordinates": [ [ [ 1002041.26300859125331, 186229.937541286490159 ], [ 1002814.903591567650437, 186168.580399992322782 ], [ 1003576.896380249527283, 186110.153099637362175 ], [ 1003576.915179048548453, 186108.059341008396586 ], [ 1003375.962776764878072, 186123.044015472987667 ], [ 1003348.410308996681124, 186125.097967463312671 ], [ 1002925.821948752040043, 186156.612181772041367 ], [ 1002896.373482224880718, 186158.80730367009528 ], [ 1002813.568190495599993, 186164.981305287394207 ], [ 1002041.345538259367459, 186219.597349431947805 ], [ 1002041.26300859125331, 186229.937541286490159 ] ] ] } },
{ "type": "Feature", "properties": { "GISJOIN": "G36004700299001", "Total Pop (Race/Ethnicity)": 2011, "Not Hispanic or Latino": 1852, "Not Hispanic or Latino: White alone": 263, "Not Hispanic or Latino: Black or African American alone": 1513, "Not Hispanic or Latino: American Indian and Alaska Native alone": 0, "Not Hispanic or Latino: Asian alone": 17, "Not Hispanic or Latino: Native Hawaiian and Other Pacific Islander alone": 0, "Not Hispanic or Latino: Some other race alone": 0, "Not Hispanic or Latino: Two or more races": 59, "Not Hispanic or Latino: Two or more races: Two races including Some other race": 0, "Not Hispanic or Latino: Two or more races: Two races excluding Some other race, and three or more races": 59, "Hispanic or Latino": 159, "Total Households (Income)": 771, "Less than $10,000": 115, "$10,000 to $14,999": 0, "$15,000 to $19,999": 20, "$20,000 to $24,999": 6, "$25,000 to $29,999": 10, "$30,000 to $34,999": 0, "$35,000 to $39,999": 0, "$40,000 to $44,999": 0, "$45,000 to $49,999": 0, "$50,000 to $59,999": 74, "$60,000 to $74,999": 64, "$75,000 to $99,999": 147, "$100,000 to $124,999": 49, "$125,000 to $149,999": 5, "$150,000 to $199,999": 93, "$200,000 or more": 188, "COUNTY": "Kings County", "TRACTCE": "029900", "BLKGRPCE": "1", "Area (Sq Mi)": 0.027299227799227801, "zip_code": "11233", "block_group": "0299001", "bg_area": 761059.92732927122, "overlap_area": 760905.85638308898, "frac_in_neighborhood": 0.99979755740560028, "pop_in_neighborhood": 2010.5928879426622, "neighborhood": "bedstuy" }, "geometry": { "type": "Polygon", "coordinates": [ [ [ 1005926.123161097755656, 185943.012228870706167 ], [ 1005696.421575175831094, 185957.690238762297668 ], [ 1005659.215957515058108, 185960.067348610784393 ], [ 1005550.112230057478882, 185967.200922818359686 ], [ 1005391.873155302950181, 185977.9559132065624 ], [ 1005118.363477233564481, 185997.757665574230487 ], [ 1004611.011008778470568, 186035.581645457947161 ], [ 1004638.967052244115621, 186436.366703573410632 ], [ 1005146.587349434616044, 186399.636583037703531 ], [ 1005165.489145161351189, 186675.085764306975761 ], [ 1005744.670473626814783, 186633.693031388364034 ], [ 1005982.513712779269554, 186616.812247458379716 ], [ 1005964.999154416844249, 186342.157775927509647 ], [ 1005951.044870479032397, 186145.925132666423451 ], [ 1005936.394046748639084, 185942.367284444364486 ], [ 1005926.123161097755656, 185943.012228870706167 ] ] ] } },
{ "type": "Feature", "properties": { "GISJOIN": "G36004700299002", "Total Pop (Race/Ethnicity)": 1317, "Not Hispanic or Latino": 1074, "Not Hispanic or Latino: White alone": 360, "Not Hispanic or Latino: Black or African American alone": 602, "Not Hispanic or Latino: American Indian and Alaska Native alone": 0, "Not Hispanic or Latino: Asian alone": 80, "Not Hispanic or Latino: Native Hawaiian and Other Pacific Islander alone": 7, "Not Hispanic or Latino: Some other race alone": 0, "Not Hispanic or Latino: Two or more races": 25, "Not Hispanic or Latino: Two or more races: Two races including Some other race": 0, "Not Hispanic or Latino: Two or more races: Two races excluding Some other race, and three or more races": 25, "Hispanic or Latino": 243, "Total Households (Income)": 476, "Less than $10,000": 78, "$10,000 to $14,999": 25, "$15,000 to $19,999": 46, "$20,000 to $24,999": 75, "$25,000 to $29,999": 5, "$30,000 to $34,999": 0, "$35,000 to $39,999": 36, "$40,000 to $44,999": 19, "$45,000 to $49,999": 0, "$50,000 to $59,999": 47, "$60,000 to $74,999": 35, "$75,000 to $99,999": 0, "$100,000 to $124,999": 0, "$125,000 to $149,999": 6, "$150,000 to $199,999": 45, "$200,000 or more": 59, "COUNTY": "Kings County", "TRACTCE": "029900", "BLKGRPCE": "2", "Area (Sq Mi)": 0.027611196911196911, "zip_code": "11233", "block_group": "0299002", "bg_area": 769758.02529069316, "overlap_area": 769758.02529069327, "frac_in_neighborhood": 1.0000000000000002, "pop_in_neighborhood": 1317.0000000000002, "neighborhood": "bedstuy" }, "geometry": { "type": "Polygon", "coordinates": [ [ [ 1004350.81536984979175, 186056.860266880365089 ], [ 1004158.027534035383724, 186071.639000950177433 ], [ 1003576.896380249527283, 186110.153099637362175 ], [ 1003576.879438943811692, 186131.648473909677705 ], [ 1003582.657152950298041, 186190.674424754921347 ], [ 1003593.982398399617523, 186249.704648656916106 ], [ 1003610.856365554500371, 186307.282088304491481 ], [ 1003631.064162725699134, 186357.93996387932566 ], [ 1003656.542020939406939, 186408.601886911492329 ], [ 1003686.459892216487788, 186455.988458190840902 ], [ 1003718.323833664529957, 186498.27616292971652 ], [ 1003926.968816917855293, 186763.311504953249823 ], [ 1004399.075703602051362, 186729.451499267335748 ], [ 1004618.762436880497262, 186715.790246958757052 ], [ 1004978.807410436565988, 186689.862868879310554 ], [ 1005165.489145161351189, 186675.085764306975761 ], [ 1005146.587349434616044, 186399.636583037703531 ], [ 1004638.967052244115621, 186436.366703573410632 ], [ 1004611.011008778470568, 186035.581645457947161 ], [ 1004350.81536984979175, 186056.860266880365089 ] ] ] } },
{ "type": "Feature", "properties": { "GISJOIN": "G36004700271002", "Total Pop (Race/Ethnicity)": 1593, "Not Hispanic or Latino": 1510, "Not Hispanic or Latino: White alone": 213, "Not Hispanic or Latino: Black or African American alone": 1264, "Not Hispanic or Latino: American Indian and Alaska Native alone": 0, "Not Hispanic or Latino: Asian alone": 33, "Not Hispanic or Latino: Native Hawaiian and Other Pacific Islander alone": 0, "Not Hispanic or Latino: Some other race alone": 0, "Not Hispanic or Latino: Two or more races": 0, "Not Hispanic or Latino: Two or more races: Two races including Some other race": 0, "Not Hispanic or Latino: Two or more races: Two races excluding Some other race, and three or more races": 0, "Hispanic or Latino": 83, "Total Households (Income)": 736, "Less than $10,000": 76, "$10,000 to $14,999": 65, "$15,000 to $19,999": 18, "$20,000 to $24,999": 18, "$25,000 to $29,999": 0, "$30,000 to $34,999": 0, "$35,000 to $39,999": 0, "$40,000 to $44,999": 20, "$45,000 to $49,999": 54, "$50,000 to $59,999": 0, "$60,000 to $74,999": 94, "$75,000 to $99,999": 18, "$100,000 to $124,999": 144, "$125,000 to $149,999": 41, "$150,000 to $199,999": 34, "$200,000 or more": 154, "COUNTY": "Kings County", "TRACTCE": "027100", "BLKGRPCE": "2", "Area (Sq Mi)": 0.046742471042471041, "zip_code": "11213", "block_group": "0271002", "bg_area": 1303109.0883448357, "overlap_area": 1303109.0883448357, "frac_in_neighborhood": 1.0, "pop_in_neighborhood": 1593.0, "neighborhood": "bedstuy" }, "geometry": { "type": "Polygon", "coordinates": [ [ [ 1002814.903591567650437, 186168.580399992322782 ], [ 1002041.26300859125331, 186229.937541286490159 ], [ 1002041.255760091822594, 186239.774092658655718 ], [ 1002045.915815334417857, 186315.558169692696538 ], [ 1002056.119086250779219, 186396.810679789283313 ], [ 1002068.552438872284256, 186462.763530882744817 ], [ 1002088.742406718432903, 186541.837610054819379 ], [ 1002112.818516972474754, 186616.542779582319781 ], [ 1001305.91296083945781, 186673.162434642290464 ], [ 1001321.296125644352287, 186885.941272609052248 ], [ 1001325.691407616948709, 186946.78750215555192 ], [ 1001613.61065534024965, 186926.589062557846773 ], [ 1002314.272014956455678, 186877.18701385933673 ], [ 1002458.787269292864949, 186866.729170178703498 ], [ 1002862.099345979862846, 186838.252851142897271 ], [ 1003297.597557002212852, 186795.599430021975422 ], [ 1003926.968816917855293, 186763.311504953249823 ], [ 1003718.323833664529957, 186498.27616292971652 ], [ 1003686.459892216487788, 186455.988458190840902 ], [ 1003656.542020939406939, 186408.601886911492329 ], [ 1003631.064162725699134, 186357.93996387932566 ], [ 1003610.856365554500371, 186307.282088304491481 ], [ 1003593.982398399617523, 186249.704648656916106 ], [ 1003582.657152950298041, 186190.674424754921347 ], [ 1003576.879438943811692, 186131.648473909677705 ], [ 1003576.896380249527283, 186110.153099637362175 ], [ 1002814.903591567650437, 186168.580399992322782 ] ] ] } },
{ "type": "Feature", "properties": { "GISJOIN": "G36004700297002", "Total Pop (Race/Ethnicity)": 2000, "Not Hispanic or Latino": 1974, "Not Hispanic or Latino: White alone": 154, "Not Hispanic or Latino: Black or African American alone": 1666, "Not Hispanic or Latino: American Indian and Alaska Native alone": 0, "Not Hispanic or Latino: Asian alone": 30, "Not Hispanic or Latino: Native Hawaiian and Other Pacific Islander alone": 0, "Not Hispanic or Latino: Some other race alone": 0, "Not Hispanic or Latino: Two or more races": 124, "Not Hispanic or Latino: Two or more races: Two races including Some other race": 0, "Not Hispanic or Latino: Two or more races: Two races excluding Some other race, and three or more races": 124, "Hispanic or Latino": 26, "Total Households (Income)": 785, "Less than $10,000": 107, "$10,000 to $14,999": 103, "$15,000 to $19,999": 28, "$20,000 to $24,999": 113, "$25,000 to $29,999": 16, "$30,000 to $34,999": 0, "$35,000 to $39,999": 0, "$40,000 to $44,999": 20, "$45,000 to $49,999": 43, "$50,000 to $59,999": 16, "$60,000 to $74,999": 78, "$75,000 to $99,999": 60, "$100,000 to $124,999": 59, "$125,000 to $149,999": 9, "$150,000 to $199,999": 83, "$200,000 or more": 50, "COUNTY": "Kings County", "TRACTCE": "029700", "BLKGRPCE": "2", "Area (Sq Mi)": 0.031688803088803091, "zip_code": "11233", "block_group": "0297002", "bg_area": 883430.778552289, "overlap_area": 883430.77855228912, "frac_in_neighborhood": 1.0000000000000002, "pop_in_neighborhood": 2000.0000000000005, "neighborhood": "bedstuy" }, "geometry": { "type": "Polygon", "coordinates": [ [ [ 1003297.597557002212852, 186795.599430021975422 ], [ 1002862.099345979862846, 186838.252851142897271 ], [ 1002458.787269292864949, 186866.729170178703498 ], [ 1002446.509133773506619, 186965.452891472436022 ], [ 1002415.061861305846833, 187106.060556347219972 ], [ 1002397.49444445152767, 187231.376550380518893 ], [ 1003208.403852540650405, 187354.774658864218509 ], [ 1004018.196212756447494, 187477.470148963417159 ], [ 1004062.513259829953313, 187211.546269959304482 ], [ 1004069.492615969618782, 187155.809591210534563 ], [ 1004070.923542439355515, 187101.889918921369826 ], [ 1004066.25465419748798, 187045.051012071286095 ], [ 1004056.037653747247532, 186989.300143871019827 ], [ 1004042.20834404299967, 186941.562038116506301 ], [ 1004039.717117661028169, 186935.366536669083871 ], [ 1003926.968816917855293, 186763.311504953249823 ], [ 1003297.597557002212852, 186795.599430021975422 ] ] ] } },
{ "type": "Feature", "properties": { "GISJOIN": "G36004700381003", "Total Pop (Race/Ethnicity)": 695, "Not Hispanic or Latino": 552, "Not Hispanic or Latino: White alone": 273, "Not Hispanic or Latino: Black or African American alone": 92, "Not Hispanic or Latino: American Indian and Alaska Native alone": 0, "Not Hispanic or Latino: Asian alone": 162, "Not Hispanic or Latino: Native Hawaiian and Other Pacific Islander alone": 0, "Not Hispanic or Latino: Some other race alone": 0, "Not Hispanic or Latino: Two or more races": 25, "Not Hispanic or Latino: Two or more races: Two races including Some other race": 0, "Not Hispanic or Latino: Two or more races: Two races excluding Some other race, and three or more races": 25, "Hispanic or Latino": 143, "Total Households (Income)": 322, "Less than $10,000": 11, "$10,000 to $14,999": 0, "$15,000 to $19,999": 0, "$20,000 to $24,999": 0, "$25,000 to $29,999": 0, "$30,000 to $34,999": 0, "$35,000 to $39,999": 0, "$40,000 to $44,999": 0, "$45,000 to $49,999": 32, "$50,000 to $59,999": 10, "$60,000 to $74,999": 0, "$75,000 to $99,999": 98, "$100,000 to $124,999": 24, "$125,000 to $149,999": 0, "$150,000 to $199,999": 44, "$200,000 or more": 103, "COUNTY": "Kings County", "TRACTCE": "038100", "BLKGRPCE": "3", "Area (Sq Mi)": 0.025638996138996138, "zip_code": "11233", "block_group": "0381003", "bg_area": 714777.54464603227, "overlap_area": 714777.54464603215, "frac_in_neighborhood": 0.99999999999999989, "pop_in_neighborhood": 694.99999999999989, "neighborhood": "bedstuy" }, "geometry": { "type": "Polygon", "coordinates": [ [ [ 1004618.762436880497262, 186715.790246958757052 ], [ 1004399.075703602051362, 186729.451499267335748 ], [ 1003926.968816917855293, 186763.311504953249823 ], [ 1004039.717117661028169, 186935.366536669083871 ], [ 1004042.20834404299967, 186941.562038116506301 ], [ 1004056.037653747247532, 186989.300143871019827 ], [ 1004066.25465419748798, 187045.051012071286095 ], [ 1004070.923542439355515, 187101.889918921369826 ], [ 1004069.492615969618782, 187155.809591210534563 ], [ 1004062.513259829953313, 187211.546269959304482 ], [ 1004018.196212756447494, 187477.470148963417159 ], [ 1004833.805434471461922, 187599.83326839201618 ], [ 1004878.683877811068669, 187336.097222864511423 ], [ 1004919.406151486444287, 187068.350196294661146 ], [ 1004958.182954766089097, 186806.430636185395997 ], [ 1004978.807410436565988, 186689.862868879310554 ], [ 1004618.762436880497262, 186715.790246958757052 ] ] ] } },
{ "type": "Feature", "properties": { "GISJOIN": "G36004700381002", "Total Pop (Race/Ethnicity)": 1487, "Not Hispanic or Latino": 1267, "Not Hispanic or Latino: White alone": 0, "Not Hispanic or Latino: Black or African American alone": 1185, "Not Hispanic or Latino: American Indian and Alaska Native alone": 0, "Not Hispanic or Latino: Asian alone": 0, "Not Hispanic or Latino: Native Hawaiian and Other Pacific Islander alone": 0, "Not Hispanic or Latino: Some other race alone": 0, "Not Hispanic or Latino: Two or more races": 82, "Not Hispanic or Latino: Two or more races: Two races including Some other race": 0, "Not Hispanic or Latino: Two or more races: Two races excluding Some other race, and three or more races": 82, "Hispanic or Latino": 220, "Total Households (Income)": 836, "Less than $10,000": 185, "$10,000 to $14,999": 15, "$15,000 to $19,999": 99, "$20,000 to $24,999": 20, "$25,000 to $29,999": 0, "$30,000 to $34,999": 0, "$35,000 to $39,999": 20, "$40,000 to $44,999": 70, "$45,000 to $49,999": 24, "$50,000 to $59,999": 0, "$60,000 to $74,999": 92, "$75,000 to $99,999": 254, "$100,000 to $124,999": 0, "$125,000 to $149,999": 31, "$150,000 to $199,999": 26, "$200,000 or more": 0, "COUNTY": "Kings County", "TRACTCE": "038100", "BLKGRPCE": "2", "Area (Sq Mi)": 0.033097297297297296, "zip_code": "11233", "block_group": "0381002", "bg_area": 922690.94638154353, "overlap_area": 922690.90511721361, "frac_in_neighborhood": 0.9999999552782759, "pop_in_neighborhood": 1486.9999334987963, "neighborhood": "bedstuy" }, "geometry": { "type": "Polygon", "coordinates": [ [ [ 1005807.406504599377513, 187201.737540946633089 ], [ 1005847.860617914353497, 186935.448968200973468 ], [ 1005892.178003875422291, 186692.480869575520046 ], [ 1005930.497550967847928, 186644.423820803436683 ], [ 1005982.525854253559373, 186617.002643936313689 ], [ 1005982.513712779269554, 186616.812247458379716 ], [ 1005744.670473626814783, 186633.693031388364034 ], [ 1005165.489145161351189, 186675.085764306975761 ], [ 1004978.807410436565988, 186689.862868879310554 ], [ 1004958.182954766089097, 186806.430636185395997 ], [ 1004919.406151486444287, 187068.350196294661146 ], [ 1004878.683877811068669, 187336.097222864511423 ], [ 1004833.805434471461922, 187599.83326839201618 ], [ 1005732.603121421881951, 187733.591883782675723 ], [ 1005765.564967895625159, 187469.48229378942051 ], [ 1005807.406504599377513, 187201.737540946633089 ] ] ] } },
{ "type": "Feature", "properties": { "GISJOIN": "G36004700297003", "Total Pop (Race/Ethnicity)": 900, "Not Hispanic or Latino": 792, "Not Hispanic or Latino: White alone": 214, "Not Hispanic or Latino: Black or African American alone": 486, "Not Hispanic or Latino: American Indian and Alaska Native alone": 4, "Not Hispanic or Latino: Asian alone": 29, "Not Hispanic or Latino: Native Hawaiian and Other Pacific Islander alone": 0, "Not Hispanic or Latino: Some other race alone": 0, "Not Hispanic or Latino: Two or more races": 59, "Not Hispanic or Latino: Two or more races: Two races including Some other race": 31, "Not Hispanic or Latino: Two or more races: Two races excluding Some other race, and three or more races": 28, "Hispanic or Latino": 108, "Total Households (Income)": 445, "Less than $10,000": 0, "$10,000 to $14,999": 0, "$15,000 to $19,999": 15, "$20,000 to $24,999": 0, "$25,000 to $29,999": 0, "$30,000 to $34,999": 0, "$35,000 to $39,999": 0, "$40,000 to $44,999": 50, "$45,000 to $49,999": 0, "$50,000 to $59,999": 11, "$60,000 to $74,999": 129, "$75,000 to $99,999": 36, "$100,000 to $124,999": 80, "$125,000 to $149,999": 58, "$150,000 to $199,999": 64, "$200,000 or more": 2, "COUNTY": "Kings County", "TRACTCE": "029700", "BLKGRPCE": "3", "Area (Sq Mi)": 0.023823938223938225, "zip_code": "11233", "block_group": "0297003", "bg_area": 664181.61504871305, "overlap_area": 664181.61504871305, "frac_in_neighborhood": 1.0, "pop_in_neighborhood": 900.0, "neighborhood": "bedstuy" }, "geometry": { "type": "Polygon", "coordinates": [ [ [ 1002397.49444445152767, 187231.376550380518893 ], [ 1002357.355354104889557, 187498.39984918438131 ], [ 1002316.38489352457691, 187765.422418655682122 ], [ 1002275.692994346143678, 188032.445475312764756 ], [ 1003086.021857108687982, 188155.47489517214126 ], [ 1003126.999494181596674, 187888.817613861523569 ], [ 1003167.701483940356411, 187621.431641819508513 ], [ 1003208.403852540650405, 187354.774658864218509 ], [ 1002397.49444445152767, 187231.376550380518893 ] ] ] } },
{ "type": "Feature", "properties": { "GISJOIN": "G36004700311003", "Total Pop (Race/Ethnicity)": 1427, "Not Hispanic or Latino": 1065, "Not Hispanic or Latino: White alone": 258, "Not Hispanic or Latino: Black or African American alone": 636, "Not Hispanic or Latino: American Indian and Alaska Native alone": 0, "Not Hispanic or Latino: Asian alone": 110, "Not Hispanic or Latino: Native Hawaiian and Other Pacific Islander alone": 0, "Not Hispanic or Latino: Some other race alone": 26, "Not Hispanic or Latino: Two or more races": 35, "Not Hispanic or Latino: Two or more races: Two races including Some other race": 35, "Not Hispanic or Latino: Two or more races: Two races excluding Some other race, and three or more races": 0, "Hispanic or Latino": 362, "Total Households (Income)": 541, "Less than $10,000": 0, "$10,000 to $14,999": 50, "$15,000 to $19,999": 0, "$20,000 to $24,999": 8, "$25,000 to $29,999": 3, "$30,000 to $34,999": 17, "$35,000 to $39,999": 32, "$40,000 to $44,999": 0, "$45,000 to $49,999": 14, "$50,000 to $59,999": 0, "$60,000 to $74,999": 48, "$75,000 to $99,999": 144, "$100,000 to $124,999": 40, "$125,000 to $149,999": 24, "$150,000 to $199,999": 120, "$200,000 or more": 41, "COUNTY": "Kings County", "TRACTCE": "031100", "BLKGRPCE": "3", "Area (Sq Mi)": 0.017034362934362935, "zip_code": "11213", "block_group": "0311003", "bg_area": 474895.96308712102, "overlap_area": 4255.0926558308138, "frac_in_neighborhood": 0.0089600522779137732, "pop_in_neighborhood": 12.785994600582955, "neighborhood": "bedstuy" }, "geometry": { "type": "Polygon", "coordinates": [ [ [ 1000737.548762337188236, 186319.006763529992895 ], [ 1000940.872422299114987, 186304.936874255508883 ], [ 1001282.609066911973059, 186285.135957962687826 ], [ 1001282.063073913799599, 186275.333322070568101 ], [ 1001276.003605475299992, 186275.778132350707892 ], [ 1000940.419946548179723, 186299.684941215382423 ], [ 1000735.013044885592535, 186313.792065157234902 ], [ 1000518.6022209872026, 186329.142748231388396 ], [ 1000737.548762337188236, 186319.006763529992895 ] ] ] } },
{ "type": "Feature", "properties": { "GISJOIN": "G36004700271001", "Total Pop (Race/Ethnicity)": 2059, "Not Hispanic or Latino": 1808, "Not Hispanic or Latino: White alone": 356, "Not Hispanic or Latino: Black or African American alone": 1177, "Not Hispanic or Latino: American Indian and Alaska Native alone": 0, "Not Hispanic or Latino: Asian alone": 70, "Not Hispanic or Latino: Native Hawaiian and Other Pacific Islander alone": 0, "Not Hispanic or Latino: Some other race alone": 4, "Not Hispanic or Latino: Two or more races": 201, "Not Hispanic or Latino: Two or more races: Two races including Some other race": 0, "Not Hispanic or Latino: Two or more races: Two races excluding Some other race, and three or more races": 201, "Hispanic or Latino": 251, "Total Households (Income)": 874, "Less than $10,000": 114, "$10,000 to $14,999": 0, "$15,000 to $19,999": 14, "$20,000 to $24,999": 86, "$25,000 to $29,999": 0, "$30,000 to $34,999": 67, "$35,000 to $39,999": 0, "$40,000 to $44,999": 21, "$45,000 to $49,999": 7, "$50,000 to $59,999": 4, "$60,000 to $74,999": 121, "$75,000 to $99,999": 54, "$100,000 to $124,999": 127, "$125,000 to $149,999": 14, "$150,000 to $199,999": 164, "$200,000 or more": 81, "COUNTY": "Kings County", "TRACTCE": "027100", "BLKGRPCE": "1", "Area (Sq Mi)": 0.047988416988416986, "zip_code": "11213", "block_group": "0271001", "bg_area": 1337842.5817387593, "overlap_area": 1337723.5738416219, "frac_in_neighborhood": 0.99991104491756966, "pop_in_neighborhood": 2058.8168414852757, "neighborhood": "bedstuy" }, "geometry": { "type": "Polygon", "coordinates": [ [ [ 1001476.22658076742664, 186268.513205931318225 ], [ 1001282.609066911973059, 186285.135957962687826 ], [ 1000940.872422299114987, 186304.936874255508883 ], [ 1000737.548762337188236, 186319.006763529992895 ], [ 1000518.6022209872026, 186329.142748231388396 ], [ 1000512.542947107926011, 186329.572551100311102 ], [ 1000415.512051458586939, 186335.769710507185664 ], [ 1000389.071768380585127, 186337.458857291785534 ], [ 1000009.357254957547411, 186361.713151830597781 ], [ 999743.695046841399744, 186381.543551260256208 ], [ 999769.224591020843945, 186781.795261472929269 ], [ 999789.852062627207488, 187055.783627436379902 ], [ 999987.066132007166743, 187042.430434341629734 ], [ 1000556.52162593731191, 187001.63699740494485 ], [ 1000800.891338247456588, 186984.314672235399485 ], [ 1001273.266677500214428, 186950.393984715687111 ], [ 1001325.691407616948709, 186946.78750215555192 ], [ 1001321.296125644352287, 186885.941272609052248 ], [ 1001305.91296083945781, 186673.162434642290464 ], [ 1002112.818516972474754, 186616.542779582319781 ], [ 1002088.742406718432903, 186541.837610054819379 ], [ 1002068.552438872284256, 186462.763530882744817 ], [ 1002056.119086250779219, 186396.810679789283313 ], [ 1002045.915815334417857, 186315.558169692696538 ], [ 1002041.255760091822594, 186239.774092658655718 ], [ 1002041.26300859125331, 186229.937541286490159 ], [ 1001476.22658076742664, 186268.513205931318225 ] ] ] } },
{ "type": "Feature", "properties": { "GISJOIN": "G36004700247001", "Total Pop (Race/Ethnicity)": 1241, "Not Hispanic or Latino": 1125, "Not Hispanic or Latino: White alone": 308, "Not Hispanic or Latino: Black or African American alone": 567, "Not Hispanic or Latino: American Indian and Alaska Native alone": 0, "Not Hispanic or Latino: Asian alone": 45, "Not Hispanic or Latino: Native Hawaiian and Other Pacific Islander alone": 0, "Not Hispanic or Latino: Some other race alone": 0, "Not Hispanic or Latino: Two or more races": 205, "Not Hispanic or Latino: Two or more races: Two races including Some other race": 100, "Not Hispanic or Latino: Two or more races: Two races excluding Some other race, and three or more races": 105, "Hispanic or Latino": 116, "Total Households (Income)": 762, "Less than $10,000": 49, "$10,000 to $14,999": 95, "$15,000 to $19,999": 117, "$20,000 to $24,999": 45, "$25,000 to $29,999": 18, "$30,000 to $34,999": 0, "$35,000 to $39,999": 0, "$40,000 to $44,999": 0, "$45,000 to $49,999": 28, "$50,000 to $59,999": 21, "$60,000 to $74,999": 0, "$75,000 to $99,999": 87, "$100,000 to $124,999": 35, "$125,000 to $149,999": 29, "$150,000 to $199,999": 39, "$200,000 or more": 199, "COUNTY": "Kings County", "TRACTCE": "024700", "BLKGRPCE": "1", "Area (Sq Mi)": 0.037272586872586874, "zip_code": "11216", "block_group": "0247001", "bg_area": 1039095.4370335418, "overlap_area": 1038714.0835615972, "frac_in_neighborhood": 0.99963299475837042, "pop_in_neighborhood": 1240.5445464951376, "neighborhood": "bedstuy" }, "geometry": { "type": "Polygon", "coordinates": [ [ [ 998778.263635603128932, 186450.984800123638706 ], [ 998741.347669685026631, 186453.666795948229264 ], [ 998624.534678288386203, 186463.18470031756442 ], [ 998581.14384529646486, 186467.103894984524231 ], [ 998576.732506260159425, 186467.74031353223836 ], [ 998538.211130673764274, 186470.981710978929186 ], [ 998507.809739189455286, 186473.727658985852031 ], [ 998485.309706977219321, 186475.732001804572064 ], [ 998207.543860861449502, 186500.48293638791074 ], [ 998216.326157455681823, 186644.958441026072251 ], [ 998233.382100795162842, 186890.161597677972168 ], [ 998240.990288005210459, 187164.870051097153919 ], [ 998747.475178939756006, 187129.462789740529843 ], [ 999019.856931210728362, 187110.681625141092809 ], [ 999151.610082673141733, 187100.925273362110602 ], [ 999789.852062627207488, 187055.783627436379902 ], [ 999769.224591020843945, 186781.795261472929269 ], [ 999743.695046841399744, 186381.543551260256208 ], [ 999743.580087894224562, 186381.552132389857434 ], [ 998975.201205147779547, 186437.708359754149569 ], [ 998913.119431574945338, 186441.671261552954093 ], [ 998778.263635603128932, 186450.984800123638706 ] ] ] } },
{ "type": "Feature", "properties": { "GISJOIN": "G36004700273003", "Total Pop (Race/Ethnicity)": 2397, "Not Hispanic or Latino": 1894, "Not Hispanic or Latino: White alone": 108, "Not Hispanic or Latino: Black or African American alone": 1453, "Not Hispanic or Latino: American Indian and Alaska Native alone": 0, "Not Hispanic or Latino: Asian alone": 115, "Not Hispanic or Latino: Native Hawaiian and Other Pacific Islander alone": 0, "Not Hispanic or Latino: Some other race alone": 52, "Not Hispanic or Latino: Two or more races": 166, "Not Hispanic or Latino: Two or more races: Two races including Some other race": 4, "Not Hispanic or Latino: Two or more races: Two races excluding Some other race, and three or more races": 162, "Hispanic or Latino": 503, "Total Households (Income)": 785, "Less than $10,000": 23, "$10,000 to $14,999": 79, "$15,000 to $19,999": 17, "$20,000 to $24,999": 49, "$25,000 to $29,999": 34, "$30,000 to $34,999": 0, "$35,000 to $39,999": 13, "$40,000 to $44,999": 51, "$45,000 to $49,999": 90, "$50,000 to $59,999": 47, "$60,000 to $74,999": 23, "$75,000 to $99,999": 47, "$100,000 to $124,999": 2, "$125,000 to $149,999": 78, "$150,000 to $199,999": 113, "$200,000 or more": 119, "COUNTY": "Kings County", "TRACTCE": "027300", "BLKGRPCE": "3", "Area (Sq Mi)": 0.026508880308880309, "zip_code": "11213", "block_group": "0273003", "bg_area": 739020.15663059673, "overlap_area": 739020.15663059684, "frac_in_neighborhood": 1.0000000000000002, "pop_in_neighborhood": 2397.0000000000005, "neighborhood": "bedstuy" }, "geometry": { "type": "Polygon", "coordinates": [ [ [ 1002415.061861305846833, 187106.060556347219972 ], [ 1002446.509133773506619, 186965.452891472436022 ], [ 1002458.787269292864949, 186866.729170178703498 ], [ 1002314.272014956455678, 186877.18701385933673 ], [ 1001613.61065534024965, 186926.589062557846773 ], [ 1001325.691407616948709, 186946.78750215555192 ], [ 1001273.266677500214428, 186950.393984715687111 ], [ 1000800.891338247456588, 186984.314672235399485 ], [ 1000759.379503958625719, 187255.711203504761215 ], [ 1001294.63004399696365, 187336.961955653707264 ], [ 1001545.61363610974513, 187375.758310844074003 ], [ 1001598.861466399393976, 187383.447048109897878 ], [ 1002357.355354104889557, 187498.39984918438131 ], [ 1002397.49444445152767, 187231.376550380518893 ], [ 1002415.061861305846833, 187106.060556347219972 ] ] ] } },
{ "type": "Feature", "properties": { "GISJOIN": "G36004700269002", "Total Pop (Race/Ethnicity)": 828, "Not Hispanic or Latino": 659, "Not Hispanic or Latino: White alone": 281, "Not Hispanic or Latino: Black or African American alone": 213, "Not Hispanic or Latino: American Indian and Alaska Native alone": 0, "Not Hispanic or Latino: Asian alone": 0, "Not Hispanic or Latino: Native Hawaiian and Other Pacific Islander alone": 0, "Not Hispanic or Latino: Some other race alone": 0, "Not Hispanic or Latino: Two or more races": 165, "Not Hispanic or Latino: Two or more races: Two races including Some other race": 0, "Not Hispanic or Latino: Two or more races: Two races excluding Some other race, and three or more races": 165, "Hispanic or Latino": 169, "Total Households (Income)": 252, "Less than $10,000": 14, "$10,000 to $14,999": 0, "$15,000 to $19,999": 0, "$20,000 to $24,999": 30, "$25,000 to $29,999": 0, "$30,000 to $34,999": 0, "$35,000 to $39,999": 0, "$40,000 to $44,999": 0, "$45,000 to $49,999": 13, "$50,000 to $59,999": 37, "$60,000 to $74,999": 13, "$75,000 to $99,999": 56, "$100,000 to $124,999": 15, "$125,000 to $149,999": 0, "$150,000 to $199,999": 32, "$200,000 or more": 42, "COUNTY": "Kings County", "TRACTCE": "026900", "BLKGRPCE": "2", "Area (Sq Mi)": 0.012996525096525097, "zip_code": "11216", "block_group": "0269002", "bg_area": 362315.05421963101, "overlap_area": 362315.0542196309, "frac_in_neighborhood": 0.99999999999999967, "pop_in_neighborhood": 827.99999999999977, "neighborhood": "bedstuy" }, "geometry": { "type": "Polygon", "coordinates": [ [ [ 1000800.891338247456588, 186984.314672235399485 ], [ 1000556.52162593731191, 187001.63699740494485 ], [ 999987.066132007166743, 187042.430434341629734 ], [ 999972.858590665622614, 187138.240027760824887 ], [ 999935.51966665731743, 187405.26902791991597 ], [ 1000719.535512401838787, 187523.466081089136424 ], [ 1000759.379503958625719, 187255.711203504761215 ], [ 1000800.891338247456588, 186984.314672235399485 ] ] ] } },
{ "type": "Feature", "properties": { "GISJOIN": "G36004700249004", "Total Pop (Race/Ethnicity)": 492, "Not Hispanic or Latino": 478, "Not Hispanic or Latino: White alone": 44, "Not Hispanic or Latino: Black or African American alone": 304, "Not Hispanic or Latino: American Indian and Alaska Native alone": 0, "Not Hispanic or Latino: Asian alone": 104, "Not Hispanic or Latino: Native Hawaiian and Other Pacific Islander alone": 26, "Not Hispanic or Latino: Some other race alone": 0, "Not Hispanic or Latino: Two or more races": 0, "Not Hispanic or Latino: Two or more races: Two races including Some other race": 0, "Not Hispanic or Latino: Two or more races: Two races excluding Some other race, and three or more races": 0, "Hispanic or Latino": 14, "Total Households (Income)": 260, "Less than $10,000": 14, "$10,000 to $14,999": 16, "$15,000 to $19,999": 0, "$20,000 to $24,999": 0, "$25,000 to $29,999": 0, "$30,000 to $34,999": 0, "$35,000 to $39,999": 20, "$40,000 to $44,999": 0, "$45,000 to $49,999": 0, "$50,000 to $59,999": 29, "$60,000 to $74,999": 51, "$75,000 to $99,999": 9, "$100,000 to $124,999": 15, "$125,000 to $149,999": 69, "$150,000 to $199,999": 37, "$200,000 or more": 0, "COUNTY": "Kings County", "TRACTCE": "024900", "BLKGRPCE": "4", "Area (Sq Mi)": 0.011590733590733591, "zip_code": "11216", "block_group": "0249004", "bg_area": 323134.3688850805, "overlap_area": 323134.36888508045, "frac_in_neighborhood": 0.99999999999999978, "pop_in_neighborhood": 491.99999999999989, "neighborhood": "bedstuy" }, "geometry": { "type": "Polygon", "coordinates": [ [ [ 999019.856931210728362, 187110.681625141092809 ], [ 998747.475178939756006, 187129.462789740529843 ], [ 998240.990288005210459, 187164.870051097153919 ], [ 998197.024743130197749, 187412.58822578645777 ], [ 998774.988471761345863, 187502.187559869838879 ], [ 999106.124887489946559, 187551.208188119897386 ], [ 999148.168970370432362, 187285.273490601161029 ], [ 999151.610082673141733, 187100.925273362110602 ], [ 999019.856931210728362, 187110.681625141092809 ] ] ] } },
{ "type": "Feature", "properties": { "GISJOIN": "G36004700269003", "Total Pop (Race/Ethnicity)": 1184, "Not Hispanic or Latino": 897, "Not Hispanic or Latino: White alone": 195, "Not Hispanic or Latino: Black or African American alone": 608, "Not Hispanic or Latino: American Indian and Alaska Native alone": 0, "Not Hispanic or Latino: Asian alone": 37, "Not Hispanic or Latino: Native Hawaiian and Other Pacific Islander alone": 0, "Not Hispanic or Latino: Some other race alone": 0, "Not Hispanic or Latino: Two or more races": 57, "Not Hispanic or Latino: Two or more races: Two races including Some other race": 46, "Not Hispanic or Latino: Two or more races: Two races excluding Some other race, and three or more races": 11, "Hispanic or Latino": 287, "Total Households (Income)": 524, "Less than $10,000": 32, "$10,000 to $14,999": 0, "$15,000 to $19,999": 30, "$20,000 to $24,999": 0, "$25,000 to $29,999": 0, "$30,000 to $34,999": 17, "$35,000 to $39,999": 45, "$40,000 to $44,999": 0, "$45,000 to $49,999": 10, "$50,000 to $59,999": 0, "$60,000 to $74,999": 26, "$75,000 to $99,999": 173, "$100,000 to $124,999": 40, "$125,000 to $149,999": 0, "$150,000 to $199,999": 57, "$200,000 or more": 94, "COUNTY": "Kings County", "TRACTCE": "026900", "BLKGRPCE": "3", "Area (Sq Mi)": 0.023372586872586872, "zip_code": "11216", "block_group": "0269003", "bg_area": 651599.20608668681, "overlap_area": 651599.20608668681, "frac_in_neighborhood": 1.0, "pop_in_neighborhood": 1184.0, "neighborhood": "bedstuy" }, "geometry": { "type": "Polygon", "coordinates": [ [ [ 999972.858590665622614, 187138.240027760824887 ], [ 999987.066132007166743, 187042.430434341629734 ], [ 999789.852062627207488, 187055.783627436379902 ], [ 999151.610082673141733, 187100.925273362110602 ], [ 999148.168970370432362, 187285.273490601161029 ], [ 999106.124887489946559, 187551.208188119897386 ], [ 999066.299954285263084, 187817.8725281432271 ], [ 999852.524487642338499, 187937.499976837978465 ], [ 999892.635213623289019, 187670.47282645071391 ], [ 999935.51966665731743, 187405.26902791991597 ], [ 999972.858590665622614, 187138.240027760824887 ] ] ] } },
{ "type": "Feature", "properties": { "GISJOIN": "G36004700273002", "Total Pop (Race/Ethnicity)": 898, "Not Hispanic or Latino": 877, "Not Hispanic or Latino: White alone": 102, "Not Hispanic or Latino: Black or African American alone": 775, "Not Hispanic or Latino: American Indian and Alaska Native alone": 0, "Not Hispanic or Latino: Asian alone": 0, "Not Hispanic or Latino: Native Hawaiian and Other Pacific Islander alone": 0, "Not Hispanic or Latino: Some other race alone": 0, "Not Hispanic or Latino: Two or more races": 0, "Not Hispanic or Latino: Two or more races: Two races including Some other race": 0, "Not Hispanic or Latino: Two or more races: Two races excluding Some other race, and three or more races": 0, "Hispanic or Latino": 21, "Total Households (Income)": 327, "Less than $10,000": 0, "$10,000 to $14,999": 19, "$15,000 to $19,999": 0, "$20,000 to $24,999": 0, "$25,000 to $29,999": 0, "$30,000 to $34,999": 0, "$35,000 to $39,999": 0, "$40,000 to $44,999": 0, "$45,000 to $49,999": 0, "$50,000 to $59,999": 0, "$60,000 to $74,999": 44, "$75,000 to $99,999": 0, "$100,000 to $124,999": 135, "$125,000 to $149,999": 20, "$150,000 to $199,999": 63, "$200,000 or more": 46, "COUNTY": "Kings County", "TRACTCE": "027300", "BLKGRPCE": "2", "Area (Sq Mi)": 0.015650193050193051, "zip_code": "11216", "block_group": "0273002", "bg_area": 436297.70080437348, "overlap_area": 436297.70080437348, "frac_in_neighborhood": 1.0, "pop_in_neighborhood": 898.0, "neighborhood": "bedstuy" }, "geometry": { "type": "Polygon", "coordinates": [ [ [ 1001598.861466399393976, 187383.447048109897878 ], [ 1001545.61363610974513, 187375.758310844074003 ], [ 1001294.63004399696365, 187336.961955653707264 ], [ 1000759.379503958625719, 187255.711203504761215 ], [ 1000719.535512401838787, 187523.466081089136424 ], [ 1001504.929989325115457, 187642.053564738424029 ], [ 1001578.976672080345452, 187653.036143817967968 ], [ 1002316.38489352457691, 187765.422418655682122 ], [ 1002357.355354104889557, 187498.39984918438131 ], [ 1001598.861466399393976, 187383.447048109897878 ] ] ] } },
{ "type": "Feature", "properties": { "GISJOIN": "G36004700269001", "Total Pop (Race/Ethnicity)": 1432, "Not Hispanic or Latino": 846, "Not Hispanic or Latino: White alone": 206, "Not Hispanic or Latino: Black or African American alone": 521, "Not Hispanic or Latino: American Indian and Alaska Native alone": 0, "Not Hispanic or Latino: Asian alone": 57, "Not Hispanic or Latino: Native Hawaiian and Other Pacific Islander alone": 0, "Not Hispanic or Latino: Some other race alone": 0, "Not Hispanic or Latino: Two or more races": 62, "Not Hispanic or Latino: Two or more races: Two races including Some other race": 0, "Not Hispanic or Latino: Two or more races: Two races excluding Some other race, and three or more races": 62, "Hispanic or Latino": 586, "Total Households (Income)": 526, "Less than $10,000": 43, "$10,000 to $14,999": 41, "$15,000 to $19,999": 0, "$20,000 to $24,999": 0, "$25,000 to $29,999": 15, "$30,000 to $34,999": 0, "$35,000 to $39,999": 0, "$40,000 to $44,999": 0, "$45,000 to $49,999": 0, "$50,000 to $59,999": 0, "$60,000 to $74,999": 88, "$75,000 to $99,999": 14, "$100,000 to $124,999": 110, "$125,000 to $149,999": 77, "$150,000 to $199,999": 66, "$200,000 or more": 72, "COUNTY": "Kings County", "TRACTCE": "026900", "BLKGRPCE": "1", "Area (Sq Mi)": 0.015347490347490347, "zip_code": "11216", "block_group": "0269001", "bg_area": 427865.21444250585, "overlap_area": 427865.21444250585, "frac_in_neighborhood": 1.0, "pop_in_neighborhood": 1432.0, "neighborhood": "bedstuy" }, "geometry": { "type": "Polygon", "coordinates": [ [ [ 1000719.535512401838787, 187523.466081089136424 ], [ 999935.51966665731743, 187405.26902791991597 ], [ 999892.635213623289019, 187670.47282645071391 ], [ 999852.524487642338499, 187937.499976837978465 ], [ 1000637.632567617925815, 188056.424200600275071 ], [ 1000678.028976179310121, 187789.398213983135065 ], [ 1000719.535512401838787, 187523.466081089136424 ] ] ] } },
{ "type": "Feature", "properties": { "GISJOIN": "G36004700273001", "Total Pop (Race/Ethnicity)": 881, "Not Hispanic or Latino": 872, "Not Hispanic or Latino: White alone": 201, "Not Hispanic or Latino: Black or African American alone": 584, "Not Hispanic or Latino: American Indian and Alaska Native alone": 0, "Not Hispanic or Latino: Asian alone": 46, "Not Hispanic or Latino: Native Hawaiian and Other Pacific Islander alone": 0, "Not Hispanic or Latino: Some other race alone": 0, "Not Hispanic or Latino: Two or more races": 41, "Not Hispanic or Latino: Two or more races: Two races including Some other race": 8, "Not Hispanic or Latino: Two or more races: Two races excluding Some other race, and three or more races": 33, "Hispanic or Latino": 9, "Total Households (Income)": 308, "Less than $10,000": 17, "$10,000 to $14,999": 0, "$15,000 to $19,999": 0, "$20,000 to $24,999": 0, "$25,000 to $29,999": 0, "$30,000 to $34,999": 9, "$35,000 to $39,999": 0, "$40,000 to $44,999": 0, "$45,000 to $49,999": 0, "$50,000 to $59,999": 0, "$60,000 to $74,999": 18, "$75,000 to $99,999": 0, "$100,000 to $124,999": 0, "$125,000 to $149,999": 55, "$150,000 to $199,999": 72, "$200,000 or more": 137, "COUNTY": "Kings County", "TRACTCE": "027300", "BLKGRPCE": "1", "Area (Sq Mi)": 0.015642084942084942, "zip_code": "11233", "block_group": "0273001", "bg_area": 436070.0770629872, "overlap_area": 436070.07706298726, "frac_in_neighborhood": 1.0000000000000002, "pop_in_neighborhood": 881.00000000000023, "neighborhood": "bedstuy" }, "geometry": { "type": "Polygon", "coordinates": [ [ [ 1001578.976672080345452, 187653.036143817967968 ], [ 1001504.929989325115457, 187642.053564738424029 ], [ 1000719.535512401838787, 187523.466081089136424 ], [ 1000678.028976179310121, 187789.398213983135065 ], [ 1001464.524188038776629, 187909.078031257289695 ], [ 1002275.692994346143678, 188032.445475312764756 ], [ 1002316.38489352457691, 187765.422418655682122 ], [ 1001578.976672080345452, 187653.036143817967968 ] ] ] } },
{ "type": "Feature", "properties": { "GISJOIN": "G36004700315001", "Total Pop (Race/Ethnicity)": 1081, "Not Hispanic or Latino": 960, "Not Hispanic or Latino: White alone": 336, "Not Hispanic or Latino: Black or African American alone": 387, "Not Hispanic or Latino: American Indian and Alaska Native alone": 0, "Not Hispanic or Latino: Asian alone": 127, "Not Hispanic or Latino: Native Hawaiian and Other Pacific Islander alone": 0, "Not Hispanic or Latino: Some other race alone": 0, "Not Hispanic or Latino: Two or more races": 110, "Not Hispanic or Latino: Two or more races: Two races including Some other race": 34, "Not Hispanic or Latino: Two or more races: Two races excluding Some other race, and three or more races": 76, "Hispanic or Latino": 121, "Total Households (Income)": 489, "Less than $10,000": 0, "$10,000 to $14,999": 23, "$15,000 to $19,999": 34, "$20,000 to $24,999": 19, "$25,000 to $29,999": 21, "$30,000 to $34,999": 30, "$35,000 to $39,999": 29, "$40,000 to $44,999": 0, "$45,000 to $49,999": 32, "$50,000 to $59,999": 20, "$60,000 to $74,999": 25, "$75,000 to $99,999": 105, "$100,000 to $124,999": 62, "$125,000 to $149,999": 18, "$150,000 to $199,999": 71, "$200,000 or more": 0, "COUNTY": "Kings County", "TRACTCE": "031500", "BLKGRPCE": "1", "Area (Sq Mi)": 0.016903861003861004, "zip_code": "11216", "block_group": "0315001", "bg_area": 471249.13416844548, "overlap_area": 24.459386330127774, "frac_in_neighborhood": 5.1903302428954487e-05, "pop_in_neighborhood": 0.056107469925699802, "neighborhood": "bedstuy" }, "geometry": { "type": "MultiPolygon", "coordinates": [ [ [ [ 998576.732506260159425, 186467.74031353223836 ], [ 998581.14384529646486, 186467.103894984524231 ], [ 998538.211130673764274, 186470.981710978929186 ], [ 998576.732506260159425, 186467.74031353223836 ] ] ], [ [ [ 998913.119431574945338, 186441.671261552954093 ], [ 998858.239420730969869, 186445.174449061567429 ], [ 998778.263635603128932, 186450.984800123638706 ], [ 998913.119431574945338, 186441.671261552954093 ] ] ] ] } },
{ "type": "Feature", "properties": { "GISJOIN": "G36004700221001", "Total Pop (Race/Ethnicity)": 1636, "Not Hispanic or Latino": 1401, "Not Hispanic or Latino: White alone": 642, "Not Hispanic or Latino: Black or African American alone": 580, "Not Hispanic or Latino: American Indian and Alaska Native alone": 0, "Not Hispanic or Latino: Asian alone": 44, "Not Hispanic or Latino: Native Hawaiian and Other Pacific Islander alone": 0, "Not Hispanic or Latino: Some other race alone": 0, "Not Hispanic or Latino: Two or more races": 135, "Not Hispanic or Latino: Two or more races: Two races including Some other race": 0, "Not Hispanic or Latino: Two or more races: Two races excluding Some other race, and three or more races": 135, "Hispanic or Latino": 235, "Total Households (Income)": 636, "Less than $10,000": 58, "$10,000 to $14,999": 15, "$15,000 to $19,999": 60, "$20,000 to $24,999": 91, "$25,000 to $29,999": 0, "$30,000 to $34,999": 21, "$35,000 to $39,999": 0, "$40,000 to $44,999": 0, "$45,000 to $49,999": 10, "$50,000 to $59,999": 24, "$60,000 to $74,999": 18, "$75,000 to $99,999": 28, "$100,000 to $124,999": 19, "$125,000 to $149,999": 85, "$150,000 to $199,999": 135, "$200,000 or more": 72, "COUNTY": "Kings County", "TRACTCE": "022100", "BLKGRPCE": "1", "Area (Sq Mi)": 0.024173745173745174, "zip_code": "11216", "block_group": "0221001", "bg_area": 673914.95310028549, "overlap_area": 3.8591679082193244, "frac_in_neighborhood": 5.7264909918760033e-06, "pop_in_neighborhood": 0.0093685392627091413, "neighborhood": "bedstuy" }, "geometry": { "type": "Polygon", "coordinates": [ [ [ 996649.705252862069756, 186732.276279860176146 ], [ 996645.809596042730846, 186757.048237061186228 ], [ 996645.818816930172034, 186757.04578637573286 ], [ 996650.080879979417659, 186731.780598989251303 ], [ 996649.768354367930442, 186731.86876071113511 ], [ 996649.705252862069756, 186732.276279860176146 ] ] ] } },
{ "type": "Feature", "properties": { "GISJOIN": "G36004700305001", "Total Pop (Race/Ethnicity)": 1508, "Not Hispanic or Latino": 1166, "Not Hispanic or Latino: White alone": 257, "Not Hispanic or Latino: Black or African American alone": 525, "Not Hispanic or Latino: American Indian and Alaska Native alone": 0, "Not Hispanic or Latino: Asian alone": 91, "Not Hispanic or Latino: Native Hawaiian and Other Pacific Islander alone": 0, "Not Hispanic or Latino: Some other race alone": 0, "Not Hispanic or Latino: Two or more races": 293, "Not Hispanic or Latino: Two or more races: Two races including Some other race": 0, "Not Hispanic or Latino: Two or more races: Two races excluding Some other race, and three or more races": 293, "Hispanic or Latino": 342, "Total Households (Income)": 620, "Less than $10,000": 0, "$10,000 to $14,999": 43, "$15,000 to $19,999": 0, "$20,000 to $24,999": 0, "$25,000 to $29,999": 0, "$30,000 to $34,999": 0, "$35,000 to $39,999": 0, "$40,000 to $44,999": 23, "$45,000 to $49,999": 14, "$50,000 to $59,999": 41, "$60,000 to $74,999": 69, "$75,000 to $99,999": 39, "$100,000 to $124,999": 101, "$125,000 to $149,999": 14, "$150,000 to $199,999": 49, "$200,000 or more": 227, "COUNTY": "Kings County", "TRACTCE": "030500", "BLKGRPCE": "1", "Area (Sq Mi)": 0.057902316602316602, "zip_code": "11238", "block_group": "0305001", "bg_area": 1614218.297305509, "overlap_area": 894.72164281984794, "frac_in_neighborhood": 0.00055427549316801718, "pop_in_neighborhood": 0.83584744369736996, "neighborhood": "bedstuy" }, "geometry": { "type": "Polygon", "coordinates": [ [ [ 996645.809596042730846, 186757.048237061186228 ], [ 996649.705252862069756, 186732.276279860176146 ], [ 996649.768354367930442, 186731.86876071113511 ], [ 996575.403614041861147, 186752.846636804024456 ], [ 996645.809596042730846, 186757.048237061186228 ] ] ] } },
{ "type": "Feature", "properties": { "GISJOIN": "G36004700247002", "Total Pop (Race/Ethnicity)": 1306, "Not Hispanic or Latino": 1046, "Not Hispanic or Latino: White alone": 333, "Not Hispanic or Latino: Black or African American alone": 353, "Not Hispanic or Latino: American Indian and Alaska Native alone": 0, "Not Hispanic or Latino: Asian alone": 176, "Not Hispanic or Latino: Native Hawaiian and Other Pacific Islander alone": 0, "Not Hispanic or Latino: Some other race alone": 21, "Not Hispanic or Latino: Two or more races": 163, "Not Hispanic or Latino: Two or more races: Two races including Some other race": 111, "Not Hispanic or Latino: Two or more races: Two races excluding Some other race, and three or more races": 52, "Hispanic or Latino": 260, "Total Households (Income)": 620, "Less than $10,000": 0, "$10,000 to $14,999": 4, "$15,000 to $19,999": 0, "$20,000 to $24,999": 0, "$25,000 to $29,999": 22, "$30,000 to $34,999": 119, "$35,000 to $39,999": 0, "$40,000 to $44,999": 0, "$45,000 to $49,999": 17, "$50,000 to $59,999": 193, "$60,000 to $74,999": 13, "$75,000 to $99,999": 64, "$100,000 to $124,999": 41, "$125,000 to $149,999": 0, "$150,000 to $199,999": 27, "$200,000 or more": 120, "COUNTY": "Kings County", "TRACTCE": "024700", "BLKGRPCE": "2", "Area (Sq Mi)": 0.032125482625482628, "zip_code": "11216", "block_group": "0247002", "bg_area": 895611.35087390977, "overlap_area": 895325.63588824915, "frac_in_neighborhood": 0.99968098329104271, "pop_in_neighborhood": 1305.5833641781019, "neighborhood": "bedstuy" }, "geometry": { "type": "Polygon", "coordinates": [ [ [ 996645.809596042730846, 186757.048237061186228 ], [ 996624.374454619479366, 186910.055721716606058 ], [ 996621.312056074617431, 186932.278178745735204 ], [ 996610.179610469262116, 187006.595626599359093 ], [ 996906.659686145605519, 187049.374540914926911 ], [ 997207.852280702907592, 187095.074780513998121 ], [ 997183.081398491514847, 187255.730323345196666 ], [ 997686.520889094448648, 187204.268878457223764 ], [ 997796.915133555419743, 187197.043502683518454 ], [ 998240.990288005210459, 187164.870051097153919 ], [ 998233.382100795162842, 186890.161597677972168 ], [ 998216.326157455681823, 186644.958441026072251 ], [ 998207.543860861449502, 186500.48293638791074 ], [ 998207.521101237973198, 186500.484964434057474 ], [ 997549.198419989435934, 186539.712412147026043 ], [ 997284.906970863346942, 186590.729260205262108 ], [ 996969.103251354885288, 186671.564648841187591 ], [ 996919.564161458052695, 186684.697366641019471 ], [ 996645.780042279395275, 186757.275639572995715 ], [ 996645.818816930172034, 186757.04578637573286 ], [ 996645.809596042730846, 186757.048237061186228 ] ] ] } },
{ "type": "Feature", "properties": { "GISJOIN": "G36004700227002", "Total Pop (Race/Ethnicity)": 1826, "Not Hispanic or Latino": 1370, "Not Hispanic or Latino: White alone": 235, "Not Hispanic or Latino: Black or African American alone": 929, "Not Hispanic or Latino: American Indian and Alaska Native alone": 0, "Not Hispanic or Latino: Asian alone": 39, "Not Hispanic or Latino: Native Hawaiian and Other Pacific Islander alone": 0, "Not Hispanic or Latino: Some other race alone": 0, "Not Hispanic or Latino: Two or more races": 167, "Not Hispanic or Latino: Two or more races: Two races including Some other race": 69, "Not Hispanic or Latino: Two or more races: Two races excluding Some other race, and three or more races": 98, "Hispanic or Latino": 456, "Total Households (Income)": 711, "Less than $10,000": 0, "$10,000 to $14,999": 0, "$15,000 to $19,999": 0, "$20,000 to $24,999": 24, "$25,000 to $29,999": 65, "$30,000 to $34,999": 0, "$35,000 to $39,999": 120, "$40,000 to $44,999": 20, "$45,000 to $49,999": 0, "$50,000 to $59,999": 31, "$60,000 to $74,999": 16, "$75,000 to $99,999": 74, "$100,000 to $124,999": 121, "$125,000 to $149,999": 29, "$150,000 to $199,999": 122, "$200,000 or more": 89, "COUNTY": "Kings County", "TRACTCE": "022700", "BLKGRPCE": "2", "Area (Sq Mi)": 0.026019305019305019, "zip_code": "11238", "block_group": "0227002", "bg_area": 725383.76115997799, "overlap_area": 724712.18743775215, "frac_in_neighborhood": 0.99907418147719229, "pop_in_neighborhood": 1824.3094553773531, "neighborhood": "bedstuy" }, "geometry": { "type": "Polygon", "coordinates": [ [ [ 996896.803561442182399, 187334.638961362594273 ], [ 997183.081398491514847, 187255.730323345196666 ], [ 997207.852280702907592, 187095.074780513998121 ], [ 996906.659686145605519, 187049.374540914926911 ], [ 996610.179610469262116, 187006.595626599359093 ], [ 996621.312056074617431, 186932.278178745735204 ], [ 996624.374454619479366, 186910.055721716606058 ], [ 996645.809596042730846, 186757.048237061186228 ], [ 996575.403614041861147, 186752.846636804024456 ], [ 996465.602761077927426, 186783.820841491222382 ], [ 995818.371853080578148, 186960.13354528209311 ], [ 995831.059023774811067, 187016.048568474972853 ], [ 995789.313837705762126, 187312.228146211040439 ], [ 995736.452561821322888, 187656.493841283605434 ], [ 996079.034000852610916, 187562.297111730702454 ], [ 996546.445952523848973, 187436.106946728075854 ], [ 996896.803561442182399, 187334.638961362594273 ] ] ] } },
{ "type": "Feature", "properties": { "GISJOIN": "G36004700245004", "Total Pop (Race/Ethnicity)": 375, "Not Hispanic or Latino": 375, "Not Hispanic or Latino: White alone": 71, "Not Hispanic or Latino: Black or African American alone": 211, "Not Hispanic or Latino: American Indian and Alaska Native alone": 0, "Not Hispanic or Latino: Asian alone": 41, "Not Hispanic or Latino: Native Hawaiian and Other Pacific Islander alone": 0, "Not Hispanic or Latino: Some other race alone": 33, "Not Hispanic or Latino: Two or more races": 19, "Not Hispanic or Latino: Two or more races: Two races including Some other race": 0, "Not Hispanic or Latino: Two or more races: Two races excluding Some other race, and three or more races": 19, "Hispanic or Latino": 0, "Total Households (Income)": 239, "Less than $10,000": 0, "$10,000 to $14,999": 0, "$15,000 to $19,999": 0, "$20,000 to $24,999": 32, "$25,000 to $29,999": 0, "$30,000 to $34,999": 16, "$35,000 to $39,999": 4, "$40,000 to $44,999": 0, "$45,000 to $49,999": 0, "$50,000 to $59,999": 3, "$60,000 to $74,999": 31, "$75,000 to $99,999": 85, "$100,000 to $124,999": 32, "$125,000 to $149,999": 36, "$150,000 to $199,999": 0, "$200,000 or more": 0, "COUNTY": "Kings County", "TRACTCE": "024500", "BLKGRPCE": "4", "Area (Sq Mi)": 0.014783397683397684, "zip_code": "11216", "block_group": "0245004", "bg_area": 412140.26338077738, "overlap_area": 412140.26338077732, "frac_in_neighborhood": 0.99999999999999989, "pop_in_neighborhood": 374.99999999999994, "neighborhood": "bedstuy" }, "geometry": { "type": "Polygon", "coordinates": [ [ [ 998240.990288005210459, 187164.870051097153919 ], [ 997796.915133555419743, 187197.043502683518454 ], [ 997686.520889094448648, 187204.268878457223764 ], [ 997183.081398491514847, 187255.730323345196666 ], [ 997142.720755276968703, 187526.041021482524229 ], [ 997750.915982043952681, 187618.546646104281535 ], [ 998156.376924483338371, 187679.982471770665143 ], [ 998197.024743130197749, 187412.58822578645777 ], [ 998240.990288005210459, 187164.870051097153919 ] ] ] } },
{ "type": "Feature", "properties": { "GISJOIN": "G36004700227004", "Total Pop (Race/Ethnicity)": 1416, "Not Hispanic or Latino": 1036, "Not Hispanic or Latino: White alone": 428, "Not Hispanic or Latino: Black or African American alone": 491, "Not Hispanic or Latino: American Indian and Alaska Native alone": 0, "Not Hispanic or Latino: Asian alone": 48, "Not Hispanic or Latino: Native Hawaiian and Other Pacific Islander alone": 0, "Not Hispanic or Latino: Some other race alone": 22, "Not Hispanic or Latino: Two or more races": 47, "Not Hispanic or Latino: Two or more races: Two races including Some other race": 0, "Not Hispanic or Latino: Two or more races: Two races excluding Some other race, and three or more races": 47, "Hispanic or Latino": 380, "Total Households (Income)": 719, "Less than $10,000": 67, "$10,000 to $14,999": 80, "$15,000 to $19,999": 0, "$20,000 to $24,999": 0, "$25,000 to $29,999": 0, "$30,000 to $34,999": 0, "$35,000 to $39,999": 0, "$40,000 to $44,999": 0, "$45,000 to $49,999": 27, "$50,000 to $59,999": 44, "$60,000 to $74,999": 11, "$75,000 to $99,999": 43, "$100,000 to $124,999": 89, "$125,000 to $149,999": 21, "$150,000 to $199,999": 47, "$200,000 or more": 290, "COUNTY": "Kings County", "TRACTCE": "022700", "BLKGRPCE": "4", "Area (Sq Mi)": 0.02879111969111969, "zip_code": "11238", "block_group": "0227004", "bg_area": 802653.00634629827, "overlap_area": 799770.64073604043, "frac_in_neighborhood": 0.99640895182916156, "pop_in_neighborhood": 1410.9150757900927, "neighborhood": "bedstuy" }, "geometry": { "type": "Polygon", "coordinates": [ [ [ 995789.313837705762126, 187312.228146211040439 ], [ 995831.059023774811067, 187016.048568474972853 ], [ 995818.371853080578148, 186960.13354528209311 ], [ 995818.270235358155333, 186960.161227049393347 ], [ 994980.557811905280687, 187187.57085057682707 ], [ 994979.594953260617331, 187198.558888186438708 ], [ 994993.250688991160132, 187211.868520679883659 ], [ 994949.444120175554417, 187543.987732028821483 ], [ 994897.570381424739026, 187886.595959758822573 ], [ 994880.700197248370387, 188001.494975407025777 ], [ 995144.954898934112862, 188042.045740174246021 ], [ 995403.706814025063068, 188081.146597347542411 ], [ 995665.508289824938402, 188120.979920758865774 ], [ 995736.452561821322888, 187656.493841283605434 ], [ 995789.313837705762126, 187312.228146211040439 ] ] ] } },
{ "type": "Feature", "properties": { "GISJOIN": "G36004700201002", "Total Pop (Race/Ethnicity)": 1269, "Not Hispanic or Latino": 1246, "Not Hispanic or Latino: White alone": 530, "Not Hispanic or Latino: Black or African American alone": 514, "Not Hispanic or Latino: American Indian and Alaska Native alone": 0, "Not Hispanic or Latino: Asian alone": 111, "Not Hispanic or Latino: Native Hawaiian and Other Pacific Islander alone": 0, "Not Hispanic or Latino: Some other race alone": 0, "Not Hispanic or Latino: Two or more races": 91, "Not Hispanic or Latino: Two or more races: Two races including Some other race": 33, "Not Hispanic or Latino: Two or more races: Two races excluding Some other race, and three or more races": 58, "Hispanic or Latino": 23, "Total Households (Income)": 610, "Less than $10,000": 0, "$10,000 to $14,999": 0, "$15,000 to $19,999": 0, "$20,000 to $24,999": 0, "$25,000 to $29,999": 79, "$30,000 to $34,999": 0, "$35,000 to $39,999": 0, "$40,000 to $44,999": 0, "$45,000 to $49,999": 0, "$50,000 to $59,999": 0, "$60,000 to $74,999": 68, "$75,000 to $99,999": 78, "$100,000 to $124,999": 26, "$125,000 to $149,999": 25, "$150,000 to $199,999": 83, "$200,000 or more": 251, "COUNTY": "Kings County", "TRACTCE": "020100", "BLKGRPCE": "2", "Area (Sq Mi)": 0.021294980694980696, "zip_code": "11238", "block_group": "0201002", "bg_area": 593675.17050051445, "overlap_area": 51.331878783989794, "frac_in_neighborhood": 8.6464587597141751e-05, "pop_in_neighborhood": 0.10972356166077288, "neighborhood": "bedstuy" }, "geometry": { "type": "Polygon", "coordinates": [ [ [ 994980.557811905280687, 187187.57085057682707 ], [ 994970.986910631996579, 187190.169015525141731 ], [ 994979.594953260617331, 187198.558888186438708 ], [ 994980.557811905280687, 187187.57085057682707 ] ] ] } },
{ "type": "Feature", "properties": { "GISJOIN": "G36004700245003", "Total Pop (Race/Ethnicity)": 1009, "Not Hispanic or Latino": 925, "Not Hispanic or Latino: White alone": 411, "Not Hispanic or Latino: Black or African American alone": 419, "Not Hispanic or Latino: American Indian and Alaska Native alone": 0, "Not Hispanic or Latino: Asian alone": 59, "Not Hispanic or Latino: Native Hawaiian and Other Pacific Islander alone": 0, "Not Hispanic or Latino: Some other race alone": 3, "Not Hispanic or Latino: Two or more races": 33, "Not Hispanic or Latino: Two or more races: Two races including Some other race": 0, "Not Hispanic or Latino: Two or more races: Two races excluding Some other race, and three or more races": 33, "Hispanic or Latino": 84, "Total Households (Income)": 486, "Less than $10,000": 38, "$10,000 to $14,999": 0, "$15,000 to $19,999": 0, "$20,000 to $24,999": 15, "$25,000 to $29,999": 0, "$30,000 to $34,999": 15, "$35,000 to $39,999": 15, "$40,000 to $44,999": 23, "$45,000 to $49,999": 0, "$50,000 to $59,999": 2, "$60,000 to $74,999": 106, "$75,000 to $99,999": 44, "$100,000 to $124,999": 58, "$125,000 to $149,999": 75, "$150,000 to $199,999": 29, "$200,000 or more": 66, "COUNTY": "Kings County", "TRACTCE": "024500", "BLKGRPCE": "3", "Area (Sq Mi)": 0.0099235521235521238, "zip_code": "11216", "block_group": "0245003", "bg_area": 276652.17845839815, "overlap_area": 276652.17845839815, "frac_in_neighborhood": 1.0, "pop_in_neighborhood": 1009.0, "neighborhood": "bedstuy" }, "geometry": { "type": "Polygon", "coordinates": [ [ [ 997750.915982043952681, 187618.546646104281535 ], [ 997142.720755276968703, 187526.041021482524229 ], [ 997102.085198502172716, 187792.707945053465664 ], [ 998115.175953011726961, 187947.012101294501917 ], [ 998156.376924483338371, 187679.982471770665143 ], [ 997750.915982043952681, 187618.546646104281535 ] ] ] } },
{ "type": "Feature", "properties": { "GISJOIN": "G36004700249003", "Total Pop (Race/Ethnicity)": 932, "Not Hispanic or Latino": 766, "Not Hispanic or Latino: White alone": 343, "Not Hispanic or Latino: Black or African American alone": 354, "Not Hispanic or Latino: American Indian and Alaska Native alone": 0, "Not Hispanic or Latino: Asian alone": 23, "Not Hispanic or Latino: Native Hawaiian and Other Pacific Islander alone": 0, "Not Hispanic or Latino: Some other race alone": 0, "Not Hispanic or Latino: Two or more races": 46, "Not Hispanic or Latino: Two or more races: Two races including Some other race": 0, "Not Hispanic or Latino: Two or more races: Two races excluding Some other race, and three or more races": 46, "Hispanic or Latino": 166, "Total Households (Income)": 453, "Less than $10,000": 41, "$10,000 to $14,999": 93, "$15,000 to $19,999": 25, "$20,000 to $24,999": 0, "$25,000 to $29,999": 25, "$30,000 to $34,999": 8, "$35,000 to $39,999": 0, "$40,000 to $44,999": 0, "$45,000 to $49,999": 0, "$50,000 to $59,999": 7, "$60,000 to $74,999": 57, "$75,000 to $99,999": 9, "$100,000 to $124,999": 29, "$125,000 to $149,999": 41, "$150,000 to $199,999": 33, "$200,000 or more": 85, "COUNTY": "Kings County", "TRACTCE": "024900", "BLKGRPCE": "3", "Area (Sq Mi)": 0.017807335907335908, "zip_code": "11216", "block_group": "0249003", "bg_area": 496434.47080780065, "overlap_area": 496434.47080780065, "frac_in_neighborhood": 1.0, "pop_in_neighborhood": 932.0, "neighborhood": "bedstuy" }, "geometry": { "type": "Polygon", "coordinates": [ [ [ 999106.124887489946559, 187551.208188119897386 ], [ 998774.988471761345863, 187502.187559869838879 ], [ 998197.024743130197749, 187412.58822578645777 ], [ 998156.376924483338371, 187679.982471770665143 ], [ 998115.175953011726961, 187947.012101294501917 ], [ 999025.366552238585427, 188084.90045884886058 ], [ 999066.299954285263084, 187817.8725281432271 ], [ 999106.124887489946559, 187551.208188119897386 ] ] ] } },
{ "type": "Feature", "properties": { "GISJOIN": "G36004700227001", "Total Pop (Race/Ethnicity)": 825, "Not Hispanic or Latino": 747, "Not Hispanic or Latino: White alone": 376, "Not Hispanic or Latino: Black or African American alone": 173, "Not Hispanic or Latino: American Indian and Alaska Native alone": 0, "Not Hispanic or Latino: Asian alone": 69, "Not Hispanic or Latino: Native Hawaiian and Other Pacific Islander alone": 0, "Not Hispanic or Latino: Some other race alone": 0, "Not Hispanic or Latino: Two or more races": 129, "Not Hispanic or Latino: Two or more races: Two races including Some other race": 108, "Not Hispanic or Latino: Two or more races: Two races excluding Some other race, and three or more races": 21, "Hispanic or Latino": 78, "Total Households (Income)": 342, "Less than $10,000": 0, "$10,000 to $14,999": 0, "$15,000 to $19,999": 0, "$20,000 to $24,999": 0, "$25,000 to $29,999": 0, "$30,000 to $34,999": 0, "$35,000 to $39,999": 0, "$40,000 to $44,999": 0, "$45,000 to $49,999": 0, "$50,000 to $59,999": 0, "$60,000 to $74,999": 0, "$75,000 to $99,999": 64, "$100,000 to $124,999": 87, "$125,000 to $149,999": 8, "$150,000 to $199,999": 106, "$200,000 or more": 77, "COUNTY": "Kings County", "TRACTCE": "022700", "BLKGRPCE": "1", "Area (Sq Mi)": 0.020542084942084943, "zip_code": "11216", "block_group": "0227001", "bg_area": 572683.21077690157, "overlap_area": 572683.21077690157, "frac_in_neighborhood": 1.0, "pop_in_neighborhood": 825.0, "neighborhood": "bedstuy" }, "geometry": { "type": "Polygon", "coordinates": [ [ [ 997142.720755276968703, 187526.041021482524229 ], [ 997183.081398491514847, 187255.730323345196666 ], [ 996896.803561442182399, 187334.638961362594273 ], [ 996546.445952523848973, 187436.106946728075854 ], [ 996503.875426901737228, 187702.774126925156452 ], [ 996462.970048699411564, 187968.713818988704588 ], [ 996422.342709799064323, 188236.110906000249088 ], [ 996524.399899394134991, 188251.464206986653153 ], [ 996543.258433990064077, 188254.023779756389558 ], [ 997020.816746131866239, 188326.771622281929012 ], [ 997061.173395999823697, 188059.739833555155201 ], [ 997102.085198502172716, 187792.707945053465664 ], [ 997142.720755276968703, 187526.041021482524229 ] ] ] } },
{ "type": "Feature", "properties": { "GISJOIN": "G36004700227003", "Total Pop (Race/Ethnicity)": 766, "Not Hispanic or Latino": 691, "Not Hispanic or Latino: White alone": 241, "Not Hispanic or Latino: Black or African American alone": 337, "Not Hispanic or Latino: American Indian and Alaska Native alone": 0, "Not Hispanic or Latino: Asian alone": 77, "Not Hispanic or Latino: Native Hawaiian and Other Pacific Islander alone": 0, "Not Hispanic or Latino: Some other race alone": 0, "Not Hispanic or Latino: Two or more races": 36, "Not Hispanic or Latino: Two or more races: Two races including Some other race": 0, "Not Hispanic or Latino: Two or more races: Two races excluding Some other race, and three or more races": 36, "Hispanic or Latino": 75, "Total Households (Income)": 395, "Less than $10,000": 20, "$10,000 to $14,999": 0, "$15,000 to $19,999": 0, "$20,000 to $24,999": 0, "$25,000 to $29,999": 0, "$30,000 to $34,999": 0, "$35,000 to $39,999": 14, "$40,000 to $44,999": 0, "$45,000 to $49,999": 0, "$50,000 to $59,999": 0, "$60,000 to $74,999": 34, "$75,000 to $99,999": 63, "$100,000 to $124,999": 11, "$125,000 to $149,999": 40, "$150,000 to $199,999": 114, "$200,000 or more": 99, "COUNTY": "Kings County", "TRACTCE": "022700", "BLKGRPCE": "3", "Area (Sq Mi)": 0.01757876447876448, "zip_code": "11238", "block_group": "0227003", "bg_area": 490057.38978380419, "overlap_area": 490057.38978380419, "frac_in_neighborhood": 1.0, "pop_in_neighborhood": 766.0, "neighborhood": "bedstuy" }, "geometry": { "type": "Polygon", "coordinates": [ [ [ 996079.034000852610916, 187562.297111730702454 ], [ 995736.452561821322888, 187656.493841283605434 ], [ 995665.508289824938402, 188120.979920758865774 ], [ 995986.934890624019317, 188169.952889503882034 ], [ 996422.342709799064323, 188236.110906000249088 ], [ 996462.970048699411564, 187968.713818988704588 ], [ 996503.875426901737228, 187702.774126925156452 ], [ 996546.445952523848973, 187436.106946728075854 ], [ 996079.034000852610916, 187562.297111730702454 ] ] ] } },
{ "type": "Feature", "properties": { "GISJOIN": "G36004700245002", "Total Pop (Race/Ethnicity)": 1868, "Not Hispanic or Latino": 1668, "Not Hispanic or Latino: White alone": 461, "Not Hispanic or Latino: Black or African American alone": 901, "Not Hispanic or Latino: American Indian and Alaska Native alone": 0, "Not Hispanic or Latino: Asian alone": 121, "Not Hispanic or Latino: Native Hawaiian and Other Pacific Islander alone": 0, "Not Hispanic or Latino: Some other race alone": 0, "Not Hispanic or Latino: Two or more races": 185, "Not Hispanic or Latino: Two or more races: Two races including Some other race": 31, "Not Hispanic or Latino: Two or more races: Two races excluding Some other race, and three or more races": 154, "Hispanic or Latino": 200, "Total Households (Income)": 743, "Less than $10,000": 30, "$10,000 to $14,999": 0, "$15,000 to $19,999": 20, "$20,000 to $24,999": 0, "$25,000 to $29,999": 0, "$30,000 to $34,999": 46, "$35,000 to $39,999": 0, "$40,000 to $44,999": 7, "$45,000 to $49,999": 0, "$50,000 to $59,999": 95, "$60,000 to $74,999": 0, "$75,000 to $99,999": 87, "$100,000 to $124,999": 13, "$125,000 to $149,999": 156, "$150,000 to $199,999": 169, "$200,000 or more": 120, "COUNTY": "Kings County", "TRACTCE": "024500", "BLKGRPCE": "2", "Area (Sq Mi)": 0.019846718146718147, "zip_code": "11216", "block_group": "0245002", "bg_area": 553295.9075119386, "overlap_area": 553295.9075119386, "frac_in_neighborhood": 1.0, "pop_in_neighborhood": 1868.0, "neighborhood": "bedstuy" }, "geometry": { "type": "Polygon", "coordinates": [ [ [ 997102.085198502172716, 187792.707945053465664 ], [ 997061.173395999823697, 188059.739833555155201 ], [ 997020.816746131866239, 188326.771622281929012 ], [ 998034.440879119909368, 188480.343847943848232 ], [ 998074.530887255328707, 188213.677511427551508 ], [ 998115.175953011726961, 187947.012101294501917 ], [ 997102.085198502172716, 187792.707945053465664 ] ] ] } },
{ "type": "Feature", "properties": { "GISJOIN": "G36004700249002", "Total Pop (Race/Ethnicity)": 1304, "Not Hispanic or Latino": 955, "Not Hispanic or Latino: White alone": 264, "Not Hispanic or Latino: Black or African American alone": 589, "Not Hispanic or Latino: American Indian and Alaska Native alone": 0, "Not Hispanic or Latino: Asian alone": 43, "Not Hispanic or Latino: Native Hawaiian and Other Pacific Islander alone": 0, "Not Hispanic or Latino: Some other race alone": 0, "Not Hispanic or Latino: Two or more races": 59, "Not Hispanic or Latino: Two or more races: Two races including Some other race": 0, "Not Hispanic or Latino: Two or more races: Two races excluding Some other race, and three or more races": 59, "Hispanic or Latino": 349, "Total Households (Income)": 633, "Less than $10,000": 33, "$10,000 to $14,999": 63, "$15,000 to $19,999": 16, "$20,000 to $24,999": 0, "$25,000 to $29,999": 52, "$30,000 to $34,999": 27, "$35,000 to $39,999": 0, "$40,000 to $44,999": 0, "$45,000 to $49,999": 0, "$50,000 to $59,999": 11, "$60,000 to $74,999": 0, "$75,000 to $99,999": 51, "$100,000 to $124,999": 27, "$125,000 to $149,999": 53, "$150,000 to $199,999": 74, "$200,000 or more": 226, "COUNTY": "Kings County", "TRACTCE": "024900", "BLKGRPCE": "2", "Area (Sq Mi)": 0.017824324324324323, "zip_code": "11216", "block_group": "0249002", "bg_area": 496906.70729601476, "overlap_area": 496906.70729601476, "frac_in_neighborhood": 1.0, "pop_in_neighborhood": 1304.0, "neighborhood": "bedstuy" }, "geometry": { "type": "Polygon", "coordinates": [ [ [ 999025.366552238585427, 188084.90045884886058 ], [ 998115.175953011726961, 187947.012101294501917 ], [ 998074.530887255328707, 188213.677511427551508 ], [ 998034.440879119909368, 188480.343847943848232 ], [ 998944.61153002968058, 188618.957974588294746 ], [ 998984.711100563406944, 188351.564733093924588 ], [ 999025.366552238585427, 188084.90045884886058 ] ] ] } },
{ "type": "Feature", "properties": { "GISJOIN": "G36004700231003", "Total Pop (Race/Ethnicity)": 697, "Not Hispanic or Latino": 574, "Not Hispanic or Latino: White alone": 308, "Not Hispanic or Latino: Black or African American alone": 210, "Not Hispanic or Latino: American Indian and Alaska Native alone": 0, "Not Hispanic or Latino: Asian alone": 42, "Not Hispanic or Latino: Native Hawaiian and Other Pacific Islander alone": 0, "Not Hispanic or Latino: Some other race alone": 0, "Not Hispanic or Latino: Two or more races": 14, "Not Hispanic or Latino: Two or more races: Two races including Some other race": 14, "Not Hispanic or Latino: Two or more races: Two races excluding Some other race, and three or more races": 0, "Hispanic or Latino": 123, "Total Households (Income)": 391, "Less than $10,000": 0, "$10,000 to $14,999": 0, "$15,000 to $19,999": 0, "$20,000 to $24,999": 24, "$25,000 to $29,999": 0, "$30,000 to $34,999": 9, "$35,000 to $39,999": 0, "$40,000 to $44,999": 0, "$45,000 to $49,999": 0, "$50,000 to $59,999": 13, "$60,000 to $74,999": 33, "$75,000 to $99,999": 0, "$100,000 to $124,999": 23, "$125,000 to $149,999": 0, "$150,000 to $199,999": 200, "$200,000 or more": 89, "COUNTY": "Kings County", "TRACTCE": "023100", "BLKGRPCE": "3", "Area (Sq Mi)": 0.01538030888030888, "zip_code": "11238", "block_group": "0231003", "bg_area": 428779.36215080152, "overlap_area": 51.943053007225899, "frac_in_neighborhood": 0.00012114168169539268, "pop_in_neighborhood": 0.084435752141688691, "neighborhood": "bedstuy" }, "geometry": { "type": "Polygon", "coordinates": [ [ [ 995144.954898934112862, 188042.045740174246021 ], [ 994880.700197248370387, 188001.494975407025777 ], [ 994880.680114623508416, 188001.631753630877938 ], [ 995144.938361590029672, 188042.101925234979717 ], [ 995403.686101039755158, 188081.283466692402726 ], [ 995403.706814025063068, 188081.146597347542411 ], [ 995144.954898934112862, 188042.045740174246021 ] ] ] } },
{ "type": "Feature", "properties": { "GISJOIN": "G36004700229004", "Total Pop (Race/Ethnicity)": 1075, "Not Hispanic or Latino": 958, "Not Hispanic or Latino: White alone": 780, "Not Hispanic or Latino: Black or African American alone": 109, "Not Hispanic or Latino: American Indian and Alaska Native alone": 0, "Not Hispanic or Latino: Asian alone": 21, "Not Hispanic or Latino: Native Hawaiian and Other Pacific Islander alone": 0, "Not Hispanic or Latino: Some other race alone": 0, "Not Hispanic or Latino: Two or more races": 48, "Not Hispanic or Latino: Two or more races: Two races including Some other race": 0, "Not Hispanic or Latino: Two or more races: Two races excluding Some other race, and three or more races": 48, "Hispanic or Latino": 117, "Total Households (Income)": 440, "Less than $10,000": 71, "$10,000 to $14,999": 0, "$15,000 to $19,999": 0, "$20,000 to $24,999": 22, "$25,000 to $29,999": 14, "$30,000 to $34,999": 0, "$35,000 to $39,999": 0, "$40,000 to $44,999": 0, "$45,000 to $49,999": 11, "$50,000 to $59,999": 0, "$60,000 to $74,999": 21, "$75,000 to $99,999": 11, "$100,000 to $124,999": 106, "$125,000 to $149,999": 22, "$150,000 to $199,999": 54, "$200,000 or more": 108, "COUNTY": "Kings County", "TRACTCE": "022900", "BLKGRPCE": "4", "Area (Sq Mi)": 0.022225482625482625, "zip_code": "11238", "block_group": "0229004", "bg_area": 619605.56244502892, "overlap_area": 619595.15591941064, "frac_in_neighborhood": 0.99998320459619949, "pop_in_neighborhood": 1074.9819449409144, "neighborhood": "bedstuy" }, "geometry": { "type": "Polygon", "coordinates": [ [ [ 995986.934890624019317, 188169.952889503882034 ], [ 995665.508289824938402, 188120.979920758865774 ], [ 995665.481640686048195, 188121.159792796504917 ], [ 995665.60108976974152, 188121.177987179544289 ], [ 995640.23773739929311, 188291.546999096201034 ], [ 995625.999442355241627, 188387.650334918231238 ], [ 995584.549404681194574, 188655.776962291449308 ], [ 995544.852727552177384, 188919.656898649031064 ], [ 995544.488245940068737, 188922.082929854776012 ], [ 996300.466409365297295, 189036.480860495736124 ], [ 996341.368053649319336, 188770.17702353731147 ], [ 996381.993488717824221, 188503.143626207660418 ], [ 996422.342709799064323, 188236.110906000249088 ], [ 995986.934890624019317, 188169.952889503882034 ] ] ] } },
{ "type": "Feature", "properties": { "GISJOIN": "G36004700245001", "Total Pop (Race/Ethnicity)": 1131, "Not Hispanic or Latino": 1099, "Not Hispanic or Latino: White alone": 639, "Not Hispanic or Latino: Black or African American alone": 333, "Not Hispanic or Latino: American Indian and Alaska Native alone": 0, "Not Hispanic or Latino: Asian alone": 22, "Not Hispanic or Latino: Native Hawaiian and Other Pacific Islander alone": 0, "Not Hispanic or Latino: Some other race alone": 3, "Not Hispanic or Latino: Two or more races": 102, "Not Hispanic or Latino: Two or more races: Two races including Some other race": 0, "Not Hispanic or Latino: Two or more races: Two races excluding Some other race, and three or more races": 102, "Hispanic or Latino": 32, "Total Households (Income)": 509, "Less than $10,000": 49, "$10,000 to $14,999": 11, "$15,000 to $19,999": 0, "$20,000 to $24,999": 0, "$25,000 to $29,999": 0, "$30,000 to $34,999": 0, "$35,000 to $39,999": 8, "$40,000 to $44,999": 0, "$45,000 to $49,999": 0, "$50,000 to $59,999": 50, "$60,000 to $74,999": 87, "$75,000 to $99,999": 62, "$100,000 to $124,999": 73, "$125,000 to $149,999": 28, "$150,000 to $199,999": 51, "$200,000 or more": 90, "COUNTY": "Kings County", "TRACTCE": "024500", "BLKGRPCE": "1", "Area (Sq Mi)": 0.019866795366795368, "zip_code": "11216", "block_group": "0245001", "bg_area": 553859.38147024915, "overlap_area": 553859.38147024915, "frac_in_neighborhood": 1.0, "pop_in_neighborhood": 1131.0, "neighborhood": "bedstuy" }, "geometry": { "type": "Polygon", "coordinates": [ [ [ 997020.816746131866239, 188326.771622281929012 ], [ 996979.906696684309281, 188593.43918734084582 ], [ 996939.551812101039104, 188860.835548532690154 ], [ 997953.431547987274826, 189014.404592713224702 ], [ 997993.519437972572632, 188747.738048416737001 ], [ 998034.440879119909368, 188480.343847943848232 ], [ 997020.816746131866239, 188326.771622281929012 ] ] ] } },
{ "type": "Feature", "properties": { "GISJOIN": "G36004700229002", "Total Pop (Race/Ethnicity)": 1113, "Not Hispanic or Latino": 1062, "Not Hispanic or Latino: White alone": 477, "Not Hispanic or Latino: Black or African American alone": 348, "Not Hispanic or Latino: American Indian and Alaska Native alone": 0, "Not Hispanic or Latino: Asian alone": 28, "Not Hispanic or Latino: Native Hawaiian and Other Pacific Islander alone": 0, "Not Hispanic or Latino: Some other race alone": 0, "Not Hispanic or Latino: Two or more races": 209, "Not Hispanic or Latino: Two or more races: Two races including Some other race": 13, "Not Hispanic or Latino: Two or more races: Two races excluding Some other race, and three or more races": 196, "Hispanic or Latino": 51, "Total Households (Income)": 573, "Less than $10,000": 29, "$10,000 to $14,999": 0, "$15,000 to $19,999": 0, "$20,000 to $24,999": 0, "$25,000 to $29,999": 0, "$30,000 to $34,999": 0, "$35,000 to $39,999": 0, "$40,000 to $44,999": 0, "$45,000 to $49,999": 11, "$50,000 to $59,999": 15, "$60,000 to $74,999": 0, "$75,000 to $99,999": 111, "$100,000 to $124,999": 12, "$125,000 to $149,999": 82, "$150,000 to $199,999": 44, "$200,000 or more": 269, "COUNTY": "Kings County", "TRACTCE": "022900", "BLKGRPCE": "2", "Area (Sq Mi)": 0.017580308880308881, "zip_code": "11216", "block_group": "0229002", "bg_area": 490120.68251413479, "overlap_area": 490120.68251413479, "frac_in_neighborhood": 1.0, "pop_in_neighborhood": 1113.0, "neighborhood": "bedstuy" }, "geometry": { "type": "Polygon", "coordinates": [ [ [ 996979.906696684309281, 188593.43918734084582 ], [ 997020.816746131866239, 188326.771622281929012 ], [ 996543.258433990064077, 188254.023779756389558 ], [ 996524.399899394134991, 188251.464206986653153 ], [ 996422.342709799064323, 188236.110906000249088 ], [ 996381.993488717824221, 188503.143626207660418 ], [ 996341.368053649319336, 188770.17702353731147 ], [ 996300.466409365297295, 189036.480860495736124 ], [ 996898.643528682878241, 189127.867686423269333 ], [ 996939.551812101039104, 188860.835548532690154 ], [ 996979.906696684309281, 188593.43918734084582 ] ] ] } },
{ "type": "Feature", "properties": { "GISJOIN": "G36004700249001", "Total Pop (Race/Ethnicity)": 1419, "Not Hispanic or Latino": 1381, "Not Hispanic or Latino: White alone": 660, "Not Hispanic or Latino: Black or African American alone": 461, "Not Hispanic or Latino: American Indian and Alaska Native alone": 0, "Not Hispanic or Latino: Asian alone": 131, "Not Hispanic or Latino: Native Hawaiian and Other Pacific Islander alone": 0, "Not Hispanic or Latino: Some other race alone": 0, "Not Hispanic or Latino: Two or more races": 129, "Not Hispanic or Latino: Two or more races: Two races including Some other race": 0, "Not Hispanic or Latino: Two or more races: Two races excluding Some other race, and three or more races": 129, "Hispanic or Latino": 38, "Total Households (Income)": 620, "Less than $10,000": 45, "$10,000 to $14,999": 0, "$15,000 to $19,999": 10, "$20,000 to $24,999": 0, "$25,000 to $29,999": 0, "$30,000 to $34,999": 0, "$35,000 to $39,999": 51, "$40,000 to $44,999": 0, "$45,000 to $49,999": 16, "$50,000 to $59,999": 9, "$60,000 to $74,999": 94, "$75,000 to $99,999": 205, "$100,000 to $124,999": 37, "$125,000 to $149,999": 23, "$150,000 to $199,999": 28, "$200,000 or more": 102, "COUNTY": "Kings County", "TRACTCE": "024900", "BLKGRPCE": "1", "Area (Sq Mi)": 0.017833976833976833, "zip_code": "11216", "block_group": "0249001", "bg_area": 497185.48554242658, "overlap_area": 497185.48554242647, "frac_in_neighborhood": 0.99999999999999978, "pop_in_neighborhood": 1418.9999999999998, "neighborhood": "bedstuy" }, "geometry": { "type": "Polygon", "coordinates": [ [ [ 998944.61153002968058, 188618.957974588294746 ], [ 998034.440879119909368, 188480.343847943848232 ], [ 997993.519437972572632, 188747.738048416737001 ], [ 997953.431547987274826, 189014.404592713224702 ], [ 998863.027712367358617, 189153.015392498200526 ], [ 998903.402915944461711, 188885.98637867110665 ], [ 998944.61153002968058, 188618.957974588294746 ] ] ] } },
{ "type": "Feature", "properties": { "GISJOIN": "G36004700231002", "Total Pop (Race/Ethnicity)": 1709, "Not Hispanic or Latino": 1540, "Not Hispanic or Latino: White alone": 981, "Not Hispanic or Latino: Black or African American alone": 375, "Not Hispanic or Latino: American Indian and Alaska Native alone": 0, "Not Hispanic or Latino: Asian alone": 76, "Not Hispanic or Latino: Native Hawaiian and Other Pacific Islander alone": 0, "Not Hispanic or Latino: Some other race alone": 28, "Not Hispanic or Latino: Two or more races": 80, "Not Hispanic or Latino: Two or more races: Two races including Some other race": 31, "Not Hispanic or Latino: Two or more races: Two races excluding Some other race, and three or more races": 49, "Hispanic or Latino": 169, "Total Households (Income)": 807, "Less than $10,000": 64, "$10,000 to $14,999": 12, "$15,000 to $19,999": 0, "$20,000 to $24,999": 38, "$25,000 to $29,999": 70, "$30,000 to $34,999": 13, "$35,000 to $39,999": 0, "$40,000 to $44,999": 0, "$45,000 to $49,999": 12, "$50,000 to $59,999": 15, "$60,000 to $74,999": 42, "$75,000 to $99,999": 55, "$100,000 to $124,999": 52, "$125,000 to $149,999": 44, "$150,000 to $199,999": 111, "$200,000 or more": 279, "COUNTY": "Kings County", "TRACTCE": "023100", "BLKGRPCE": "2", "Area (Sq Mi)": 0.030780694980694981, "zip_code": "11238", "block_group": "0231002", "bg_area": 858106.48560244869, "overlap_area": 68.710799360957466, "frac_in_neighborhood": 8.0072579002497398e-05, "pop_in_neighborhood": 0.13684403751526805, "neighborhood": "bedstuy" }, "geometry": { "type": "MultiPolygon", "coordinates": [ [ [ [ 995584.549404681194574, 188655.776962291449308 ], [ 995625.999442355241627, 188387.650334918231238 ], [ 995640.23773739929311, 188291.546999096201034 ], [ 995625.908488609013148, 188387.79846941656433 ], [ 995584.517091292422265, 188655.646366990287788 ], [ 995544.852727552177384, 188919.656898649031064 ], [ 995584.549404681194574, 188655.776962291449308 ] ] ], [ [ [ 995665.508289824938402, 188120.979920758865774 ], [ 995403.706814025063068, 188081.146597347542411 ], [ 995403.686101039755158, 188081.283466692402726 ], [ 995403.85242717131041, 188081.308653054351453 ], [ 995665.481640686048195, 188121.159792796504917 ], [ 995665.508289824938402, 188120.979920758865774 ] ] ] ] } },
{ "type": "Feature", "properties": { "GISJOIN": "G36004700275004", "Total Pop (Race/Ethnicity)": 1153, "Not Hispanic or Latino": 1004, "Not Hispanic or Latino: White alone": 162, "Not Hispanic or Latino: Black or African American alone": 718, "Not Hispanic or Latino: American Indian and Alaska Native alone": 0, "Not Hispanic or Latino: Asian alone": 17, "Not Hispanic or Latino: Native Hawaiian and Other Pacific Islander alone": 0, "Not Hispanic or Latino: Some other race alone": 0, "Not Hispanic or Latino: Two or more races": 107, "Not Hispanic or Latino: Two or more races: Two races including Some other race": 59, "Not Hispanic or Latino: Two or more races: Two races excluding Some other race, and three or more races": 48, "Hispanic or Latino": 149, "Total Households (Income)": 460, "Less than $10,000": 18, "$10,000 to $14,999": 14, "$15,000 to $19,999": 22, "$20,000 to $24,999": 9, "$25,000 to $29,999": 23, "$30,000 to $34,999": 17, "$35,000 to $39,999": 39, "$40,000 to $44,999": 0, "$45,000 to $49,999": 0, "$50,000 to $59,999": 10, "$60,000 to $74,999": 82, "$75,000 to $99,999": 43, "$100,000 to $124,999": 44, "$125,000 to $149,999": 15, "$150,000 to $199,999": 66, "$200,000 or more": 58, "COUNTY": "Kings County", "TRACTCE": "027500", "BLKGRPCE": "4", "Area (Sq Mi)": 0.015662548262548263, "zip_code": "11233", "block_group": "0275004", "bg_area": 436651.27472368808, "overlap_area": 436651.27472368814, "frac_in_neighborhood": 1.0000000000000002, "pop_in_neighborhood": 1153.0000000000002, "neighborhood": "bedstuy" }, "geometry": { "type": "Polygon", "coordinates": [ [ [ 1001464.524188038776629, 187909.078031257289695 ], [ 1000678.028976179310121, 187789.398213983135065 ], [ 1000637.632567617925815, 188056.424200600275071 ], [ 1001424.395945433177985, 188176.467497054691194 ], [ 1002234.724331387435086, 188299.468327503331238 ], [ 1002275.692994346143678, 188032.445475312764756 ], [ 1001464.524188038776629, 187909.078031257289695 ] ] ] } },
{ "type": "Feature", "properties": { "GISJOIN": "G36004700267004", "Total Pop (Race/Ethnicity)": 701, "Not Hispanic or Latino": 622, "Not Hispanic or Latino: White alone": 104, "Not Hispanic or Latino: Black or African American alone": 396, "Not Hispanic or Latino: American Indian and Alaska Native alone": 0, "Not Hispanic or Latino: Asian alone": 28, "Not Hispanic or Latino: Native Hawaiian and Other Pacific Islander alone": 0, "Not Hispanic or Latino: Some other race alone": 0, "Not Hispanic or Latino: Two or more races": 94, "Not Hispanic or Latino: Two or more races: Two races including Some other race": 0, "Not Hispanic or Latino: Two or more races: Two races excluding Some other race, and three or more races": 94, "Hispanic or Latino": 79, "Total Households (Income)": 365, "Less than $10,000": 43, "$10,000 to $14,999": 0, "$15,000 to $19,999": 0, "$20,000 to $24,999": 0, "$25,000 to $29,999": 0, "$30,000 to $34,999": 30, "$35,000 to $39,999": 0, "$40,000 to $44,999": 52, "$45,000 to $49,999": 0, "$50,000 to $59,999": 52, "$60,000 to $74,999": 0, "$75,000 to $99,999": 32, "$100,000 to $124,999": 21, "$125,000 to $149,999": 96, "$150,000 to $199,999": 10, "$200,000 or more": 29, "COUNTY": "Kings County", "TRACTCE": "026700", "BLKGRPCE": "4", "Area (Sq Mi)": 0.015396911196911197, "zip_code": "11216", "block_group": "0267004", "bg_area": 429245.42139852903, "overlap_area": 429245.42139852897, "frac_in_neighborhood": 0.99999999999999989, "pop_in_neighborhood": 700.99999999999989, "neighborhood": "bedstuy" }, "geometry": { "type": "Polygon", "coordinates": [ [ [ 999852.524487642338499, 187937.499976837978465 ], [ 999066.299954285263084, 187817.8725281432271 ], [ 999025.366552238585427, 188084.90045884886058 ], [ 999811.860041683306918, 188204.162972227961291 ], [ 1000597.513888687361032, 188323.814477921783691 ], [ 1000637.632567617925815, 188056.424200600275071 ], [ 999852.524487642338499, 187937.499976837978465 ] ] ] } },
{ "type": "Feature", "properties": { "GISJOIN": "G36004700275003", "Total Pop (Race/Ethnicity)": 752, "Not Hispanic or Latino": 712, "Not Hispanic or Latino: White alone": 95, "Not Hispanic or Latino: Black or African American alone": 596, "Not Hispanic or Latino: American Indian and Alaska Native alone": 0, "Not Hispanic or Latino: Asian alone": 21, "Not Hispanic or Latino: Native Hawaiian and Other Pacific Islander alone": 0, "Not Hispanic or Latino: Some other race alone": 0, "Not Hispanic or Latino: Two or more races": 0, "Not Hispanic or Latino: Two or more races: Two races including Some other race": 0, "Not Hispanic or Latino: Two or more races: Two races excluding Some other race, and three or more races": 0, "Hispanic or Latino": 40, "Total Households (Income)": 287, "Less than $10,000": 22, "$10,000 to $14,999": 0, "$15,000 to $19,999": 0, "$20,000 to $24,999": 0, "$25,000 to $29,999": 30, "$30,000 to $34,999": 10, "$35,000 to $39,999": 0, "$40,000 to $44,999": 39, "$45,000 to $49,999": 0, "$50,000 to $59,999": 0, "$60,000 to $74,999": 25, "$75,000 to $99,999": 37, "$100,000 to $124,999": 38, "$125,000 to $149,999": 0, "$150,000 to $199,999": 16, "$200,000 or more": 70, "COUNTY": "Kings County", "TRACTCE": "027500", "BLKGRPCE": "3", "Area (Sq Mi)": 0.015642084942084942, "zip_code": "11233", "block_group": "0275003", "bg_area": 436071.3410037873, "overlap_area": 436071.34100378724, "frac_in_neighborhood": 0.99999999999999989, "pop_in_neighborhood": 751.99999999999989, "neighborhood": "bedstuy" }, "geometry": { "type": "Polygon", "coordinates": [ [ [ 1001424.395945433177985, 188176.467497054691194 ], [ 1000637.632567617925815, 188056.424200600275071 ], [ 1000597.513888687361032, 188323.814477921783691 ], [ 1001330.469909018138424, 188435.074693478236441 ], [ 1001383.714723251061514, 188443.491631133219926 ], [ 1001435.29562318790704, 188451.179141174186952 ], [ 1002194.311975067481399, 188566.127210925682448 ], [ 1002234.724331387435086, 188299.468327503331238 ], [ 1001424.395945433177985, 188176.467497054691194 ] ] ] } },
{ "type": "Feature", "properties": { "GISJOIN": "G36004700267003", "Total Pop (Race/Ethnicity)": 1329, "Not Hispanic or Latino": 1065, "Not Hispanic or Latino: White alone": 283, "Not Hispanic or Latino: Black or African American alone": 496, "Not Hispanic or Latino: American Indian and Alaska Native alone": 0, "Not Hispanic or Latino: Asian alone": 117, "Not Hispanic or Latino: Native Hawaiian and Other Pacific Islander alone": 0, "Not Hispanic or Latino: Some other race alone": 0, "Not Hispanic or Latino: Two or more races": 169, "Not Hispanic or Latino: Two or more races: Two races including Some other race": 12, "Not Hispanic or Latino: Two or more races: Two races excluding Some other race, and three or more races": 157, "Hispanic or Latino": 264, "Total Households (Income)": 594, "Less than $10,000": 19, "$10,000 to $14,999": 0, "$15,000 to $19,999": 36, "$20,000 to $24,999": 0, "$25,000 to $29,999": 0, "$30,000 to $34,999": 0, "$35,000 to $39,999": 34, "$40,000 to $44,999": 0, "$45,000 to $49,999": 0, "$50,000 to $59,999": 30, "$60,000 to $74,999": 0, "$75,000 to $99,999": 61, "$100,000 to $124,999": 52, "$125,000 to $149,999": 0, "$150,000 to $199,999": 166, "$200,000 or more": 196, "COUNTY": "Kings County", "TRACTCE": "026700", "BLKGRPCE": "3", "Area (Sq Mi)": 0.015401930501930502, "zip_code": "11216", "block_group": "0267003", "bg_area": 429382.22650226223, "overlap_area": 429382.22650226229, "frac_in_neighborhood": 1.0000000000000002, "pop_in_neighborhood": 1329.0000000000002, "neighborhood": "bedstuy" }, "geometry": { "type": "Polygon", "coordinates": [ [ [ 999811.860041683306918, 188204.162972227961291 ], [ 999025.366552238585427, 188084.90045884886058 ], [ 998984.711100563406944, 188351.564733093924588 ], [ 999771.473648405750282, 188471.190182654623641 ], [ 1000556.841737262438983, 188590.840207682544133 ], [ 1000577.734124054200947, 188454.959782960620942 ], [ 1000592.498670748551376, 188357.693799409840722 ], [ 1000597.513888687361032, 188323.814477921783691 ], [ 999811.860041683306918, 188204.162972227961291 ] ] ] } },
{ "type": "Feature", "properties": { "GISJOIN": "G36004700275002", "Total Pop (Race/Ethnicity)": 2188, "Not Hispanic or Latino": 2076, "Not Hispanic or Latino: White alone": 310, "Not Hispanic or Latino: Black or African American alone": 1484, "Not Hispanic or Latino: American Indian and Alaska Native alone": 0, "Not Hispanic or Latino: Asian alone": 21, "Not Hispanic or Latino: Native Hawaiian and Other Pacific Islander alone": 0, "Not Hispanic or Latino: Some other race alone": 0, "Not Hispanic or Latino: Two or more races": 261, "Not Hispanic or Latino: Two or more races: Two races including Some other race": 216, "Not Hispanic or Latino: Two or more races: Two races excluding Some other race, and three or more races": 45, "Hispanic or Latino": 112, "Total Households (Income)": 697, "Less than $10,000": 86, "$10,000 to $14,999": 36, "$15,000 to $19,999": 19, "$20,000 to $24,999": 21, "$25,000 to $29,999": 13, "$30,000 to $34,999": 13, "$35,000 to $39,999": 21, "$40,000 to $44,999": 0, "$45,000 to $49,999": 0, "$50,000 to $59,999": 36, "$60,000 to $74,999": 10, "$75,000 to $99,999": 71, "$100,000 to $124,999": 126, "$125,000 to $149,999": 59, "$150,000 to $199,999": 29, "$200,000 or more": 157, "COUNTY": "Kings County", "TRACTCE": "027500", "BLKGRPCE": "2", "Area (Sq Mi)": 0.01564826254826255, "zip_code": "11221", "block_group": "0275002", "bg_area": 436247.75627702149, "overlap_area": 436247.75627702149, "frac_in_neighborhood": 1.0, "pop_in_neighborhood": 2188.0, "neighborhood": "bedstuy" }, "geometry": { "type": "Polygon", "coordinates": [ [ [ 1001435.29562318790704, 188451.179141174186952 ], [ 1001383.714723251061514, 188443.491631133219926 ], [ 1001330.469909018138424, 188435.074693478236441 ], [ 1000597.513888687361032, 188323.814477921783691 ], [ 1000592.498670748551376, 188357.693799409840722 ], [ 1000577.734124054200947, 188454.959782960620942 ], [ 1000556.841737262438983, 188590.840207682544133 ], [ 1001343.311528911232017, 188710.152427653374616 ], [ 1002154.17674193601124, 188833.515142540301895 ], [ 1002194.311975067481399, 188566.127210925682448 ], [ 1001435.29562318790704, 188451.179141174186952 ] ] ] } },
{ "type": "Feature", "properties": { "GISJOIN": "G36004700267002", "Total Pop (Race/Ethnicity)": 1286, "Not Hispanic or Latino": 1021, "Not Hispanic or Latino: White alone": 515, "Not Hispanic or Latino: Black or African American alone": 418, "Not Hispanic or Latino: American Indian and Alaska Native alone": 0, "Not Hispanic or Latino: Asian alone": 25, "Not Hispanic or Latino: Native Hawaiian and Other Pacific Islander alone": 0, "Not Hispanic or Latino: Some other race alone": 0, "Not Hispanic or Latino: Two or more races": 63, "Not Hispanic or Latino: Two or more races: Two races including Some other race": 42, "Not Hispanic or Latino: Two or more races: Two races excluding Some other race, and three or more races": 21, "Hispanic or Latino": 265, "Total Households (Income)": 528, "Less than $10,000": 0, "$10,000 to $14,999": 17, "$15,000 to $19,999": 25, "$20,000 to $24,999": 17, "$25,000 to $29,999": 0, "$30,000 to $34,999": 14, "$35,000 to $39,999": 0, "$40,000 to $44,999": 0, "$45,000 to $49,999": 0, "$50,000 to $59,999": 24, "$60,000 to $74,999": 0, "$75,000 to $99,999": 87, "$100,000 to $124,999": 17, "$125,000 to $149,999": 0, "$150,000 to $199,999": 141, "$200,000 or more": 186, "COUNTY": "Kings County", "TRACTCE": "026700", "BLKGRPCE": "2", "Area (Sq Mi)": 0.015401544401544402, "zip_code": "11216", "block_group": "0267002", "bg_area": 429363.99555642094, "overlap_area": 429363.995556421, "frac_in_neighborhood": 1.0000000000000002, "pop_in_neighborhood": 1286.0000000000002, "neighborhood": "bedstuy" }, "geometry": { "type": "Polygon", "coordinates": [ [ [ 999771.473648405750282, 188471.190182654623641 ], [ 998984.711100563406944, 188351.564733093924588 ], [ 998944.61153002968058, 188618.957974588294746 ], [ 999730.256039188127033, 188738.217305710102664 ], [ 1000516.725356679409742, 188857.138140807946911 ], [ 1000556.841737262438983, 188590.840207682544133 ], [ 999771.473648405750282, 188471.190182654623641 ] ] ] } },
{ "type": "Feature", "properties": { "GISJOIN": "G36004700275001", "Total Pop (Race/Ethnicity)": 1179, "Not Hispanic or Latino": 1083, "Not Hispanic or Latino: White alone": 102, "Not Hispanic or Latino: Black or African American alone": 882, "Not Hispanic or Latino: American Indian and Alaska Native alone": 0, "Not Hispanic or Latino: Asian alone": 0, "Not Hispanic or Latino: Native Hawaiian and Other Pacific Islander alone": 0, "Not Hispanic or Latino: Some other race alone": 13, "Not Hispanic or Latino: Two or more races": 86, "Not Hispanic or Latino: Two or more races: Two races including Some other race": 20, "Not Hispanic or Latino: Two or more races: Two races excluding Some other race, and three or more races": 66, "Hispanic or Latino": 96, "Total Households (Income)": 347, "Less than $10,000": 73, "$10,000 to $14,999": 0, "$15,000 to $19,999": 0, "$20,000 to $24,999": 0, "$25,000 to $29,999": 0, "$30,000 to $34,999": 42, "$35,000 to $39,999": 0, "$40,000 to $44,999": 0, "$45,000 to $49,999": 0, "$50,000 to $59,999": 6, "$60,000 to $74,999": 24, "$75,000 to $99,999": 69, "$100,000 to $124,999": 24, "$125,000 to $149,999": 14, "$150,000 to $199,999": 0, "$200,000 or more": 95, "COUNTY": "Kings County", "TRACTCE": "027500", "BLKGRPCE": "1", "Area (Sq Mi)": 0.015625096525096527, "zip_code": "11221", "block_group": "0275001", "bg_area": 435606.26495359367, "overlap_area": 435606.26495359367, "frac_in_neighborhood": 1.0, "pop_in_neighborhood": 1179.0, "neighborhood": "bedstuy" }, "geometry": { "type": "Polygon", "coordinates": [ [ [ 1001343.311528911232017, 188710.152427653374616 ], [ 1000556.841737262438983, 188590.840207682544133 ], [ 1000516.725356679409742, 188857.138140807946911 ], [ 1001302.354676231974736, 188976.812330764223589 ], [ 1002113.488794810022227, 189100.174400362710003 ], [ 1002154.17674193601124, 188833.515142540301895 ], [ 1001343.311528911232017, 188710.152427653374616 ] ] ] } },
{ "type": "Feature", "properties": { "GISJOIN": "G36004700267001", "Total Pop (Race/Ethnicity)": 741, "Not Hispanic or Latino": 696, "Not Hispanic or Latino: White alone": 382, "Not Hispanic or Latino: Black or African American alone": 190, "Not Hispanic or Latino: American Indian and Alaska Native alone": 0, "Not Hispanic or Latino: Asian alone": 24, "Not Hispanic or Latino: Native Hawaiian and Other Pacific Islander alone": 0, "Not Hispanic or Latino: Some other race alone": 0, "Not Hispanic or Latino: Two or more races": 100, "Not Hispanic or Latino: Two or more races: Two races including Some other race": 6, "Not Hispanic or Latino: Two or more races: Two races excluding Some other race, and three or more races": 94, "Hispanic or Latino": 45, "Total Households (Income)": 278, "Less than $10,000": 1, "$10,000 to $14,999": 19, "$15,000 to $19,999": 0, "$20,000 to $24,999": 0, "$25,000 to $29,999": 17, "$30,000 to $34,999": 0, "$35,000 to $39,999": 0, "$40,000 to $44,999": 0, "$45,000 to $49,999": 0, "$50,000 to $59,999": 0, "$60,000 to $74,999": 15, "$75,000 to $99,999": 0, "$100,000 to $124,999": 0, "$125,000 to $149,999": 63, "$150,000 to $199,999": 62, "$200,000 or more": 101, "COUNTY": "Kings County", "TRACTCE": "026700", "BLKGRPCE": "1", "Area (Sq Mi)": 0.015406949806949807, "zip_code": "11216", "block_group": "0267001", "bg_area": 429521.27553648152, "overlap_area": 429521.27553648152, "frac_in_neighborhood": 1.0, "pop_in_neighborhood": 741.0, "neighborhood": "bedstuy" }, "geometry": { "type": "Polygon", "coordinates": [ [ [ 999730.256039188127033, 188738.217305710102664 ], [ 998944.61153002968058, 188618.957974588294746 ], [ 998903.402915944461711, 188885.98637867110665 ], [ 999690.148905613226816, 189005.245021210197592 ], [ 1000476.055001889355481, 189124.164153183082817 ], [ 1000516.725356679409742, 188857.138140807946911 ], [ 999730.256039188127033, 188738.217305710102664 ] ] ] } },
{ "type": "Feature", "properties": { "GISJOIN": "G36004700265004", "Total Pop (Race/Ethnicity)": 484, "Not Hispanic or Latino": 484, "Not Hispanic or Latino: White alone": 210, "Not Hispanic or Latino: Black or African American alone": 210, "Not Hispanic or Latino: American Indian and Alaska Native alone": 0, "Not Hispanic or Latino: Asian alone": 42, "Not Hispanic or Latino: Native Hawaiian and Other Pacific Islander alone": 0, "Not Hispanic or Latino: Some other race alone": 0, "Not Hispanic or Latino: Two or more races": 22, "Not Hispanic or Latino: Two or more races: Two races including Some other race": 0, "Not Hispanic or Latino: Two or more races: Two races excluding Some other race, and three or more races": 22, "Hispanic or Latino": 0, "Total Households (Income)": 268, "Less than $10,000": 0, "$10,000 to $14,999": 0, "$15,000 to $19,999": 19, "$20,000 to $24,999": 0, "$25,000 to $29,999": 0, "$30,000 to $34,999": 0, "$35,000 to $39,999": 0, "$40,000 to $44,999": 0, "$45,000 to $49,999": 11, "$50,000 to $59,999": 0, "$60,000 to $74,999": 0, "$75,000 to $99,999": 23, "$100,000 to $124,999": 125, "$125,000 to $149,999": 0, "$150,000 to $199,999": 18, "$200,000 or more": 72, "COUNTY": "Kings County", "TRACTCE": "026500", "BLKGRPCE": "4", "Area (Sq Mi)": 0.015410038610038611, "zip_code": "11216", "block_group": "0265004", "bg_area": 429602.80581703759, "overlap_area": 429602.80581703759, "frac_in_neighborhood": 1.0, "pop_in_neighborhood": 484.0, "neighborhood": "bedstuy" }, "geometry": { "type": "Polygon", "coordinates": [ [ [ 999690.148905613226816, 189005.245021210197592 ], [ 998903.402915944461711, 188885.98637867110665 ], [ 998863.027712367358617, 189153.015392498200526 ], [ 999649.21040504577104, 189272.272016481874743 ], [ 1000435.385422541177832, 189391.19050289344159 ], [ 1000476.055001889355481, 189124.164153183082817 ], [ 999690.148905613226816, 189005.245021210197592 ] ] ] } },
{ "type": "Feature", "properties": { "GISJOIN": "G36004700277003", "Total Pop (Race/Ethnicity)": 509, "Not Hispanic or Latino": 454, "Not Hispanic or Latino: White alone": 98, "Not Hispanic or Latino: Black or African American alone": 304, "Not Hispanic or Latino: American Indian and Alaska Native alone": 0, "Not Hispanic or Latino: Asian alone": 40, "Not Hispanic or Latino: Native Hawaiian and Other Pacific Islander alone": 0, "Not Hispanic or Latino: Some other race alone": 0, "Not Hispanic or Latino: Two or more races": 12, "Not Hispanic or Latino: Two or more races: Two races including Some other race": 0, "Not Hispanic or Latino: Two or more races: Two races excluding Some other race, and three or more races": 12, "Hispanic or Latino": 55, "Total Households (Income)": 297, "Less than $10,000": 60, "$10,000 to $14,999": 0, "$15,000 to $19,999": 0, "$20,000 to $24,999": 0, "$25,000 to $29,999": 18, "$30,000 to $34,999": 0, "$35,000 to $39,999": 0, "$40,000 to $44,999": 0, "$45,000 to $49,999": 0, "$50,000 to $59,999": 55, "$60,000 to $74,999": 0, "$75,000 to $99,999": 63, "$100,000 to $124,999": 40, "$125,000 to $149,999": 0, "$150,000 to $199,999": 31, "$200,000 or more": 30, "COUNTY": "Kings County", "TRACTCE": "027700", "BLKGRPCE": "3", "Area (Sq Mi)": 0.015411196911196912, "zip_code": "11221", "block_group": "0277003", "bg_area": 429636.53827152029, "overlap_area": 429636.53827152029, "frac_in_neighborhood": 1.0, "pop_in_neighborhood": 509.0, "neighborhood": "bedstuy" }, "geometry": { "type": "Polygon", "coordinates": [ [ [ 1000516.725356679409742, 188857.138140807946911 ], [ 1000476.055001889355481, 189124.164153183082817 ], [ 1000435.385422541177832, 189391.19050289344159 ], [ 1001221.552321581402794, 189511.226746470987564 ], [ 1001262.23030761256814, 189243.83768147561932 ], [ 1001302.354676231974736, 188976.812330764223589 ], [ 1000516.725356679409742, 188857.138140807946911 ] ] ] } },
{ "type": "Feature", "properties": { "GISJOIN": "G36004700383001", "Total Pop (Race/Ethnicity)": 1775, "Not Hispanic or Latino": 1365, "Not Hispanic or Latino: White alone": 366, "Not Hispanic or Latino: Black or African American alone": 548, "Not Hispanic or Latino: American Indian and Alaska Native alone": 0, "Not Hispanic or Latino: Asian alone": 110, "Not Hispanic or Latino: Native Hawaiian and Other Pacific Islander alone": 0, "Not Hispanic or Latino: Some other race alone": 0, "Not Hispanic or Latino: Two or more races": 341, "Not Hispanic or Latino: Two or more races: Two races including Some other race": 259, "Not Hispanic or Latino: Two or more races: Two races excluding Some other race, and three or more races": 82, "Hispanic or Latino": 410, "Total Households (Income)": 626, "Less than $10,000": 0, "$10,000 to $14,999": 0, "$15,000 to $19,999": 0, "$20,000 to $24,999": 0, "$25,000 to $29,999": 16, "$30,000 to $34,999": 49, "$35,000 to $39,999": 91, "$40,000 to $44,999": 0, "$45,000 to $49,999": 0, "$50,000 to $59,999": 47, "$60,000 to $74,999": 17, "$75,000 to $99,999": 117, "$100,000 to $124,999": 139, "$125,000 to $149,999": 65, "$150,000 to $199,999": 54, "$200,000 or more": 31, "COUNTY": "Kings County", "TRACTCE": "038300", "BLKGRPCE": "1", "Area (Sq Mi)": 0.016853281853281853, "zip_code": "11221", "block_group": "0383001", "bg_area": 469843.50236831268, "overlap_area": 469843.50236831256, "frac_in_neighborhood": 0.99999999999999978, "pop_in_neighborhood": 1774.9999999999995, "neighborhood": "bedstuy" }, "geometry": { "type": "Polygon", "coordinates": [ [ [ 1005468.786081740632653, 189062.432654005970107 ], [ 1004626.608678523916751, 188935.289241012302227 ], [ 1004487.955230939318426, 188914.042264481133316 ], [ 1003913.094133908627555, 188827.22408305836143 ], [ 1003816.035441274289042, 188812.936835820873966 ], [ 1003796.512867929763161, 188947.723180396744283 ], [ 1003777.270327828475274, 189079.594952001585625 ], [ 1004585.615474930265918, 189202.672863832965959 ], [ 1005495.168386802310124, 189339.710223665548256 ], [ 1005535.338981639710255, 189072.691809082112741 ], [ 1005468.786081740632653, 189062.432654005970107 ] ] ] } },
{ "type": "Feature", "properties": { "GISJOIN": "G36004700277002", "Total Pop (Race/Ethnicity)": 539, "Not Hispanic or Latino": 470, "Not Hispanic or Latino: White alone": 74, "Not Hispanic or Latino: Black or African American alone": 388, "Not Hispanic or Latino: American Indian and Alaska Native alone": 0, "Not Hispanic or Latino: Asian alone": 0, "Not Hispanic or Latino: Native Hawaiian and Other Pacific Islander alone": 0, "Not Hispanic or Latino: Some other race alone": 0, "Not Hispanic or Latino: Two or more races": 8, "Not Hispanic or Latino: Two or more races: Two races including Some other race": 0, "Not Hispanic or Latino: Two or more races: Two races excluding Some other race, and three or more races": 8, "Hispanic or Latino": 69, "Total Households (Income)": 242, "Less than $10,000": 0, "$10,000 to $14,999": 0, "$15,000 to $19,999": 0, "$20,000 to $24,999": 0, "$25,000 to $29,999": 0, "$30,000 to $34,999": 0, "$35,000 to $39,999": 0, "$40,000 to $44,999": 0, "$45,000 to $49,999": 22, "$50,000 to $59,999": 0, "$60,000 to $74,999": 0, "$75,000 to $99,999": 17, "$100,000 to $124,999": 7, "$125,000 to $149,999": 31, "$150,000 to $199,999": 81, "$200,000 or more": 84, "COUNTY": "Kings County", "TRACTCE": "027700", "BLKGRPCE": "2", "Area (Sq Mi)": 0.015890733590733591, "zip_code": "11221", "block_group": "0277002", "bg_area": 443006.52334880503, "overlap_area": 443006.52334880497, "frac_in_neighborhood": 0.99999999999999989, "pop_in_neighborhood": 538.99999999999989, "neighborhood": "bedstuy" }, "geometry": { "type": "Polygon", "coordinates": [ [ [ 1002113.488794810022227, 189100.174400362710003 ], [ 1001302.354676231974736, 188976.812330764223589 ], [ 1001262.23030761256814, 189243.83768147561932 ], [ 1001221.552321581402794, 189511.226746470987564 ], [ 1002032.946553882211447, 189633.857457143603824 ], [ 1002072.801037041237578, 189367.197410106949974 ], [ 1002113.488794810022227, 189100.174400362710003 ] ] ] } },
{ "type": "Feature", "properties": { "GISJOIN": "G36004700385004", "Total Pop (Race/Ethnicity)": 760, "Not Hispanic or Latino": 689, "Not Hispanic or Latino: White alone": 211, "Not Hispanic or Latino: Black or African American alone": 418, "Not Hispanic or Latino: American Indian and Alaska Native alone": 0, "Not Hispanic or Latino: Asian alone": 38, "Not Hispanic or Latino: Native Hawaiian and Other Pacific Islander alone": 0, "Not Hispanic or Latino: Some other race alone": 0, "Not Hispanic or Latino: Two or more races": 22, "Not Hispanic or Latino: Two or more races: Two races including Some other race": 22, "Not Hispanic or Latino: Two or more races: Two races excluding Some other race, and three or more races": 0, "Hispanic or Latino": 71, "Total Households (Income)": 336, "Less than $10,000": 0, "$10,000 to $14,999": 0, "$15,000 to $19,999": 0, "$20,000 to $24,999": 0, "$25,000 to $29,999": 0, "$30,000 to $34,999": 17, "$35,000 to $39,999": 0, "$40,000 to $44,999": 11, "$45,000 to $49,999": 0, "$50,000 to $59,999": 51, "$60,000 to $74,999": 48, "$75,000 to $99,999": 27, "$100,000 to $124,999": 57, "$125,000 to $149,999": 45, "$150,000 to $199,999": 6, "$200,000 or more": 74, "COUNTY": "Kings County", "TRACTCE": "038500", "BLKGRPCE": "4", "Area (Sq Mi)": 0.016810038610038609, "zip_code": "11221", "block_group": "0385004", "bg_area": 468640.66135446285, "overlap_area": 468640.66135446285, "frac_in_neighborhood": 1.0, "pop_in_neighborhood": 760.0, "neighborhood": "bedstuy" }, "geometry": { "type": "Polygon", "coordinates": [ [ [ 1004585.615474930265918, 189202.672863832965959 ], [ 1003777.270327828475274, 189079.594952001585625 ], [ 1003732.959596305154264, 189345.88359772489639 ], [ 1004545.733429184532724, 189468.963763556443155 ], [ 1005454.444610978476703, 189605.999397580540972 ], [ 1005495.168386802310124, 189339.710223665548256 ], [ 1004585.615474930265918, 189202.672863832965959 ] ] ] } },
{ "type": "Feature", "properties": { "GISJOIN": "G36004700293004", "Total Pop (Race/Ethnicity)": 794, "Not Hispanic or Latino": 549, "Not Hispanic or Latino: White alone": 162, "Not Hispanic or Latino: Black or African American alone": 349, "Not Hispanic or Latino: American Indian and Alaska Native alone": 0, "Not Hispanic or Latino: Asian alone": 38, "Not Hispanic or Latino: Native Hawaiian and Other Pacific Islander alone": 0, "Not Hispanic or Latino: Some other race alone": 0, "Not Hispanic or Latino: Two or more races": 0, "Not Hispanic or Latino: Two or more races: Two races including Some other race": 0, "Not Hispanic or Latino: Two or more races: Two races excluding Some other race, and three or more races": 0, "Hispanic or Latino": 245, "Total Households (Income)": 428, "Less than $10,000": 131, "$10,000 to $14,999": 0, "$15,000 to $19,999": 0, "$20,000 to $24,999": 0, "$25,000 to $29,999": 15, "$30,000 to $34,999": 69, "$35,000 to $39,999": 0, "$40,000 to $44,999": 0, "$45,000 to $49,999": 0, "$50,000 to $59,999": 0, "$60,000 to $74,999": 0, "$75,000 to $99,999": 17, "$100,000 to $124,999": 71, "$125,000 to $149,999": 41, "$150,000 to $199,999": 40, "$200,000 or more": 44, "COUNTY": "Kings County", "TRACTCE": "029300", "BLKGRPCE": "4", "Area (Sq Mi)": 0.015857915057915058, "zip_code": "11221", "block_group": "0293004", "bg_area": 442088.77601164969, "overlap_area": 442088.77601164969, "frac_in_neighborhood": 1.0, "pop_in_neighborhood": 794.0, "neighborhood": "bedstuy" }, "geometry": { "type": "Polygon", "coordinates": [ [ [ 1002923.505150232464075, 189223.56258451830945 ], [ 1002113.488794810022227, 189100.174400362710003 ], [ 1002072.801037041237578, 189367.197410106949974 ], [ 1002883.364080051658675, 189489.856204462412279 ], [ 1003694.473020902834833, 189613.27095248142723 ], [ 1003732.959596305154264, 189345.88359772489639 ], [ 1002923.505150232464075, 189223.56258451830945 ] ] ] } },
{ "type": "Feature", "properties": { "GISJOIN": "G36004700385003", "Total Pop (Race/Ethnicity)": 1277, "Not Hispanic or Latino": 1145, "Not Hispanic or Latino: White alone": 707, "Not Hispanic or Latino: Black or African American alone": 410, "Not Hispanic or Latino: American Indian and Alaska Native alone": 0, "Not Hispanic or Latino: Asian alone": 0, "Not Hispanic or Latino: Native Hawaiian and Other Pacific Islander alone": 0, "Not Hispanic or Latino: Some other race alone": 16, "Not Hispanic or Latino: Two or more races": 12, "Not Hispanic or Latino: Two or more races: Two races including Some other race": 0, "Not Hispanic or Latino: Two or more races: Two races excluding Some other race, and three or more races": 12, "Hispanic or Latino": 132, "Total Households (Income)": 533, "Less than $10,000": 55, "$10,000 to $14,999": 0, "$15,000 to $19,999": 33, "$20,000 to $24,999": 0, "$25,000 to $29,999": 16, "$30,000 to $34,999": 0, "$35,000 to $39,999": 15, "$40,000 to $44,999": 0, "$45,000 to $49,999": 0, "$50,000 to $59,999": 16, "$60,000 to $74,999": 8, "$75,000 to $99,999": 79, "$100,000 to $124,999": 71, "$125,000 to $149,999": 0, "$150,000 to $199,999": 180, "$200,000 or more": 60, "COUNTY": "Kings County", "TRACTCE": "038500", "BLKGRPCE": "3", "Area (Sq Mi)": 0.016905791505791506, "zip_code": "11221", "block_group": "0385003", "bg_area": 471305.4770352029, "overlap_area": 471305.4770352029, "frac_in_neighborhood": 1.0, "pop_in_neighborhood": 1277.0, "neighborhood": "bedstuy" }, "geometry": { "type": "Polygon", "coordinates": [ [ [ 1004545.733429184532724, 189468.963763556443155 ], [ 1003732.959596305154264, 189345.88359772489639 ], [ 1003694.473020902834833, 189613.27095248142723 ], [ 1004504.464085380081087, 189737.075782123632962 ], [ 1005413.443194848485291, 189873.745358676969772 ], [ 1005454.444610978476703, 189605.999397580540972 ], [ 1004545.733429184532724, 189468.963763556443155 ] ] ] } },
{ "type": "Feature", "properties": { "GISJOIN": "G36004700293003", "Total Pop (Race/Ethnicity)": 715, "Not Hispanic or Latino": 715, "Not Hispanic or Latino: White alone": 112, "Not Hispanic or Latino: Black or African American alone": 557, "Not Hispanic or Latino: American Indian and Alaska Native alone": 0, "Not Hispanic or Latino: Asian alone": 25, "Not Hispanic or Latino: Native Hawaiian and Other Pacific Islander alone": 0, "Not Hispanic or Latino: Some other race alone": 0, "Not Hispanic or Latino: Two or more races": 21, "Not Hispanic or Latino: Two or more races: Two races including Some other race": 0, "Not Hispanic or Latino: Two or more races: Two races excluding Some other race, and three or more races": 21, "Hispanic or Latino": 0, "Total Households (Income)": 255, "Less than $10,000": 18, "$10,000 to $14,999": 0, "$15,000 to $19,999": 0, "$20,000 to $24,999": 0, "$25,000 to $29,999": 0, "$30,000 to $34,999": 0, "$35,000 to $39,999": 15, "$40,000 to $44,999": 26, "$45,000 to $49,999": 10, "$50,000 to $59,999": 0, "$60,000 to $74,999": 0, "$75,000 to $99,999": 81, "$100,000 to $124,999": 11, "$125,000 to $149,999": 55, "$150,000 to $199,999": 14, "$200,000 or more": 25, "COUNTY": "Kings County", "TRACTCE": "029300", "BLKGRPCE": "3", "Area (Sq Mi)": 0.01587876447876448, "zip_code": "11221", "block_group": "0293003", "bg_area": 442677.897194447, "overlap_area": 442677.897194447, "frac_in_neighborhood": 1.0, "pop_in_neighborhood": 715.0, "neighborhood": "bedstuy" }, "geometry": { "type": "Polygon", "coordinates": [ [ [ 1002883.364080051658675, 189489.856204462412279 ], [ 1002072.801037041237578, 189367.197410106949974 ], [ 1002032.946553882211447, 189633.857457143603824 ], [ 1002842.945926161133684, 189756.878591127693653 ], [ 1003653.491554579813965, 189880.291310556611279 ], [ 1003694.473020902834833, 189613.27095248142723 ], [ 1002883.364080051658675, 189489.856204462412279 ] ] ] } },
{ "type": "Feature", "properties": { "GISJOIN": "G36004700385002", "Total Pop (Race/Ethnicity)": 803, "Not Hispanic or Latino": 760, "Not Hispanic or Latino: White alone": 116, "Not Hispanic or Latino: Black or African American alone": 143, "Not Hispanic or Latino: American Indian and Alaska Native alone": 0, "Not Hispanic or Latino: Asian alone": 15, "Not Hispanic or Latino: Native Hawaiian and Other Pacific Islander alone": 0, "Not Hispanic or Latino: Some other race alone": 0, "Not Hispanic or Latino: Two or more races": 486, "Not Hispanic or Latino: Two or more races: Two races including Some other race": 478, "Not Hispanic or Latino: Two or more races: Two races excluding Some other race, and three or more races": 8, "Hispanic or Latino": 43, "Total Households (Income)": 187, "Less than $10,000": 6, "$10,000 to $14,999": 0, "$15,000 to $19,999": 0, "$20,000 to $24,999": 0, "$25,000 to $29,999": 20, "$30,000 to $34,999": 0, "$35,000 to $39,999": 0, "$40,000 to $44,999": 0, "$45,000 to $49,999": 0, "$50,000 to $59,999": 0, "$60,000 to $74,999": 0, "$75,000 to $99,999": 0, "$100,000 to $124,999": 0, "$125,000 to $149,999": 28, "$150,000 to $199,999": 25, "$200,000 or more": 108, "COUNTY": "Kings County", "TRACTCE": "038500", "BLKGRPCE": "2", "Area (Sq Mi)": 0.016783783783783784, "zip_code": "11221", "block_group": "0385002", "bg_area": 467900.72425124643, "overlap_area": 467900.72425124649, "frac_in_neighborhood": 1.0000000000000002, "pop_in_neighborhood": 803.00000000000023, "neighborhood": "bedstuy" }, "geometry": { "type": "Polygon", "coordinates": [ [ [ 1004504.464085380081087, 189737.075782123632962 ], [ 1003694.473020902834833, 189613.27095248142723 ], [ 1003653.491554579813965, 189880.291310556611279 ], [ 1004463.75256798742339, 190002.637794240668882 ], [ 1005372.999039457994513, 190139.67067828780273 ], [ 1005413.443194848485291, 189873.745358676969772 ], [ 1004504.464085380081087, 189737.075782123632962 ] ] ] } },
{ "type": "Feature", "properties": { "GISJOIN": "G36004700293002", "Total Pop (Race/Ethnicity)": 498, "Not Hispanic or Latino": 398, "Not Hispanic or Latino: White alone": 19, "Not Hispanic or Latino: Black or African American alone": 345, "Not Hispanic or Latino: American Indian and Alaska Native alone": 0, "Not Hispanic or Latino: Asian alone": 14, "Not Hispanic or Latino: Native Hawaiian and Other Pacific Islander alone": 0, "Not Hispanic or Latino: Some other race alone": 0, "Not Hispanic or Latino: Two or more races": 20, "Not Hispanic or Latino: Two or more races: Two races including Some other race": 0, "Not Hispanic or Latino: Two or more races: Two races excluding Some other race, and three or more races": 20, "Hispanic or Latino": 100, "Total Households (Income)": 247, "Less than $10,000": 127, "$10,000 to $14,999": 30, "$15,000 to $19,999": 7, "$20,000 to $24,999": 0, "$25,000 to $29,999": 30, "$30,000 to $34,999": 20, "$35,000 to $39,999": 15, "$40,000 to $44,999": 0, "$45,000 to $49,999": 0, "$50,000 to $59,999": 0, "$60,000 to $74,999": 0, "$75,000 to $99,999": 0, "$100,000 to $124,999": 0, "$125,000 to $149,999": 0, "$150,000 to $199,999": 0, "$200,000 or more": 18, "COUNTY": "Kings County", "TRACTCE": "029300", "BLKGRPCE": "2", "Area (Sq Mi)": 0.015904633204633204, "zip_code": "11221", "block_group": "0293002", "bg_area": 443398.60230808455, "overlap_area": 443398.60230808455, "frac_in_neighborhood": 1.0, "pop_in_neighborhood": 498.0, "neighborhood": "bedstuy" }, "geometry": { "type": "Polygon", "coordinates": [ [ [ 1002842.945926161133684, 189756.878591127693653 ], [ 1002032.946553882211447, 189633.857457143603824 ], [ 1001991.706424416857772, 189900.51617780289962 ], [ 1002802.805178606649861, 190024.994245770853013 ], [ 1003613.065825731260702, 190146.948167944938177 ], [ 1003653.491554579813965, 189880.291310556611279 ], [ 1002842.945926161133684, 189756.878591127693653 ] ] ] } },
{ "type": "Feature", "properties": { "GISJOIN": "G36004700385001", "Total Pop (Race/Ethnicity)": 983, "Not Hispanic or Latino": 823, "Not Hispanic or Latino: White alone": 231, "Not Hispanic or Latino: Black or African American alone": 536, "Not Hispanic or Latino: American Indian and Alaska Native alone": 0, "Not Hispanic or Latino: Asian alone": 32, "Not Hispanic or Latino: Native Hawaiian and Other Pacific Islander alone": 0, "Not Hispanic or Latino: Some other race alone": 0, "Not Hispanic or Latino: Two or more races": 24, "Not Hispanic or Latino: Two or more races: Two races including Some other race": 0, "Not Hispanic or Latino: Two or more races: Two races excluding Some other race, and three or more races": 24, "Hispanic or Latino": 160, "Total Households (Income)": 515, "Less than $10,000": 1, "$10,000 to $14,999": 20, "$15,000 to $19,999": 10, "$20,000 to $24,999": 0, "$25,000 to $29,999": 0, "$30,000 to $34,999": 0, "$35,000 to $39,999": 0, "$40,000 to $44,999": 0, "$45,000 to $49,999": 0, "$50,000 to $59,999": 0, "$60,000 to $74,999": 62, "$75,000 to $99,999": 217, "$100,000 to $124,999": 61, "$125,000 to $149,999": 53, "$150,000 to $199,999": 18, "$200,000 or more": 73, "COUNTY": "Kings County", "TRACTCE": "038500", "BLKGRPCE": "1", "Area (Sq Mi)": 0.016852895752895752, "zip_code": "11221", "block_group": "0385001", "bg_area": 469830.37536114355, "overlap_area": 469830.37536114349, "frac_in_neighborhood": 0.99999999999999989, "pop_in_neighborhood": 982.99999999999989, "neighborhood": "bedstuy" }, "geometry": { "type": "Polygon", "coordinates": [ [ [ 1004463.75256798742339, 190002.637794240668882 ], [ 1003653.491554579813965, 189880.291310556611279 ], [ 1003613.065825731260702, 190146.948167944938177 ], [ 1004424.426934751914814, 190270.022864184138598 ], [ 1005332.554061656468548, 190407.053163915785262 ], [ 1005372.999039457994513, 190139.67067828780273 ], [ 1004463.75256798742339, 190002.637794240668882 ] ] ] } },
{ "type": "Feature", "properties": { "GISJOIN": "G36004700293001", "Total Pop (Race/Ethnicity)": 1174, "Not Hispanic or Latino": 703, "Not Hispanic or Latino: White alone": 22, "Not Hispanic or Latino: Black or African American alone": 667, "Not Hispanic or Latino: American Indian and Alaska Native alone": 0, "Not Hispanic or Latino: Asian alone": 0, "Not Hispanic or Latino: Native Hawaiian and Other Pacific Islander alone": 0, "Not Hispanic or Latino: Some other race alone": 0, "Not Hispanic or Latino: Two or more races": 14, "Not Hispanic or Latino: Two or more races: Two races including Some other race": 0, "Not Hispanic or Latino: Two or more races: Two races excluding Some other race, and three or more races": 14, "Hispanic or Latino": 471, "Total Households (Income)": 396, "Less than $10,000": 87, "$10,000 to $14,999": 21, "$15,000 to $19,999": 0, "$20,000 to $24,999": 82, "$25,000 to $29,999": 15, "$30,000 to $34,999": 0, "$35,000 to $39,999": 0, "$40,000 to $44,999": 0, "$45,000 to $49,999": 0, "$50,000 to $59,999": 70, "$60,000 to $74,999": 0, "$75,000 to $99,999": 9, "$100,000 to $124,999": 8, "$125,000 to $149,999": 56, "$150,000 to $199,999": 0, "$200,000 or more": 48, "COUNTY": "Kings County", "TRACTCE": "029300", "BLKGRPCE": "1", "Area (Sq Mi)": 0.015856756756756758, "zip_code": "11221", "block_group": "0293001", "bg_area": 442064.15336141904, "overlap_area": 442064.15336141904, "frac_in_neighborhood": 1.0, "pop_in_neighborhood": 1174.0, "neighborhood": "bedstuy" }, "geometry": { "type": "Polygon", "coordinates": [ [ [ 1002802.805178606649861, 190024.994245770853013 ], [ 1001991.706424416857772, 189900.51617780289962 ], [ 1001951.298060378525406, 190168.269080566707999 ], [ 1002761.835654995520599, 190290.558928878279403 ], [ 1003572.641080379369669, 190413.969262425496709 ], [ 1003613.065825731260702, 190146.948167944938177 ], [ 1002802.805178606649861, 190024.994245770853013 ] ] ] } },
{ "type": "Feature", "properties": { "GISJOIN": "G36004700243003", "Total Pop (Race/Ethnicity)": 1287, "Not Hispanic or Latino": 836, "Not Hispanic or Latino: White alone": 237, "Not Hispanic or Latino: Black or African American alone": 552, "Not Hispanic or Latino: American Indian and Alaska Native alone": 0, "Not Hispanic or Latino: Asian alone": 19, "Not Hispanic or Latino: Native Hawaiian and Other Pacific Islander alone": 0, "Not Hispanic or Latino: Some other race alone": 0, "Not Hispanic or Latino: Two or more races": 28, "Not Hispanic or Latino: Two or more races: Two races including Some other race": 0, "Not Hispanic or Latino: Two or more races: Two races excluding Some other race, and three or more races": 28, "Hispanic or Latino": 451, "Total Households (Income)": 572, "Less than $10,000": 50, "$10,000 to $14,999": 126, "$15,000 to $19,999": 0, "$20,000 to $24,999": 32, "$25,000 to $29,999": 42, "$30,000 to $34,999": 0, "$35,000 to $39,999": 0, "$40,000 to $44,999": 0, "$45,000 to $49,999": 0, "$50,000 to $59,999": 0, "$60,000 to $74,999": 0, "$75,000 to $99,999": 52, "$100,000 to $124,999": 21, "$125,000 to $149,999": 19, "$150,000 to $199,999": 24, "$200,000 or more": 206, "COUNTY": "Kings County", "TRACTCE": "024300", "BLKGRPCE": "3", "Area (Sq Mi)": 0.019863320463320462, "zip_code": "11216", "block_group": "0243003", "bg_area": 553756.77199960407, "overlap_area": 553756.77199960395, "frac_in_neighborhood": 0.99999999999999978, "pop_in_neighborhood": 1286.9999999999998, "neighborhood": "bedstuy" }, "geometry": { "type": "Polygon", "coordinates": [ [ [ 996939.551812101039104, 188860.835548532690154 ], [ 996898.643528682878241, 189127.867686423269333 ], [ 996858.29074981843587, 189394.535359668167075 ], [ 997871.871131638064981, 189548.465072444931138 ], [ 997912.512258628266864, 189281.434712097543525 ], [ 997953.431547987274826, 189014.404592713224702 ], [ 996939.551812101039104, 188860.835548532690154 ] ] ] } },
{ "type": "Feature", "properties": { "GISJOIN": "G36004700229003", "Total Pop (Race/Ethnicity)": 585, "Not Hispanic or Latino": 435, "Not Hispanic or Latino: White alone": 233, "Not Hispanic or Latino: Black or African American alone": 144, "Not Hispanic or Latino: American Indian and Alaska Native alone": 0, "Not Hispanic or Latino: Asian alone": 23, "Not Hispanic or Latino: Native Hawaiian and Other Pacific Islander alone": 0, "Not Hispanic or Latino: Some other race alone": 25, "Not Hispanic or Latino: Two or more races": 10, "Not Hispanic or Latino: Two or more races: Two races including Some other race": 0, "Not Hispanic or Latino: Two or more races: Two races excluding Some other race, and three or more races": 10, "Hispanic or Latino": 150, "Total Households (Income)": 280, "Less than $10,000": 15, "$10,000 to $14,999": 7, "$15,000 to $19,999": 0, "$20,000 to $24,999": 12, "$25,000 to $29,999": 0, "$30,000 to $34,999": 0, "$35,000 to $39,999": 0, "$40,000 to $44,999": 0, "$45,000 to $49,999": 5, "$50,000 to $59,999": 0, "$60,000 to $74,999": 19, "$75,000 to $99,999": 20, "$100,000 to $124,999": 15, "$125,000 to $149,999": 25, "$150,000 to $199,999": 42, "$200,000 or more": 120, "COUNTY": "Kings County", "TRACTCE": "022900", "BLKGRPCE": "3", "Area (Sq Mi)": 0.014810424710424711, "zip_code": "11238", "block_group": "0229003", "bg_area": 412891.152888779, "overlap_area": 412858.51980115409, "frac_in_neighborhood": 0.99992096442997969, "pop_in_neighborhood": 584.95376419153808, "neighborhood": "bedstuy" }, "geometry": { "type": "Polygon", "coordinates": [ [ [ 995544.488245940068737, 188922.082929854776012 ], [ 995544.477321847225539, 188922.155641863122582 ], [ 995537.909417211543769, 188965.194172202493064 ], [ 995503.692737915669568, 189189.409545302856714 ], [ 995463.325880075804889, 189456.16214347735513 ], [ 996219.497067986172624, 189570.547510024422081 ], [ 996259.010705825989135, 189303.513810815144097 ], [ 996300.466409365297295, 189036.480860495736124 ], [ 995544.488245940068737, 188922.082929854776012 ] ] ] } },
{ "type": "Feature", "properties": { "GISJOIN": "G36004700229001", "Total Pop (Race/Ethnicity)": 877, "Not Hispanic or Latino": 762, "Not Hispanic or Latino: White alone": 508, "Not Hispanic or Latino: Black or African American alone": 134, "Not Hispanic or Latino: American Indian and Alaska Native alone": 0, "Not Hispanic or Latino: Asian alone": 42, "Not Hispanic or Latino: Native Hawaiian and Other Pacific Islander alone": 0, "Not Hispanic or Latino: Some other race alone": 32, "Not Hispanic or Latino: Two or more races": 46, "Not Hispanic or Latino: Two or more races: Two races including Some other race": 8, "Not Hispanic or Latino: Two or more races: Two races excluding Some other race, and three or more races": 38, "Hispanic or Latino": 115, "Total Households (Income)": 386, "Less than $10,000": 0, "$10,000 to $14,999": 0, "$15,000 to $19,999": 0, "$20,000 to $24,999": 9, "$25,000 to $29,999": 7, "$30,000 to $34,999": 0, "$35,000 to $39,999": 0, "$40,000 to $44,999": 11, "$45,000 to $49,999": 0, "$50,000 to $59,999": 51, "$60,000 to $74,999": 13, "$75,000 to $99,999": 42, "$100,000 to $124,999": 24, "$125,000 to $149,999": 98, "$150,000 to $199,999": 70, "$200,000 or more": 61, "COUNTY": "Kings County", "TRACTCE": "022900", "BLKGRPCE": "1", "Area (Sq Mi)": 0.01173050193050193, "zip_code": "11216", "block_group": "0229001", "bg_area": 327027.39171609632, "overlap_area": 327027.39171609632, "frac_in_neighborhood": 1.0, "pop_in_neighborhood": 877.0, "neighborhood": "bedstuy" }, "geometry": { "type": "Polygon", "coordinates": [ [ [ 996898.643528682878241, 189127.867686423269333 ], [ 996300.466409365297295, 189036.480860495736124 ], [ 996259.010705825989135, 189303.513810815144097 ], [ 996219.497067986172624, 189570.547510024422081 ], [ 996817.661574400262907, 189661.567366645060247 ], [ 996858.29074981843587, 189394.535359668167075 ], [ 996898.643528682878241, 189127.867686423269333 ] ] ] } },
{ "type": "Feature", "properties": { "GISJOIN": "G36004700251003", "Total Pop (Race/Ethnicity)": 1398, "Not Hispanic or Latino": 1063, "Not Hispanic or Latino: White alone": 287, "Not Hispanic or Latino: Black or African American alone": 668, "Not Hispanic or Latino: American Indian and Alaska Native alone": 0, "Not Hispanic or Latino: Asian alone": 40, "Not Hispanic or Latino: Native Hawaiian and Other Pacific Islander alone": 0, "Not Hispanic or Latino: Some other race alone": 0, "Not Hispanic or Latino: Two or more races": 68, "Not Hispanic or Latino: Two or more races: Two races including Some other race": 56, "Not Hispanic or Latino: Two or more races: Two races excluding Some other race, and three or more races": 12, "Hispanic or Latino": 335, "Total Households (Income)": 655, "Less than $10,000": 32, "$10,000 to $14,999": 66, "$15,000 to $19,999": 0, "$20,000 to $24,999": 89, "$25,000 to $29,999": 0, "$30,000 to $34,999": 15, "$35,000 to $39,999": 15, "$40,000 to $44,999": 53, "$45,000 to $49,999": 45, "$50,000 to $59,999": 12, "$60,000 to $74,999": 39, "$75,000 to $99,999": 108, "$100,000 to $124,999": 45, "$125,000 to $149,999": 62, "$150,000 to $199,999": 32, "$200,000 or more": 42, "COUNTY": "Kings County", "TRACTCE": "025100", "BLKGRPCE": "3", "Area (Sq Mi)": 0.017827027027027029, "zip_code": "11216", "block_group": "0251003", "bg_area": 496983.33011398895, "overlap_area": 496983.33011398895, "frac_in_neighborhood": 1.0, "pop_in_neighborhood": 1398.0, "neighborhood": "bedstuy" }, "geometry": { "type": "Polygon", "coordinates": [ [ [ 998863.027712367358617, 189153.015392498200526 ], [ 997953.431547987274826, 189014.404592713224702 ], [ 997912.512258628266864, 189281.434712097543525 ], [ 997871.871131638064981, 189548.465072444931138 ], [ 998781.725231319083832, 189686.708916762290755 ], [ 998822.376176631078124, 189419.680157487426186 ], [ 998863.027712367358617, 189153.015392498200526 ] ] ] } },
{ "type": "Feature", "properties": { "GISJOIN": "G36004700243002", "Total Pop (Race/Ethnicity)": 1692, "Not Hispanic or Latino": 1634, "Not Hispanic or Latino: White alone": 353, "Not Hispanic or Latino: Black or African American alone": 1029, "Not Hispanic or Latino: American Indian and Alaska Native alone": 0, "Not Hispanic or Latino: Asian alone": 119, "Not Hispanic or Latino: Native Hawaiian and Other Pacific Islander alone": 0, "Not Hispanic or Latino: Some other race alone": 0, "Not Hispanic or Latino: Two or more races": 133, "Not Hispanic or Latino: Two or more races: Two races including Some other race": 0, "Not Hispanic or Latino: Two or more races: Two races excluding Some other race, and three or more races": 133, "Hispanic or Latino": 58, "Total Households (Income)": 714, "Less than $10,000": 134, "$10,000 to $14,999": 23, "$15,000 to $19,999": 59, "$20,000 to $24,999": 0, "$25,000 to $29,999": 12, "$30,000 to $34,999": 19, "$35,000 to $39,999": 0, "$40,000 to $44,999": 0, "$45,000 to $49,999": 24, "$50,000 to $59,999": 0, "$60,000 to $74,999": 0, "$75,000 to $99,999": 11, "$100,000 to $124,999": 38, "$125,000 to $149,999": 56, "$150,000 to $199,999": 87, "$200,000 or more": 251, "COUNTY": "Kings County", "TRACTCE": "024300", "BLKGRPCE": "2", "Area (Sq Mi)": 0.019867181467181468, "zip_code": "11216", "block_group": "0243002", "bg_area": 553864.64819249162, "overlap_area": 553864.64819249162, "frac_in_neighborhood": 1.0, "pop_in_neighborhood": 1692.0, "neighborhood": "bedstuy" }, "geometry": { "type": "Polygon", "coordinates": [ [ [ 996858.29074981843587, 189394.535359668167075 ], [ 996817.661574400262907, 189661.567366645060247 ], [ 996777.310345812700689, 189928.23571396493935 ], [ 997790.59141801961232, 190082.890705259516835 ], [ 997831.507888022810221, 189815.860355610842817 ], [ 997871.871131638064981, 189548.465072444931138 ], [ 996858.29074981843587, 189394.535359668167075 ] ] ] } },
{ "type": "Feature", "properties": { "GISJOIN": "G36004700251002", "Total Pop (Race/Ethnicity)": 1819, "Not Hispanic or Latino": 1721, "Not Hispanic or Latino: White alone": 178, "Not Hispanic or Latino: Black or African American alone": 1367, "Not Hispanic or Latino: American Indian and Alaska Native alone": 0, "Not Hispanic or Latino: Asian alone": 33, "Not Hispanic or Latino: Native Hawaiian and Other Pacific Islander alone": 0, "Not Hispanic or Latino: Some other race alone": 0, "Not Hispanic or Latino: Two or more races": 143, "Not Hispanic or Latino: Two or more races: Two races including Some other race": 74, "Not Hispanic or Latino: Two or more races: Two races excluding Some other race, and three or more races": 69, "Hispanic or Latino": 98, "Total Households (Income)": 693, "Less than $10,000": 88, "$10,000 to $14,999": 54, "$15,000 to $19,999": 44, "$20,000 to $24,999": 11, "$25,000 to $29,999": 53, "$30,000 to $34,999": 0, "$35,000 to $39,999": 0, "$40,000 to $44,999": 0, "$45,000 to $49,999": 0, "$50,000 to $59,999": 205, "$60,000 to $74,999": 33, "$75,000 to $99,999": 106, "$100,000 to $124,999": 0, "$125,000 to $149,999": 16, "$150,000 to $199,999": 50, "$200,000 or more": 33, "COUNTY": "Kings County", "TRACTCE": "025100", "BLKGRPCE": "2", "Area (Sq Mi)": 0.017829729729729731, "zip_code": "11216", "block_group": "0251002", "bg_area": 497063.24046414555, "overlap_area": 497063.24046414549, "frac_in_neighborhood": 0.99999999999999989, "pop_in_neighborhood": 1818.9999999999998, "neighborhood": "bedstuy" }, "geometry": { "type": "Polygon", "coordinates": [ [ [ 998781.725231319083832, 189686.708916762290755 ], [ 997871.871131638064981, 189548.465072444931138 ], [ 997831.507888022810221, 189815.860355610842817 ], [ 997790.59141801961232, 190082.890705259516835 ], [ 998700.703730354085565, 190220.402912068093428 ], [ 998741.075307637802325, 189953.737622303859098 ], [ 998781.725231319083832, 189686.708916762290755 ] ] ] } },
{ "type": "Feature", "properties": { "GISJOIN": "G36004700233001", "Total Pop (Race/Ethnicity)": 2069, "Not Hispanic or Latino": 1995, "Not Hispanic or Latino: White alone": 958, "Not Hispanic or Latino: Black or African American alone": 420, "Not Hispanic or Latino: American Indian and Alaska Native alone": 0, "Not Hispanic or Latino: Asian alone": 264, "Not Hispanic or Latino: Native Hawaiian and Other Pacific Islander alone": 0, "Not Hispanic or Latino: Some other race alone": 18, "Not Hispanic or Latino: Two or more races": 335, "Not Hispanic or Latino: Two or more races: Two races including Some other race": 29, "Not Hispanic or Latino: Two or more races: Two races excluding Some other race, and three or more races": 306, "Hispanic or Latino": 74, "Total Households (Income)": 822, "Less than $10,000": 27, "$10,000 to $14,999": 0, "$15,000 to $19,999": 0, "$20,000 to $24,999": 0, "$25,000 to $29,999": 16, "$30,000 to $34,999": 15, "$35,000 to $39,999": 0, "$40,000 to $44,999": 0, "$45,000 to $49,999": 52, "$50,000 to $59,999": 0, "$60,000 to $74,999": 66, "$75,000 to $99,999": 69, "$100,000 to $124,999": 91, "$125,000 to $149,999": 14, "$150,000 to $199,999": 127, "$200,000 or more": 345, "COUNTY": "Kings County", "TRACTCE": "023300", "BLKGRPCE": "1", "Area (Sq Mi)": 0.022210424710424712, "zip_code": "11238", "block_group": "0233001", "bg_area": 619182.91264443961, "overlap_area": 619142.57043157704, "frac_in_neighborhood": 0.99993484604946492, "pop_in_neighborhood": 2068.865196476343, "neighborhood": "bedstuy" }, "geometry": { "type": "Polygon", "coordinates": [ [ [ 995463.325880075804889, 189456.16214347735513 ], [ 995463.324537277105264, 189456.171016970474739 ], [ 995422.697363492334262, 189723.234734646102879 ], [ 995409.652089830837213, 189809.076309053343721 ], [ 995382.307884704205208, 189989.856683192803757 ], [ 995367.80577366205398, 190084.565759094170062 ], [ 995341.64803916902747, 190256.925566991732921 ], [ 995517.231621143757366, 190283.204137477121549 ], [ 995695.263122934731655, 190309.519100416742731 ], [ 995828.370420577819459, 190329.620057403197279 ], [ 996099.020911838742904, 190370.555707448511384 ], [ 996138.530891452101059, 190104.978775655239588 ], [ 996170.806034383364022, 189891.497734154167119 ], [ 996178.875151206855662, 189837.581157097010873 ], [ 996219.497067986172624, 189570.547510024422081 ], [ 995463.325880075804889, 189456.16214347735513 ] ] ] } },
{ "type": "Feature", "properties": { "GISJOIN": "G36004700231001", "Total Pop (Race/Ethnicity)": 1124, "Not Hispanic or Latino": 1052, "Not Hispanic or Latino: White alone": 637, "Not Hispanic or Latino: Black or African American alone": 290, "Not Hispanic or Latino: American Indian and Alaska Native alone": 0, "Not Hispanic or Latino: Asian alone": 59, "Not Hispanic or Latino: Native Hawaiian and Other Pacific Islander alone": 0, "Not Hispanic or Latino: Some other race alone": 0, "Not Hispanic or Latino: Two or more races": 66, "Not Hispanic or Latino: Two or more races: Two races including Some other race": 0, "Not Hispanic or Latino: Two or more races: Two races excluding Some other race, and three or more races": 66, "Hispanic or Latino": 72, "Total Households (Income)": 575, "Less than $10,000": 9, "$10,000 to $14,999": 32, "$15,000 to $19,999": 103, "$20,000 to $24,999": 16, "$25,000 to $29,999": 7, "$30,000 to $34,999": 0, "$35,000 to $39,999": 0, "$40,000 to $44,999": 12, "$45,000 to $49,999": 0, "$50,000 to $59,999": 22, "$60,000 to $74,999": 12, "$75,000 to $99,999": 70, "$100,000 to $124,999": 54, "$125,000 to $149,999": 14, "$150,000 to $199,999": 25, "$200,000 or more": 199, "COUNTY": "Kings County", "TRACTCE": "023100", "BLKGRPCE": "1", "Area (Sq Mi)": 0.015388803088803089, "zip_code": "11238", "block_group": "0231001", "bg_area": 429016.37593938888, "overlap_area": 17.746864551132006, "frac_in_neighborhood": 4.1366403583716044e-05, "pop_in_neighborhood": 0.046495837628096837, "neighborhood": "bedstuy" }, "geometry": { "type": "Polygon", "coordinates": [ [ [ 995382.307884704205208, 189989.856683192803757 ], [ 995409.652089830837213, 189809.076309053343721 ], [ 995382.181762980530038, 189989.838795720803319 ], [ 995367.80577366205398, 190084.565759094170062 ], [ 995382.307884704205208, 189989.856683192803757 ] ] ] } },
{ "type": "Feature", "properties": { "GISJOIN": "G36004700243001", "Total Pop (Race/Ethnicity)": 1440, "Not Hispanic or Latino": 1337, "Not Hispanic or Latino: White alone": 541, "Not Hispanic or Latino: Black or African American alone": 268, "Not Hispanic or Latino: American Indian and Alaska Native alone": 52, "Not Hispanic or Latino: Asian alone": 304, "Not Hispanic or Latino: Native Hawaiian and Other Pacific Islander alone": 0, "Not Hispanic or Latino: Some other race alone": 0, "Not Hispanic or Latino: Two or more races": 172, "Not Hispanic or Latino: Two or more races: Two races including Some other race": 117, "Not Hispanic or Latino: Two or more races: Two races excluding Some other race, and three or more races": 55, "Hispanic or Latino": 103, "Total Households (Income)": 648, "Less than $10,000": 0, "$10,000 to $14,999": 0, "$15,000 to $19,999": 0, "$20,000 to $24,999": 0, "$25,000 to $29,999": 9, "$30,000 to $34,999": 0, "$35,000 to $39,999": 0, "$40,000 to $44,999": 0, "$45,000 to $49,999": 12, "$50,000 to $59,999": 53, "$60,000 to $74,999": 14, "$75,000 to $99,999": 114, "$100,000 to $124,999": 136, "$125,000 to $149,999": 105, "$150,000 to $199,999": 10, "$200,000 or more": 195, "COUNTY": "Kings County", "TRACTCE": "024300", "BLKGRPCE": "1", "Area (Sq Mi)": 0.019863706563706562, "zip_code": "11216", "block_group": "0243001", "bg_area": 553756.12287724286, "overlap_area": 553756.12287724274, "frac_in_neighborhood": 0.99999999999999978, "pop_in_neighborhood": 1439.9999999999998, "neighborhood": "bedstuy" }, "geometry": { "type": "Polygon", "coordinates": [ [ [ 996777.310345812700689, 189928.23571396493935 ], [ 996736.682936053955927, 190195.632295495917788 ], [ 996695.778625122271478, 190462.665096338634612 ], [ 997710.147950474987738, 190616.223985092306975 ], [ 997715.714513106970116, 190579.794312624115264 ], [ 997750.507389369071461, 190349.921885236573871 ], [ 997790.59141801961232, 190082.890705259516835 ], [ 996777.310345812700689, 189928.23571396493935 ] ] ] } },
{ "type": "Feature", "properties": { "GISJOIN": "G36004700233003", "Total Pop (Race/Ethnicity)": 2191, "Not Hispanic or Latino": 1947, "Not Hispanic or Latino: White alone": 1406, "Not Hispanic or Latino: Black or African American alone": 81, "Not Hispanic or Latino: American Indian and Alaska Native alone": 0, "Not Hispanic or Latino: Asian alone": 207, "Not Hispanic or Latino: Native Hawaiian and Other Pacific Islander alone": 0, "Not Hispanic or Latino: Some other race alone": 0, "Not Hispanic or Latino: Two or more races": 253, "Not Hispanic or Latino: Two or more races: Two races including Some other race": 208, "Not Hispanic or Latino: Two or more races: Two races excluding Some other race, and three or more races": 45, "Hispanic or Latino": 244, "Total Households (Income)": 736, "Less than $10,000": 100, "$10,000 to $14,999": 0, "$15,000 to $19,999": 0, "$20,000 to $24,999": 0, "$25,000 to $29,999": 0, "$30,000 to $34,999": 117, "$35,000 to $39,999": 18, "$40,000 to $44,999": 0, "$45,000 to $49,999": 0, "$50,000 to $59,999": 72, "$60,000 to $74,999": 0, "$75,000 to $99,999": 20, "$100,000 to $124,999": 74, "$125,000 to $149,999": 0, "$150,000 to $199,999": 140, "$200,000 or more": 195, "COUNTY": "Kings County", "TRACTCE": "023300", "BLKGRPCE": "3", "Area (Sq Mi)": 0.027791505791505793, "zip_code": "11205", "block_group": "0233003", "bg_area": 774783.36896995385, "overlap_area": 774783.36896995385, "frac_in_neighborhood": 1.0, "pop_in_neighborhood": 2191.0, "neighborhood": "bedstuy" }, "geometry": { "type": "Polygon", "coordinates": [ [ [ 996736.682936053955927, 190195.632295495917788 ], [ 996777.310345812700689, 189928.23571396493935 ], [ 996817.661574400262907, 189661.567366645060247 ], [ 996219.497067986172624, 189570.547510024422081 ], [ 996178.875151206855662, 189837.581157097010873 ], [ 996170.806034383364022, 189891.497734154167119 ], [ 996138.530891452101059, 190104.978775655239588 ], [ 996099.020911838742904, 190370.555707448511384 ], [ 996158.08653698512353, 190380.42128704872448 ], [ 996159.430573827004991, 190466.76805797877023 ], [ 996135.213536140043288, 190650.378025032900041 ], [ 996099.308469299226999, 190917.778375351830618 ], [ 996353.313735644333065, 190956.522562025114894 ], [ 996615.637672222102992, 190996.002317513397429 ], [ 996655.708275616401806, 190728.969134964398108 ], [ 996695.778625122271478, 190462.665096338634612 ], [ 996736.682936053955927, 190195.632295495917788 ] ] ] } },
{ "type": "Feature", "properties": { "GISJOIN": "G36004700265003", "Total Pop (Race/Ethnicity)": 804, "Not Hispanic or Latino": 686, "Not Hispanic or Latino: White alone": 156, "Not Hispanic or Latino: Black or African American alone": 294, "Not Hispanic or Latino: American Indian and Alaska Native alone": 0, "Not Hispanic or Latino: Asian alone": 0, "Not Hispanic or Latino: Native Hawaiian and Other Pacific Islander alone": 0, "Not Hispanic or Latino: Some other race alone": 0, "Not Hispanic or Latino: Two or more races": 236, "Not Hispanic or Latino: Two or more races: Two races including Some other race": 236, "Not Hispanic or Latino: Two or more races: Two races excluding Some other race, and three or more races": 0, "Hispanic or Latino": 118, "Total Households (Income)": 431, "Less than $10,000": 98, "$10,000 to $14,999": 40, "$15,000 to $19,999": 0, "$20,000 to $24,999": 0, "$25,000 to $29,999": 0, "$30,000 to $34,999": 0, "$35,000 to $39,999": 0, "$40,000 to $44,999": 0, "$45,000 to $49,999": 110, "$50,000 to $59,999": 19, "$60,000 to $74,999": 25, "$75,000 to $99,999": 24, "$100,000 to $124,999": 62, "$125,000 to $149,999": 9, "$150,000 to $199,999": 44, "$200,000 or more": 0, "COUNTY": "Kings County", "TRACTCE": "026500", "BLKGRPCE": "3", "Area (Sq Mi)": 0.015383783783783784, "zip_code": "11221", "block_group": "0265003", "bg_area": 428874.84645943088, "overlap_area": 428874.84645943082, "frac_in_neighborhood": 0.99999999999999989, "pop_in_neighborhood": 803.99999999999989, "neighborhood": "bedstuy" }, "geometry": { "type": "Polygon", "coordinates": [ [ [ 999649.21040504577104, 189272.272016481874743 ], [ 998863.027712367358617, 189153.015392498200526 ], [ 998822.376176631078124, 189419.680157487426186 ], [ 999608.273112212656997, 189538.935300772747723 ], [ 1000394.994642643374391, 189657.488049325940665 ], [ 1000435.385422541177832, 189391.19050289344159 ], [ 999649.21040504577104, 189272.272016481874743 ] ] ] } },
{ "type": "Feature", "properties": { "GISJOIN": "G36004700265002", "Total Pop (Race/Ethnicity)": 1538, "Not Hispanic or Latino": 1386, "Not Hispanic or Latino: White alone": 270, "Not Hispanic or Latino: Black or African American alone": 724, "Not Hispanic or Latino: American Indian and Alaska Native alone": 0, "Not Hispanic or Latino: Asian alone": 178, "Not Hispanic or Latino: Native Hawaiian and Other Pacific Islander alone": 0, "Not Hispanic or Latino: Some other race alone": 0, "Not Hispanic or Latino: Two or more races": 214, "Not Hispanic or Latino: Two or more races: Two races including Some other race": 180, "Not Hispanic or Latino: Two or more races: Two races excluding Some other race, and three or more races": 34, "Hispanic or Latino": 152, "Total Households (Income)": 674, "Less than $10,000": 0, "$10,000 to $14,999": 0, "$15,000 to $19,999": 0, "$20,000 to $24,999": 28, "$25,000 to $29,999": 32, "$30,000 to $34,999": 0, "$35,000 to $39,999": 0, "$40,000 to $44,999": 0, "$45,000 to $49,999": 0, "$50,000 to $59,999": 82, "$60,000 to $74,999": 86, "$75,000 to $99,999": 28, "$100,000 to $124,999": 130, "$125,000 to $149,999": 54, "$150,000 to $199,999": 96, "$200,000 or more": 138, "COUNTY": "Kings County", "TRACTCE": "026500", "BLKGRPCE": "2", "Area (Sq Mi)": 0.015416216216216217, "zip_code": "11216", "block_group": "0265002", "bg_area": 429781.26069125213, "overlap_area": 429781.26069125207, "frac_in_neighborhood": 0.99999999999999989, "pop_in_neighborhood": 1537.9999999999998, "neighborhood": "bedstuy" }, "geometry": { "type": "Polygon", "coordinates": [ [ [ 999608.273112212656997, 189538.935300772747723 ], [ 998822.376176631078124, 189419.680157487426186 ], [ 998781.725231319083832, 189686.708916762290755 ], [ 999568.445538369938731, 189805.963300010043895 ], [ 1000354.049006646848284, 189925.243115530785872 ], [ 1000394.994642643374391, 189657.488049325940665 ], [ 999608.273112212656997, 189538.935300772747723 ] ] ] } },
{ "type": "Feature", "properties": { "GISJOIN": "G36004700277004", "Total Pop (Race/Ethnicity)": 1790, "Not Hispanic or Latino": 1363, "Not Hispanic or Latino: White alone": 61, "Not Hispanic or Latino: Black or African American alone": 945, "Not Hispanic or Latino: American Indian and Alaska Native alone": 0, "Not Hispanic or Latino: Asian alone": 9, "Not Hispanic or Latino: Native Hawaiian and Other Pacific Islander alone": 0, "Not Hispanic or Latino: Some other race alone": 0, "Not Hispanic or Latino: Two or more races": 348, "Not Hispanic or Latino: Two or more races: Two races including Some other race": 64, "Not Hispanic or Latino: Two or more races: Two races excluding Some other race, and three or more races": 284, "Hispanic or Latino": 427, "Total Households (Income)": 572, "Less than $10,000": 126, "$10,000 to $14,999": 104, "$15,000 to $19,999": 66, "$20,000 to $24,999": 4, "$25,000 to $29,999": 30, "$30,000 to $34,999": 17, "$35,000 to $39,999": 0, "$40,000 to $44,999": 14, "$45,000 to $49,999": 0, "$50,000 to $59,999": 14, "$60,000 to $74,999": 0, "$75,000 to $99,999": 40, "$100,000 to $124,999": 22, "$125,000 to $149,999": 74, "$150,000 to $199,999": 41, "$200,000 or more": 20, "COUNTY": "Kings County", "TRACTCE": "027700", "BLKGRPCE": "4", "Area (Sq Mi)": 0.0154, "zip_code": "11221", "block_group": "0277004", "bg_area": 429326.61403485038, "overlap_area": 429326.61403485038, "frac_in_neighborhood": 1.0, "pop_in_neighborhood": 1790.0, "neighborhood": "bedstuy" }, "geometry": { "type": "Polygon", "coordinates": [ [ [ 1000435.385422541177832, 189391.19050289344159 ], [ 1000394.994642643374391, 189657.488049325940665 ], [ 1000354.049006646848284, 189925.243115530785872 ], [ 1001140.199385781772435, 190044.548261131771142 ], [ 1001181.152568222954869, 189777.887475225696107 ], [ 1001221.552321581402794, 189511.226746470987564 ], [ 1000435.385422541177832, 189391.19050289344159 ] ] ] } },
{ "type": "Feature", "properties": { "GISJOIN": "G36004700277001", "Total Pop (Race/Ethnicity)": 1465, "Not Hispanic or Latino": 1134, "Not Hispanic or Latino: White alone": 174, "Not Hispanic or Latino: Black or African American alone": 861, "Not Hispanic or Latino: American Indian and Alaska Native alone": 0, "Not Hispanic or Latino: Asian alone": 37, "Not Hispanic or Latino: Native Hawaiian and Other Pacific Islander alone": 0, "Not Hispanic or Latino: Some other race alone": 0, "Not Hispanic or Latino: Two or more races": 62, "Not Hispanic or Latino: Two or more races: Two races including Some other race": 0, "Not Hispanic or Latino: Two or more races: Two races excluding Some other race, and three or more races": 62, "Hispanic or Latino": 331, "Total Households (Income)": 549, "Less than $10,000": 80, "$10,000 to $14,999": 58, "$15,000 to $19,999": 14, "$20,000 to $24,999": 40, "$25,000 to $29,999": 35, "$30,000 to $34,999": 0, "$35,000 to $39,999": 0, "$40,000 to $44,999": 18, "$45,000 to $49,999": 15, "$50,000 to $59,999": 35, "$60,000 to $74,999": 12, "$75,000 to $99,999": 31, "$100,000 to $124,999": 48, "$125,000 to $149,999": 11, "$150,000 to $199,999": 92, "$200,000 or more": 60, "COUNTY": "Kings County", "TRACTCE": "027700", "BLKGRPCE": "1", "Area (Sq Mi)": 0.015888030888030889, "zip_code": "11221", "block_group": "0277001", "bg_area": 442929.02502483228, "overlap_area": 442929.02502483228, "frac_in_neighborhood": 1.0, "pop_in_neighborhood": 1465.0, "neighborhood": "bedstuy" }, "geometry": { "type": "Polygon", "coordinates": [ [ [ 1002032.946553882211447, 189633.857457143603824 ], [ 1001221.552321581402794, 189511.226746470987564 ], [ 1001181.152568222954869, 189777.887475225696107 ], [ 1001140.199385781772435, 190044.548261131771142 ], [ 1001951.298060378525406, 190168.269080566707999 ], [ 1001991.706424416857772, 189900.51617780289962 ], [ 1002032.946553882211447, 189633.857457143603824 ] ] ] } },
{ "type": "Feature", "properties": { "GISJOIN": "G36004700265001", "Total Pop (Race/Ethnicity)": 1275, "Not Hispanic or Latino": 851, "Not Hispanic or Latino: White alone": 460, "Not Hispanic or Latino: Black or African American alone": 357, "Not Hispanic or Latino: American Indian and Alaska Native alone": 0, "Not Hispanic or Latino: Asian alone": 25, "Not Hispanic or Latino: Native Hawaiian and Other Pacific Islander alone": 0, "Not Hispanic or Latino: Some other race alone": 0, "Not Hispanic or Latino: Two or more races": 9, "Not Hispanic or Latino: Two or more races: Two races including Some other race": 0, "Not Hispanic or Latino: Two or more races: Two races excluding Some other race, and three or more races": 9, "Hispanic or Latino": 424, "Total Households (Income)": 604, "Less than $10,000": 22, "$10,000 to $14,999": 78, "$15,000 to $19,999": 0, "$20,000 to $24,999": 11, "$25,000 to $29,999": 0, "$30,000 to $34,999": 60, "$35,000 to $39,999": 0, "$40,000 to $44,999": 109, "$45,000 to $49,999": 0, "$50,000 to $59,999": 33, "$60,000 to $74,999": 13, "$75,000 to $99,999": 127, "$100,000 to $124,999": 50, "$125,000 to $149,999": 29, "$150,000 to $199,999": 13, "$200,000 or more": 59, "COUNTY": "Kings County", "TRACTCE": "026500", "BLKGRPCE": "1", "Area (Sq Mi)": 0.015414671814671814, "zip_code": "11216", "block_group": "0265001", "bg_area": 429741.75409225491, "overlap_area": 429741.75409225491, "frac_in_neighborhood": 1.0, "pop_in_neighborhood": 1275.0, "neighborhood": "bedstuy" }, "geometry": { "type": "Polygon", "coordinates": [ [ [ 999568.445538369938731, 189805.963300010043895 ], [ 998781.725231319083832, 189686.708916762290755 ], [ 998741.075307637802325, 189953.737622303859098 ], [ 999527.787470717099495, 190072.991380198654952 ], [ 1000313.936339386971667, 190192.633947738679126 ], [ 1000354.049006646848284, 189925.243115530785872 ], [ 999568.445538369938731, 189805.963300010043895 ] ] ] } },
{ "type": "Feature", "properties": { "GISJOIN": "G36004700279004", "Total Pop (Race/Ethnicity)": 1262, "Not Hispanic or Latino": 1168, "Not Hispanic or Latino: White alone": 472, "Not Hispanic or Latino: Black or African American alone": 646, "Not Hispanic or Latino: American Indian and Alaska Native alone": 0, "Not Hispanic or Latino: Asian alone": 25, "Not Hispanic or Latino: Native Hawaiian and Other Pacific Islander alone": 0, "Not Hispanic or Latino: Some other race alone": 0, "Not Hispanic or Latino: Two or more races": 25, "Not Hispanic or Latino: Two or more races: Two races including Some other race": 0, "Not Hispanic or Latino: Two or more races: Two races excluding Some other race, and three or more races": 25, "Hispanic or Latino": 94, "Total Households (Income)": 469, "Less than $10,000": 44, "$10,000 to $14,999": 51, "$15,000 to $19,999": 0, "$20,000 to $24,999": 18, "$25,000 to $29,999": 0, "$30,000 to $34,999": 0, "$35,000 to $39,999": 35, "$40,000 to $44,999": 0, "$45,000 to $49,999": 0, "$50,000 to $59,999": 29, "$60,000 to $74,999": 0, "$75,000 to $99,999": 38, "$100,000 to $124,999": 19, "$125,000 to $149,999": 94, "$150,000 to $199,999": 106, "$200,000 or more": 35, "COUNTY": "Kings County", "TRACTCE": "027900", "BLKGRPCE": "4", "Area (Sq Mi)": 0.01562934362934363, "zip_code": "11221", "block_group": "0279004", "bg_area": 435716.83238523448, "overlap_area": 435716.83238523453, "frac_in_neighborhood": 1.0000000000000002, "pop_in_neighborhood": 1262.0000000000002, "neighborhood": "bedstuy" }, "geometry": { "type": "Polygon", "coordinates": [ [ [ 1001140.199385781772435, 190044.548261131771142 ], [ 1000354.049006646848284, 189925.243115530785872 ], [ 1000313.936339386971667, 190192.633947738679126 ], [ 1001099.523820532718673, 190311.937314765615156 ], [ 1001909.783735783887096, 190433.106106521707261 ], [ 1001951.298060378525406, 190168.269080566707999 ], [ 1001140.199385781772435, 190044.548261131771142 ] ] ] } },
{ "type": "Feature", "properties": { "GISJOIN": "G36004700279003", "Total Pop (Race/Ethnicity)": 1144, "Not Hispanic or Latino": 1112, "Not Hispanic or Latino: White alone": 467, "Not Hispanic or Latino: Black or African American alone": 542, "Not Hispanic or Latino: American Indian and Alaska Native alone": 0, "Not Hispanic or Latino: Asian alone": 28, "Not Hispanic or Latino: Native Hawaiian and Other Pacific Islander alone": 0, "Not Hispanic or Latino: Some other race alone": 74, "Not Hispanic or Latino: Two or more races": 1, "Not Hispanic or Latino: Two or more races: Two races including Some other race": 0, "Not Hispanic or Latino: Two or more races: Two races excluding Some other race, and three or more races": 1, "Hispanic or Latino": 32, "Total Households (Income)": 509, "Less than $10,000": 0, "$10,000 to $14,999": 0, "$15,000 to $19,999": 18, "$20,000 to $24,999": 70, "$25,000 to $29,999": 0, "$30,000 to $34,999": 5, "$35,000 to $39,999": 28, "$40,000 to $44,999": 43, "$45,000 to $49,999": 0, "$50,000 to $59,999": 28, "$60,000 to $74,999": 108, "$75,000 to $99,999": 16, "$100,000 to $124,999": 0, "$125,000 to $149,999": 16, "$150,000 to $199,999": 44, "$200,000 or more": 133, "COUNTY": "Kings County", "TRACTCE": "027900", "BLKGRPCE": "3", "Area (Sq Mi)": 0.015643243243243243, "zip_code": "11221", "block_group": "0279003", "bg_area": 436104.11370106431, "overlap_area": 436104.11370106426, "frac_in_neighborhood": 0.99999999999999989, "pop_in_neighborhood": 1143.9999999999998, "neighborhood": "bedstuy" }, "geometry": { "type": "Polygon", "coordinates": [ [ [ 1001099.523820532718673, 190311.937314765615156 ], [ 1000313.936339386971667, 190192.633947738679126 ], [ 1000273.270991188241169, 190458.931817101052729 ], [ 1001058.849217917071655, 190578.963048583129421 ], [ 1001869.099917320883833, 190701.222969292633934 ], [ 1001909.783735783887096, 190433.106106521707261 ], [ 1001099.523820532718673, 190311.937314765615156 ] ] ] } },
{ "type": "Feature", "properties": { "GISJOIN": "G36004700263001", "Total Pop (Race/Ethnicity)": 2216, "Not Hispanic or Latino": 1968, "Not Hispanic or Latino: White alone": 614, "Not Hispanic or Latino: Black or African American alone": 1156, "Not Hispanic or Latino: American Indian and Alaska Native alone": 0, "Not Hispanic or Latino: Asian alone": 18, "Not Hispanic or Latino: Native Hawaiian and Other Pacific Islander alone": 0, "Not Hispanic or Latino: Some other race alone": 23, "Not Hispanic or Latino: Two or more races": 157, "Not Hispanic or Latino: Two or more races: Two races including Some other race": 52, "Not Hispanic or Latino: Two or more races: Two races excluding Some other race, and three or more races": 105, "Hispanic or Latino": 248, "Total Households (Income)": 939, "Less than $10,000": 64, "$10,000 to $14,999": 38, "$15,000 to $19,999": 13, "$20,000 to $24,999": 19, "$25,000 to $29,999": 18, "$30,000 to $34,999": 0, "$35,000 to $39,999": 41, "$40,000 to $44,999": 63, "$45,000 to $49,999": 2, "$50,000 to $59,999": 56, "$60,000 to $74,999": 109, "$75,000 to $99,999": 138, "$100,000 to $124,999": 56, "$125,000 to $149,999": 37, "$150,000 to $199,999": 105, "$200,000 or more": 180, "COUNTY": "Kings County", "TRACTCE": "026300", "BLKGRPCE": "1", "Area (Sq Mi)": 0.046179150579150577, "zip_code": "11216", "block_group": "0263001", "bg_area": 1287409.4747118831, "overlap_area": 1287409.4747118829, "frac_in_neighborhood": 0.99999999999999978, "pop_in_neighborhood": 2215.9999999999995, "neighborhood": "bedstuy" }, "geometry": { "type": "Polygon", "coordinates": [ [ [ 1000273.270991188241169, 190458.931817101052729 ], [ 1000313.936339386971667, 190192.633947738679126 ], [ 999527.787470717099495, 190072.991380198654952 ], [ 998741.075307637802325, 189953.737622303859098 ], [ 998700.703730354085565, 190220.402912068093428 ], [ 998660.054893327294849, 190488.160633101506392 ], [ 998619.408006045501679, 190754.461619793903083 ], [ 999405.817702845903113, 190873.34645640020608 ], [ 1000191.387477182084695, 190992.256071375886677 ], [ 1000232.328922203043476, 190725.594092087063473 ], [ 1000273.270991188241169, 190458.931817101052729 ] ] ] } },
{ "type": "Feature", "properties": { "GISJOIN": "G36004700279002", "Total Pop (Race/Ethnicity)": 985, "Not Hispanic or Latino": 761, "Not Hispanic or Latino: White alone": 218, "Not Hispanic or Latino: Black or African American alone": 402, "Not Hispanic or Latino: American Indian and Alaska Native alone": 0, "Not Hispanic or Latino: Asian alone": 9, "Not Hispanic or Latino: Native Hawaiian and Other Pacific Islander alone": 0, "Not Hispanic or Latino: Some other race alone": 0, "Not Hispanic or Latino: Two or more races": 132, "Not Hispanic or Latino: Two or more races: Two races including Some other race": 132, "Not Hispanic or Latino: Two or more races: Two races excluding Some other race, and three or more races": 0, "Hispanic or Latino": 224, "Total Households (Income)": 402, "Less than $10,000": 9, "$10,000 to $14,999": 0, "$15,000 to $19,999": 0, "$20,000 to $24,999": 5, "$25,000 to $29,999": 0, "$30,000 to $34,999": 0, "$35,000 to $39,999": 27, "$40,000 to $44,999": 0, "$45,000 to $49,999": 53, "$50,000 to $59,999": 21, "$60,000 to $74,999": 71, "$75,000 to $99,999": 37, "$100,000 to $124,999": 11, "$125,000 to $149,999": 75, "$150,000 to $199,999": 0, "$200,000 or more": 93, "COUNTY": "Kings County", "TRACTCE": "027900", "BLKGRPCE": "2", "Area (Sq Mi)": 0.015586872586872587, "zip_code": "11221", "block_group": "0279002", "bg_area": 434531.77906991291, "overlap_area": 434531.77906991291, "frac_in_neighborhood": 1.0, "pop_in_neighborhood": 985.0, "neighborhood": "bedstuy" }, "geometry": { "type": "Polygon", "coordinates": [ [ [ 1001058.849217917071655, 190578.963048583129421 ], [ 1000273.270991188241169, 190458.931817101052729 ], [ 1000232.328922203043476, 190725.594092087063473 ], [ 1001018.731515303137712, 190844.531152837676927 ], [ 1001828.695370287983678, 190967.882688715035329 ], [ 1001869.099917320883833, 190701.222969292633934 ], [ 1001058.849217917071655, 190578.963048583129421 ] ] ] } },
{ "type": "Feature", "properties": { "GISJOIN": "G36004700279001", "Total Pop (Race/Ethnicity)": 875, "Not Hispanic or Latino": 682, "Not Hispanic or Latino: White alone": 208, "Not Hispanic or Latino: Black or African American alone": 311, "Not Hispanic or Latino: American Indian and Alaska Native alone": 11, "Not Hispanic or Latino: Asian alone": 29, "Not Hispanic or Latino: Native Hawaiian and Other Pacific Islander alone": 0, "Not Hispanic or Latino: Some other race alone": 0, "Not Hispanic or Latino: Two or more races": 123, "Not Hispanic or Latino: Two or more races: Two races including Some other race": 46, "Not Hispanic or Latino: Two or more races: Two races excluding Some other race, and three or more races": 77, "Hispanic or Latino": 193, "Total Households (Income)": 312, "Less than $10,000": 0, "$10,000 to $14,999": 16, "$15,000 to $19,999": 0, "$20,000 to $24,999": 0, "$25,000 to $29,999": 0, "$30,000 to $34,999": 16, "$35,000 to $39,999": 20, "$40,000 to $44,999": 0, "$45,000 to $49,999": 4, "$50,000 to $59,999": 29, "$60,000 to $74,999": 7, "$75,000 to $99,999": 12, "$100,000 to $124,999": 34, "$125,000 to $149,999": 17, "$150,000 to $199,999": 90, "$200,000 or more": 67, "COUNTY": "Kings County", "TRACTCE": "027900", "BLKGRPCE": "1", "Area (Sq Mi)": 0.015659459459459461, "zip_code": "11221", "block_group": "0279001", "bg_area": 436553.22034902027, "overlap_area": 436553.22034902021, "frac_in_neighborhood": 0.99999999999999989, "pop_in_neighborhood": 874.99999999999989, "neighborhood": "bedstuy" }, "geometry": { "type": "Polygon", "coordinates": [ [ [ 1001018.731515303137712, 190844.531152837676927 ], [ 1000232.328922203043476, 190725.594092087063473 ], [ 1000191.387477182084695, 190992.256071375886677 ], [ 1000977.503675481653772, 191111.920698358153459 ], [ 1001788.013743008254096, 191235.271179560455494 ], [ 1001828.695370287983678, 190967.882688715035329 ], [ 1001018.731515303137712, 190844.531152837676927 ] ] ] } },
{ "type": "Feature", "properties": { "GISJOIN": "G36004700251001", "Total Pop (Race/Ethnicity)": 773, "Not Hispanic or Latino": 735, "Not Hispanic or Latino: White alone": 311, "Not Hispanic or Latino: Black or African American alone": 345, "Not Hispanic or Latino: American Indian and Alaska Native alone": 0, "Not Hispanic or Latino: Asian alone": 57, "Not Hispanic or Latino: Native Hawaiian and Other Pacific Islander alone": 0, "Not Hispanic or Latino: Some other race alone": 0, "Not Hispanic or Latino: Two or more races": 22, "Not Hispanic or Latino: Two or more races: Two races including Some other race": 0, "Not Hispanic or Latino: Two or more races: Two races excluding Some other race, and three or more races": 22, "Hispanic or Latino": 38, "Total Households (Income)": 415, "Less than $10,000": 29, "$10,000 to $14,999": 47, "$15,000 to $19,999": 10, "$20,000 to $24,999": 0, "$25,000 to $29,999": 0, "$30,000 to $34,999": 0, "$35,000 to $39,999": 16, "$40,000 to $44,999": 0, "$45,000 to $49,999": 0, "$50,000 to $59,999": 19, "$60,000 to $74,999": 31, "$75,000 to $99,999": 53, "$100,000 to $124,999": 25, "$125,000 to $149,999": 0, "$150,000 to $199,999": 10, "$200,000 or more": 175, "COUNTY": "Kings County", "TRACTCE": "025100", "BLKGRPCE": "1", "Area (Sq Mi)": 0.017813899613899613, "zip_code": "11216", "block_group": "0251001", "bg_area": 496617.67046609928, "overlap_area": 496617.67046609928, "frac_in_neighborhood": 1.0, "pop_in_neighborhood": 773.0, "neighborhood": "bedstuy" }, "geometry": { "type": "Polygon", "coordinates": [ [ [ 997790.59141801961232, 190082.890705259516835 ], [ 997750.507389369071461, 190349.921885236573871 ], [ 997715.714513106970116, 190579.794312624115264 ], [ 997710.147950474987738, 190616.223985092306975 ], [ 998619.408006045501679, 190754.461619793903083 ], [ 998660.054893327294849, 190488.160633101506392 ], [ 998700.703730354085565, 190220.402912068093428 ], [ 997790.59141801961232, 190082.890705259516835 ] ] ] } },
{ "type": "Feature", "properties": { "GISJOIN": "G36004700193004", "Total Pop (Race/Ethnicity)": 1606, "Not Hispanic or Latino": 1456, "Not Hispanic or Latino: White alone": 520, "Not Hispanic or Latino: Black or African American alone": 660, "Not Hispanic or Latino: American Indian and Alaska Native alone": 0, "Not Hispanic or Latino: Asian alone": 117, "Not Hispanic or Latino: Native Hawaiian and Other Pacific Islander alone": 0, "Not Hispanic or Latino: Some other race alone": 0, "Not Hispanic or Latino: Two or more races": 159, "Not Hispanic or Latino: Two or more races: Two races including Some other race": 0, "Not Hispanic or Latino: Two or more races: Two races excluding Some other race, and three or more races": 159, "Hispanic or Latino": 150, "Total Households (Income)": 982, "Less than $10,000": 135, "$10,000 to $14,999": 42, "$15,000 to $19,999": 42, "$20,000 to $24,999": 0, "$25,000 to $29,999": 0, "$30,000 to $34,999": 21, "$35,000 to $39,999": 0, "$40,000 to $44,999": 20, "$45,000 to $49,999": 0, "$50,000 to $59,999": 40, "$60,000 to $74,999": 67, "$75,000 to $99,999": 165, "$100,000 to $124,999": 180, "$125,000 to $149,999": 73, "$150,000 to $199,999": 51, "$200,000 or more": 146, "COUNTY": "Kings County", "TRACTCE": "019300", "BLKGRPCE": "4", "Area (Sq Mi)": 0.026362162162162164, "zip_code": "11238", "block_group": "0193004", "bg_area": 734930.34993751976, "overlap_area": 1.8615911402093843, "frac_in_neighborhood": 2.5330170952494313e-06, "pop_in_neighborhood": 0.0040680254549705867, "neighborhood": "bedstuy" }, "geometry": { "type": "Polygon", "coordinates": [ [ [ 995288.28752318827901, 190612.088152780313976 ], [ 995293.958878348115832, 190573.763983367418405 ], [ 995291.074053521966562, 190593.129687901993748 ], [ 995281.02471116266679, 190660.588612179039046 ], [ 995279.222053737496026, 190672.688664171146229 ], [ 995288.28752318827901, 190612.088152780313976 ] ] ] } },
{ "type": "Feature", "properties": { "GISJOIN": "G36004700233002", "Total Pop (Race/Ethnicity)": 1728, "Not Hispanic or Latino": 1409, "Not Hispanic or Latino: White alone": 37, "Not Hispanic or Latino: Black or African American alone": 816, "Not Hispanic or Latino: American Indian and Alaska Native alone": 0, "Not Hispanic or Latino: Asian alone": 42, "Not Hispanic or Latino: Native Hawaiian and Other Pacific Islander alone": 0, "Not Hispanic or Latino: Some other race alone": 0, "Not Hispanic or Latino: Two or more races": 514, "Not Hispanic or Latino: Two or more races: Two races including Some other race": 0, "Not Hispanic or Latino: Two or more races: Two races excluding Some other race, and three or more races": 514, "Hispanic or Latino": 319, "Total Households (Income)": 653, "Less than $10,000": 131, "$10,000 to $14,999": 234, "$15,000 to $19,999": 0, "$20,000 to $24,999": 67, "$25,000 to $29,999": 34, "$30,000 to $34,999": 0, "$35,000 to $39,999": 0, "$40,000 to $44,999": 0, "$45,000 to $49,999": 0, "$50,000 to $59,999": 31, "$60,000 to $74,999": 73, "$75,000 to $99,999": 46, "$100,000 to $124,999": 6, "$125,000 to $149,999": 19, "$150,000 to $199,999": 12, "$200,000 or more": 0, "COUNTY": "Kings County", "TRACTCE": "023300", "BLKGRPCE": "2", "Area (Sq Mi)": 0.016344787644787646, "zip_code": "11238", "block_group": "0233002", "bg_area": 455672.8893302175, "overlap_area": 455580.5738445975, "frac_in_neighborhood": 0.99979740843095644, "pop_in_neighborhood": 1727.6499217686928, "neighborhood": "bedstuy" }, "geometry": { "type": "Polygon", "coordinates": [ [ [ 995828.370420577819459, 190329.620057403197279 ], [ 995695.263122934731655, 190309.519100416742731 ], [ 995517.231621143757366, 190283.204137477121549 ], [ 995341.64803916902747, 190256.925566991732921 ], [ 995341.623619578545913, 190257.086473736941116 ], [ 995316.046404812601395, 190426.187977475608932 ], [ 995302.237845151568763, 190522.206952654756606 ], [ 995295.067947801551782, 190566.318847999471473 ], [ 995293.958878348115832, 190573.763983367418405 ], [ 995288.28752318827901, 190612.088152780313976 ], [ 995279.222053737496026, 190672.688664171146229 ], [ 995277.030450669815764, 190687.399452086654492 ], [ 995261.655477089690976, 190790.608542455534916 ], [ 995446.149401479982771, 190819.276180929591646 ], [ 995460.412799269426614, 190821.471619223651942 ], [ 995501.454830768401735, 190827.788936066121096 ], [ 995501.442795183276758, 190827.867959905124735 ], [ 995501.449362814542837, 190827.868980418279534 ], [ 995737.154733459814452, 190863.683708475058665 ], [ 996099.308469299226999, 190917.778375351830618 ], [ 996135.213536140043288, 190650.378025032900041 ], [ 996159.430573827004991, 190466.76805797877023 ], [ 996158.08653698512353, 190380.42128704872448 ], [ 996099.020911838742904, 190370.555707448511384 ], [ 995828.370420577819459, 190329.620057403197279 ] ] ] } },
{ "type": "Feature", "properties": { "GISJOIN": "G36004700241002", "Total Pop (Race/Ethnicity)": 1422, "Not Hispanic or Latino": 1087, "Not Hispanic or Latino: White alone": 617, "Not Hispanic or Latino: Black or African American alone": 284, "Not Hispanic or Latino: American Indian and Alaska Native alone": 0, "Not Hispanic or Latino: Asian alone": 127, "Not Hispanic or Latino: Native Hawaiian and Other Pacific Islander alone": 0, "Not Hispanic or Latino: Some other race alone": 0, "Not Hispanic or Latino: Two or more races": 59, "Not Hispanic or Latino: Two or more races: Two races including Some other race": 33, "Not Hispanic or Latino: Two or more races: Two races excluding Some other race, and three or more races": 26, "Hispanic or Latino": 335, "Total Households (Income)": 673, "Less than $10,000": 70, "$10,000 to $14,999": 37, "$15,000 to $19,999": 53, "$20,000 to $24,999": 0, "$25,000 to $29,999": 0, "$30,000 to $34,999": 0, "$35,000 to $39,999": 0, "$40,000 to $44,999": 7, "$45,000 to $49,999": 20, "$50,000 to $59,999": 0, "$60,000 to $74,999": 59, "$75,000 to $99,999": 85, "$100,000 to $124,999": 25, "$125,000 to $149,999": 126, "$150,000 to $199,999": 22, "$200,000 or more": 169, "COUNTY": "Kings County", "TRACTCE": "024100", "BLKGRPCE": "2", "Area (Sq Mi)": 0.019848262548262548, "zip_code": "11205", "block_group": "0241002", "bg_area": 553328.60783926782, "overlap_area": 553328.60783926782, "frac_in_neighborhood": 1.0, "pop_in_neighborhood": 1422.0, "neighborhood": "bedstuy" }, "geometry": { "type": "Polygon", "coordinates": [ [ [ 996695.778625122271478, 190462.665096338634612 ], [ 996655.708275616401806, 190728.969134964398108 ], [ 996615.637672222102992, 190996.002317513397429 ], [ 996877.405844637192786, 191035.848710807738826 ], [ 997126.972001796588302, 191073.870183998718858 ], [ 997628.597919131396338, 191150.285926754091633 ], [ 997668.956193722668104, 190883.254494391643675 ], [ 997710.147950474987738, 190616.223985092306975 ], [ 996695.778625122271478, 190462.665096338634612 ] ] ] } },
{ "type": "Feature", "properties": { "GISJOIN": "G36004700253003", "Total Pop (Race/Ethnicity)": 772, "Not Hispanic or Latino": 554, "Not Hispanic or Latino: White alone": 212, "Not Hispanic or Latino: Black or African American alone": 224, "Not Hispanic or Latino: American Indian and Alaska Native alone": 0, "Not Hispanic or Latino: Asian alone": 31, "Not Hispanic or Latino: Native Hawaiian and Other Pacific Islander alone": 0, "Not Hispanic or Latino: Some other race alone": 0, "Not Hispanic or Latino: Two or more races": 87, "Not Hispanic or Latino: Two or more races: Two races including Some other race": 0, "Not Hispanic or Latino: Two or more races: Two races excluding Some other race, and three or more races": 87, "Hispanic or Latino": 218, "Total Households (Income)": 393, "Less than $10,000": 13, "$10,000 to $14,999": 18, "$15,000 to $19,999": 0, "$20,000 to $24,999": 12, "$25,000 to $29,999": 0, "$30,000 to $34,999": 0, "$35,000 to $39,999": 14, "$40,000 to $44,999": 0, "$45,000 to $49,999": 0, "$50,000 to $59,999": 13, "$60,000 to $74,999": 39, "$75,000 to $99,999": 51, "$100,000 to $124,999": 91, "$125,000 to $149,999": 12, "$150,000 to $199,999": 0, "$200,000 or more": 130, "COUNTY": "Kings County", "TRACTCE": "025300", "BLKGRPCE": "3", "Area (Sq Mi)": 0.026736293436293437, "zip_code": "11216", "block_group": "0253003", "bg_area": 745378.5291238951, "overlap_area": 745378.52912389499, "frac_in_neighborhood": 0.99999999999999989, "pop_in_neighborhood": 771.99999999999989, "neighborhood": "bedstuy" }, "geometry": { "type": "Polygon", "coordinates": [ [ [ 998619.408006045501679, 190754.461619793903083 ], [ 997710.147950474987738, 190616.223985092306975 ], [ 997668.956193722668104, 190883.254494391643675 ], [ 997628.597919131396338, 191150.285926754091633 ], [ 997613.846260506659746, 191248.282158350106329 ], [ 997588.240267831250094, 191417.317063822411001 ], [ 998497.749007493956015, 191555.185675938759232 ], [ 998520.297523313434795, 191408.738691192178521 ], [ 998527.536046994966455, 191360.286925934429746 ], [ 998538.393616217188537, 191288.156434260075912 ], [ 998578.762031382182613, 191021.126527274347609 ], [ 998619.408006045501679, 190754.461619793903083 ] ] ] } },
{ "type": "Feature", "properties": { "GISJOIN": "G36004700235001", "Total Pop (Race/Ethnicity)": 3400, "Not Hispanic or Latino": 2911, "Not Hispanic or Latino: White alone": 2467, "Not Hispanic or Latino: Black or African American alone": 133, "Not Hispanic or Latino: American Indian and Alaska Native alone": 0, "Not Hispanic or Latino: Asian alone": 182, "Not Hispanic or Latino: Native Hawaiian and Other Pacific Islander alone": 0, "Not Hispanic or Latino: Some other race alone": 0, "Not Hispanic or Latino: Two or more races": 129, "Not Hispanic or Latino: Two or more races: Two races including Some other race": 26, "Not Hispanic or Latino: Two or more races: Two races excluding Some other race, and three or more races": 103, "Hispanic or Latino": 489, "Total Households (Income)": 1038, "Less than $10,000": 61, "$10,000 to $14,999": 31, "$15,000 to $19,999": 4, "$20,000 to $24,999": 62, "$25,000 to $29,999": 42, "$30,000 to $34,999": 24, "$35,000 to $39,999": 42, "$40,000 to $44,999": 0, "$45,000 to $49,999": 45, "$50,000 to $59,999": 46, "$60,000 to $74,999": 38, "$75,000 to $99,999": 53, "$100,000 to $124,999": 56, "$125,000 to $149,999": 50, "$150,000 to $199,999": 109, "$200,000 or more": 375, "COUNTY": "Kings County", "TRACTCE": "023500", "BLKGRPCE": "1", "Area (Sq Mi)": 0.031033590733590733, "zip_code": "11205", "block_group": "0235001", "bg_area": 865171.02611876873, "overlap_area": 865102.33167242375, "frac_in_neighborhood": 0.99992060015387574, "pop_in_neighborhood": 3399.7300405231776, "neighborhood": "bedstuy" }, "geometry": { "type": "Polygon", "coordinates": [ [ [ 996353.313735644333065, 190956.522562025114894 ], [ 996099.308469299226999, 190917.778375351830618 ], [ 995737.154733459814452, 190863.683708475058665 ], [ 995501.449362814542837, 190827.868980418279534 ], [ 995497.446414151927456, 190854.107595736597432 ], [ 995385.919379696249962, 191586.377303394314367 ], [ 995621.711900537717156, 191622.162868524057558 ], [ 995985.517683576908894, 191677.350074586312985 ], [ 996237.297200902248733, 191715.727472170838155 ], [ 996499.889976781909354, 191755.570556646765908 ], [ 996615.637672222102992, 190996.002317513397429 ], [ 996353.313735644333065, 190956.522562025114894 ] ] ] } },
{ "type": "Feature", "properties": { "GISJOIN": "G36004700193002", "Total Pop (Race/Ethnicity)": 1011, "Not Hispanic or Latino": 754, "Not Hispanic or Latino: White alone": 667, "Not Hispanic or Latino: Black or African American alone": 5, "Not Hispanic or Latino: American Indian and Alaska Native alone": 0, "Not Hispanic or Latino: Asian alone": 82, "Not Hispanic or Latino: Native Hawaiian and Other Pacific Islander alone": 0, "Not Hispanic or Latino: Some other race alone": 0, "Not Hispanic or Latino: Two or more races": 0, "Not Hispanic or Latino: Two or more races: Two races including Some other race": 0, "Not Hispanic or Latino: Two or more races: Two races excluding Some other race, and three or more races": 0, "Hispanic or Latino": 257, "Total Households (Income)": 513, "Less than $10,000": 39, "$10,000 to $14,999": 58, "$15,000 to $19,999": 22, "$20,000 to $24,999": 0, "$25,000 to $29,999": 72, "$30,000 to $34,999": 60, "$35,000 to $39,999": 0, "$40,000 to $44,999": 0, "$45,000 to $49,999": 0, "$50,000 to $59,999": 21, "$60,000 to $74,999": 37, "$75,000 to $99,999": 25, "$100,000 to $124,999": 18, "$125,000 to $149,999": 60, "$150,000 to $199,999": 40, "$200,000 or more": 61, "COUNTY": "Kings County", "TRACTCE": "019300", "BLKGRPCE": "2", "Area (Sq Mi)": 0.01217992277992278, "zip_code": "11205", "block_group": "0193002", "bg_area": 339562.85186192015, "overlap_area": 39.918642477257428, "frac_in_neighborhood": 0.00011755892100202394, "pop_in_neighborhood": 0.1188520691330462, "neighborhood": "bedstuy" }, "geometry": { "type": "MultiPolygon", "coordinates": [ [ [ [ 995501.449362814542837, 190827.868980418279534 ], [ 995501.442795183276758, 190827.867959905124735 ], [ 995497.446414151927456, 190854.107595736597432 ], [ 995501.449362814542837, 190827.868980418279534 ] ] ], [ [ [ 995261.655477089690976, 190790.608542455534916 ], [ 995261.616222161450423, 190790.872052855527727 ], [ 995304.65569208865054, 190797.497175684809918 ], [ 995319.69647797755897, 190799.812404152704403 ], [ 995446.149401479982771, 190819.276180929591646 ], [ 995261.655477089690976, 190790.608542455534916 ] ] ], [ [ [ 995298.397020637872629, 192164.500442108575953 ], [ 995333.76248578983359, 191930.394449244224234 ], [ 995298.27234454813879, 192164.481814659433439 ], [ 995298.397020637872629, 192164.500442108575953 ] ] ] ] } },
{ "type": "Feature", "properties": { "GISJOIN": "G36004700241001", "Total Pop (Race/Ethnicity)": 1732, "Not Hispanic or Latino": 1685, "Not Hispanic or Latino: White alone": 1042, "Not Hispanic or Latino: Black or African American alone": 119, "Not Hispanic or Latino: American Indian and Alaska Native alone": 0, "Not Hispanic or Latino: Asian alone": 139, "Not Hispanic or Latino: Native Hawaiian and Other Pacific Islander alone": 0, "Not Hispanic or Latino: Some other race alone": 0, "Not Hispanic or Latino: Two or more races": 385, "Not Hispanic or Latino: Two or more races: Two races including Some other race": 4, "Not Hispanic or Latino: Two or more races: Two races excluding Some other race, and three or more races": 381, "Hispanic or Latino": 47, "Total Households (Income)": 485, "Less than $10,000": 15, "$10,000 to $14,999": 18, "$15,000 to $19,999": 0, "$20,000 to $24,999": 0, "$25,000 to $29,999": 0, "$30,000 to $34,999": 24, "$35,000 to $39,999": 0, "$40,000 to $44,999": 0, "$45,000 to $49,999": 0, "$50,000 to $59,999": 0, "$60,000 to $74,999": 47, "$75,000 to $99,999": 10, "$100,000 to $124,999": 23, "$125,000 to $149,999": 73, "$150,000 to $199,999": 46, "$200,000 or more": 229, "COUNTY": "Kings County", "TRACTCE": "024100", "BLKGRPCE": "1", "Area (Sq Mi)": 0.04973281853281853, "zip_code": "11205", "block_group": "0241001", "bg_area": 1386470.7704032888, "overlap_area": 1386470.770403289, "frac_in_neighborhood": 1.0000000000000002, "pop_in_neighborhood": 1732.0000000000005, "neighborhood": "bedstuy" }, "geometry": { "type": "Polygon", "coordinates": [ [ [ 997513.095991523237899, 191911.306874771020375 ], [ 997547.052115039085038, 191683.619387891027145 ], [ 997588.240267831250094, 191417.317063822411001 ], [ 997613.846260506659746, 191248.282158350106329 ], [ 997628.597919131396338, 191150.285926754091633 ], [ 997126.972001796588302, 191073.870183998718858 ], [ 996877.405844637192786, 191035.848710807738826 ], [ 996615.637672222102992, 190996.002317513397429 ], [ 996499.889976781909354, 191755.570556646765908 ], [ 996411.693650621222332, 192333.352487194613786 ], [ 996674.002166243619286, 192373.197395445225993 ], [ 996920.782264700625092, 192410.850428112578811 ], [ 997168.393649214296602, 192448.142654042865615 ], [ 997424.876040772767738, 192488.721159938169876 ], [ 997466.063624949543737, 192218.775227663107216 ], [ 997507.251138073625043, 191950.286639938916778 ], [ 997513.095991523237899, 191911.306874771020375 ] ] ] } },
{ "type": "Feature", "properties": { "GISJOIN": "G36004700253002", "Total Pop (Race/Ethnicity)": 1867, "Not Hispanic or Latino": 1735, "Not Hispanic or Latino: White alone": 1255, "Not Hispanic or Latino: Black or African American alone": 378, "Not Hispanic or Latino: American Indian and Alaska Native alone": 0, "Not Hispanic or Latino: Asian alone": 51, "Not Hispanic or Latino: Native Hawaiian and Other Pacific Islander alone": 0, "Not Hispanic or Latino: Some other race alone": 2, "Not Hispanic or Latino: Two or more races": 49, "Not Hispanic or Latino: Two or more races: Two races including Some other race": 2, "Not Hispanic or Latino: Two or more races: Two races excluding Some other race, and three or more races": 47, "Hispanic or Latino": 132, "Total Households (Income)": 626, "Less than $10,000": 32, "$10,000 to $14,999": 0, "$15,000 to $19,999": 19, "$20,000 to $24,999": 0, "$25,000 to $29,999": 18, "$30,000 to $34,999": 0, "$35,000 to $39,999": 0, "$40,000 to $44,999": 0, "$45,000 to $49,999": 131, "$50,000 to $59,999": 82, "$60,000 to $74,999": 32, "$75,000 to $99,999": 48, "$100,000 to $124,999": 9, "$125,000 to $149,999": 42, "$150,000 to $199,999": 87, "$200,000 or more": 126, "COUNTY": "Kings County", "TRACTCE": "025300", "BLKGRPCE": "2", "Area (Sq Mi)": 0.017805791505791507, "zip_code": "11206", "block_group": "0253002", "bg_area": 496388.23178300186, "overlap_area": 496388.2317830018, "frac_in_neighborhood": 0.99999999999999989, "pop_in_neighborhood": 1866.9999999999998, "neighborhood": "bedstuy" }, "geometry": { "type": "Polygon", "coordinates": [ [ [ 997588.240267831250094, 191417.317063822411001 ], [ 997547.052115039085038, 191683.619387891027145 ], [ 997513.095991523237899, 191911.306874771020375 ], [ 997507.251138073625043, 191950.286639938916778 ], [ 998416.462547242059372, 192088.881123315484729 ], [ 998457.105529154767282, 191821.850888838758692 ], [ 998497.749007493956015, 191555.185675938759232 ], [ 997588.240267831250094, 191417.317063822411001 ] ] ] } },
{ "type": "Feature", "properties": { "GISJOIN": "G36004700235002", "Total Pop (Race/Ethnicity)": 2127, "Not Hispanic or Latino": 1986, "Not Hispanic or Latino: White alone": 1768, "Not Hispanic or Latino: Black or African American alone": 157, "Not Hispanic or Latino: American Indian and Alaska Native alone": 0, "Not Hispanic or Latino: Asian alone": 61, "Not Hispanic or Latino: Native Hawaiian and Other Pacific Islander alone": 0, "Not Hispanic or Latino: Some other race alone": 0, "Not Hispanic or Latino: Two or more races": 0, "Not Hispanic or Latino: Two or more races: Two races including Some other race": 0, "Not Hispanic or Latino: Two or more races: Two races excluding Some other race, and three or more races": 0, "Hispanic or Latino": 141, "Total Households (Income)": 519, "Less than $10,000": 26, "$10,000 to $14,999": 0, "$15,000 to $19,999": 28, "$20,000 to $24,999": 24, "$25,000 to $29,999": 7, "$30,000 to $34,999": 20, "$35,000 to $39,999": 13, "$40,000 to $44,999": 35, "$45,000 to $49,999": 0, "$50,000 to $59,999": 44, "$60,000 to $74,999": 0, "$75,000 to $99,999": 84, "$100,000 to $124,999": 62, "$125,000 to $149,999": 60, "$150,000 to $199,999": 46, "$200,000 or more": 70, "COUNTY": "Kings County", "TRACTCE": "023500", "BLKGRPCE": "2", "Area (Sq Mi)": 0.023628185328185329, "zip_code": "11205", "block_group": "0235002", "bg_area": 658709.53644668835, "overlap_area": 658677.30615622981, "frac_in_neighborhood": 0.99995107055739252, "pop_in_neighborhood": 2126.895927075574, "neighborhood": "bedstuy" }, "geometry": { "type": "Polygon", "coordinates": [ [ [ 996237.297200902248733, 191715.727472170838155 ], [ 995985.517683576908894, 191677.350074586312985 ], [ 995621.711900537717156, 191622.162868524057558 ], [ 995385.919379696249962, 191586.377303394314367 ], [ 995385.869788538315333, 191586.702911466767546 ], [ 995333.76248578983359, 191930.394449244224234 ], [ 995298.397020637872629, 192164.500442108575953 ], [ 995533.258248235564679, 192200.312639730924275 ], [ 995897.610504051088355, 192255.498389820451848 ], [ 996149.938570537255146, 192293.875241804897087 ], [ 996411.693650621222332, 192333.352487194613786 ], [ 996499.889976781909354, 191755.570556646765908 ], [ 996237.297200902248733, 191715.727472170838155 ] ] ] } },
{ "type": "Feature", "properties": { "GISJOIN": "G36004700261003", "Total Pop (Race/Ethnicity)": 1068, "Not Hispanic or Latino": 913, "Not Hispanic or Latino: White alone": 90, "Not Hispanic or Latino: Black or African American alone": 321, "Not Hispanic or Latino: American Indian and Alaska Native alone": 0, "Not Hispanic or Latino: Asian alone": 475, "Not Hispanic or Latino: Native Hawaiian and Other Pacific Islander alone": 0, "Not Hispanic or Latino: Some other race alone": 0, "Not Hispanic or Latino: Two or more races": 27, "Not Hispanic or Latino: Two or more races: Two races including Some other race": 27, "Not Hispanic or Latino: Two or more races: Two races excluding Some other race, and three or more races": 0, "Hispanic or Latino": 155, "Total Households (Income)": 368, "Less than $10,000": 0, "$10,000 to $14,999": 48, "$15,000 to $19,999": 0, "$20,000 to $24,999": 82, "$25,000 to $29,999": 0, "$30,000 to $34,999": 0, "$35,000 to $39,999": 0, "$40,000 to $44,999": 0, "$45,000 to $49,999": 0, "$50,000 to $59,999": 0, "$60,000 to $74,999": 58, "$75,000 to $99,999": 0, "$100,000 to $124,999": 20, "$125,000 to $149,999": 0, "$150,000 to $199,999": 27, "$200,000 or more": 133, "COUNTY": "Kings County", "TRACTCE": "026100", "BLKGRPCE": "3", "Area (Sq Mi)": 0.015394594594594595, "zip_code": "11216", "block_group": "0261003", "bg_area": 429174.13517354033, "overlap_area": 429174.13517354033, "frac_in_neighborhood": 1.0, "pop_in_neighborhood": 1068.0, "neighborhood": "bedstuy" }, "geometry": { "type": "Polygon", "coordinates": [ [ [ 999405.817702845903113, 190873.34645640020608 ], [ 998619.408006045501679, 190754.461619793903083 ], [ 998578.762031382182613, 191021.126527274347609 ], [ 999364.885616211686283, 191140.374249842192512 ], [ 1000150.72426911292132, 191258.918610845808871 ], [ 1000191.387477182084695, 190992.256071375886677 ], [ 999405.817702845903113, 190873.34645640020608 ] ] ] } },
{ "type": "Feature", "properties": { "GISJOIN": "G36004700261004", "Total Pop (Race/Ethnicity)": 505, "Not Hispanic or Latino": 335, "Not Hispanic or Latino: White alone": 180, "Not Hispanic or Latino: Black or African American alone": 119, "Not Hispanic or Latino: American Indian and Alaska Native alone": 0, "Not Hispanic or Latino: Asian alone": 10, "Not Hispanic or Latino: Native Hawaiian and Other Pacific Islander alone": 0, "Not Hispanic or Latino: Some other race alone": 26, "Not Hispanic or Latino: Two or more races": 0, "Not Hispanic or Latino: Two or more races: Two races including Some other race": 0, "Not Hispanic or Latino: Two or more races: Two races excluding Some other race, and three or more races": 0, "Hispanic or Latino": 170, "Total Households (Income)": 266, "Less than $10,000": 0, "$10,000 to $14,999": 0, "$15,000 to $19,999": 0, "$20,000 to $24,999": 0, "$25,000 to $29,999": 0, "$30,000 to $34,999": 0, "$35,000 to $39,999": 0, "$40,000 to $44,999": 22, "$45,000 to $49,999": 0, "$50,000 to $59,999": 57, "$60,000 to $74,999": 22, "$75,000 to $99,999": 133, "$100,000 to $124,999": 0, "$125,000 to $149,999": 0, "$150,000 to $199,999": 32, "$200,000 or more": 0, "COUNTY": "Kings County", "TRACTCE": "026100", "BLKGRPCE": "4", "Area (Sq Mi)": 0.015396911196911197, "zip_code": "11216", "block_group": "0261004", "bg_area": 429245.69692890393, "overlap_area": 429245.69692890398, "frac_in_neighborhood": 1.0000000000000002, "pop_in_neighborhood": 505.00000000000011, "neighborhood": "bedstuy" }, "geometry": { "type": "Polygon", "coordinates": [ [ [ 998578.762031382182613, 191021.126527274347609 ], [ 998538.393616217188537, 191288.156434260075912 ], [ 998527.536046994966455, 191360.286925934429746 ], [ 998520.297523313434795, 191408.738691192178521 ], [ 998497.749007493956015, 191555.185675938759232 ], [ 999283.85603500448633, 191674.066590641246876 ], [ 999303.904223638819531, 191542.191819687490351 ], [ 999319.497615927481093, 191438.73162071761908 ], [ 999324.231444440898485, 191407.402677710226271 ], [ 999364.885616211686283, 191140.374249842192512 ], [ 998578.762031382182613, 191021.126527274347609 ] ] ] } },
{ "type": "Feature", "properties": { "GISJOIN": "G36004700281002", "Total Pop (Race/Ethnicity)": 1994, "Not Hispanic or Latino": 1695, "Not Hispanic or Latino: White alone": 215, "Not Hispanic or Latino: Black or African American alone": 1280, "Not Hispanic or Latino: American Indian and Alaska Native alone": 0, "Not Hispanic or Latino: Asian alone": 29, "Not Hispanic or Latino: Native Hawaiian and Other Pacific Islander alone": 0, "Not Hispanic or Latino: Some other race alone": 0, "Not Hispanic or Latino: Two or more races": 171, "Not Hispanic or Latino: Two or more races: Two races including Some other race": 127, "Not Hispanic or Latino: Two or more races: Two races excluding Some other race, and three or more races": 44, "Hispanic or Latino": 299, "Total Households (Income)": 629, "Less than $10,000": 12, "$10,000 to $14,999": 62, "$15,000 to $19,999": 30, "$20,000 to $24,999": 45, "$25,000 to $29,999": 177, "$30,000 to $34,999": 0, "$35,000 to $39,999": 0, "$40,000 to $44,999": 19, "$45,000 to $49,999": 0, "$50,000 to $59,999": 51, "$60,000 to $74,999": 19, "$75,000 to $99,999": 61, "$100,000 to $124,999": 56, "$125,000 to $149,999": 71, "$150,000 to $199,999": 22, "$200,000 or more": 4, "COUNTY": "Kings County", "TRACTCE": "028100", "BLKGRPCE": "2", "Area (Sq Mi)": 0.01586100386100386, "zip_code": "11221", "block_group": "0281002", "bg_area": 442185.45104698738, "overlap_area": 442185.45104698738, "frac_in_neighborhood": 1.0, "pop_in_neighborhood": 1994.0, "neighborhood": "bedstuy" }, "geometry": { "type": "Polygon", "coordinates": [ [ [ 1001788.013743008254096, 191235.271179560455494 ], [ 1000977.503675481653772, 191111.920698358153459 ], [ 1000937.109915238223039, 191378.217519804544281 ], [ 1000896.716215501073748, 191645.243411967094289 ], [ 1001130.742450287099928, 191680.745043897477444 ], [ 1001177.325539293815382, 191688.06396385046537 ], [ 1001706.931122052948922, 191768.95535052914056 ], [ 1001747.056070326128975, 191501.930734647758072 ], [ 1001788.013743008254096, 191235.271179560455494 ] ] ] } },
{ "type": "Feature", "properties": { "GISJOIN": "G36004700261002", "Total Pop (Race/Ethnicity)": 1177, "Not Hispanic or Latino": 999, "Not Hispanic or Latino: White alone": 436, "Not Hispanic or Latino: Black or African American alone": 300, "Not Hispanic or Latino: American Indian and Alaska Native alone": 0, "Not Hispanic or Latino: Asian alone": 230, "Not Hispanic or Latino: Native Hawaiian and Other Pacific Islander alone": 0, "Not Hispanic or Latino: Some other race alone": 0, "Not Hispanic or Latino: Two or more races": 33, "Not Hispanic or Latino: Two or more races: Two races including Some other race": 0, "Not Hispanic or Latino: Two or more races: Two races excluding Some other race, and three or more races": 33, "Hispanic or Latino": 178, "Total Households (Income)": 517, "Less than $10,000": 0, "$10,000 to $14,999": 0, "$15,000 to $19,999": 0, "$20,000 to $24,999": 0, "$25,000 to $29,999": 0, "$30,000 to $34,999": 0, "$35,000 to $39,999": 23, "$40,000 to $44,999": 0, "$45,000 to $49,999": 0, "$50,000 to $59,999": 0, "$60,000 to $74,999": 66, "$75,000 to $99,999": 72, "$100,000 to $124,999": 54, "$125,000 to $149,999": 25, "$150,000 to $199,999": 46, "$200,000 or more": 231, "COUNTY": "Kings County", "TRACTCE": "026100", "BLKGRPCE": "2", "Area (Sq Mi)": 0.015403861003861003, "zip_code": "11221", "block_group": "0261002", "bg_area": 429438.56088659912, "overlap_area": 429438.56088659907, "frac_in_neighborhood": 0.99999999999999989, "pop_in_neighborhood": 1176.9999999999998, "neighborhood": "bedstuy" }, "geometry": { "type": "Polygon", "coordinates": [ [ [ 999364.885616211686283, 191140.374249842192512 ], [ 999324.231444440898485, 191407.402677710226271 ], [ 999319.497615927481093, 191438.73162071761908 ], [ 999303.904223638819531, 191542.191819687490351 ], [ 999283.85603500448633, 191674.066590641246876 ], [ 1000070.232306731282733, 191793.337613835989032 ], [ 1000097.805110581801273, 191610.461795699346112 ], [ 1000105.881867499905638, 191557.275386074383277 ], [ 1000110.339152753236704, 191526.309977986704325 ], [ 1000150.72426911292132, 191258.918610845808871 ], [ 999364.885616211686283, 191140.374249842192512 ] ] ] } },
{ "type": "Feature", "properties": { "GISJOIN": "G36004700281003", "Total Pop (Race/Ethnicity)": 2076, "Not Hispanic or Latino": 1120, "Not Hispanic or Latino: White alone": 441, "Not Hispanic or Latino: Black or African American alone": 559, "Not Hispanic or Latino: American Indian and Alaska Native alone": 0, "Not Hispanic or Latino: Asian alone": 104, "Not Hispanic or Latino: Native Hawaiian and Other Pacific Islander alone": 0, "Not Hispanic or Latino: Some other race alone": 2, "Not Hispanic or Latino: Two or more races": 14, "Not Hispanic or Latino: Two or more races: Two races including Some other race": 14, "Not Hispanic or Latino: Two or more races: Two races excluding Some other race, and three or more races": 0, "Hispanic or Latino": 956, "Total Households (Income)": 828, "Less than $10,000": 107, "$10,000 to $14,999": 88, "$15,000 to $19,999": 60, "$20,000 to $24,999": 0, "$25,000 to $29,999": 0, "$30,000 to $34,999": 11, "$35,000 to $39,999": 45, "$40,000 to $44,999": 58, "$45,000 to $49,999": 89, "$50,000 to $59,999": 0, "$60,000 to $74,999": 59, "$75,000 to $99,999": 20, "$100,000 to $124,999": 92, "$125,000 to $149,999": 33, "$150,000 to $199,999": 59, "$200,000 or more": 107, "COUNTY": "Kings County", "TRACTCE": "028100", "BLKGRPCE": "3", "Area (Sq Mi)": 0.030791505791505792, "zip_code": "11221", "block_group": "0281003", "bg_area": 858419.5232336683, "overlap_area": 858419.52323366841, "frac_in_neighborhood": 1.0000000000000002, "pop_in_neighborhood": 2076.0000000000005, "neighborhood": "bedstuy" }, "geometry": { "type": "Polygon", "coordinates": [ [ [ 1000937.109915238223039, 191378.217519804544281 ], [ 1000977.503675481653772, 191111.920698358153459 ], [ 1000191.387477182084695, 190992.256071375886677 ], [ 1000150.72426911292132, 191258.918610845808871 ], [ 1000110.339152753236704, 191526.309977986704325 ], [ 1000105.881867499905638, 191557.275386074383277 ], [ 1000097.805110581801273, 191610.461795699346112 ], [ 1000070.232306731282733, 191793.337613835989032 ], [ 1000028.73985687433742, 192059.999642540729837 ], [ 1000814.822792675928213, 192178.930018629966071 ], [ 1000855.769013507175259, 191912.269046358647756 ], [ 1000896.716215501073748, 191645.243411967094289 ], [ 1000937.109915238223039, 191378.217519804544281 ] ] ] } },
{ "type": "Feature", "properties": { "GISJOIN": "G36004700261005", "Total Pop (Race/Ethnicity)": 1924, "Not Hispanic or Latino": 943, "Not Hispanic or Latino: White alone": 317, "Not Hispanic or Latino: Black or African American alone": 527, "Not Hispanic or Latino: American Indian and Alaska Native alone": 0, "Not Hispanic or Latino: Asian alone": 78, "Not Hispanic or Latino: Native Hawaiian and Other Pacific Islander alone": 0, "Not Hispanic or Latino: Some other race alone": 0, "Not Hispanic or Latino: Two or more races": 21, "Not Hispanic or Latino: Two or more races: Two races including Some other race": 21, "Not Hispanic or Latino: Two or more races: Two races excluding Some other race, and three or more races": 0, "Hispanic or Latino": 981, "Total Households (Income)": 813, "Less than $10,000": 43, "$10,000 to $14,999": 105, "$15,000 to $19,999": 21, "$20,000 to $24,999": 12, "$25,000 to $29,999": 99, "$30,000 to $34,999": 0, "$35,000 to $39,999": 0, "$40,000 to $44,999": 30, "$45,000 to $49,999": 0, "$50,000 to $59,999": 0, "$60,000 to $74,999": 24, "$75,000 to $99,999": 95, "$100,000 to $124,999": 41, "$125,000 to $149,999": 131, "$150,000 to $199,999": 17, "$200,000 or more": 195, "COUNTY": "Kings County", "TRACTCE": "026100", "BLKGRPCE": "5", "Area (Sq Mi)": 0.0153988416988417, "zip_code": "11206", "block_group": "0261005", "bg_area": 429294.88459780841, "overlap_area": 429294.88459780836, "frac_in_neighborhood": 0.99999999999999989, "pop_in_neighborhood": 1923.9999999999998, "neighborhood": "bedstuy" }, "geometry": { "type": "Polygon", "coordinates": [ [ [ 998497.749007493956015, 191555.185675938759232 ], [ 998457.105529154767282, 191821.850888838758692 ], [ 998416.462547242059372, 192088.881123315484729 ], [ 999202.82964911905583, 192207.759258677018806 ], [ 999243.481078512151726, 191940.730915838241344 ], [ 999283.85603500448633, 191674.066590641246876 ], [ 998497.749007493956015, 191555.185675938759232 ] ] ] } },
{ "type": "Feature", "properties": { "GISJOIN": "G36004700281001", "Total Pop (Race/Ethnicity)": 1170, "Not Hispanic or Latino": 618, "Not Hispanic or Latino: White alone": 59, "Not Hispanic or Latino: Black or African American alone": 468, "Not Hispanic or Latino: American Indian and Alaska Native alone": 0, "Not Hispanic or Latino: Asian alone": 68, "Not Hispanic or Latino: Native Hawaiian and Other Pacific Islander alone": 0, "Not Hispanic or Latino: Some other race alone": 0, "Not Hispanic or Latino: Two or more races": 23, "Not Hispanic or Latino: Two or more races: Two races including Some other race": 0, "Not Hispanic or Latino: Two or more races: Two races excluding Some other race, and three or more races": 23, "Hispanic or Latino": 552, "Total Households (Income)": 422, "Less than $10,000": 39, "$10,000 to $14,999": 90, "$15,000 to $19,999": 36, "$20,000 to $24,999": 18, "$25,000 to $29,999": 17, "$30,000 to $34,999": 0, "$35,000 to $39,999": 0, "$40,000 to $44,999": 0, "$45,000 to $49,999": 0, "$50,000 to $59,999": 89, "$60,000 to $74,999": 9, "$75,000 to $99,999": 62, "$100,000 to $124,999": 21, "$125,000 to $149,999": 15, "$150,000 to $199,999": 0, "$200,000 or more": 26, "COUNTY": "Kings County", "TRACTCE": "028100", "BLKGRPCE": "1", "Area (Sq Mi)": 0.015871814671814671, "zip_code": "11206", "block_group": "0281001", "bg_area": 442476.51672718755, "overlap_area": 442476.5167271875, "frac_in_neighborhood": 0.99999999999999989, "pop_in_neighborhood": 1169.9999999999998, "neighborhood": "bedstuy" }, "geometry": { "type": "Polygon", "coordinates": [ [ [ 1001706.931122052948922, 191768.95535052914056 ], [ 1001177.325539293815382, 191688.06396385046537 ], [ 1001130.742450287099928, 191680.745043897477444 ], [ 1000896.716215501073748, 191645.243411967094289 ], [ 1000855.769013507175259, 191912.269046358647756 ], [ 1000814.822792675928213, 192178.930018629966071 ], [ 1001625.297853351570666, 192302.275200659234542 ], [ 1001666.253140999237075, 192035.251363856979879 ], [ 1001706.931122052948922, 191768.95535052914056 ] ] ] } },
{ "type": "Feature", "properties": { "GISJOIN": "G36004700261001", "Total Pop (Race/Ethnicity)": 1069, "Not Hispanic or Latino": 889, "Not Hispanic or Latino: White alone": 433, "Not Hispanic or Latino: Black or African American alone": 162, "Not Hispanic or Latino: American Indian and Alaska Native alone": 0, "Not Hispanic or Latino: Asian alone": 166, "Not Hispanic or Latino: Native Hawaiian and Other Pacific Islander alone": 0, "Not Hispanic or Latino: Some other race alone": 0, "Not Hispanic or Latino: Two or more races": 128, "Not Hispanic or Latino: Two or more races: Two races including Some other race": 90, "Not Hispanic or Latino: Two or more races: Two races excluding Some other race, and three or more races": 38, "Hispanic or Latino": 180, "Total Households (Income)": 493, "Less than $10,000": 50, "$10,000 to $14,999": 0, "$15,000 to $19,999": 23, "$20,000 to $24,999": 0, "$25,000 to $29,999": 0, "$30,000 to $34,999": 0, "$35,000 to $39,999": 17, "$40,000 to $44,999": 0, "$45,000 to $49,999": 0, "$50,000 to $59,999": 0, "$60,000 to $74,999": 34, "$75,000 to $99,999": 22, "$100,000 to $124,999": 73, "$125,000 to $149,999": 69, "$150,000 to $199,999": 46, "$200,000 or more": 159, "COUNTY": "Kings County", "TRACTCE": "026100", "BLKGRPCE": "1", "Area (Sq Mi)": 0.0154, "zip_code": "11206", "block_group": "0261001", "bg_area": 429326.94200828095, "overlap_area": 429326.94200828095, "frac_in_neighborhood": 1.0, "pop_in_neighborhood": 1069.0, "neighborhood": "bedstuy" }, "geometry": { "type": "Polygon", "coordinates": [ [ [ 1000070.232306731282733, 191793.337613835989032 ], [ 999283.85603500448633, 191674.066590641246876 ], [ 999243.481078512151726, 191940.730915838241344 ], [ 999202.82964911905583, 192207.759258677018806 ], [ 999988.911403243779205, 192327.755887311737752 ], [ 1000028.73985687433742, 192059.999642540729837 ], [ 1000070.232306731282733, 191793.337613835989032 ] ] ] } },
{ "type": "Feature", "properties": { "GISJOIN": "G36004700283003", "Total Pop (Race/Ethnicity)": 1298, "Not Hispanic or Latino": 1153, "Not Hispanic or Latino: White alone": 248, "Not Hispanic or Latino: Black or African American alone": 681, "Not Hispanic or Latino: American Indian and Alaska Native alone": 0, "Not Hispanic or Latino: Asian alone": 78, "Not Hispanic or Latino: Native Hawaiian and Other Pacific Islander alone": 0, "Not Hispanic or Latino: Some other race alone": 17, "Not Hispanic or Latino: Two or more races": 129, "Not Hispanic or Latino: Two or more races: Two races including Some other race": 103, "Not Hispanic or Latino: Two or more races: Two races excluding Some other race, and three or more races": 26, "Hispanic or Latino": 145, "Total Households (Income)": 473, "Less than $10,000": 56, "$10,000 to $14,999": 30, "$15,000 to $19,999": 0, "$20,000 to $24,999": 54, "$25,000 to $29,999": 31, "$30,000 to $34,999": 41, "$35,000 to $39,999": 16, "$40,000 to $44,999": 16, "$45,000 to $49,999": 34, "$50,000 to $59,999": 22, "$60,000 to $74,999": 25, "$75,000 to $99,999": 26, "$100,000 to $124,999": 22, "$125,000 to $149,999": 0, "$150,000 to $199,999": 55, "$200,000 or more": 45, "COUNTY": "Kings County", "TRACTCE": "028300", "BLKGRPCE": "3", "Area (Sq Mi)": 0.01565791505791506, "zip_code": "11206", "block_group": "0283003", "bg_area": 436519.44779774209, "overlap_area": 436519.44779774209, "frac_in_neighborhood": 1.0, "pop_in_neighborhood": 1298.0, "neighborhood": "bedstuy" }, "geometry": { "type": "Polygon", "coordinates": [ [ [ 1000814.822792675928213, 192178.930018629966071 ], [ 1000028.73985687433742, 192059.999642540729837 ], [ 999988.911403243779205, 192327.755887311737752 ], [ 1000774.154848846490495, 192445.956161650887225 ], [ 1001585.729962970945053, 192569.664938736823387 ], [ 1001625.297853351570666, 192302.275200659234542 ], [ 1000814.822792675928213, 192178.930018629966071 ] ] ] } },
{ "type": "Feature", "properties": { "GISJOIN": "G36004700259011", "Total Pop (Race/Ethnicity)": 2217, "Not Hispanic or Latino": 1578, "Not Hispanic or Latino: White alone": 778, "Not Hispanic or Latino: Black or African American alone": 638, "Not Hispanic or Latino: American Indian and Alaska Native alone": 0, "Not Hispanic or Latino: Asian alone": 46, "Not Hispanic or Latino: Native Hawaiian and Other Pacific Islander alone": 0, "Not Hispanic or Latino: Some other race alone": 0, "Not Hispanic or Latino: Two or more races": 116, "Not Hispanic or Latino: Two or more races: Two races including Some other race": 0, "Not Hispanic or Latino: Two or more races: Two races excluding Some other race, and three or more races": 116, "Hispanic or Latino": 639, "Total Households (Income)": 832, "Less than $10,000": 79, "$10,000 to $14,999": 62, "$15,000 to $19,999": 0, "$20,000 to $24,999": 0, "$25,000 to $29,999": 12, "$30,000 to $34,999": 17, "$35,000 to $39,999": 63, "$40,000 to $44,999": 30, "$45,000 to $49,999": 0, "$50,000 to $59,999": 63, "$60,000 to $74,999": 41, "$75,000 to $99,999": 73, "$100,000 to $124,999": 167, "$125,000 to $149,999": 41, "$150,000 to $199,999": 103, "$200,000 or more": 81, "COUNTY": "Kings County", "TRACTCE": "025901", "BLKGRPCE": "1", "Area (Sq Mi)": 0.030972586872586874, "zip_code": "11206", "block_group": "0259011", "bg_area": 863466.12527573633, "overlap_area": 863466.12527573644, "frac_in_neighborhood": 1.0000000000000002, "pop_in_neighborhood": 2217.0000000000005, "neighborhood": "bedstuy" }, "geometry": { "type": "Polygon", "coordinates": [ [ [ 999988.911403243779205, 192327.755887311737752 ], [ 999202.82964911905583, 192207.759258677018806 ], [ 998416.462547242059372, 192088.881123315484729 ], [ 998375.820790009456687, 192355.546304253279231 ], [ 998334.900840913061984, 192625.490854722505901 ], [ 999122.637325334362686, 192744.732172198855551 ], [ 999409.059788641170599, 192787.900120211037574 ], [ 999654.999842601828277, 192825.216227368364343 ], [ 999910.088698983425274, 192864.362698689044919 ], [ 999948.530626842752099, 192594.054798008815851 ], [ 999988.911403243779205, 192327.755887311737752 ] ] ] } },
{ "type": "Feature", "properties": { "GISJOIN": "G36004700289001", "Total Pop (Race/Ethnicity)": 666, "Not Hispanic or Latino": 464, "Not Hispanic or Latino: White alone": 254, "Not Hispanic or Latino: Black or African American alone": 163, "Not Hispanic or Latino: American Indian and Alaska Native alone": 0, "Not Hispanic or Latino: Asian alone": 34, "Not Hispanic or Latino: Native Hawaiian and Other Pacific Islander alone": 0, "Not Hispanic or Latino: Some other race alone": 0, "Not Hispanic or Latino: Two or more races": 13, "Not Hispanic or Latino: Two or more races: Two races including Some other race": 0, "Not Hispanic or Latino: Two or more races: Two races excluding Some other race, and three or more races": 13, "Hispanic or Latino": 202, "Total Households (Income)": 370, "Less than $10,000": 0, "$10,000 to $14,999": 0, "$15,000 to $19,999": 80, "$20,000 to $24,999": 70, "$25,000 to $29,999": 0, "$30,000 to $34,999": 0, "$35,000 to $39,999": 9, "$40,000 to $44,999": 0, "$45,000 to $49,999": 23, "$50,000 to $59,999": 0, "$60,000 to $74,999": 0, "$75,000 to $99,999": 19, "$100,000 to $124,999": 33, "$125,000 to $149,999": 48, "$150,000 to $199,999": 15, "$200,000 or more": 73, "COUNTY": "Kings County", "TRACTCE": "028900", "BLKGRPCE": "1", "Area (Sq Mi)": 0.016383783783783783, "zip_code": "11221", "block_group": "0289001", "bg_area": 456749.13718261919, "overlap_area": 456736.26929272345, "frac_in_neighborhood": 0.9999718272267023, "pop_in_neighborhood": 665.98123693298373, "neighborhood": "bedstuy" }, "geometry": { "type": "Polygon", "coordinates": [ [ [ 1003519.330621343222447, 192242.496609454508871 ], [ 1003738.215542907244526, 192081.936082643718692 ], [ 1003744.090596212539822, 192077.622892733750632 ], [ 1003759.417570123448968, 192065.810781266947743 ], [ 1004038.208916562609375, 191850.895080021320609 ], [ 1004075.667974888696335, 191823.600991972576594 ], [ 1004204.418169102747925, 191728.252021878870437 ], [ 1004268.7930053754244, 191680.942252173437737 ], [ 1004353.146673685871065, 191619.076141370489495 ], [ 1004220.604214238701388, 191604.028962857410079 ], [ 1003410.395911209634505, 191481.326100456266431 ], [ 1003369.697599057340994, 191748.347316865663743 ], [ 1003327.614918065606616, 192014.639342215756187 ], [ 1003288.306140394532122, 192280.569020679191453 ], [ 1003256.970813814667054, 192437.680488569632871 ], [ 1003305.740763005334884, 192401.212329396192217 ], [ 1003343.694716525962576, 192372.423414436430903 ], [ 1003519.330621343222447, 192242.496609454508871 ] ] ] } },
{ "type": "Feature", "properties": { "GISJOIN": "G36004700289004", "Total Pop (Race/Ethnicity)": 1618, "Not Hispanic or Latino": 851, "Not Hispanic or Latino: White alone": 222, "Not Hispanic or Latino: Black or African American alone": 544, "Not Hispanic or Latino: American Indian and Alaska Native alone": 0, "Not Hispanic or Latino: Asian alone": 47, "Not Hispanic or Latino: Native Hawaiian and Other Pacific Islander alone": 0, "Not Hispanic or Latino: Some other race alone": 16, "Not Hispanic or Latino: Two or more races": 22, "Not Hispanic or Latino: Two or more races: Two races including Some other race": 9, "Not Hispanic or Latino: Two or more races: Two races excluding Some other race, and three or more races": 13, "Hispanic or Latino": 767, "Total Households (Income)": 544, "Less than $10,000": 15, "$10,000 to $14,999": 154, "$15,000 to $19,999": 65, "$20,000 to $24,999": 39, "$25,000 to $29,999": 54, "$30,000 to $34,999": 16, "$35,000 to $39,999": 0, "$40,000 to $44,999": 0, "$45,000 to $49,999": 0, "$50,000 to $59,999": 33, "$60,000 to $74,999": 0, "$75,000 to $99,999": 64, "$100,000 to $124,999": 19, "$125,000 to $149,999": 0, "$150,000 to $199,999": 38, "$200,000 or more": 47, "COUNTY": "Kings County", "TRACTCE": "028900", "BLKGRPCE": "4", "Area (Sq Mi)": 0.015861389961389961, "zip_code": "11221", "block_group": "0289004", "bg_area": 442194.38491846638, "overlap_area": 442194.38491846633, "frac_in_neighborhood": 0.99999999999999989, "pop_in_neighborhood": 1617.9999999999998, "neighborhood": "bedstuy" }, "geometry": { "type": "Polygon", "coordinates": [ [ [ 1002515.197798585286364, 191891.235815417137928 ], [ 1001706.931122052948922, 191768.95535052914056 ], [ 1001666.253140999237075, 192035.251363856979879 ], [ 1002371.641528845415451, 192142.515764554060297 ], [ 1002395.487141042132862, 192146.17664606164908 ], [ 1002477.560226183384657, 192158.98961976825376 ], [ 1003288.306140394532122, 192280.569020679191453 ], [ 1003327.614918065606616, 192014.639342215756187 ], [ 1002515.197798585286364, 191891.235815417137928 ] ] ] } },
{ "type": "Feature", "properties": { "GISJOIN": "G36004700395003", "Total Pop (Race/Ethnicity)": 1699, "Not Hispanic or Latino": 1273, "Not Hispanic or Latino: White alone": 654, "Not Hispanic or Latino: Black or African American alone": 387, "Not Hispanic or Latino: American Indian and Alaska Native alone": 0, "Not Hispanic or Latino: Asian alone": 179, "Not Hispanic or Latino: Native Hawaiian and Other Pacific Islander alone": 0, "Not Hispanic or Latino: Some other race alone": 14, "Not Hispanic or Latino: Two or more races": 39, "Not Hispanic or Latino: Two or more races: Two races including Some other race": 33, "Not Hispanic or Latino: Two or more races: Two races excluding Some other race, and three or more races": 6, "Hispanic or Latino": 426, "Total Households (Income)": 883, "Less than $10,000": 39, "$10,000 to $14,999": 0, "$15,000 to $19,999": 214, "$20,000 to $24,999": 0, "$25,000 to $29,999": 0, "$30,000 to $34,999": 6, "$35,000 to $39,999": 18, "$40,000 to $44,999": 0, "$45,000 to $49,999": 0, "$50,000 to $59,999": 22, "$60,000 to $74,999": 25, "$75,000 to $99,999": 105, "$100,000 to $124,999": 27, "$125,000 to $149,999": 40, "$150,000 to $199,999": 218, "$200,000 or more": 169, "COUNTY": "Kings County", "TRACTCE": "039500", "BLKGRPCE": "3", "Area (Sq Mi)": 0.018486486486486486, "zip_code": "11221", "block_group": "0395003", "bg_area": 515369.50164907327, "overlap_area": 103.68007814891932, "frac_in_neighborhood": 0.00020117620040992925, "pop_in_neighborhood": 0.34179836449646978, "neighborhood": "bedstuy" }, "geometry": { "type": "Polygon", "coordinates": [ [ [ 1004474.132981388247572, 191525.17933252529474 ], [ 1004353.146673685871065, 191619.076141370489495 ], [ 1004268.7930053754244, 191680.942252173437737 ], [ 1004269.474141364917159, 191681.863630060106516 ], [ 1004276.845911669312045, 191676.485703262413153 ], [ 1004353.178885492845438, 191619.215564650599845 ], [ 1004474.209009626647457, 191525.469260570651386 ], [ 1004474.300161447026767, 191525.40292846041848 ], [ 1004474.132981388247572, 191525.17933252529474 ] ] ] } },
{ "type": "Feature", "properties": { "GISJOIN": "G36004700393003", "Total Pop (Race/Ethnicity)": 1332, "Not Hispanic or Latino": 693, "Not Hispanic or Latino: White alone": 287, "Not Hispanic or Latino: Black or African American alone": 189, "Not Hispanic or Latino: American Indian and Alaska Native alone": 0, "Not Hispanic or Latino: Asian alone": 86, "Not Hispanic or Latino: Native Hawaiian and Other Pacific Islander alone": 0, "Not Hispanic or Latino: Some other race alone": 0, "Not Hispanic or Latino: Two or more races": 131, "Not Hispanic or Latino: Two or more races: Two races including Some other race": 91, "Not Hispanic or Latino: Two or more races: Two races excluding Some other race, and three or more races": 40, "Hispanic or Latino": 639, "Total Households (Income)": 543, "Less than $10,000": 0, "$10,000 to $14,999": 60, "$15,000 to $19,999": 0, "$20,000 to $24,999": 34, "$25,000 to $29,999": 29, "$30,000 to $34,999": 0, "$35,000 to $39,999": 0, "$40,000 to $44,999": 0, "$45,000 to $49,999": 0, "$50,000 to $59,999": 14, "$60,000 to $74,999": 32, "$75,000 to $99,999": 13, "$100,000 to $124,999": 136, "$125,000 to $149,999": 71, "$150,000 to $199,999": 59, "$200,000 or more": 95, "COUNTY": "Kings County", "TRACTCE": "039300", "BLKGRPCE": "3", "Area (Sq Mi)": 0.025259845559845558, "zip_code": "11221", "block_group": "0393003", "bg_area": 704199.35171526961, "overlap_area": 214.70816788291069, "frac_in_neighborhood": 0.0003048968553576915, "pop_in_neighborhood": 0.40612261133644506, "neighborhood": "bedstuy" }, "geometry": { "type": "MultiPolygon", "coordinates": [ [ [ [ 1004268.7930053754244, 191680.942252173437737 ], [ 1004204.418169102747925, 191728.252021878870437 ], [ 1004075.667974888696335, 191823.600991972576594 ], [ 1004038.208916562609375, 191850.895080021320609 ], [ 1003759.417570123448968, 192065.810781266947743 ], [ 1003986.316309956135228, 191890.945656411582604 ], [ 1003986.492885159677826, 191890.809059867082397 ], [ 1004038.008226887206547, 191851.107501711871009 ], [ 1004075.77071917662397, 191823.709525285405107 ], [ 1004204.79768158425577, 191729.047040811390616 ], [ 1004269.474141364917159, 191681.863630060106516 ], [ 1004268.7930053754244, 191680.942252173437737 ] ] ], [ [ [ 1003519.330621343222447, 192242.496609454508871 ], [ 1003343.694716525962576, 192372.423414436430903 ], [ 1003343.767895300639793, 192372.525802999560256 ], [ 1003519.467791938805021, 192242.530471030971967 ], [ 1003738.215542907244526, 192081.936082643718692 ], [ 1003519.330621343222447, 192242.496609454508871 ] ] ] ] } },
{ "type": "Feature", "properties": { "GISJOIN": "G36004700287003", "Total Pop (Race/Ethnicity)": 1634, "Not Hispanic or Latino": 1049, "Not Hispanic or Latino: White alone": 212, "Not Hispanic or Latino: Black or African American alone": 768, "Not Hispanic or Latino: American Indian and Alaska Native alone": 0, "Not Hispanic or Latino: Asian alone": 46, "Not Hispanic or Latino: Native Hawaiian and Other Pacific Islander alone": 0, "Not Hispanic or Latino: Some other race alone": 0, "Not Hispanic or Latino: Two or more races": 23, "Not Hispanic or Latino: Two or more races: Two races including Some other race": 0, "Not Hispanic or Latino: Two or more races: Two races excluding Some other race, and three or more races": 23, "Hispanic or Latino": 585, "Total Households (Income)": 575, "Less than $10,000": 68, "$10,000 to $14,999": 29, "$15,000 to $19,999": 173, "$20,000 to $24,999": 8, "$25,000 to $29,999": 57, "$30,000 to $34,999": 0, "$35,000 to $39,999": 60, "$40,000 to $44,999": 0, "$45,000 to $49,999": 0, "$50,000 to $59,999": 13, "$60,000 to $74,999": 0, "$75,000 to $99,999": 8, "$100,000 to $124,999": 56, "$125,000 to $149,999": 12, "$150,000 to $199,999": 15, "$200,000 or more": 76, "COUNTY": "Kings County", "TRACTCE": "028700", "BLKGRPCE": "3", "Area (Sq Mi)": 0.015652895752895753, "zip_code": "11221", "block_group": "0287003", "bg_area": 436378.18150797242, "overlap_area": 436361.13563776866, "frac_in_neighborhood": 0.99996093784949369, "pop_in_neighborhood": 1633.9361724460728, "neighborhood": "bedstuy" }, "geometry": { "type": "Polygon", "coordinates": [ [ [ 1003288.306140394532122, 192280.569020679191453 ], [ 1002477.560226183384657, 192158.98961976825376 ], [ 1002395.487141042132862, 192146.17664606164908 ], [ 1002371.641528845415451, 192142.515764554060297 ], [ 1001666.253140999237075, 192035.251363856979879 ], [ 1001625.297853351570666, 192302.275200659234542 ], [ 1002330.124914286541753, 192408.809572316880804 ], [ 1002356.188224693178199, 192412.836992236145306 ], [ 1002436.3193150293082, 192425.283702082961099 ], [ 1003126.164507053443231, 192532.923033919214504 ], [ 1003169.448010021587834, 192501.259912612586049 ], [ 1003180.798512867535464, 192493.083222656830912 ], [ 1003252.994465618394315, 192440.653837965277489 ], [ 1003256.970813814667054, 192437.680488569632871 ], [ 1003288.306140394532122, 192280.569020679191453 ] ] ] } },
{ "type": "Feature", "properties": { "GISJOIN": "G36004700287002", "Total Pop (Race/Ethnicity)": 824, "Not Hispanic or Latino": 692, "Not Hispanic or Latino: White alone": 152, "Not Hispanic or Latino: Black or African American alone": 445, "Not Hispanic or Latino: American Indian and Alaska Native alone": 0, "Not Hispanic or Latino: Asian alone": 95, "Not Hispanic or Latino: Native Hawaiian and Other Pacific Islander alone": 0, "Not Hispanic or Latino: Some other race alone": 0, "Not Hispanic or Latino: Two or more races": 0, "Not Hispanic or Latino: Two or more races: Two races including Some other race": 0, "Not Hispanic or Latino: Two or more races: Two races excluding Some other race, and three or more races": 0, "Hispanic or Latino": 132, "Total Households (Income)": 258, "Less than $10,000": 0, "$10,000 to $14,999": 9, "$15,000 to $19,999": 0, "$20,000 to $24,999": 0, "$25,000 to $29,999": 0, "$30,000 to $34,999": 0, "$35,000 to $39,999": 27, "$40,000 to $44,999": 0, "$45,000 to $49,999": 0, "$50,000 to $59,999": 0, "$60,000 to $74,999": 17, "$75,000 to $99,999": 30, "$100,000 to $124,999": 96, "$125,000 to $149,999": 0, "$150,000 to $199,999": 59, "$200,000 or more": 20, "COUNTY": "Kings County", "TRACTCE": "028700", "BLKGRPCE": "2", "Area (Sq Mi)": 0.013436679536679536, "zip_code": "11221", "block_group": "0287002", "bg_area": 374588.03854786104, "overlap_area": 374588.03854786104, "frac_in_neighborhood": 1.0, "pop_in_neighborhood": 824.0, "neighborhood": "bedstuy" }, "geometry": { "type": "Polygon", "coordinates": [ [ [ 1002436.3193150293082, 192425.283702082961099 ], [ 1002356.188224693178199, 192412.836992236145306 ], [ 1002330.124914286541753, 192408.809572316880804 ], [ 1001625.297853351570666, 192302.275200659234542 ], [ 1001585.729962970945053, 192569.664938736823387 ], [ 1002295.817760762525722, 192676.566589432826731 ], [ 1002318.276362078846432, 192680.226269335049437 ], [ 1002397.020532194175757, 192692.307799161848379 ], [ 1002757.188916635350324, 192749.050688106275629 ], [ 1002796.265537366038188, 192778.955598583968822 ], [ 1003004.915349667426199, 192621.360983606835362 ], [ 1003126.164507053443231, 192532.923033919214504 ], [ 1002436.3193150293082, 192425.283702082961099 ] ] ] } },
{ "type": "Feature", "properties": { "GISJOIN": "G36004700393002", "Total Pop (Race/Ethnicity)": 1076, "Not Hispanic or Latino": 818, "Not Hispanic or Latino: White alone": 463, "Not Hispanic or Latino: Black or African American alone": 171, "Not Hispanic or Latino: American Indian and Alaska Native alone": 0, "Not Hispanic or Latino: Asian alone": 106, "Not Hispanic or Latino: Native Hawaiian and Other Pacific Islander alone": 0, "Not Hispanic or Latino: Some other race alone": 13, "Not Hispanic or Latino: Two or more races": 65, "Not Hispanic or Latino: Two or more races: Two races including Some other race": 0, "Not Hispanic or Latino: Two or more races: Two races excluding Some other race, and three or more races": 65, "Hispanic or Latino": 258, "Total Households (Income)": 554, "Less than $10,000": 134, "$10,000 to $14,999": 17, "$15,000 to $19,999": 40, "$20,000 to $24,999": 13, "$25,000 to $29,999": 0, "$30,000 to $34,999": 0, "$35,000 to $39,999": 0, "$40,000 to $44,999": 27, "$45,000 to $49,999": 9, "$50,000 to $59,999": 15, "$60,000 to $74,999": 7, "$75,000 to $99,999": 73, "$100,000 to $124,999": 29, "$125,000 to $149,999": 33, "$150,000 to $199,999": 64, "$200,000 or more": 93, "COUNTY": "Kings County", "TRACTCE": "039300", "BLKGRPCE": "2", "Area (Sq Mi)": 0.023534362934362934, "zip_code": "11221", "block_group": "0393002", "bg_area": 656093.85779861023, "overlap_area": 152.2123744021944, "frac_in_neighborhood": 0.0002319978652336605, "pop_in_neighborhood": 0.24962970299141871, "neighborhood": "bedstuy" }, "geometry": { "type": "MultiPolygon", "coordinates": [ [ [ [ 1003343.694716525962576, 192372.423414436430903 ], [ 1003305.740763005334884, 192401.212329396192217 ], [ 1003325.093296887236647, 192386.741301689093234 ], [ 1003343.637720984988846, 192372.622115255304379 ], [ 1003343.767895300639793, 192372.525802999560256 ], [ 1003343.694716525962576, 192372.423414436430903 ] ] ], [ [ [ 1003169.448010021587834, 192501.259912612586049 ], [ 1003126.164507053443231, 192532.923033919214504 ], [ 1003004.915349667426199, 192621.360983606835362 ], [ 1002796.265537366038188, 192778.955598583968822 ], [ 1002599.275344132096507, 192921.987755401845789 ], [ 1002515.895650849444792, 192984.540153609152185 ], [ 1002599.214481187867932, 192922.295292266353499 ], [ 1002796.078235568129458, 192779.218443556746934 ], [ 1003004.887224027654156, 192621.705618369713193 ], [ 1003126.179912433493882, 192533.00553098670207 ], [ 1003169.146032815566286, 192501.545364037010586 ], [ 1003180.798512867535464, 192493.083222656830912 ], [ 1003169.448010021587834, 192501.259912612586049 ] ] ], [ [ [ 1002330.424885871936567, 193123.260412410803838 ], [ 1002212.507989465375431, 193213.891057131957496 ], [ 1002212.787984109367244, 193213.931270461325767 ], [ 1002330.411738370778039, 193123.31843834760366 ], [ 1002360.396012941957451, 193100.884259953338187 ], [ 1002383.195514283142984, 193083.825685737683671 ], [ 1002390.619301842758432, 193078.270882528886432 ], [ 1002416.1851682276465, 193059.142303355532931 ], [ 1002497.744447547709569, 192998.119239839055808 ], [ 1002330.424885871936567, 193123.260412410803838 ] ] ] ] } },
{ "type": "Feature", "properties": { "GISJOIN": "G36004700287001", "Total Pop (Race/Ethnicity)": 940, "Not Hispanic or Latino": 614, "Not Hispanic or Latino: White alone": 399, "Not Hispanic or Latino: Black or African American alone": 178, "Not Hispanic or Latino: American Indian and Alaska Native alone": 0, "Not Hispanic or Latino: Asian alone": 37, "Not Hispanic or Latino: Native Hawaiian and Other Pacific Islander alone": 0, "Not Hispanic or Latino: Some other race alone": 0, "Not Hispanic or Latino: Two or more races": 0, "Not Hispanic or Latino: Two or more races: Two races including Some other race": 0, "Not Hispanic or Latino: Two or more races: Two races excluding Some other race, and three or more races": 0, "Hispanic or Latino": 326, "Total Households (Income)": 471, "Less than $10,000": 30, "$10,000 to $14,999": 33, "$15,000 to $19,999": 0, "$20,000 to $24,999": 0, "$25,000 to $29,999": 0, "$30,000 to $34,999": 0, "$35,000 to $39,999": 0, "$40,000 to $44,999": 0, "$45,000 to $49,999": 19, "$50,000 to $59,999": 0, "$60,000 to $74,999": 17, "$75,000 to $99,999": 16, "$100,000 to $124,999": 203, "$125,000 to $149,999": 20, "$150,000 to $199,999": 48, "$200,000 or more": 85, "COUNTY": "Kings County", "TRACTCE": "028700", "BLKGRPCE": "1", "Area (Sq Mi)": 0.028366409266409265, "zip_code": "11206", "block_group": "0287001", "bg_area": 790800.69994721049, "overlap_area": 790774.52532750065, "frac_in_neighborhood": 0.99996690111716946, "pop_in_neighborhood": 939.9688870501393, "neighborhood": "bedstuy" }, "geometry": { "type": "Polygon", "coordinates": [ [ [ 1001889.01728032308165, 193443.181665203825105 ], [ 1001897.276785467052832, 193437.22501106117852 ], [ 1001994.76342802029103, 193366.735735593334539 ], [ 1002081.624140085885301, 193305.871762943890644 ], [ 1002212.507989465375431, 193213.891057131957496 ], [ 1002330.424885871936567, 193123.260412410803838 ], [ 1002497.744447547709569, 192998.119239839055808 ], [ 1002514.368849555263296, 192985.680778537149308 ], [ 1002515.895650849444792, 192984.540153609152185 ], [ 1002599.275344132096507, 192921.987755401845789 ], [ 1002796.265537366038188, 192778.955598583968822 ], [ 1002757.188916635350324, 192749.050688106275629 ], [ 1002397.020532194175757, 192692.307799161848379 ], [ 1002318.276362078846432, 192680.226269335049437 ], [ 1002295.817760762525722, 192676.566589432826731 ], [ 1001585.729962970945053, 192569.664938736823387 ], [ 1001565.392193362000398, 192702.630772130127298 ], [ 1001544.776583902304992, 192836.325084890442668 ], [ 1001522.497557054972276, 192970.382407813740429 ], [ 1001499.940732315648347, 193105.532821655157022 ], [ 1001454.552567300619557, 193372.554318363661878 ], [ 1001417.224257065332495, 193614.806938573514344 ], [ 1001392.698090799502097, 193816.121360032848315 ], [ 1001504.597469398169778, 193730.455704683787189 ], [ 1001519.849877633154392, 193719.016029154678108 ], [ 1001610.746203826856799, 193650.649055316491285 ], [ 1001785.808698695735075, 193521.437789277755655 ], [ 1001889.01728032308165, 193443.181665203825105 ] ] ] } },
{ "type": "Feature", "properties": { "GISJOIN": "G36004700389003", "Total Pop (Race/Ethnicity)": 1007, "Not Hispanic or Latino": 394, "Not Hispanic or Latino: White alone": 280, "Not Hispanic or Latino: Black or African American alone": 37, "Not Hispanic or Latino: American Indian and Alaska Native alone": 0, "Not Hispanic or Latino: Asian alone": 62, "Not Hispanic or Latino: Native Hawaiian and Other Pacific Islander alone": 0, "Not Hispanic or Latino: Some other race alone": 0, "Not Hispanic or Latino: Two or more races": 15, "Not Hispanic or Latino: Two or more races: Two races including Some other race": 0, "Not Hispanic or Latino: Two or more races: Two races excluding Some other race, and three or more races": 15, "Hispanic or Latino": 613, "Total Households (Income)": 455, "Less than $10,000": 48, "$10,000 to $14,999": 0, "$15,000 to $19,999": 17, "$20,000 to $24,999": 0, "$25,000 to $29,999": 0, "$30,000 to $34,999": 0, "$35,000 to $39,999": 76, "$40,000 to $44,999": 0, "$45,000 to $49,999": 0, "$50,000 to $59,999": 20, "$60,000 to $74,999": 0, "$75,000 to $99,999": 0, "$100,000 to $124,999": 103, "$125,000 to $149,999": 51, "$150,000 to $199,999": 0, "$200,000 or more": 140, "COUNTY": "Kings County", "TRACTCE": "038900", "BLKGRPCE": "3", "Area (Sq Mi)": 0.016881081081081082, "zip_code": "11206", "block_group": "0389003", "bg_area": 470624.00176490977, "overlap_area": 34.519734413497119, "frac_in_neighborhood": 7.3348860840167517e-05, "pop_in_neighborhood": 0.073862302866048696, "neighborhood": "bedstuy" }, "geometry": { "type": "MultiPolygon", "coordinates": [ [ [ [ 1002212.507989465375431, 193213.891057131957496 ], [ 1002081.624140085885301, 193305.871762943890644 ], [ 1002212.314605739200488, 193214.295943014498334 ], [ 1002212.787984109367244, 193213.931270461325767 ], [ 1002212.507989465375431, 193213.891057131957496 ] ] ], [ [ [ 1001889.01728032308165, 193443.181665203825105 ], [ 1001785.808698695735075, 193521.437789277755655 ], [ 1001785.960228259325959, 193521.629455364047317 ], [ 1001889.105732108466327, 193443.133221826981753 ], [ 1001897.276785467052832, 193437.22501106117852 ], [ 1001889.01728032308165, 193443.181665203825105 ] ] ] ] } },
{ "type": "Feature", "properties": { "GISJOIN": "G36004700389002", "Total Pop (Race/Ethnicity)": 1022, "Not Hispanic or Latino": 719, "Not Hispanic or Latino: White alone": 617, "Not Hispanic or Latino: Black or African American alone": 38, "Not Hispanic or Latino: American Indian and Alaska Native alone": 0, "Not Hispanic or Latino: Asian alone": 46, "Not Hispanic or Latino: Native Hawaiian and Other Pacific Islander alone": 0, "Not Hispanic or Latino: Some other race alone": 0, "Not Hispanic or Latino: Two or more races": 18, "Not Hispanic or Latino: Two or more races: Two races including Some other race": 0, "Not Hispanic or Latino: Two or more races: Two races excluding Some other race, and three or more races": 18, "Hispanic or Latino": 303, "Total Households (Income)": 529, "Less than $10,000": 0, "$10,000 to $14,999": 0, "$15,000 to $19,999": 0, "$20,000 to $24,999": 17, "$25,000 to $29,999": 0, "$30,000 to $34,999": 0, "$35,000 to $39,999": 43, "$40,000 to $44,999": 0, "$45,000 to $49,999": 32, "$50,000 to $59,999": 0, "$60,000 to $74,999": 55, "$75,000 to $99,999": 166, "$100,000 to $124,999": 41, "$125,000 to $149,999": 20, "$150,000 to $199,999": 85, "$200,000 or more": 70, "COUNTY": "Kings County", "TRACTCE": "038900", "BLKGRPCE": "2", "Area (Sq Mi)": 0.01488996138996139, "zip_code": "11206", "block_group": "0389002", "bg_area": 415099.11220731749, "overlap_area": 75.1317756736793, "frac_in_neighborhood": 0.00018099719672769481, "pop_in_neighborhood": 0.1849791350557041, "neighborhood": "bedstuy" }, "geometry": { "type": "MultiPolygon", "coordinates": [ [ [ [ 1001785.808698695735075, 193521.437789277755655 ], [ 1001610.746203826856799, 193650.649055316491285 ], [ 1001519.849877633154392, 193719.016029154678108 ], [ 1001610.827804563450627, 193650.780380832205992 ], [ 1001785.851050010998733, 193521.712542662658961 ], [ 1001785.960228259325959, 193521.629455364047317 ], [ 1001785.808698695735075, 193521.437789277755655 ] ] ], [ [ [ 1001284.208766825962812, 193891.603957403625827 ], [ 1001191.547280794824474, 193960.397683975257678 ], [ 1001191.680096263531595, 193960.578108665620675 ], [ 1001284.039677601191215, 193891.859131628356408 ], [ 1001341.003370851627551, 193852.157022160798078 ], [ 1001284.208766825962812, 193891.603957403625827 ] ] ] ] } },
{ "type": "Feature", "properties": { "GISJOIN": "G36004700253001", "Total Pop (Race/Ethnicity)": 1265, "Not Hispanic or Latino": 1159, "Not Hispanic or Latino: White alone": 605, "Not Hispanic or Latino: Black or African American alone": 204, "Not Hispanic or Latino: American Indian and Alaska Native alone": 0, "Not Hispanic or Latino: Asian alone": 55, "Not Hispanic or Latino: Native Hawaiian and Other Pacific Islander alone": 0, "Not Hispanic or Latino: Some other race alone": 0, "Not Hispanic or Latino: Two or more races": 295, "Not Hispanic or Latino: Two or more races: Two races including Some other race": 256, "Not Hispanic or Latino: Two or more races: Two races excluding Some other race, and three or more races": 39, "Hispanic or Latino": 106, "Total Households (Income)": 463, "Less than $10,000": 0, "$10,000 to $14,999": 0, "$15,000 to $19,999": 54, "$20,000 to $24,999": 19, "$25,000 to $29,999": 50, "$30,000 to $34,999": 0, "$35,000 to $39,999": 0, "$40,000 to $44,999": 0, "$45,000 to $49,999": 0, "$50,000 to $59,999": 0, "$60,000 to $74,999": 20, "$75,000 to $99,999": 60, "$100,000 to $124,999": 15, "$125,000 to $149,999": 99, "$150,000 to $199,999": 61, "$200,000 or more": 85, "COUNTY": "Kings County", "TRACTCE": "025300", "BLKGRPCE": "1", "Area (Sq Mi)": 0.01794015444015444, "zip_code": "11206", "block_group": "0253001", "bg_area": 500138.47294186486, "overlap_area": 500138.47294186486, "frac_in_neighborhood": 1.0, "pop_in_neighborhood": 1265.0, "neighborhood": "bedstuy" }, "geometry": { "type": "Polygon", "coordinates": [ [ [ 997507.251138073625043, 191950.286639938916778 ], [ 997466.063624949543737, 192218.775227663107216 ], [ 997424.876040772767738, 192488.721159938169876 ], [ 997769.810589966713451, 192540.280929214553908 ], [ 997974.995749264606275, 192571.364276037929812 ], [ 998334.900840913061984, 192625.490854722505901 ], [ 998375.820790009456687, 192355.546304253279231 ], [ 998416.462547242059372, 192088.881123315484729 ], [ 997507.251138073625043, 191950.286639938916778 ] ] ] } },
{ "type": "Feature", "properties": { "GISJOIN": "G36004700191001", "Total Pop (Race/Ethnicity)": 1281, "Not Hispanic or Latino": 1129, "Not Hispanic or Latino: White alone": 650, "Not Hispanic or Latino: Black or African American alone": 85, "Not Hispanic or Latino: American Indian and Alaska Native alone": 0, "Not Hispanic or Latino: Asian alone": 114, "Not Hispanic or Latino: Native Hawaiian and Other Pacific Islander alone": 0, "Not Hispanic or Latino: Some other race alone": 10, "Not Hispanic or Latino: Two or more races": 270, "Not Hispanic or Latino: Two or more races: Two races including Some other race": 0, "Not Hispanic or Latino: Two or more races: Two races excluding Some other race, and three or more races": 270, "Hispanic or Latino": 152, "Total Households (Income)": 554, "Less than $10,000": 83, "$10,000 to $14,999": 0, "$15,000 to $19,999": 0, "$20,000 to $24,999": 18, "$25,000 to $29,999": 0, "$30,000 to $34,999": 0, "$35,000 to $39,999": 0, "$40,000 to $44,999": 0, "$45,000 to $49,999": 27, "$50,000 to $59,999": 0, "$60,000 to $74,999": 36, "$75,000 to $99,999": 101, "$100,000 to $124,999": 47, "$125,000 to $149,999": 48, "$150,000 to $199,999": 0, "$200,000 or more": 194, "COUNTY": "Kings County", "TRACTCE": "019100", "BLKGRPCE": "1", "Area (Sq Mi)": 0.05137953667953668, "zip_code": "11205", "block_group": "0191001", "bg_area": 1432389.2386731848, "overlap_area": 57.545023798216135, "frac_in_neighborhood": 4.0174152558923026e-05, "pop_in_neighborhood": 0.051463089427980398, "neighborhood": "bedstuy" }, "geometry": { "type": "MultiPolygon", "coordinates": [ [ [ [ 995298.27234454813879, 192164.481814659433439 ], [ 995298.224108849535696, 192164.799969707790297 ], [ 995236.746050856309012, 192548.791241708328016 ], [ 995298.397020637872629, 192164.500442108575953 ], [ 995298.27234454813879, 192164.481814659433439 ] ] ], [ [ [ 995085.11579095327761, 193483.277504784258781 ], [ 995128.408195160445757, 193218.889095187390922 ], [ 995084.970399820362218, 193483.28694798523793 ], [ 995052.158869904815219, 193685.129894556477666 ], [ 995085.11579095327761, 193483.277504784258781 ] ] ] ] } },
{ "type": "Feature", "properties": { "GISJOIN": "G36004700255002", "Total Pop (Race/Ethnicity)": 2426, "Not Hispanic or Latino": 988, "Not Hispanic or Latino: White alone": 105, "Not Hispanic or Latino: Black or African American alone": 797, "Not Hispanic or Latino: American Indian and Alaska Native alone": 0, "Not Hispanic or Latino: Asian alone": 0, "Not Hispanic or Latino: Native Hawaiian and Other Pacific Islander alone": 0, "Not Hispanic or Latino: Some other race alone": 0, "Not Hispanic or Latino: Two or more races": 86, "Not Hispanic or Latino: Two or more races: Two races including Some other race": 0, "Not Hispanic or Latino: Two or more races: Two races excluding Some other race, and three or more races": 86, "Hispanic or Latino": 1438, "Total Households (Income)": 1150, "Less than $10,000": 311, "$10,000 to $14,999": 120, "$15,000 to $19,999": 70, "$20,000 to $24,999": 100, "$25,000 to $29,999": 74, "$30,000 to $34,999": 61, "$35,000 to $39,999": 64, "$40,000 to $44,999": 5, "$45,000 to $49,999": 25, "$50,000 to $59,999": 181, "$60,000 to $74,999": 48, "$75,000 to $99,999": 17, "$100,000 to $124,999": 63, "$125,000 to $149,999": 0, "$150,000 to $199,999": 0, "$200,000 or more": 11, "COUNTY": "Kings County", "TRACTCE": "025500", "BLKGRPCE": "2", "Area (Sq Mi)": 0.026775675675675677, "zip_code": "11206", "block_group": "0255002", "bg_area": 746462.1757404895, "overlap_area": 746462.17574048962, "frac_in_neighborhood": 1.0000000000000002, "pop_in_neighborhood": 2426.0000000000005, "neighborhood": "bedstuy" }, "geometry": { "type": "Polygon", "coordinates": [ [ [ 997974.995749264606275, 192571.364276037929812 ], [ 997769.810589966713451, 192540.280929214553908 ], [ 997424.876040772767738, 192488.721159938169876 ], [ 997303.542013781378046, 193290.180828331853263 ], [ 997548.925130318268202, 193327.475260983599583 ], [ 997992.554109755321406, 193395.123489945603069 ], [ 998212.426862547639757, 193428.767090083216317 ], [ 998253.343183346674778, 193160.643915788386948 ], [ 998293.426606887136586, 192896.163576107443077 ], [ 998334.900840913061984, 192625.490854722505901 ], [ 997974.995749264606275, 192571.364276037929812 ] ] ] } },
{ "type": "Feature", "properties": { "GISJOIN": "G36004701237001", "Total Pop (Race/Ethnicity)": 1604, "Not Hispanic or Latino": 1432, "Not Hispanic or Latino: White alone": 1268, "Not Hispanic or Latino: Black or African American alone": 164, "Not Hispanic or Latino: American Indian and Alaska Native alone": 0, "Not Hispanic or Latino: Asian alone": 0, "Not Hispanic or Latino: Native Hawaiian and Other Pacific Islander alone": 0, "Not Hispanic or Latino: Some other race alone": 0, "Not Hispanic or Latino: Two or more races": 0, "Not Hispanic or Latino: Two or more races: Two races including Some other race": 0, "Not Hispanic or Latino: Two or more races: Two races excluding Some other race, and three or more races": 0, "Hispanic or Latino": 172, "Total Households (Income)": 379, "Less than $10,000": 0, "$10,000 to $14,999": 0, "$15,000 to $19,999": 0, "$20,000 to $24,999": 0, "$25,000 to $29,999": 18, "$30,000 to $34,999": 0, "$35,000 to $39,999": 14, "$40,000 to $44,999": 0, "$45,000 to $49,999": 0, "$50,000 to $59,999": 155, "$60,000 to $74,999": 0, "$75,000 to $99,999": 110, "$100,000 to $124,999": 82, "$125,000 to $149,999": 0, "$150,000 to $199,999": 0, "$200,000 or more": 0, "COUNTY": "Kings County", "TRACTCE": "123700", "BLKGRPCE": "1", "Area (Sq Mi)": 0.034542084942084945, "zip_code": "11205", "block_group": "1237001", "bg_area": 962977.72992961295, "overlap_area": 962931.97790487797, "frac_in_neighborhood": 0.99995248901058353, "pop_in_neighborhood": 1603.9237923729761, "neighborhood": "bedstuy" }, "geometry": { "type": "Polygon", "coordinates": [ [ [ 995533.258248235564679, 192200.312639730924275 ], [ 995298.397020637872629, 192164.500442108575953 ], [ 995236.746050856309012, 192548.791241708328016 ], [ 995169.741745291976258, 192967.299395072332118 ], [ 995128.408195160445757, 193218.889095187390922 ], [ 995085.11579095327761, 193483.277504784258781 ], [ 995052.158869904815219, 193685.129894556477666 ], [ 995050.090458182618022, 193697.853907054086449 ], [ 995286.862973695388064, 193747.507171343546361 ], [ 995658.113900381955318, 193826.009654751891503 ], [ 995696.497583615360782, 193575.368754335155245 ], [ 995775.769800934824161, 193058.786920039390679 ], [ 995897.610504051088355, 192255.498389820451848 ], [ 995533.258248235564679, 192200.312639730924275 ] ] ] } },
{ "type": "Feature", "properties": { "GISJOIN": "G36004701237002", "Total Pop (Race/Ethnicity)": 5654, "Not Hispanic or Latino": 5552, "Not Hispanic or Latino: White alone": 5467, "Not Hispanic or Latino: Black or African American alone": 31, "Not Hispanic or Latino: American Indian and Alaska Native alone": 0, "Not Hispanic or Latino: Asian alone": 0, "Not Hispanic or Latino: Native Hawaiian and Other Pacific Islander alone": 0, "Not Hispanic or Latino: Some other race alone": 22, "Not Hispanic or Latino: Two or more races": 32, "Not Hispanic or Latino: Two or more races: Two races including Some other race": 32, "Not Hispanic or Latino: Two or more races: Two races excluding Some other race, and three or more races": 0, "Hispanic or Latino": 102, "Total Households (Income)": 815, "Less than $10,000": 0, "$10,000 to $14,999": 50, "$15,000 to $19,999": 35, "$20,000 to $24,999": 112, "$25,000 to $29,999": 31, "$30,000 to $34,999": 0, "$35,000 to $39,999": 0, "$40,000 to $44,999": 17, "$45,000 to $49,999": 72, "$50,000 to $59,999": 111, "$60,000 to $74,999": 106, "$75,000 to $99,999": 47, "$100,000 to $124,999": 7, "$125,000 to $149,999": 204, "$150,000 to $199,999": 23, "$200,000 or more": 0, "COUNTY": "Kings County", "TRACTCE": "123700", "BLKGRPCE": "2", "Area (Sq Mi)": 0.02991003861003861, "zip_code": "11205", "block_group": "1237002", "bg_area": 833839.48835230083, "overlap_area": 833839.48835230095, "frac_in_neighborhood": 1.0000000000000002, "pop_in_neighborhood": 5654.0000000000009, "neighborhood": "bedstuy" }, "geometry": { "type": "Polygon", "coordinates": [ [ [ 996149.938570537255146, 192293.875241804897087 ], [ 995897.610504051088355, 192255.498389820451848 ], [ 995775.769800934824161, 193058.786920039390679 ], [ 995696.497583615360782, 193575.368754335155245 ], [ 995658.113900381955318, 193826.009654751891503 ], [ 995907.36913716502022, 193878.22749312009546 ], [ 996052.929241656442173, 193909.265457474306459 ], [ 996167.712886403896846, 193934.460393549408764 ], [ 996289.836373727419414, 193136.638503819849575 ], [ 996411.693650621222332, 192333.352487194613786 ], [ 996149.938570537255146, 192293.875241804897087 ] ] ] } },
{ "type": "Feature", "properties": { "GISJOIN": "G36004701237003", "Total Pop (Race/Ethnicity)": 2384, "Not Hispanic or Latino": 2384, "Not Hispanic or Latino: White alone": 2135, "Not Hispanic or Latino: Black or African American alone": 206, "Not Hispanic or Latino: American Indian and Alaska Native alone": 0, "Not Hispanic or Latino: Asian alone": 43, "Not Hispanic or Latino: Native Hawaiian and Other Pacific Islander alone": 0, "Not Hispanic or Latino: Some other race alone": 0, "Not Hispanic or Latino: Two or more races": 0, "Not Hispanic or Latino: Two or more races: Two races including Some other race": 0, "Not Hispanic or Latino: Two or more races: Two races excluding Some other race, and three or more races": 0, "Hispanic or Latino": 0, "Total Households (Income)": 352, "Less than $10,000": 61, "$10,000 to $14,999": 0, "$15,000 to $19,999": 0, "$20,000 to $24,999": 28, "$25,000 to $29,999": 13, "$30,000 to $34,999": 11, "$35,000 to $39,999": 42, "$40,000 to $44,999": 0, "$45,000 to $49,999": 43, "$50,000 to $59,999": 0, "$60,000 to $74,999": 0, "$75,000 to $99,999": 31, "$100,000 to $124,999": 0, "$125,000 to $149,999": 20, "$150,000 to $199,999": 103, "$200,000 or more": 0, "COUNTY": "Kings County", "TRACTCE": "123700", "BLKGRPCE": "3", "Area (Sq Mi)": 0.059625096525096524, "zip_code": "11205", "block_group": "1237003", "bg_area": 1662247.2199766003, "overlap_area": 1662246.5412482319, "frac_in_neighborhood": 0.99999959168025054, "pop_in_neighborhood": 2383.9990265657175, "neighborhood": "bedstuy" }, "geometry": { "type": "Polygon", "coordinates": [ [ [ 997424.876040772767738, 192488.721159938169876 ], [ 997168.393649214296602, 192448.142654042865615 ], [ 996920.782264700625092, 192410.850428112578811 ], [ 996674.002166243619286, 192373.197395445225993 ], [ 996411.693650621222332, 192333.352487194613786 ], [ 996289.836373727419414, 193136.638503819849575 ], [ 996167.712886403896846, 193934.460393549408764 ], [ 996271.68650035164319, 193950.906464313564356 ], [ 996429.726092690136284, 193976.852533656783635 ], [ 996676.767271849908866, 194014.503909029910574 ], [ 996902.704916405375116, 194048.825547906279098 ], [ 996924.468980711419135, 194052.117254700307967 ], [ 997000.733266843948513, 194064.044306196563412 ], [ 997179.719750621705316, 194092.004077225225046 ], [ 997303.542013781378046, 193290.180828331853263 ], [ 997424.876040772767738, 192488.721159938169876 ] ] ] } },
{ "type": "Feature", "properties": { "GISJOIN": "G36004700257001", "Total Pop (Race/Ethnicity)": 2577, "Not Hispanic or Latino": 1852, "Not Hispanic or Latino: White alone": 1487, "Not Hispanic or Latino: Black or African American alone": 224, "Not Hispanic or Latino: American Indian and Alaska Native alone": 0, "Not Hispanic or Latino: Asian alone": 86, "Not Hispanic or Latino: Native Hawaiian and Other Pacific Islander alone": 0, "Not Hispanic or Latino: Some other race alone": 0, "Not Hispanic or Latino: Two or more races": 55, "Not Hispanic or Latino: Two or more races: Two races including Some other race": 13, "Not Hispanic or Latino: Two or more races: Two races excluding Some other race, and three or more races": 42, "Hispanic or Latino": 725, "Total Households (Income)": 628, "Less than $10,000": 7, "$10,000 to $14,999": 0, "$15,000 to $19,999": 13, "$20,000 to $24,999": 0, "$25,000 to $29,999": 21, "$30,000 to $34,999": 79, "$35,000 to $39,999": 29, "$40,000 to $44,999": 62, "$45,000 to $49,999": 31, "$50,000 to $59,999": 0, "$60,000 to $74,999": 49, "$75,000 to $99,999": 59, "$100,000 to $124,999": 16, "$125,000 to $149,999": 0, "$150,000 to $199,999": 148, "$200,000 or more": 114, "COUNTY": "Kings County", "TRACTCE": "025700", "BLKGRPCE": "1", "Area (Sq Mi)": 0.031039768339768341, "zip_code": "11206", "block_group": "0257001", "bg_area": 865340.77963811799, "overlap_area": 865340.77963811799, "frac_in_neighborhood": 1.0, "pop_in_neighborhood": 2577.0, "neighborhood": "bedstuy" }, "geometry": { "type": "Polygon", "coordinates": [ [ [ 999046.884453329490498, 193282.436248631333001 ], [ 999088.08564745716285, 193017.593515903165098 ], [ 999122.637325334362686, 192744.732172198855551 ], [ 998334.900840913061984, 192625.490854722505901 ], [ 998293.426606887136586, 192896.163576107443077 ], [ 998253.343183346674778, 193160.643915788386948 ], [ 998212.426862547639757, 193428.767090083216317 ], [ 998173.177106440649368, 193693.612108417379204 ], [ 998957.551520903944038, 193814.667694159463281 ], [ 999002.634841507067904, 193545.819743935280712 ], [ 999046.884453329490498, 193282.436248631333001 ] ] ] } },
{ "type": "Feature", "properties": { "GISJOIN": "G36004700255001", "Total Pop (Race/Ethnicity)": 2514, "Not Hispanic or Latino": 706, "Not Hispanic or Latino: White alone": 0, "Not Hispanic or Latino: Black or African American alone": 614, "Not Hispanic or Latino: American Indian and Alaska Native alone": 0, "Not Hispanic or Latino: Asian alone": 14, "Not Hispanic or Latino: Native Hawaiian and Other Pacific Islander alone": 0, "Not Hispanic or Latino: Some other race alone": 78, "Not Hispanic or Latino: Two or more races": 0, "Not Hispanic or Latino: Two or more races: Two races including Some other race": 0, "Not Hispanic or Latino: Two or more races: Two races excluding Some other race, and three or more races": 0, "Hispanic or Latino": 1808, "Total Households (Income)": 942, "Less than $10,000": 59, "$10,000 to $14,999": 102, "$15,000 to $19,999": 12, "$20,000 to $24,999": 195, "$25,000 to $29,999": 75, "$30,000 to $34,999": 0, "$35,000 to $39,999": 81, "$40,000 to $44,999": 19, "$45,000 to $49,999": 36, "$50,000 to $59,999": 55, "$60,000 to $74,999": 109, "$75,000 to $99,999": 82, "$100,000 to $124,999": 64, "$125,000 to $149,999": 0, "$150,000 to $199,999": 53, "$200,000 or more": 0, "COUNTY": "Kings County", "TRACTCE": "025500", "BLKGRPCE": "1", "Area (Sq Mi)": 0.02675019305019305, "zip_code": "11206", "block_group": "0255001", "bg_area": 745759.05113329994, "overlap_area": 745759.05113329994, "frac_in_neighborhood": 1.0, "pop_in_neighborhood": 2514.0, "neighborhood": "bedstuy" }, "geometry": { "type": "Polygon", "coordinates": [ [ [ 998212.426862547639757, 193428.767090083216317 ], [ 997992.554109755321406, 193395.123489945603069 ], [ 997548.925130318268202, 193327.475260983599583 ], [ 997303.542013781378046, 193290.180828331853263 ], [ 997179.719750621705316, 194092.004077225225046 ], [ 997375.743863652227446, 194120.162804495892487 ], [ 997514.928979655145667, 194140.276406747230794 ], [ 997858.451453236979432, 194195.480317868408747 ], [ 998088.851486153434962, 194233.136354135960573 ], [ 998129.766856526490301, 193962.09821495579672 ], [ 998173.177106440649368, 193693.612108417379204 ], [ 998212.426862547639757, 193428.767090083216317 ] ] ] } },
{ "type": "Feature", "properties": { "GISJOIN": "G36004700531021", "Total Pop (Race/Ethnicity)": 4704, "Not Hispanic or Latino": 4704, "Not Hispanic or Latino: White alone": 4524, "Not Hispanic or Latino: Black or African American alone": 0, "Not Hispanic or Latino: American Indian and Alaska Native alone": 0, "Not Hispanic or Latino: Asian alone": 0, "Not Hispanic or Latino: Native Hawaiian and Other Pacific Islander alone": 0, "Not Hispanic or Latino: Some other race alone": 0, "Not Hispanic or Latino: Two or more races": 180, "Not Hispanic or Latino: Two or more races: Two races including Some other race": 180, "Not Hispanic or Latino: Two or more races: Two races excluding Some other race, and three or more races": 0, "Hispanic or Latino": 0, "Total Households (Income)": 760, "Less than $10,000": 0, "$10,000 to $14,999": 0, "$15,000 to $19,999": 75, "$20,000 to $24,999": 52, "$25,000 to $29,999": 0, "$30,000 to $34,999": 27, "$35,000 to $39,999": 45, "$40,000 to $44,999": 0, "$45,000 to $49,999": 0, "$50,000 to $59,999": 73, "$60,000 to $74,999": 117, "$75,000 to $99,999": 76, "$100,000 to $124,999": 48, "$125,000 to $149,999": 0, "$150,000 to $199,999": 139, "$200,000 or more": 108, "COUNTY": "Kings County", "TRACTCE": "053102", "BLKGRPCE": "1", "Area (Sq Mi)": 0.018249420849420848, "zip_code": "11206", "block_group": "0531021", "bg_area": 508752.86828487087, "overlap_area": 479.75360231767752, "frac_in_neighborhood": 0.00094299930717844027, "pop_in_neighborhood": 4.4358687409673827, "neighborhood": "bedstuy" }, "geometry": { "type": "MultiPolygon", "coordinates": [ [ [ [ 997858.451453236979432, 194195.480317868408747 ], [ 997514.928979655145667, 194140.276406747230794 ], [ 997375.743863652227446, 194120.162804495892487 ], [ 997179.719750621705316, 194092.004077225225046 ], [ 997000.733266843948513, 194064.044306196563412 ], [ 997179.695239589898847, 194092.032356344978325 ], [ 997407.605864706914872, 194125.031419096369063 ], [ 997572.958015593700111, 194149.934480486001121 ], [ 997622.599481363780797, 194157.945427049387945 ], [ 997687.807734430301934, 194168.468808713165345 ], [ 997733.445168068166822, 194175.833747627999401 ], [ 997833.719677719753236, 194192.015433688124176 ], [ 998088.837870966643095, 194233.185541469109012 ], [ 998088.851486153434962, 194233.136354135960573 ], [ 997858.451453236979432, 194195.480317868408747 ] ] ], [ [ [ 996676.767271849908866, 194014.503909029910574 ], [ 996429.726092690136284, 193976.852533656783635 ], [ 996271.68650035164319, 193950.906464313564356 ], [ 996167.712886403896846, 193934.460393549408764 ], [ 996167.688829381717369, 193934.617706816119608 ], [ 996167.708057933952659, 193934.621855781355407 ], [ 996429.823907822952606, 193977.046806772093987 ], [ 996676.824940988211893, 194014.662321807525586 ], [ 996902.704916405375116, 194048.825547906279098 ], [ 996676.767271849908866, 194014.503909029910574 ] ] ] ] } },
{ "type": "Feature", "properties": { "GISJOIN": "G36004700537002", "Total Pop (Race/Ethnicity)": 3347, "Not Hispanic or Latino": 3341, "Not Hispanic or Latino: White alone": 3216, "Not Hispanic or Latino: Black or African American alone": 88, "Not Hispanic or Latino: American Indian and Alaska Native alone": 0, "Not Hispanic or Latino: Asian alone": 37, "Not Hispanic or Latino: Native Hawaiian and Other Pacific Islander alone": 0, "Not Hispanic or Latino: Some other race alone": 0, "Not Hispanic or Latino: Two or more races": 0, "Not Hispanic or Latino: Two or more races: Two races including Some other race": 0, "Not Hispanic or Latino: Two or more races: Two races excluding Some other race, and three or more races": 0, "Hispanic or Latino": 6, "Total Households (Income)": 550, "Less than $10,000": 0, "$10,000 to $14,999": 30, "$15,000 to $19,999": 0, "$20,000 to $24,999": 17, "$25,000 to $29,999": 96, "$30,000 to $34,999": 12, "$35,000 to $39,999": 50, "$40,000 to $44,999": 57, "$45,000 to $49,999": 14, "$50,000 to $59,999": 37, "$60,000 to $74,999": 39, "$75,000 to $99,999": 51, "$100,000 to $124,999": 23, "$125,000 to $149,999": 38, "$150,000 to $199,999": 0, "$200,000 or more": 86, "COUNTY": "Kings County", "TRACTCE": "053700", "BLKGRPCE": "2", "Area (Sq Mi)": 0.045250579150579152, "zip_code": "11249", "block_group": "0537002", "bg_area": 1261490.9893642091, "overlap_area": 405.49548465349221, "frac_in_neighborhood": 0.0003214414435555039, "pop_in_neighborhood": 1.0758645115802716, "neighborhood": "bedstuy" }, "geometry": { "type": "Polygon", "coordinates": [ [ [ 996167.712886403896846, 193934.460393549408764 ], [ 996052.929241656442173, 193909.265457474306459 ], [ 995907.36913716502022, 193878.22749312009546 ], [ 995658.113900381955318, 193826.009654751891503 ], [ 995286.862973695388064, 193747.507171343546361 ], [ 995050.090458182618022, 193697.853907054086449 ], [ 995050.05531270604115, 193698.070107474428369 ], [ 995286.869113143766299, 193747.962417591130361 ], [ 995657.882429541088641, 193826.319912598497467 ], [ 995907.239454591646791, 193878.420267420908203 ], [ 996167.688829381717369, 193934.617706816119608 ], [ 996167.712886403896846, 193934.460393549408764 ] ] ] } },
{ "type": "Feature", "properties": { "GISJOIN": "G36004700283002", "Total Pop (Race/Ethnicity)": 1442, "Not Hispanic or Latino": 710, "Not Hispanic or Latino: White alone": 97, "Not Hispanic or Latino: Black or African American alone": 587, "Not Hispanic or Latino: American Indian and Alaska Native alone": 0, "Not Hispanic or Latino: Asian alone": 18, "Not Hispanic or Latino: Native Hawaiian and Other Pacific Islander alone": 0, "Not Hispanic or Latino: Some other race alone": 0, "Not Hispanic or Latino: Two or more races": 8, "Not Hispanic or Latino: Two or more races: Two races including Some other race": 8, "Not Hispanic or Latino: Two or more races: Two races excluding Some other race, and three or more races": 0, "Hispanic or Latino": 732, "Total Households (Income)": 607, "Less than $10,000": 58, "$10,000 to $14,999": 69, "$15,000 to $19,999": 0, "$20,000 to $24,999": 0, "$25,000 to $29,999": 25, "$30,000 to $34,999": 0, "$35,000 to $39,999": 16, "$40,000 to $44,999": 0, "$45,000 to $49,999": 0, "$50,000 to $59,999": 99, "$60,000 to $74,999": 86, "$75,000 to $99,999": 20, "$100,000 to $124,999": 76, "$125,000 to $149,999": 0, "$150,000 to $199,999": 18, "$200,000 or more": 140, "COUNTY": "Kings County", "TRACTCE": "028300", "BLKGRPCE": "2", "Area (Sq Mi)": 0.015647490347490349, "zip_code": "11206", "block_group": "0283002", "bg_area": 436228.14914632414, "overlap_area": 436228.14914632414, "frac_in_neighborhood": 1.0, "pop_in_neighborhood": 1442.0, "neighborhood": "bedstuy" }, "geometry": { "type": "Polygon", "coordinates": [ [ [ 1000774.154848846490495, 192445.956161650887225 ], [ 999988.911403243779205, 192327.755887311737752 ], [ 999948.530626842752099, 192594.054798008815851 ], [ 1000734.041336905327626, 192713.710949702362996 ], [ 1001254.753972406149842, 192792.400714900635649 ], [ 1001544.776583902304992, 192836.325084890442668 ], [ 1001565.392193362000398, 192702.630772130127298 ], [ 1001585.729962970945053, 192569.664938736823387 ], [ 1000774.154848846490495, 192445.956161650887225 ] ] ] } },
{ "type": "Feature", "properties": { "GISJOIN": "G36004700283001", "Total Pop (Race/Ethnicity)": 1236, "Not Hispanic or Latino": 851, "Not Hispanic or Latino: White alone": 190, "Not Hispanic or Latino: Black or African American alone": 442, "Not Hispanic or Latino: American Indian and Alaska Native alone": 0, "Not Hispanic or Latino: Asian alone": 33, "Not Hispanic or Latino: Native Hawaiian and Other Pacific Islander alone": 0, "Not Hispanic or Latino: Some other race alone": 0, "Not Hispanic or Latino: Two or more races": 186, "Not Hispanic or Latino: Two or more races: Two races including Some other race": 36, "Not Hispanic or Latino: Two or more races: Two races excluding Some other race, and three or more races": 150, "Hispanic or Latino": 385, "Total Households (Income)": 504, "Less than $10,000": 160, "$10,000 to $14,999": 47, "$15,000 to $19,999": 0, "$20,000 to $24,999": 0, "$25,000 to $29,999": 24, "$30,000 to $34,999": 0, "$35,000 to $39,999": 36, "$40,000 to $44,999": 0, "$45,000 to $49,999": 27, "$50,000 to $59,999": 0, "$60,000 to $74,999": 38, "$75,000 to $99,999": 0, "$100,000 to $124,999": 35, "$125,000 to $149,999": 80, "$150,000 to $199,999": 5, "$200,000 or more": 52, "COUNTY": "Kings County", "TRACTCE": "028300", "BLKGRPCE": "1", "Area (Sq Mi)": 0.015750965250965251, "zip_code": "11206", "block_group": "0283001", "bg_area": 439111.0312216194, "overlap_area": 439111.0312216194, "frac_in_neighborhood": 1.0, "pop_in_neighborhood": 1236.0, "neighborhood": "bedstuy" }, "geometry": { "type": "Polygon", "coordinates": [ [ [ 1001254.753972406149842, 192792.400714900635649 ], [ 1000734.041336905327626, 192713.710949702362996 ], [ 999948.530626842752099, 192594.054798008815851 ], [ 999910.088698983425274, 192864.362698689044919 ], [ 1000692.264455175958574, 192982.557785418175627 ], [ 1001206.871614572941326, 193060.878207610046957 ], [ 1001499.940732315648347, 193105.532821655157022 ], [ 1001522.497557054972276, 192970.382407813740429 ], [ 1001544.776583902304992, 192836.325084890442668 ], [ 1001254.753972406149842, 192792.400714900635649 ] ] ] } },
{ "type": "Feature", "properties": { "GISJOIN": "G36004700259021", "Total Pop (Race/Ethnicity)": 3796, "Not Hispanic or Latino": 2238, "Not Hispanic or Latino: White alone": 283, "Not Hispanic or Latino: Black or African American alone": 1659, "Not Hispanic or Latino: American Indian and Alaska Native alone": 0, "Not Hispanic or Latino: Asian alone": 222, "Not Hispanic or Latino: Native Hawaiian and Other Pacific Islander alone": 0, "Not Hispanic or Latino: Some other race alone": 0, "Not Hispanic or Latino: Two or more races": 74, "Not Hispanic or Latino: Two or more races: Two races including Some other race": 28, "Not Hispanic or Latino: Two or more races: Two races excluding Some other race, and three or more races": 46, "Hispanic or Latino": 1558, "Total Households (Income)": 1448, "Less than $10,000": 353, "$10,000 to $14,999": 239, "$15,000 to $19,999": 106, "$20,000 to $24,999": 48, "$25,000 to $29,999": 31, "$30,000 to $34,999": 69, "$35,000 to $39,999": 72, "$40,000 to $44,999": 61, "$45,000 to $49,999": 30, "$50,000 to $59,999": 85, "$60,000 to $74,999": 127, "$75,000 to $99,999": 187, "$100,000 to $124,999": 0, "$125,000 to $149,999": 0, "$150,000 to $199,999": 40, "$200,000 or more": 0, "COUNTY": "Kings County", "TRACTCE": "025902", "BLKGRPCE": "1", "Area (Sq Mi)": 0.023015830115830117, "zip_code": "11206", "block_group": "0259021", "bg_area": 641625.75452860247, "overlap_area": 641625.75452860247, "frac_in_neighborhood": 1.0, "pop_in_neighborhood": 3796.0, "neighborhood": "bedstuy" }, "geometry": { "type": "Polygon", "coordinates": [ [ [ 999654.999842601828277, 192825.216227368364343 ], [ 999409.059788641170599, 192787.900120211037574 ], [ 999122.637325334362686, 192744.732172198855551 ], [ 999088.08564745716285, 193017.593515903165098 ], [ 999046.884453329490498, 193282.436248631333001 ], [ 999002.634841507067904, 193545.819743935280712 ], [ 999291.544680798309855, 193587.894892942189472 ], [ 999513.078043562825769, 193620.82263828869327 ], [ 999534.427432823576964, 193623.750802409544121 ], [ 999792.281122371321544, 193662.533295583445579 ], [ 999831.269821625435725, 193400.240791651187465 ], [ 999869.425351839279756, 193140.862599356420105 ], [ 999910.088698983425274, 192864.362698689044919 ], [ 999654.999842601828277, 192825.216227368364343 ] ] ] } },
{ "type": "Feature", "properties": { "GISJOIN": "G36004700285021", "Total Pop (Race/Ethnicity)": 3144, "Not Hispanic or Latino": 1510, "Not Hispanic or Latino: White alone": 0, "Not Hispanic or Latino: Black or African American alone": 1393, "Not Hispanic or Latino: American Indian and Alaska Native alone": 0, "Not Hispanic or Latino: Asian alone": 0, "Not Hispanic or Latino: Native Hawaiian and Other Pacific Islander alone": 0, "Not Hispanic or Latino: Some other race alone": 10, "Not Hispanic or Latino: Two or more races": 107, "Not Hispanic or Latino: Two or more races: Two races including Some other race": 0, "Not Hispanic or Latino: Two or more races: Two races excluding Some other race, and three or more races": 107, "Hispanic or Latino": 1634, "Total Households (Income)": 1187, "Less than $10,000": 375, "$10,000 to $14,999": 221, "$15,000 to $19,999": 53, "$20,000 to $24,999": 64, "$25,000 to $29,999": 13, "$30,000 to $34,999": 0, "$35,000 to $39,999": 71, "$40,000 to $44,999": 0, "$45,000 to $49,999": 84, "$50,000 to $59,999": 79, "$60,000 to $74,999": 80, "$75,000 to $99,999": 24, "$100,000 to $124,999": 76, "$125,000 to $149,999": 0, "$150,000 to $199,999": 0, "$200,000 or more": 47, "COUNTY": "Kings County", "TRACTCE": "028502", "BLKGRPCE": "1", "Area (Sq Mi)": 0.046277606177606179, "zip_code": "11206", "block_group": "0285021", "bg_area": 1290147.9823199462, "overlap_area": 1290144.7524757269, "frac_in_neighborhood": 0.99999749653197656, "pop_in_neighborhood": 3143.9921290965344, "neighborhood": "bedstuy" }, "geometry": { "type": "Polygon", "coordinates": [ [ [ 1001417.224257065332495, 193614.806938573514344 ], [ 1001454.552567300619557, 193372.554318363661878 ], [ 1001499.940732315648347, 193105.532821655157022 ], [ 1001206.871614572941326, 193060.878207610046957 ], [ 1000692.264455175958574, 192982.557785418175627 ], [ 999910.088698983425274, 192864.362698689044919 ], [ 999869.425351839279756, 193140.862599356420105 ], [ 999831.269821625435725, 193400.240791651187465 ], [ 999792.281122371321544, 193662.533295583445579 ], [ 1000568.332679125946015, 193779.263467180338921 ], [ 1001284.208766825962812, 193891.603957403625827 ], [ 1001341.003370851627551, 193852.157022160798078 ], [ 1001392.612354077515192, 193816.186996612523217 ], [ 1001392.698090799502097, 193816.121360032848315 ], [ 1001417.224257065332495, 193614.806938573514344 ] ] ] } },
{ "type": "Feature", "properties": { "GISJOIN": "G36004700257002", "Total Pop (Race/Ethnicity)": 289, "Not Hispanic or Latino": 115, "Not Hispanic or Latino: White alone": 107, "Not Hispanic or Latino: Black or African American alone": 0, "Not Hispanic or Latino: American Indian and Alaska Native alone": 0, "Not Hispanic or Latino: Asian alone": 0, "Not Hispanic or Latino: Native Hawaiian and Other Pacific Islander alone": 0, "Not Hispanic or Latino: Some other race alone": 8, "Not Hispanic or Latino: Two or more races": 0, "Not Hispanic or Latino: Two or more races: Two races including Some other race": 0, "Not Hispanic or Latino: Two or more races: Two races excluding Some other race, and three or more races": 0, "Hispanic or Latino": 174, "Total Households (Income)": 146, "Less than $10,000": 0, "$10,000 to $14,999": 30, "$15,000 to $19,999": 65, "$20,000 to $24,999": 0, "$25,000 to $29,999": 0, "$30,000 to $34,999": 0, "$35,000 to $39,999": 0, "$40,000 to $44,999": 9, "$45,000 to $49,999": 0, "$50,000 to $59,999": 0, "$60,000 to $74,999": 0, "$75,000 to $99,999": 25, "$100,000 to $124,999": 5, "$125,000 to $149,999": 4, "$150,000 to $199,999": 0, "$200,000 or more": 8, "COUNTY": "Kings County", "TRACTCE": "025700", "BLKGRPCE": "2", "Area (Sq Mi)": 0.0078783783783783791, "zip_code": "11206", "block_group": "0257002", "bg_area": 219638.06035055622, "overlap_area": 219638.06035055628, "frac_in_neighborhood": 1.0000000000000002, "pop_in_neighborhood": 289.00000000000006, "neighborhood": "bedstuy" }, "geometry": { "type": "Polygon", "coordinates": [ [ [ 999534.427432823576964, 193623.750802409544121 ], [ 999513.078043562825769, 193620.82263828869327 ], [ 999291.544680798309855, 193587.894892942189472 ], [ 999002.634841507067904, 193545.819743935280712 ], [ 998957.551520903944038, 193814.667694159463281 ], [ 999327.139819389441982, 193869.907918582408456 ], [ 999751.345093135721982, 193936.118813728448004 ], [ 999792.281122371321544, 193662.533295583445579 ], [ 999534.427432823576964, 193623.750802409544121 ] ] ] } },
{ "type": "Feature", "properties": { "GISJOIN": "G36004700257003", "Total Pop (Race/Ethnicity)": 504, "Not Hispanic or Latino": 364, "Not Hispanic or Latino: White alone": 302, "Not Hispanic or Latino: Black or African American alone": 0, "Not Hispanic or Latino: American Indian and Alaska Native alone": 0, "Not Hispanic or Latino: Asian alone": 45, "Not Hispanic or Latino: Native Hawaiian and Other Pacific Islander alone": 0, "Not Hispanic or Latino: Some other race alone": 17, "Not Hispanic or Latino: Two or more races": 0, "Not Hispanic or Latino: Two or more races: Two races including Some other race": 0, "Not Hispanic or Latino: Two or more races: Two races excluding Some other race, and three or more races": 0, "Hispanic or Latino": 140, "Total Households (Income)": 172, "Less than $10,000": 17, "$10,000 to $14,999": 0, "$15,000 to $19,999": 0, "$20,000 to $24,999": 0, "$25,000 to $29,999": 22, "$30,000 to $34,999": 0, "$35,000 to $39,999": 0, "$40,000 to $44,999": 0, "$45,000 to $49,999": 0, "$50,000 to $59,999": 0, "$60,000 to $74,999": 0, "$75,000 to $99,999": 33, "$100,000 to $124,999": 5, "$125,000 to $149,999": 9, "$150,000 to $199,999": 86, "$200,000 or more": 0, "COUNTY": "Kings County", "TRACTCE": "025700", "BLKGRPCE": "3", "Area (Sq Mi)": 0.031014285714285713, "zip_code": "11206", "block_group": "0257003", "bg_area": 864632.39354696369, "overlap_area": 864632.39354696404, "frac_in_neighborhood": 1.0000000000000004, "pop_in_neighborhood": 504.00000000000023, "neighborhood": "bedstuy" }, "geometry": { "type": "Polygon", "coordinates": [ [ [ 999327.139819389441982, 193869.907918582408456 ], [ 998957.551520903944038, 193814.667694159463281 ], [ 998173.177106440649368, 193693.612108417379204 ], [ 998129.766856526490301, 193962.09821495579672 ], [ 998088.851486153434962, 194233.136354135960573 ], [ 998171.197599306236953, 194244.841970423294697 ], [ 998631.722472163033672, 194311.782789401186164 ], [ 998877.094236010801978, 194347.997852605185471 ], [ 998910.363837894867174, 194354.575767060741782 ], [ 999135.494998198351823, 194388.231046416272875 ], [ 999606.55001095845364, 194457.747080627217656 ], [ 999670.042213990003802, 194465.073903307318687 ], [ 999692.317339052679017, 194318.991894709732151 ], [ 999710.415844932664186, 194200.596126747899689 ], [ 999751.345093135721982, 193936.118813728448004 ], [ 999327.139819389441982, 193869.907918582408456 ] ] ] } },
{ "type": "Feature", "properties": { "GISJOIN": "G36004700285011", "Total Pop (Race/Ethnicity)": 589, "Not Hispanic or Latino": 430, "Not Hispanic or Latino: White alone": 249, "Not Hispanic or Latino: Black or African American alone": 133, "Not Hispanic or Latino: American Indian and Alaska Native alone": 0, "Not Hispanic or Latino: Asian alone": 40, "Not Hispanic or Latino: Native Hawaiian and Other Pacific Islander alone": 0, "Not Hispanic or Latino: Some other race alone": 0, "Not Hispanic or Latino: Two or more races": 8, "Not Hispanic or Latino: Two or more races: Two races including Some other race": 8, "Not Hispanic or Latino: Two or more races: Two races excluding Some other race, and three or more races": 0, "Hispanic or Latino": 159, "Total Households (Income)": 321, "Less than $10,000": 41, "$10,000 to $14,999": 25, "$15,000 to $19,999": 8, "$20,000 to $24,999": 14, "$25,000 to $29,999": 6, "$30,000 to $34,999": 49, "$35,000 to $39,999": 0, "$40,000 to $44,999": 0, "$45,000 to $49,999": 7, "$50,000 to $59,999": 30, "$60,000 to $74,999": 41, "$75,000 to $99,999": 31, "$100,000 to $124,999": 9, "$125,000 to $149,999": 6, "$150,000 to $199,999": 49, "$200,000 or more": 5, "COUNTY": "Kings County", "TRACTCE": "028501", "BLKGRPCE": "1", "Area (Sq Mi)": 0.032130501930501931, "zip_code": "11206", "block_group": "0285011", "bg_area": 895757.03815238283, "overlap_area": 895757.03815238283, "frac_in_neighborhood": 1.0, "pop_in_neighborhood": 589.0, "neighborhood": "bedstuy" }, "geometry": { "type": "Polygon", "coordinates": [ [ [ 1001284.208766825962812, 193891.603957403625827 ], [ 1000568.332679125946015, 193779.263467180338921 ], [ 999792.281122371321544, 193662.533295583445579 ], [ 999751.345093135721982, 193936.118813728448004 ], [ 999710.415844932664186, 194200.596126747899689 ], [ 999692.317339052679017, 194318.991894709732151 ], [ 999670.042213990003802, 194465.073903307318687 ], [ 999863.008245235076174, 194496.165080828999635 ], [ 1000351.24412211519666, 194574.814724675787147 ], [ 1000568.184221429168247, 194413.197256460785866 ], [ 1000770.421665249275975, 194265.05155995246605 ], [ 1000972.941827614209615, 194112.900305272924015 ], [ 1001191.547280794824474, 193960.397683975257678 ], [ 1001284.208766825962812, 193891.603957403625827 ] ] ] } },
{ "type": "Feature", "properties": { "GISJOIN": "G36004700389001", "Total Pop (Race/Ethnicity)": 1248, "Not Hispanic or Latino": 597, "Not Hispanic or Latino: White alone": 345, "Not Hispanic or Latino: Black or African American alone": 116, "Not Hispanic or Latino: American Indian and Alaska Native alone": 0, "Not Hispanic or Latino: Asian alone": 104, "Not Hispanic or Latino: Native Hawaiian and Other Pacific Islander alone": 0, "Not Hispanic or Latino: Some other race alone": 0, "Not Hispanic or Latino: Two or more races": 32, "Not Hispanic or Latino: Two or more races: Two races including Some other race": 0, "Not Hispanic or Latino: Two or more races: Two races excluding Some other race, and three or more races": 32, "Hispanic or Latino": 651, "Total Households (Income)": 488, "Less than $10,000": 66, "$10,000 to $14,999": 0, "$15,000 to $19,999": 30, "$20,000 to $24,999": 0, "$25,000 to $29,999": 0, "$30,000 to $34,999": 0, "$35,000 to $39,999": 0, "$40,000 to $44,999": 0, "$45,000 to $49,999": 0, "$50,000 to $59,999": 87, "$60,000 to $74,999": 19, "$75,000 to $99,999": 103, "$100,000 to $124,999": 114, "$125,000 to $149,999": 21, "$150,000 to $199,999": 14, "$200,000 or more": 34, "COUNTY": "Kings County", "TRACTCE": "038900", "BLKGRPCE": "1", "Area (Sq Mi)": 0.031136293436293438, "zip_code": "11206", "block_group": "0389001", "bg_area": 868018.17541717621, "overlap_area": 159.07896663355461, "frac_in_neighborhood": 0.00018326686138467094, "pop_in_neighborhood": 0.22871704300806933, "neighborhood": "bedstuy" }, "geometry": { "type": "Polygon", "coordinates": [ [ [ 1001191.547280794824474, 193960.397683975257678 ], [ 1000972.941827614209615, 194112.900305272924015 ], [ 1000770.421665249275975, 194265.05155995246605 ], [ 1000568.184221429168247, 194413.197256460785866 ], [ 1000351.24412211519666, 194574.814724675787147 ], [ 1000351.547490390948951, 194574.90780769410776 ], [ 1000568.117317051161081, 194413.448445568385068 ], [ 1000758.450479036197066, 194273.952218439459102 ], [ 1000770.427074272418395, 194265.174824465502752 ], [ 1000972.937034591217525, 194113.029796058428474 ], [ 1001191.660822129342705, 193960.592449341085739 ], [ 1001191.680096263531595, 193960.578108665620675 ], [ 1001191.547280794824474, 193960.397683975257678 ] ] ] } },
{ "type": "Feature", "properties": { "GISJOIN": "G36004700507001", "Total Pop (Race/Ethnicity)": 4369, "Not Hispanic or Latino": 4057, "Not Hispanic or Latino: White alone": 4002, "Not Hispanic or Latino: Black or African American alone": 27, "Not Hispanic or Latino: American Indian and Alaska Native alone": 0, "Not Hispanic or Latino: Asian alone": 12, "Not Hispanic or Latino: Native Hawaiian and Other Pacific Islander alone": 0, "Not Hispanic or Latino: Some other race alone": 0, "Not Hispanic or Latino: Two or more races": 16, "Not Hispanic or Latino: Two or more races: Two races including Some other race": 0, "Not Hispanic or Latino: Two or more races: Two races excluding Some other race, and three or more races": 16, "Hispanic or Latino": 312, "Total Households (Income)": 845, "Less than $10,000": 31, "$10,000 to $14,999": 39, "$15,000 to $19,999": 20, "$20,000 to $24,999": 24, "$25,000 to $29,999": 34, "$30,000 to $34,999": 124, "$35,000 to $39,999": 0, "$40,000 to $44,999": 0, "$45,000 to $49,999": 24, "$50,000 to $59,999": 142, "$60,000 to $74,999": 131, "$75,000 to $99,999": 58, "$100,000 to $124,999": 26, "$125,000 to $149,999": 43, "$150,000 to $199,999": 45, "$200,000 or more": 104, "COUNTY": "Kings County", "TRACTCE": "050700", "BLKGRPCE": "1", "Area (Sq Mi)": 0.067347104247104245, "zip_code": "11206", "block_group": "0507001", "bg_area": 1877540.5590820669, "overlap_area": 476.96839772404718, "frac_in_neighborhood": 0.0002540389316315158, "pop_in_neighborhood": 1.1098960922980925, "neighborhood": "bedstuy" }, "geometry": { "type": "Polygon", "coordinates": [ [ [ 1000351.24412211519666, 194574.814724675787147 ], [ 999863.008245235076174, 194496.165080828999635 ], [ 999670.042213990003802, 194465.073903307318687 ], [ 999606.55001095845364, 194457.747080627217656 ], [ 999135.494998198351823, 194388.231046416272875 ], [ 998910.363837894867174, 194354.575767060741782 ], [ 998877.094236010801978, 194347.997852605185471 ], [ 998631.722472163033672, 194311.782789401186164 ], [ 998171.197599306236953, 194244.841970423294697 ], [ 998088.851486153434962, 194233.136354135960573 ], [ 998088.837870966643095, 194233.185541469109012 ], [ 998088.844310589367524, 194233.186580673558637 ], [ 998171.233002644381486, 194245.155199488828657 ], [ 998631.908261479111388, 194312.082112018368207 ], [ 998877.048883133218624, 194348.165210044156993 ], [ 998910.447960548219271, 194354.707728535169736 ], [ 999135.591979440883733, 194388.415160428849049 ], [ 999606.346042428398505, 194458.058901971904561 ], [ 999670.053507157601416, 194465.103085285401903 ], [ 999854.247042350238189, 194494.845622178196209 ], [ 1000350.950734149897471, 194575.051415284251561 ], [ 1000351.24412211519666, 194574.814724675787147 ] ] ] } },
{ "type": "Feature", "properties": { "GISJOIN": "G36004700491002", "Total Pop (Race/Ethnicity)": 302, "Not Hispanic or Latino": 248, "Not Hispanic or Latino: White alone": 171, "Not Hispanic or Latino: Black or African American alone": 41, "Not Hispanic or Latino: American Indian and Alaska Native alone": 0, "Not Hispanic or Latino: Asian alone": 36, "Not Hispanic or Latino: Native Hawaiian and Other Pacific Islander alone": 0, "Not Hispanic or Latino: Some other race alone": 0, "Not Hispanic or Latino: Two or more races": 0, "Not Hispanic or Latino: Two or more races: Two races including Some other race": 0, "Not Hispanic or Latino: Two or more races: Two races excluding Some other race, and three or more races": 0, "Hispanic or Latino": 54, "Total Households (Income)": 185, "Less than $10,000": 0, "$10,000 to $14,999": 0, "$15,000 to $19,999": 0, "$20,000 to $24,999": 41, "$25,000 to $29,999": 0, "$30,000 to $34,999": 0, "$35,000 to $39,999": 0, "$40,000 to $44,999": 0, "$45,000 to $49,999": 0, "$50,000 to $59,999": 18, "$60,000 to $74,999": 0, "$75,000 to $99,999": 22, "$100,000 to $124,999": 0, "$125,000 to $149,999": 18, "$150,000 to $199,999": 0, "$200,000 or more": 86, "COUNTY": "Kings County", "TRACTCE": "049100", "BLKGRPCE": "2", "Area (Sq Mi)": 0.023277992277992279, "zip_code": "11206", "block_group": "0491002", "bg_area": 648968.5028314977, "overlap_area": 0.089413839788041183, "frac_in_neighborhood": 1.3777839663700468e-07, "pop_in_neighborhood": 4.1609075784375412e-05, "neighborhood": "bedstuy" }, "geometry": { "type": "Polygon", "coordinates": [ [ [ 1000351.24412211519666, 194574.814724675787147 ], [ 1000350.950734149897471, 194575.051415284251561 ], [ 1000351.282917307806201, 194575.105054937186651 ], [ 1000351.547490390948951, 194574.90780769410776 ], [ 1000351.24412211519666, 194574.814724675787147 ] ] ] } },
{ "type": "Feature", "properties": { "GISJOIN": "G36004700303002", "Total Pop (Race/Ethnicity)": 871, "Not Hispanic or Latino": 681, "Not Hispanic or Latino: White alone": 1, "Not Hispanic or Latino: Black or African American alone": 555, "Not Hispanic or Latino: American Indian and Alaska Native alone": 0, "Not Hispanic or Latino: Asian alone": 0, "Not Hispanic or Latino: Native Hawaiian and Other Pacific Islander alone": 0, "Not Hispanic or Latino: Some other race alone": 0, "Not Hispanic or Latino: Two or more races": 125, "Not Hispanic or Latino: Two or more races: Two races including Some other race": 125, "Not Hispanic or Latino: Two or more races: Two races excluding Some other race, and three or more races": 0, "Hispanic or Latino": 190, "Total Households (Income)": 285, "Less than $10,000": 47, "$10,000 to $14,999": 24, "$15,000 to $19,999": 0, "$20,000 to $24,999": 15, "$25,000 to $29,999": 0, "$30,000 to $34,999": 0, "$35,000 to $39,999": 0, "$40,000 to $44,999": 61, "$45,000 to $49,999": 0, "$50,000 to $59,999": 23, "$60,000 to $74,999": 0, "$75,000 to $99,999": 32, "$100,000 to $124,999": 27, "$125,000 to $149,999": 0, "$150,000 to $199,999": 56, "$200,000 or more": 0, "COUNTY": "Kings County", "TRACTCE": "030300", "BLKGRPCE": "2", "Area (Sq Mi)": 0.03155752895752896, "zip_code": "11233", "block_group": "0303002", "bg_area": 879778.05093515781, "overlap_area": 0.0020782530985692686, "frac_in_neighborhood": 2.3622470421490907e-09, "pop_in_neighborhood": 2.0575171737118581e-06, "neighborhood": "bedstuy" }, "geometry": { "type": "Polygon", "coordinates": [ [ [ 1005936.394046748639084, 185942.367284444364486 ], [ 1005936.568963296012953, 185942.357142881315667 ], [ 1005936.568085201783106, 185942.344794648612151 ], [ 1005936.393246005056426, 185942.355966933071613 ], [ 1005936.394046748639084, 185942.367284444364486 ] ] ] } },
{ "type": "Feature", "properties": { "GISJOIN": "G36004700301003", "Total Pop (Race/Ethnicity)": 751, "Not Hispanic or Latino": 677, "Not Hispanic or Latino: White alone": 182, "Not Hispanic or Latino: Black or African American alone": 469, "Not Hispanic or Latino: American Indian and Alaska Native alone": 0, "Not Hispanic or Latino: Asian alone": 14, "Not Hispanic or Latino: Native Hawaiian and Other Pacific Islander alone": 0, "Not Hispanic or Latino: Some other race alone": 0, "Not Hispanic or Latino: Two or more races": 12, "Not Hispanic or Latino: Two or more races: Two races including Some other race": 0, "Not Hispanic or Latino: Two or more races: Two races excluding Some other race, and three or more races": 12, "Hispanic or Latino": 74, "Total Households (Income)": 420, "Less than $10,000": 63, "$10,000 to $14,999": 12, "$15,000 to $19,999": 0, "$20,000 to $24,999": 0, "$25,000 to $29,999": 33, "$30,000 to $34,999": 0, "$35,000 to $39,999": 36, "$40,000 to $44,999": 0, "$45,000 to $49,999": 11, "$50,000 to $59,999": 32, "$60,000 to $74,999": 0, "$75,000 to $99,999": 27, "$100,000 to $124,999": 35, "$125,000 to $149,999": 62, "$150,000 to $199,999": 28, "$200,000 or more": 81, "COUNTY": "Kings County", "TRACTCE": "030100", "BLKGRPCE": "3", "Area (Sq Mi)": 0.036196138996138993, "zip_code": "11233", "block_group": "0301003", "bg_area": 1009077.415737755, "overlap_area": 17.922204446045011, "frac_in_neighborhood": 1.7760980640857728e-05, "pop_in_neighborhood": 0.013338496461284153, "neighborhood": "bedstuy" }, "geometry": { "type": "MultiPolygon", "coordinates": [ [ [ [ 1005936.394046748639084, 185942.367284444364486 ], [ 1005951.044870479032397, 186145.925132666423451 ], [ 1005936.568963296012953, 185942.357142881315667 ], [ 1005936.394046748639084, 185942.367284444364486 ] ] ], [ [ [ 1006703.041458037216216, 186566.066094765235903 ], [ 1006710.482923161936924, 186565.53103033505613 ], [ 1006702.813235021196306, 186566.07711287701386 ], [ 1006693.137621235800907, 186566.763610282534501 ], [ 1006703.041458037216216, 186566.066094765235903 ] ] ] ] } },
{ "type": "Feature", "properties": { "GISJOIN": "G36004700371005", "Total Pop (Race/Ethnicity)": 394, "Not Hispanic or Latino": 342, "Not Hispanic or Latino: White alone": 0, "Not Hispanic or Latino: Black or African American alone": 314, "Not Hispanic or Latino: American Indian and Alaska Native alone": 0, "Not Hispanic or Latino: Asian alone": 11, "Not Hispanic or Latino: Native Hawaiian and Other Pacific Islander alone": 0, "Not Hispanic or Latino: Some other race alone": 0, "Not Hispanic or Latino: Two or more races": 17, "Not Hispanic or Latino: Two or more races: Two races including Some other race": 0, "Not Hispanic or Latino: Two or more races: Two races excluding Some other race, and three or more races": 17, "Hispanic or Latino": 52, "Total Households (Income)": 215, "Less than $10,000": 52, "$10,000 to $14,999": 0, "$15,000 to $19,999": 0, "$20,000 to $24,999": 0, "$25,000 to $29,999": 0, "$30,000 to $34,999": 0, "$35,000 to $39,999": 0, "$40,000 to $44,999": 54, "$45,000 to $49,999": 0, "$50,000 to $59,999": 0, "$60,000 to $74,999": 0, "$75,000 to $99,999": 49, "$100,000 to $124,999": 26, "$125,000 to $149,999": 34, "$150,000 to $199,999": 0, "$200,000 or more": 0, "COUNTY": "Kings County", "TRACTCE": "037100", "BLKGRPCE": "5", "Area (Sq Mi)": 0.015400386100386101, "zip_code": "11233", "block_group": "0371005", "bg_area": 429343.01885175129, "overlap_area": 2.3955811386219921, "frac_in_neighborhood": 5.5796438591893515e-06, "pop_in_neighborhood": 0.0021983796805206046, "neighborhood": "bedstuy" }, "geometry": { "type": "Polygon", "coordinates": [ [ [ 1007439.949552088859491, 186631.24451875363593 ], [ 1007439.985622551990673, 186631.249981538159773 ], [ 1007465.532498623477295, 186511.650304908136604 ], [ 1007465.529632012709044, 186511.650509755127132 ], [ 1007439.949552088859491, 186631.24451875363593 ] ] ] } },
{ "type": "Feature", "properties": { "GISJOIN": "G36004700379003", "Total Pop (Race/Ethnicity)": 1725, "Not Hispanic or Latino": 1630, "Not Hispanic or Latino: White alone": 154, "Not Hispanic or Latino: Black or African American alone": 1412, "Not Hispanic or Latino: American Indian and Alaska Native alone": 0, "Not Hispanic or Latino: Asian alone": 0, "Not Hispanic or Latino: Native Hawaiian and Other Pacific Islander alone": 0, "Not Hispanic or Latino: Some other race alone": 0, "Not Hispanic or Latino: Two or more races": 64, "Not Hispanic or Latino: Two or more races: Two races including Some other race": 15, "Not Hispanic or Latino: Two or more races: Two races excluding Some other race, and three or more races": 49, "Hispanic or Latino": 95, "Total Households (Income)": 625, "Less than $10,000": 47, "$10,000 to $14,999": 0, "$15,000 to $19,999": 65, "$20,000 to $24,999": 43, "$25,000 to $29,999": 0, "$30,000 to $34,999": 22, "$35,000 to $39,999": 19, "$40,000 to $44,999": 0, "$45,000 to $49,999": 56, "$50,000 to $59,999": 56, "$60,000 to $74,999": 62, "$75,000 to $99,999": 116, "$100,000 to $124,999": 48, "$125,000 to $149,999": 0, "$150,000 to $199,999": 55, "$200,000 or more": 36, "COUNTY": "Kings County", "TRACTCE": "037900", "BLKGRPCE": "3", "Area (Sq Mi)": 0.026633204633204632, "zip_code": "11233", "block_group": "0379003", "bg_area": 742507.36907613347, "overlap_area": 742241.97052365402, "frac_in_neighborhood": 0.99964256441951593, "pop_in_neighborhood": 1724.3834236236651, "neighborhood": "bedstuy" }, "geometry": { "type": "Polygon", "coordinates": [ [ [ 1007439.949552088859491, 186631.24451875363593 ], [ 1007465.529632012709044, 186511.650509755127132 ], [ 1007215.463546597631648, 186529.520143478963291 ], [ 1007003.095086541725323, 186544.697015828598524 ], [ 1006710.482923161936924, 186565.53103033505613 ], [ 1006703.041458037216216, 186566.066094765235903 ], [ 1006693.137621235800907, 186566.763610282534501 ], [ 1005982.537268172251061, 186617.181631252809893 ], [ 1005982.525854253559373, 186617.002643936313689 ], [ 1005930.497550967847928, 186644.423820803436683 ], [ 1005892.178003875422291, 186692.480869575520046 ], [ 1005847.860617914353497, 186935.448968200973468 ], [ 1006597.196649380843155, 187049.068658754084026 ], [ 1007357.895756527781487, 187164.9082807333034 ], [ 1007398.92288726544939, 186897.530003897059942 ], [ 1007439.949552088859491, 186631.24451875363593 ] ] ] } },
{ "type": "Feature", "properties": { "GISJOIN": "G36004700371004", "Total Pop (Race/Ethnicity)": 1126, "Not Hispanic or Latino": 850, "Not Hispanic or Latino: White alone": 43, "Not Hispanic or Latino: Black or African American alone": 796, "Not Hispanic or Latino: American Indian and Alaska Native alone": 0, "Not Hispanic or Latino: Asian alone": 11, "Not Hispanic or Latino: Native Hawaiian and Other Pacific Islander alone": 0, "Not Hispanic or Latino: Some other race alone": 0, "Not Hispanic or Latino: Two or more races": 0, "Not Hispanic or Latino: Two or more races: Two races including Some other race": 0, "Not Hispanic or Latino: Two or more races: Two races excluding Some other race, and three or more races": 0, "Hispanic or Latino": 276, "Total Households (Income)": 403, "Less than $10,000": 11, "$10,000 to $14,999": 12, "$15,000 to $19,999": 9, "$20,000 to $24,999": 43, "$25,000 to $29,999": 0, "$30,000 to $34,999": 0, "$35,000 to $39,999": 33, "$40,000 to $44,999": 0, "$45,000 to $49,999": 0, "$50,000 to $59,999": 28, "$60,000 to $74,999": 122, "$75,000 to $99,999": 0, "$100,000 to $124,999": 0, "$125,000 to $149,999": 48, "$150,000 to $199,999": 44, "$200,000 or more": 53, "COUNTY": "Kings County", "TRACTCE": "037100", "BLKGRPCE": "4", "Area (Sq Mi)": 0.014308494208494208, "zip_code": "11233", "block_group": "0371004", "bg_area": 398899.6332584059, "overlap_area": 12.749718074069101, "frac_in_neighborhood": 3.1962220596502467e-05, "pop_in_neighborhood": 0.03598946039166178, "neighborhood": "bedstuy" }, "geometry": { "type": "Polygon", "coordinates": [ [ [ 1007439.949552088859491, 186631.24451875363593 ], [ 1007398.92288726544939, 186897.530003897059942 ], [ 1007398.988824864034541, 186897.539783134474419 ], [ 1007439.954837880446576, 186631.394102359598037 ], [ 1007439.985622551990673, 186631.249981538159773 ], [ 1007439.949552088859491, 186631.24451875363593 ] ] ] } },
{ "type": "Feature", "properties": { "GISJOIN": "G36004700371003", "Total Pop (Race/Ethnicity)": 1109, "Not Hispanic or Latino": 891, "Not Hispanic or Latino: White alone": 84, "Not Hispanic or Latino: Black or African American alone": 807, "Not Hispanic or Latino: American Indian and Alaska Native alone": 0, "Not Hispanic or Latino: Asian alone": 0, "Not Hispanic or Latino: Native Hawaiian and Other Pacific Islander alone": 0, "Not Hispanic or Latino: Some other race alone": 0, "Not Hispanic or Latino: Two or more races": 0, "Not Hispanic or Latino: Two or more races: Two races including Some other race": 0, "Not Hispanic or Latino: Two or more races: Two races excluding Some other race, and three or more races": 0, "Hispanic or Latino": 218, "Total Households (Income)": 456, "Less than $10,000": 102, "$10,000 to $14,999": 0, "$15,000 to $19,999": 0, "$20,000 to $24,999": 0, "$25,000 to $29,999": 17, "$30,000 to $34,999": 0, "$35,000 to $39,999": 0, "$40,000 to $44,999": 0, "$45,000 to $49,999": 0, "$50,000 to $59,999": 0, "$60,000 to $74,999": 63, "$75,000 to $99,999": 42, "$100,000 to $124,999": 105, "$125,000 to $149,999": 83, "$150,000 to $199,999": 44, "$200,000 or more": 0, "COUNTY": "Kings County", "TRACTCE": "037100", "BLKGRPCE": "3", "Area (Sq Mi)": 0.014566023166023167, "zip_code": "11233", "block_group": "0371003", "bg_area": 406072.45806591719, "overlap_area": 39.351317974357599, "frac_in_neighborhood": 9.6907133672113647e-05, "pop_in_neighborhood": 0.10747001124237403, "neighborhood": "bedstuy" }, "geometry": { "type": "Polygon", "coordinates": [ [ [ 1007398.92288726544939, 186897.530003897059942 ], [ 1007357.895756527781487, 187164.9082807333034 ], [ 1007358.117887699161656, 187164.942078659718391 ], [ 1007398.930884432396851, 186897.916207259724615 ], [ 1007398.988824864034541, 186897.539783134474419 ], [ 1007398.92288726544939, 186897.530003897059942 ] ] ] } },
{ "type": "Feature", "properties": { "GISJOIN": "G36004700379002", "Total Pop (Race/Ethnicity)": 1613, "Not Hispanic or Latino": 1470, "Not Hispanic or Latino: White alone": 105, "Not Hispanic or Latino: Black or African American alone": 1321, "Not Hispanic or Latino: American Indian and Alaska Native alone": 0, "Not Hispanic or Latino: Asian alone": 12, "Not Hispanic or Latino: Native Hawaiian and Other Pacific Islander alone": 0, "Not Hispanic or Latino: Some other race alone": 13, "Not Hispanic or Latino: Two or more races": 19, "Not Hispanic or Latino: Two or more races: Two races including Some other race": 0, "Not Hispanic or Latino: Two or more races: Two races excluding Some other race, and three or more races": 19, "Hispanic or Latino": 143, "Total Households (Income)": 656, "Less than $10,000": 98, "$10,000 to $14,999": 70, "$15,000 to $19,999": 13, "$20,000 to $24,999": 34, "$25,000 to $29,999": 26, "$30,000 to $34,999": 0, "$35,000 to $39,999": 0, "$40,000 to $44,999": 41, "$45,000 to $49,999": 19, "$50,000 to $59,999": 0, "$60,000 to $74,999": 32, "$75,000 to $99,999": 79, "$100,000 to $124,999": 120, "$125,000 to $149,999": 0, "$150,000 to $199,999": 60, "$200,000 or more": 64, "COUNTY": "Kings County", "TRACTCE": "037900", "BLKGRPCE": "2", "Area (Sq Mi)": 0.029575289575289574, "zip_code": "11233", "block_group": "0379002", "bg_area": 824496.61023015575, "overlap_area": 824496.61023015564, "frac_in_neighborhood": 0.99999999999999989, "pop_in_neighborhood": 1612.9999999999998, "neighborhood": "bedstuy" }, "geometry": { "type": "Polygon", "coordinates": [ [ [ 1007357.895756527781487, 187164.9082807333034 ], [ 1006597.196649380843155, 187049.068658754084026 ], [ 1005847.860617914353497, 186935.448968200973468 ], [ 1005807.406504599377513, 187201.737540946633089 ], [ 1005765.564967895625159, 187469.48229378942051 ], [ 1006516.27250234852545, 187582.371888020919869 ], [ 1007172.129329275223427, 187682.443775583757088 ], [ 1007276.955493418616243, 187697.844949533726322 ], [ 1007317.703246253309771, 187430.830132482602494 ], [ 1007357.895756527781487, 187164.9082807333034 ] ] ] } },
{ "type": "Feature", "properties": { "GISJOIN": "G36004700371002", "Total Pop (Race/Ethnicity)": 1180, "Not Hispanic or Latino": 1053, "Not Hispanic or Latino: White alone": 82, "Not Hispanic or Latino: Black or African American alone": 732, "Not Hispanic or Latino: American Indian and Alaska Native alone": 0, "Not Hispanic or Latino: Asian alone": 55, "Not Hispanic or Latino: Native Hawaiian and Other Pacific Islander alone": 0, "Not Hispanic or Latino: Some other race alone": 34, "Not Hispanic or Latino: Two or more races": 150, "Not Hispanic or Latino: Two or more races: Two races including Some other race": 60, "Not Hispanic or Latino: Two or more races: Two races excluding Some other race, and three or more races": 90, "Hispanic or Latino": 127, "Total Households (Income)": 447, "Less than $10,000": 68, "$10,000 to $14,999": 17, "$15,000 to $19,999": 0, "$20,000 to $24,999": 43, "$25,000 to $29,999": 19, "$30,000 to $34,999": 0, "$35,000 to $39,999": 0, "$40,000 to $44,999": 43, "$45,000 to $49,999": 0, "$50,000 to $59,999": 16, "$60,000 to $74,999": 0, "$75,000 to $99,999": 74, "$100,000 to $124,999": 20, "$125,000 to $149,999": 89, "$150,000 to $199,999": 10, "$200,000 or more": 48, "COUNTY": "Kings County", "TRACTCE": "037100", "BLKGRPCE": "2", "Area (Sq Mi)": 0.014402702702702703, "zip_code": "11233", "block_group": "0371002", "bg_area": 401519.99273212207, "overlap_area": 67.227146372484029, "frac_in_neighborhood": 0.00016743162878401241, "pop_in_neighborhood": 0.19756932196513463, "neighborhood": "bedstuy" }, "geometry": { "type": "Polygon", "coordinates": [ [ [ 1007357.895756527781487, 187164.9082807333034 ], [ 1007317.703246253309771, 187430.830132482602494 ], [ 1007317.97600177465938, 187430.871861526509747 ], [ 1007336.943370177876204, 187305.2153714527376 ], [ 1007358.070503756636754, 187165.252096045325743 ], [ 1007358.117887699161656, 187164.942078659718391 ], [ 1007357.895756527781487, 187164.9082807333034 ] ] ] } },
{ "type": "Feature", "properties": { "GISJOIN": "G36004700371001", "Total Pop (Race/Ethnicity)": 500, "Not Hispanic or Latino": 461, "Not Hispanic or Latino: White alone": 238, "Not Hispanic or Latino: Black or African American alone": 185, "Not Hispanic or Latino: American Indian and Alaska Native alone": 0, "Not Hispanic or Latino: Asian alone": 0, "Not Hispanic or Latino: Native Hawaiian and Other Pacific Islander alone": 0, "Not Hispanic or Latino: Some other race alone": 0, "Not Hispanic or Latino: Two or more races": 38, "Not Hispanic or Latino: Two or more races: Two races including Some other race": 0, "Not Hispanic or Latino: Two or more races: Two races excluding Some other race, and three or more races": 38, "Hispanic or Latino": 39, "Total Households (Income)": 207, "Less than $10,000": 0, "$10,000 to $14,999": 18, "$15,000 to $19,999": 0, "$20,000 to $24,999": 0, "$25,000 to $29,999": 0, "$30,000 to $34,999": 0, "$35,000 to $39,999": 0, "$40,000 to $44,999": 0, "$45,000 to $49,999": 0, "$50,000 to $59,999": 0, "$60,000 to $74,999": 49, "$75,000 to $99,999": 25, "$100,000 to $124,999": 38, "$125,000 to $149,999": 17, "$150,000 to $199,999": 0, "$200,000 or more": 60, "COUNTY": "Kings County", "TRACTCE": "037100", "BLKGRPCE": "1", "Area (Sq Mi)": 0.01442934362934363, "zip_code": "11233", "block_group": "0371001", "bg_area": 402261.04665555415, "overlap_area": 67.947939286197339, "frac_in_neighborhood": 0.00016891503627091046, "pop_in_neighborhood": 0.084457518135455226, "neighborhood": "bedstuy" }, "geometry": { "type": "Polygon", "coordinates": [ [ [ 1007317.703246253309771, 187430.830132482602494 ], [ 1007276.955493418616243, 187697.844949533726322 ], [ 1007277.179812974412926, 187697.879093094932614 ], [ 1007317.952131423749961, 187431.029999674356077 ], [ 1007317.97600177465938, 187430.871861526509747 ], [ 1007317.703246253309771, 187430.830132482602494 ] ] ] } },
{ "type": "Feature", "properties": { "GISJOIN": "G36004700379001", "Total Pop (Race/Ethnicity)": 674, "Not Hispanic or Latino": 643, "Not Hispanic or Latino: White alone": 55, "Not Hispanic or Latino: Black or African American alone": 434, "Not Hispanic or Latino: American Indian and Alaska Native alone": 36, "Not Hispanic or Latino: Asian alone": 0, "Not Hispanic or Latino: Native Hawaiian and Other Pacific Islander alone": 0, "Not Hispanic or Latino: Some other race alone": 8, "Not Hispanic or Latino: Two or more races": 110, "Not Hispanic or Latino: Two or more races: Two races including Some other race": 50, "Not Hispanic or Latino: Two or more races: Two races excluding Some other race, and three or more races": 60, "Hispanic or Latino": 31, "Total Households (Income)": 303, "Less than $10,000": 18, "$10,000 to $14,999": 34, "$15,000 to $19,999": 13, "$20,000 to $24,999": 0, "$25,000 to $29,999": 0, "$30,000 to $34,999": 36, "$35,000 to $39,999": 0, "$40,000 to $44,999": 0, "$45,000 to $49,999": 0, "$50,000 to $59,999": 52, "$60,000 to $74,999": 44, "$75,000 to $99,999": 64, "$100,000 to $124,999": 0, "$125,000 to $149,999": 0, "$150,000 to $199,999": 27, "$200,000 or more": 15, "COUNTY": "Kings County", "TRACTCE": "037900", "BLKGRPCE": "1", "Area (Sq Mi)": 0.014741312741312742, "zip_code": "11233", "block_group": "0379001", "bg_area": 410969.67919271998, "overlap_area": 410969.67919271992, "frac_in_neighborhood": 0.99999999999999989, "pop_in_neighborhood": 673.99999999999989, "neighborhood": "bedstuy" }, "geometry": { "type": "Polygon", "coordinates": [ [ [ 1007172.129329275223427, 187682.443775583757088 ], [ 1006516.27250234852545, 187582.371888020919869 ], [ 1005765.564967895625159, 187469.48229378942051 ], [ 1005732.603121421881951, 187733.591883782675723 ], [ 1006475.533324489020742, 187850.116635608050274 ], [ 1007125.837419804185629, 187948.724787482497049 ], [ 1007236.486108748940751, 187965.223914872069145 ], [ 1007276.955493418616243, 187697.844949533726322 ], [ 1007172.129329275223427, 187682.443775583757088 ] ] ] } },
{ "type": "Feature", "properties": { "GISJOIN": "G36004700381004", "Total Pop (Race/Ethnicity)": 1207, "Not Hispanic or Latino": 1185, "Not Hispanic or Latino: White alone": 382, "Not Hispanic or Latino: Black or African American alone": 756, "Not Hispanic or Latino: American Indian and Alaska Native alone": 0, "Not Hispanic or Latino: Asian alone": 28, "Not Hispanic or Latino: Native Hawaiian and Other Pacific Islander alone": 0, "Not Hispanic or Latino: Some other race alone": 0, "Not Hispanic or Latino: Two or more races": 19, "Not Hispanic or Latino: Two or more races: Two races including Some other race": 0, "Not Hispanic or Latino: Two or more races: Two races excluding Some other race, and three or more races": 19, "Hispanic or Latino": 22, "Total Households (Income)": 601, "Less than $10,000": 0, "$10,000 to $14,999": 97, "$15,000 to $19,999": 0, "$20,000 to $24,999": 0, "$25,000 to $29,999": 0, "$30,000 to $34,999": 26, "$35,000 to $39,999": 0, "$40,000 to $44,999": 0, "$45,000 to $49,999": 0, "$50,000 to $59,999": 53, "$60,000 to $74,999": 257, "$75,000 to $99,999": 0, "$100,000 to $124,999": 61, "$125,000 to $149,999": 28, "$150,000 to $199,999": 41, "$200,000 or more": 38, "COUNTY": "Kings County", "TRACTCE": "038100", "BLKGRPCE": "4", "Area (Sq Mi)": 0.015903474903474903, "zip_code": "11233", "block_group": "0381004", "bg_area": 443366.0570893503, "overlap_area": 443366.05708935042, "frac_in_neighborhood": 1.0000000000000002, "pop_in_neighborhood": 1207.0000000000002, "neighborhood": "bedstuy" }, "geometry": { "type": "Polygon", "coordinates": [ [ [ 1004018.196212756447494, 187477.470148963417159 ], [ 1003979.148951676790603, 187744.856107364292257 ], [ 1003939.548105083173141, 188011.512588537618285 ], [ 1004747.650830542901531, 188134.231283010536572 ], [ 1004789.201188315753825, 187868.306453662662534 ], [ 1004833.805434471461922, 187599.83326839201618 ], [ 1004018.196212756447494, 187477.470148963417159 ] ] ] } },
{ "type": "Feature", "properties": { "GISJOIN": "G36004700297001", "Total Pop (Race/Ethnicity)": 1104, "Not Hispanic or Latino": 983, "Not Hispanic or Latino: White alone": 436, "Not Hispanic or Latino: Black or African American alone": 543, "Not Hispanic or Latino: American Indian and Alaska Native alone": 0, "Not Hispanic or Latino: Asian alone": 4, "Not Hispanic or Latino: Native Hawaiian and Other Pacific Islander alone": 0, "Not Hispanic or Latino: Some other race alone": 0, "Not Hispanic or Latino: Two or more races": 0, "Not Hispanic or Latino: Two or more races: Two races including Some other race": 0, "Not Hispanic or Latino: Two or more races: Two races excluding Some other race, and three or more races": 0, "Hispanic or Latino": 121, "Total Households (Income)": 475, "Less than $10,000": 0, "$10,000 to $14,999": 0, "$15,000 to $19,999": 34, "$20,000 to $24,999": 21, "$25,000 to $29,999": 16, "$30,000 to $34,999": 0, "$35,000 to $39,999": 0, "$40,000 to $44,999": 37, "$45,000 to $49,999": 0, "$50,000 to $59,999": 32, "$60,000 to $74,999": 0, "$75,000 to $99,999": 9, "$100,000 to $124,999": 85, "$125,000 to $149,999": 89, "$150,000 to $199,999": 52, "$200,000 or more": 100, "COUNTY": "Kings County", "TRACTCE": "029700", "BLKGRPCE": "1", "Area (Sq Mi)": 0.023854440154440156, "zip_code": "11233", "block_group": "0297001", "bg_area": 665030.8564503449, "overlap_area": 665030.85645034502, "frac_in_neighborhood": 1.0000000000000002, "pop_in_neighborhood": 1104.0000000000002, "neighborhood": "bedstuy" }, "geometry": { "type": "Polygon", "coordinates": [ [ [ 1003979.148951676790603, 187744.856107364292257 ], [ 1004018.196212756447494, 187477.470148963417159 ], [ 1003208.403852540650405, 187354.774658864218509 ], [ 1003167.701483940356411, 187621.431641819508513 ], [ 1003126.999494181596674, 187888.817613861523569 ], [ 1003086.021857108687982, 188155.47489517214126 ], [ 1003897.174441212555394, 188278.896128111227881 ], [ 1003939.548105083173141, 188011.512588537618285 ], [ 1003979.148951676790603, 187744.856107364292257 ] ] ] } },
{ "type": "Feature", "properties": { "GISJOIN": "G36004700381001", "Total Pop (Race/Ethnicity)": 1749, "Not Hispanic or Latino": 1340, "Not Hispanic or Latino: White alone": 301, "Not Hispanic or Latino: Black or African American alone": 664, "Not Hispanic or Latino: American Indian and Alaska Native alone": 0, "Not Hispanic or Latino: Asian alone": 8, "Not Hispanic or Latino: Native Hawaiian and Other Pacific Islander alone": 0, "Not Hispanic or Latino: Some other race alone": 0, "Not Hispanic or Latino: Two or more races": 367, "Not Hispanic or Latino: Two or more races: Two races including Some other race": 21, "Not Hispanic or Latino: Two or more races: Two races excluding Some other race, and three or more races": 346, "Hispanic or Latino": 409, "Total Households (Income)": 699, "Less than $10,000": 0, "$10,000 to $14,999": 29, "$15,000 to $19,999": 0, "$20,000 to $24,999": 0, "$25,000 to $29,999": 0, "$30,000 to $34,999": 53, "$35,000 to $39,999": 60, "$40,000 to $44,999": 127, "$45,000 to $49,999": 0, "$50,000 to $59,999": 38, "$60,000 to $74,999": 58, "$75,000 to $99,999": 87, "$100,000 to $124,999": 59, "$125,000 to $149,999": 53, "$150,000 to $199,999": 52, "$200,000 or more": 83, "COUNTY": "Kings County", "TRACTCE": "038100", "BLKGRPCE": "1", "Area (Sq Mi)": 0.017840540540540541, "zip_code": "11233", "block_group": "0381001", "bg_area": 497364.79651034309, "overlap_area": 497364.79651034303, "frac_in_neighborhood": 0.99999999999999989, "pop_in_neighborhood": 1748.9999999999998, "neighborhood": "bedstuy" }, "geometry": { "type": "Polygon", "coordinates": [ [ [ 1005732.603121421881951, 187733.591883782675723 ], [ 1004833.805434471461922, 187599.83326839201618 ], [ 1004789.201188315753825, 187868.306453662662534 ], [ 1004747.650830542901531, 188134.231283010536572 ], [ 1005657.519716907991096, 188272.36829550305265 ], [ 1005697.693505802773871, 188005.350204329064582 ], [ 1005732.603121421881951, 187733.591883782675723 ] ] ] } },
{ "type": "Feature", "properties": { "GISJOIN": "G36004700383004", "Total Pop (Race/Ethnicity)": 1217, "Not Hispanic or Latino": 1042, "Not Hispanic or Latino: White alone": 145, "Not Hispanic or Latino: Black or African American alone": 780, "Not Hispanic or Latino: American Indian and Alaska Native alone": 0, "Not Hispanic or Latino: Asian alone": 14, "Not Hispanic or Latino: Native Hawaiian and Other Pacific Islander alone": 0, "Not Hispanic or Latino: Some other race alone": 0, "Not Hispanic or Latino: Two or more races": 103, "Not Hispanic or Latino: Two or more races: Two races including Some other race": 61, "Not Hispanic or Latino: Two or more races: Two races excluding Some other race, and three or more races": 42, "Hispanic or Latino": 175, "Total Households (Income)": 596, "Less than $10,000": 119, "$10,000 to $14,999": 0, "$15,000 to $19,999": 0, "$20,000 to $24,999": 0, "$25,000 to $29,999": 50, "$30,000 to $34,999": 42, "$35,000 to $39,999": 0, "$40,000 to $44,999": 11, "$45,000 to $49,999": 60, "$50,000 to $59,999": 0, "$60,000 to $74,999": 156, "$75,000 to $99,999": 16, "$100,000 to $124,999": 0, "$125,000 to $149,999": 15, "$150,000 to $199,999": 113, "$200,000 or more": 14, "COUNTY": "Kings County", "TRACTCE": "038300", "BLKGRPCE": "4", "Area (Sq Mi)": 0.016851737451737452, "zip_code": "11233", "block_group": "0383004", "bg_area": 469795.78955902503, "overlap_area": 469795.78955902503, "frac_in_neighborhood": 1.0, "pop_in_neighborhood": 1217.0, "neighborhood": "bedstuy" }, "geometry": { "type": "Polygon", "coordinates": [ [ [ 1004747.650830542901531, 188134.231283010536572 ], [ 1003939.548105083173141, 188011.512588537618285 ], [ 1003897.174441212555394, 188278.896128111227881 ], [ 1004707.210095662041567, 188401.25076694827294 ], [ 1005617.06901183212176, 188539.385545232595177 ], [ 1005657.519716907991096, 188272.36829550305265 ], [ 1004747.650830542901531, 188134.231283010536572 ] ] ] } },
{ "type": "Feature", "properties": { "GISJOIN": "G36004700295003", "Total Pop (Race/Ethnicity)": 689, "Not Hispanic or Latino": 633, "Not Hispanic or Latino: White alone": 218, "Not Hispanic or Latino: Black or African American alone": 388, "Not Hispanic or Latino: American Indian and Alaska Native alone": 0, "Not Hispanic or Latino: Asian alone": 6, "Not Hispanic or Latino: Native Hawaiian and Other Pacific Islander alone": 0, "Not Hispanic or Latino: Some other race alone": 0, "Not Hispanic or Latino: Two or more races": 21, "Not Hispanic or Latino: Two or more races: Two races including Some other race": 0, "Not Hispanic or Latino: Two or more races: Two races excluding Some other race, and three or more races": 21, "Hispanic or Latino": 56, "Total Households (Income)": 387, "Less than $10,000": 0, "$10,000 to $14,999": 0, "$15,000 to $19,999": 0, "$20,000 to $24,999": 18, "$25,000 to $29,999": 0, "$30,000 to $34,999": 67, "$35,000 to $39,999": 0, "$40,000 to $44,999": 0, "$45,000 to $49,999": 0, "$50,000 to $59,999": 29, "$60,000 to $74,999": 0, "$75,000 to $99,999": 76, "$100,000 to $124,999": 12, "$125,000 to $149,999": 38, "$150,000 to $199,999": 42, "$200,000 or more": 105, "COUNTY": "Kings County", "TRACTCE": "029500", "BLKGRPCE": "3", "Area (Sq Mi)": 0.015871428571428571, "zip_code": "11233", "block_group": "0295003", "bg_area": 442464.58071827277, "overlap_area": 442464.58071827271, "frac_in_neighborhood": 0.99999999999999989, "pop_in_neighborhood": 688.99999999999989, "neighborhood": "bedstuy" }, "geometry": { "type": "Polygon", "coordinates": [ [ [ 1002275.692994346143678, 188032.445475312764756 ], [ 1002234.724331387435086, 188299.468327503331238 ], [ 1002194.311975067481399, 188566.127210925682448 ], [ 1002273.624069679179229, 188577.84427933828556 ], [ 1002881.21941558085382, 188670.113813359552296 ], [ 1003004.623495516134426, 188689.153942319157068 ], [ 1003045.876476448494941, 188422.496679000818403 ], [ 1003086.021857108687982, 188155.47489517214126 ], [ 1002275.692994346143678, 188032.445475312764756 ] ] ] } },
{ "type": "Feature", "properties": { "GISJOIN": "G36004700295002", "Total Pop (Race/Ethnicity)": 605, "Not Hispanic or Latino": 471, "Not Hispanic or Latino: White alone": 276, "Not Hispanic or Latino: Black or African American alone": 124, "Not Hispanic or Latino: American Indian and Alaska Native alone": 0, "Not Hispanic or Latino: Asian alone": 28, "Not Hispanic or Latino: Native Hawaiian and Other Pacific Islander alone": 0, "Not Hispanic or Latino: Some other race alone": 35, "Not Hispanic or Latino: Two or more races": 8, "Not Hispanic or Latino: Two or more races: Two races including Some other race": 0, "Not Hispanic or Latino: Two or more races: Two races excluding Some other race, and three or more races": 8, "Hispanic or Latino": 134, "Total Households (Income)": 352, "Less than $10,000": 0, "$10,000 to $14,999": 0, "$15,000 to $19,999": 0, "$20,000 to $24,999": 28, "$25,000 to $29,999": 36, "$30,000 to $34,999": 0, "$35,000 to $39,999": 25, "$40,000 to $44,999": 0, "$45,000 to $49,999": 16, "$50,000 to $59,999": 9, "$60,000 to $74,999": 0, "$75,000 to $99,999": 67, "$100,000 to $124,999": 45, "$125,000 to $149,999": 0, "$150,000 to $199,999": 23, "$200,000 or more": 103, "COUNTY": "Kings County", "TRACTCE": "029500", "BLKGRPCE": "2", "Area (Sq Mi)": 0.015880694980694981, "zip_code": "11233", "block_group": "0295002", "bg_area": 442725.46106064139, "overlap_area": 442725.46106064133, "frac_in_neighborhood": 0.99999999999999989, "pop_in_neighborhood": 604.99999999999989, "neighborhood": "bedstuy" }, "geometry": { "type": "Polygon", "coordinates": [ [ [ 1003897.174441212555394, 188278.896128111227881 ], [ 1003086.021857108687982, 188155.47489517214126 ], [ 1003045.876476448494941, 188422.496679000818403 ], [ 1003004.623495516134426, 188689.153942319157068 ], [ 1003022.648953735595569, 188691.717801952065201 ], [ 1003816.035441274289042, 188812.936835820873966 ], [ 1003855.911653738119639, 188545.551624877989525 ], [ 1003897.174441212555394, 188278.896128111227881 ] ] ] } },
{ "type": "Feature", "properties": { "GISJOIN": "G36004700383003", "Total Pop (Race/Ethnicity)": 1346, "Not Hispanic or Latino": 1115, "Not Hispanic or Latino: White alone": 132, "Not Hispanic or Latino: Black or African American alone": 825, "Not Hispanic or Latino: American Indian and Alaska Native alone": 0, "Not Hispanic or Latino: Asian alone": 14, "Not Hispanic or Latino: Native Hawaiian and Other Pacific Islander alone": 0, "Not Hispanic or Latino: Some other race alone": 0, "Not Hispanic or Latino: Two or more races": 144, "Not Hispanic or Latino: Two or more races: Two races including Some other race": 144, "Not Hispanic or Latino: Two or more races: Two races excluding Some other race, and three or more races": 0, "Hispanic or Latino": 231, "Total Households (Income)": 529, "Less than $10,000": 0, "$10,000 to $14,999": 21, "$15,000 to $19,999": 0, "$20,000 to $24,999": 0, "$25,000 to $29,999": 0, "$30,000 to $34,999": 58, "$35,000 to $39,999": 0, "$40,000 to $44,999": 0, "$45,000 to $49,999": 0, "$50,000 to $59,999": 0, "$60,000 to $74,999": 72, "$75,000 to $99,999": 85, "$100,000 to $124,999": 0, "$125,000 to $149,999": 61, "$150,000 to $199,999": 136, "$200,000 or more": 96, "COUNTY": "Kings County", "TRACTCE": "038300", "BLKGRPCE": "3", "Area (Sq Mi)": 0.016833204633204632, "zip_code": "11233", "block_group": "0383003", "bg_area": 469275.53920215502, "overlap_area": 469275.53920215502, "frac_in_neighborhood": 1.0, "pop_in_neighborhood": 1346.0, "neighborhood": "bedstuy" }, "geometry": { "type": "Polygon", "coordinates": [ [ [ 1004707.210095662041567, 188401.25076694827294 ], [ 1003897.174441212555394, 188278.896128111227881 ], [ 1003855.911653738119639, 188545.551624877989525 ], [ 1004667.048129871371202, 188667.905743163224543 ], [ 1005576.619273096323013, 188806.039475472120102 ], [ 1005617.06901183212176, 188539.385545232595177 ], [ 1004707.210095662041567, 188401.25076694827294 ] ] ] } },
{ "type": "Feature", "properties": { "GISJOIN": "G36004700383002", "Total Pop (Race/Ethnicity)": 1128, "Not Hispanic or Latino": 674, "Not Hispanic or Latino: White alone": 194, "Not Hispanic or Latino: Black or African American alone": 480, "Not Hispanic or Latino: American Indian and Alaska Native alone": 0, "Not Hispanic or Latino: Asian alone": 0, "Not Hispanic or Latino: Native Hawaiian and Other Pacific Islander alone": 0, "Not Hispanic or Latino: Some other race alone": 0, "Not Hispanic or Latino: Two or more races": 0, "Not Hispanic or Latino: Two or more races: Two races including Some other race": 0, "Not Hispanic or Latino: Two or more races: Two races excluding Some other race, and three or more races": 0, "Hispanic or Latino": 454, "Total Households (Income)": 407, "Less than $10,000": 75, "$10,000 to $14,999": 0, "$15,000 to $19,999": 39, "$20,000 to $24,999": 0, "$25,000 to $29,999": 0, "$30,000 to $34,999": 67, "$35,000 to $39,999": 0, "$40,000 to $44,999": 16, "$45,000 to $49,999": 0, "$50,000 to $59,999": 0, "$60,000 to $74,999": 0, "$75,000 to $99,999": 18, "$100,000 to $124,999": 47, "$125,000 to $149,999": 54, "$150,000 to $199,999": 50, "$200,000 or more": 41, "COUNTY": "Kings County", "TRACTCE": "038300", "BLKGRPCE": "2", "Area (Sq Mi)": 0.016851351351351351, "zip_code": "11233", "block_group": "0383002", "bg_area": 469787.46913961676, "overlap_area": 469787.4691396167, "frac_in_neighborhood": 0.99999999999999989, "pop_in_neighborhood": 1127.9999999999998, "neighborhood": "bedstuy" }, "geometry": { "type": "Polygon", "coordinates": [ [ [ 1004667.048129871371202, 188667.905743163224543 ], [ 1003855.911653738119639, 188545.551624877989525 ], [ 1003816.035441274289042, 188812.936835820873966 ], [ 1003913.094133908627555, 188827.22408305836143 ], [ 1004487.955230939318426, 188914.042264481133316 ], [ 1004626.608678523916751, 188935.289241012302227 ], [ 1005468.786081740632653, 189062.432654005970107 ], [ 1005535.338981639710255, 189072.691809082112741 ], [ 1005576.619273096323013, 188806.039475472120102 ], [ 1004667.048129871371202, 188667.905743163224543 ] ] ] } },
{ "type": "Feature", "properties": { "GISJOIN": "G36004700295004", "Total Pop (Race/Ethnicity)": 1248, "Not Hispanic or Latino": 1164, "Not Hispanic or Latino: White alone": 125, "Not Hispanic or Latino: Black or African American alone": 857, "Not Hispanic or Latino: American Indian and Alaska Native alone": 0, "Not Hispanic or Latino: Asian alone": 0, "Not Hispanic or Latino: Native Hawaiian and Other Pacific Islander alone": 0, "Not Hispanic or Latino: Some other race alone": 162, "Not Hispanic or Latino: Two or more races": 20, "Not Hispanic or Latino: Two or more races: Two races including Some other race": 0, "Not Hispanic or Latino: Two or more races: Two races excluding Some other race, and three or more races": 20, "Hispanic or Latino": 84, "Total Households (Income)": 484, "Less than $10,000": 50, "$10,000 to $14,999": 62, "$15,000 to $19,999": 0, "$20,000 to $24,999": 0, "$25,000 to $29,999": 0, "$30,000 to $34,999": 0, "$35,000 to $39,999": 57, "$40,000 to $44,999": 0, "$45,000 to $49,999": 0, "$50,000 to $59,999": 0, "$60,000 to $74,999": 0, "$75,000 to $99,999": 89, "$100,000 to $124,999": 22, "$125,000 to $149,999": 0, "$150,000 to $199,999": 81, "$200,000 or more": 123, "COUNTY": "Kings County", "TRACTCE": "029500", "BLKGRPCE": "4", "Area (Sq Mi)": 0.015891505791505792, "zip_code": "11221", "block_group": "0295004", "bg_area": 443026.17598018073, "overlap_area": 443026.17598018073, "frac_in_neighborhood": 1.0, "pop_in_neighborhood": 1248.0, "neighborhood": "bedstuy" }, "geometry": { "type": "Polygon", "coordinates": [ [ [ 1002881.21941558085382, 188670.113813359552296 ], [ 1002273.624069679179229, 188577.84427933828556 ], [ 1002194.311975067481399, 188566.127210925682448 ], [ 1002154.17674193601124, 188833.515142540301895 ], [ 1002113.488794810022227, 189100.174400362710003 ], [ 1002923.505150232464075, 189223.56258451830945 ], [ 1002964.479911084286869, 188956.176008792768698 ], [ 1003004.623495516134426, 188689.153942319157068 ], [ 1002881.21941558085382, 188670.113813359552296 ] ] ] } },
{ "type": "Feature", "properties": { "GISJOIN": "G36004700295001", "Total Pop (Race/Ethnicity)": 1501, "Not Hispanic or Latino": 1375, "Not Hispanic or Latino: White alone": 275, "Not Hispanic or Latino: Black or African American alone": 1053, "Not Hispanic or Latino: American Indian and Alaska Native alone": 0, "Not Hispanic or Latino: Asian alone": 17, "Not Hispanic or Latino: Native Hawaiian and Other Pacific Islander alone": 0, "Not Hispanic or Latino: Some other race alone": 0, "Not Hispanic or Latino: Two or more races": 30, "Not Hispanic or Latino: Two or more races: Two races including Some other race": 0, "Not Hispanic or Latino: Two or more races: Two races excluding Some other race, and three or more races": 30, "Hispanic or Latino": 126, "Total Households (Income)": 663, "Less than $10,000": 26, "$10,000 to $14,999": 157, "$15,000 to $19,999": 0, "$20,000 to $24,999": 0, "$25,000 to $29,999": 0, "$30,000 to $34,999": 0, "$35,000 to $39,999": 14, "$40,000 to $44,999": 27, "$45,000 to $49,999": 10, "$50,000 to $59,999": 20, "$60,000 to $74,999": 75, "$75,000 to $99,999": 66, "$100,000 to $124,999": 20, "$125,000 to $149,999": 20, "$150,000 to $199,999": 43, "$200,000 or more": 185, "COUNTY": "Kings County", "TRACTCE": "029500", "BLKGRPCE": "1", "Area (Sq Mi)": 0.015903088803088803, "zip_code": "11221", "block_group": "0295001", "bg_area": 443340.25820525031, "overlap_area": 443340.2582052502, "frac_in_neighborhood": 0.99999999999999978, "pop_in_neighborhood": 1500.9999999999998, "neighborhood": "bedstuy" }, "geometry": { "type": "Polygon", "coordinates": [ [ [ 1003796.512867929763161, 188947.723180396744283 ], [ 1003816.035441274289042, 188812.936835820873966 ], [ 1003022.648953735595569, 188691.717801952065201 ], [ 1003004.623495516134426, 188689.153942319157068 ], [ 1002964.479911084286869, 188956.176008792768698 ], [ 1002923.505150232464075, 189223.56258451830945 ], [ 1003732.959596305154264, 189345.88359772489639 ], [ 1003777.270327828475274, 189079.594952001585625 ], [ 1003796.512867929763161, 188947.723180396744283 ] ] ] } },
{ "type": "Feature", "properties": { "GISJOIN": "G36004700377003", "Total Pop (Race/Ethnicity)": 1236, "Not Hispanic or Latino": 1095, "Not Hispanic or Latino: White alone": 192, "Not Hispanic or Latino: Black or African American alone": 831, "Not Hispanic or Latino: American Indian and Alaska Native alone": 0, "Not Hispanic or Latino: Asian alone": 13, "Not Hispanic or Latino: Native Hawaiian and Other Pacific Islander alone": 0, "Not Hispanic or Latino: Some other race alone": 0, "Not Hispanic or Latino: Two or more races": 59, "Not Hispanic or Latino: Two or more races: Two races including Some other race": 0, "Not Hispanic or Latino: Two or more races: Two races excluding Some other race, and three or more races": 59, "Hispanic or Latino": 141, "Total Households (Income)": 590, "Less than $10,000": 22, "$10,000 to $14,999": 0, "$15,000 to $19,999": 158, "$20,000 to $24,999": 72, "$25,000 to $29,999": 0, "$30,000 to $34,999": 57, "$35,000 to $39,999": 0, "$40,000 to $44,999": 20, "$45,000 to $49,999": 0, "$50,000 to $59,999": 36, "$60,000 to $74,999": 0, "$75,000 to $99,999": 20, "$100,000 to $124,999": 21, "$125,000 to $149,999": 13, "$150,000 to $199,999": 67, "$200,000 or more": 104, "COUNTY": "Kings County", "TRACTCE": "037700", "BLKGRPCE": "3", "Area (Sq Mi)": 0.01476023166023166, "zip_code": "11233", "block_group": "0377003", "bg_area": 411497.69037161523, "overlap_area": 411496.7018587499, "frac_in_neighborhood": 0.99999759776813224, "pop_in_neighborhood": 1235.9970308414115, "neighborhood": "bedstuy" }, "geometry": { "type": "Polygon", "coordinates": [ [ [ 1007125.837419804185629, 187948.724787482497049 ], [ 1006475.533324489020742, 187850.116635608050274 ], [ 1005732.603121421881951, 187733.591883782675723 ], [ 1005697.693505802773871, 188005.350204329064582 ], [ 1006435.073396882391535, 188116.768542194535257 ], [ 1007090.361608817474917, 188216.837505824805703 ], [ 1007196.249933529645205, 188232.961257527465932 ], [ 1007202.884950070991181, 188189.061390547605697 ], [ 1007236.486108748940751, 187965.223914872069145 ], [ 1007125.837419804185629, 187948.724787482497049 ] ] ] } },
{ "type": "Feature", "properties": { "GISJOIN": "G36004700373003", "Total Pop (Race/Ethnicity)": 724, "Not Hispanic or Latino": 724, "Not Hispanic or Latino: White alone": 144, "Not Hispanic or Latino: Black or African American alone": 539, "Not Hispanic or Latino: American Indian and Alaska Native alone": 0, "Not Hispanic or Latino: Asian alone": 29, "Not Hispanic or Latino: Native Hawaiian and Other Pacific Islander alone": 0, "Not Hispanic or Latino: Some other race alone": 0, "Not Hispanic or Latino: Two or more races": 12, "Not Hispanic or Latino: Two or more races: Two races including Some other race": 0, "Not Hispanic or Latino: Two or more races: Two races excluding Some other race, and three or more races": 12, "Hispanic or Latino": 0, "Total Households (Income)": 324, "Less than $10,000": 0, "$10,000 to $14,999": 0, "$15,000 to $19,999": 0, "$20,000 to $24,999": 0, "$25,000 to $29,999": 0, "$30,000 to $34,999": 0, "$35,000 to $39,999": 0, "$40,000 to $44,999": 42, "$45,000 to $49,999": 0, "$50,000 to $59,999": 70, "$60,000 to $74,999": 119, "$75,000 to $99,999": 12, "$100,000 to $124,999": 47, "$125,000 to $149,999": 11, "$150,000 to $199,999": 0, "$200,000 or more": 23, "COUNTY": "Kings County", "TRACTCE": "037300", "BLKGRPCE": "3", "Area (Sq Mi)": 0.014447876447876448, "zip_code": "11233", "block_group": "0373003", "bg_area": 402781.47042863967, "overlap_area": 87.031803847761736, "frac_in_neighborhood": 0.00021607698029192497, "pop_in_neighborhood": 0.15643973373135367, "neighborhood": "bedstuy" }, "geometry": { "type": "Polygon", "coordinates": [ [ [ 1007276.955493418616243, 187697.844949533726322 ], [ 1007236.486108748940751, 187965.223914872069145 ], [ 1007202.884950070991181, 188189.061390547605697 ], [ 1007236.658372501260601, 187965.603205794817768 ], [ 1007277.144546629977413, 187698.109906362515176 ], [ 1007277.179812974412926, 187697.879093094932614 ], [ 1007276.955493418616243, 187697.844949533726322 ] ] ] } },
{ "type": "Feature", "properties": { "GISJOIN": "G36004700377004", "Total Pop (Race/Ethnicity)": 1583, "Not Hispanic or Latino": 1330, "Not Hispanic or Latino: White alone": 560, "Not Hispanic or Latino: Black or African American alone": 701, "Not Hispanic or Latino: American Indian and Alaska Native alone": 0, "Not Hispanic or Latino: Asian alone": 18, "Not Hispanic or Latino: Native Hawaiian and Other Pacific Islander alone": 0, "Not Hispanic or Latino: Some other race alone": 0, "Not Hispanic or Latino: Two or more races": 51, "Not Hispanic or Latino: Two or more races: Two races including Some other race": 0, "Not Hispanic or Latino: Two or more races: Two races excluding Some other race, and three or more races": 51, "Hispanic or Latino": 253, "Total Households (Income)": 585, "Less than $10,000": 70, "$10,000 to $14,999": 0, "$15,000 to $19,999": 19, "$20,000 to $24,999": 0, "$25,000 to $29,999": 0, "$30,000 to $34,999": 54, "$35,000 to $39,999": 31, "$40,000 to $44,999": 0, "$45,000 to $49,999": 17, "$50,000 to $59,999": 15, "$60,000 to $74,999": 60, "$75,000 to $99,999": 76, "$100,000 to $124,999": 0, "$125,000 to $149,999": 66, "$150,000 to $199,999": 27, "$200,000 or more": 150, "COUNTY": "Kings County", "TRACTCE": "037700", "BLKGRPCE": "4", "Area (Sq Mi)": 0.02165135135135135, "zip_code": "11233", "block_group": "0377004", "bg_area": 603605.38040347572, "overlap_area": 603605.3804034756, "frac_in_neighborhood": 0.99999999999999978, "pop_in_neighborhood": 1582.9999999999995, "neighborhood": "bedstuy" }, "geometry": { "type": "Polygon", "coordinates": [ [ [ 1005697.693505802773871, 188005.350204329064582 ], [ 1005657.519716907991096, 188272.36829550305265 ], [ 1005617.06901183212176, 188539.385545232595177 ], [ 1005576.619273096323013, 188806.039475472120102 ], [ 1006313.420376703725196, 188917.81765515380539 ], [ 1006353.323929454549216, 188650.43618439763668 ], [ 1006394.613805971690454, 188383.784832689678296 ], [ 1006435.073396882391535, 188116.768542194535257 ], [ 1005697.693505802773871, 188005.350204329064582 ] ] ] } },
{ "type": "Feature", "properties": { "GISJOIN": "G36004700373004", "Total Pop (Race/Ethnicity)": 1403, "Not Hispanic or Latino": 1074, "Not Hispanic or Latino: White alone": 116, "Not Hispanic or Latino: Black or African American alone": 868, "Not Hispanic or Latino: American Indian and Alaska Native alone": 0, "Not Hispanic or Latino: Asian alone": 19, "Not Hispanic or Latino: Native Hawaiian and Other Pacific Islander alone": 0, "Not Hispanic or Latino: Some other race alone": 0, "Not Hispanic or Latino: Two or more races": 71, "Not Hispanic or Latino: Two or more races: Two races including Some other race": 15, "Not Hispanic or Latino: Two or more races: Two races excluding Some other race, and three or more races": 56, "Hispanic or Latino": 329, "Total Households (Income)": 386, "Less than $10,000": 18, "$10,000 to $14,999": 0, "$15,000 to $19,999": 37, "$20,000 to $24,999": 0, "$25,000 to $29,999": 0, "$30,000 to $34,999": 0, "$35,000 to $39,999": 0, "$40,000 to $44,999": 0, "$45,000 to $49,999": 0, "$50,000 to $59,999": 30, "$60,000 to $74,999": 46, "$75,000 to $99,999": 75, "$100,000 to $124,999": 0, "$125,000 to $149,999": 58, "$150,000 to $199,999": 45, "$200,000 or more": 77, "COUNTY": "Kings County", "TRACTCE": "037300", "BLKGRPCE": "4", "Area (Sq Mi)": 0.014422779922779922, "zip_code": "11233", "block_group": "0373004", "bg_area": 402088.62401805213, "overlap_area": 29.78380887642215, "frac_in_neighborhood": 7.4072746895433134e-05, "pop_in_neighborhood": 0.10392406389429269, "neighborhood": "bedstuy" }, "geometry": { "type": "Polygon", "coordinates": [ [ [ 1007155.272529658745043, 188499.253657175344415 ], [ 1007114.80575751978904, 188766.268953321647132 ], [ 1007114.946933576953597, 188766.29049272154225 ], [ 1007155.289175200974569, 188499.480792095593642 ], [ 1007177.336292925756425, 188356.029367042297963 ], [ 1007155.272529658745043, 188499.253657175344415 ] ] ] } },
{ "type": "Feature", "properties": { "GISJOIN": "G36004700377002", "Total Pop (Race/Ethnicity)": 1212, "Not Hispanic or Latino": 1130, "Not Hispanic or Latino: White alone": 182, "Not Hispanic or Latino: Black or African American alone": 883, "Not Hispanic or Latino: American Indian and Alaska Native alone": 0, "Not Hispanic or Latino: Asian alone": 10, "Not Hispanic or Latino: Native Hawaiian and Other Pacific Islander alone": 0, "Not Hispanic or Latino: Some other race alone": 9, "Not Hispanic or Latino: Two or more races": 46, "Not Hispanic or Latino: Two or more races: Two races including Some other race": 20, "Not Hispanic or Latino: Two or more races: Two races excluding Some other race, and three or more races": 26, "Hispanic or Latino": 82, "Total Households (Income)": 454, "Less than $10,000": 0, "$10,000 to $14,999": 0, "$15,000 to $19,999": 0, "$20,000 to $24,999": 0, "$25,000 to $29,999": 73, "$30,000 to $34,999": 0, "$35,000 to $39,999": 0, "$40,000 to $44,999": 0, "$45,000 to $49,999": 27, "$50,000 to $59,999": 29, "$60,000 to $74,999": 146, "$75,000 to $99,999": 33, "$100,000 to $124,999": 65, "$125,000 to $149,999": 42, "$150,000 to $199,999": 18, "$200,000 or more": 21, "COUNTY": "Kings County", "TRACTCE": "037700", "BLKGRPCE": "2", "Area (Sq Mi)": 0.022370270270270269, "zip_code": "11233", "block_group": "0377002", "bg_area": 623648.89533232281, "overlap_area": 623646.1694904241, "frac_in_neighborhood": 0.99999562920431817, "pop_in_neighborhood": 1211.9947025956337, "neighborhood": "bedstuy" }, "geometry": { "type": "Polygon", "coordinates": [ [ [ 1007155.272529658745043, 188499.253657175344415 ], [ 1007177.336292925756425, 188356.029367042297963 ], [ 1007196.2051570371259, 188233.2575163312722 ], [ 1007196.249933529645205, 188232.961257527465932 ], [ 1007090.361608817474917, 188216.837505824805703 ], [ 1006435.073396882391535, 188116.768542194535257 ], [ 1006394.613805971690454, 188383.784832689678296 ], [ 1006353.323929454549216, 188650.43618439763668 ], [ 1006313.420376703725196, 188917.81765515380539 ], [ 1006973.124599435017444, 189018.251879937772173 ], [ 1007074.8946100625908, 189033.284729997511022 ], [ 1007114.80575751978904, 188766.268953321647132 ], [ 1007155.272529658745043, 188499.253657175344415 ] ] ] } },
{ "type": "Feature", "properties": { "GISJOIN": "G36004700373001", "Total Pop (Race/Ethnicity)": 1642, "Not Hispanic or Latino": 1187, "Not Hispanic or Latino: White alone": 69, "Not Hispanic or Latino: Black or African American alone": 865, "Not Hispanic or Latino: American Indian and Alaska Native alone": 0, "Not Hispanic or Latino: Asian alone": 141, "Not Hispanic or Latino: Native Hawaiian and Other Pacific Islander alone": 0, "Not Hispanic or Latino: Some other race alone": 112, "Not Hispanic or Latino: Two or more races": 0, "Not Hispanic or Latino: Two or more races: Two races including Some other race": 0, "Not Hispanic or Latino: Two or more races: Two races excluding Some other race, and three or more races": 0, "Hispanic or Latino": 455, "Total Households (Income)": 702, "Less than $10,000": 72, "$10,000 to $14,999": 34, "$15,000 to $19,999": 54, "$20,000 to $24,999": 75, "$25,000 to $29,999": 43, "$30,000 to $34,999": 19, "$35,000 to $39,999": 0, "$40,000 to $44,999": 39, "$45,000 to $49,999": 0, "$50,000 to $59,999": 18, "$60,000 to $74,999": 83, "$75,000 to $99,999": 70, "$100,000 to $124,999": 130, "$125,000 to $149,999": 0, "$150,000 to $199,999": 60, "$200,000 or more": 5, "COUNTY": "Kings County", "TRACTCE": "037300", "BLKGRPCE": "1", "Area (Sq Mi)": 0.022337451737451736, "zip_code": "11233", "block_group": "0373001", "bg_area": 622720.69878749107, "overlap_area": 65.177862180665514, "frac_in_neighborhood": 0.00010466628507382895, "pop_in_neighborhood": 0.17186204009122713, "neighborhood": "bedstuy" }, "geometry": { "type": "MultiPolygon", "coordinates": [ [ [ [ 1007114.80575751978904, 188766.268953321647132 ], [ 1007074.8946100625908, 189033.284729997511022 ], [ 1007033.32035161589738, 189300.298923577618552 ], [ 1007021.598605907405727, 189378.983056646538898 ], [ 1007018.047468828503042, 189402.293727368843975 ], [ 1007021.596475559053943, 189379.251054790074704 ], [ 1007033.493252209154889, 189300.570304373803083 ], [ 1007037.417318325839005, 189275.253484720276901 ], [ 1007051.659888147260062, 189183.362078076577745 ], [ 1007056.903613832313567, 189149.531021354865516 ], [ 1007074.868220566189848, 189033.624799428682309 ], [ 1007085.123007082962431, 188965.223120731214294 ], [ 1007087.34581744694151, 188950.396249637851724 ], [ 1007089.752041104249656, 188934.34562137312605 ], [ 1007092.638069038861431, 188915.094974878884386 ], [ 1007095.741568366531283, 188894.393947254895465 ], [ 1007114.908043405157514, 188766.547698932205094 ], [ 1007114.946933576953597, 188766.29049272154225 ], [ 1007114.80575751978904, 188766.268953321647132 ] ] ], [ [ [ 1006978.628283625817858, 189657.290409664972685 ], [ 1006978.654229621984996, 189657.270959427638445 ], [ 1006979.053121597738937, 189654.539372740546241 ], [ 1006978.628283625817858, 189657.290409664972685 ] ] ] ] } },
{ "type": "Feature", "properties": { "GISJOIN": "G36004700377001", "Total Pop (Race/Ethnicity)": 1059, "Not Hispanic or Latino": 968, "Not Hispanic or Latino: White alone": 91, "Not Hispanic or Latino: Black or African American alone": 851, "Not Hispanic or Latino: American Indian and Alaska Native alone": 0, "Not Hispanic or Latino: Asian alone": 26, "Not Hispanic or Latino: Native Hawaiian and Other Pacific Islander alone": 0, "Not Hispanic or Latino: Some other race alone": 0, "Not Hispanic or Latino: Two or more races": 0, "Not Hispanic or Latino: Two or more races: Two races including Some other race": 0, "Not Hispanic or Latino: Two or more races: Two races excluding Some other race, and three or more races": 0, "Hispanic or Latino": 91, "Total Households (Income)": 283, "Less than $10,000": 0, "$10,000 to $14,999": 0, "$15,000 to $19,999": 0, "$20,000 to $24,999": 0, "$25,000 to $29,999": 27, "$30,000 to $34,999": 0, "$35,000 to $39,999": 0, "$40,000 to $44,999": 0, "$45,000 to $49,999": 0, "$50,000 to $59,999": 0, "$60,000 to $74,999": 31, "$75,000 to $99,999": 108, "$100,000 to $124,999": 9, "$125,000 to $149,999": 33, "$150,000 to $199,999": 12, "$200,000 or more": 63, "COUNTY": "Kings County", "TRACTCE": "037700", "BLKGRPCE": "1", "Area (Sq Mi)": 0.014655212355212355, "zip_code": "11233", "block_group": "0377001", "bg_area": 408562.48639917624, "overlap_area": 408562.48639917618, "frac_in_neighborhood": 0.99999999999999989, "pop_in_neighborhood": 1058.9999999999998, "neighborhood": "bedstuy" }, "geometry": { "type": "Polygon", "coordinates": [ [ [ 1006973.124599435017444, 189018.251879937772173 ], [ 1006313.420376703725196, 188917.81765515380539 ], [ 1005576.619273096323013, 188806.039475472120102 ], [ 1005535.338981639710255, 189072.691809082112741 ], [ 1005578.875920505146496, 189078.923823581077158 ], [ 1005635.446056555490941, 189087.353014166117646 ], [ 1006181.454772896249779, 189170.542490279593039 ], [ 1006229.427904192707501, 189177.872529879503418 ], [ 1006272.132221764652058, 189184.468973180017201 ], [ 1006299.862436365452595, 189188.502027468231972 ], [ 1006932.383879899512976, 189284.902572788501857 ], [ 1007033.32035161589738, 189300.298923577618552 ], [ 1007074.8946100625908, 189033.284729997511022 ], [ 1006973.124599435017444, 189018.251879937772173 ] ] ] } },
{ "type": "Feature", "properties": { "GISJOIN": "G36004700375001", "Total Pop (Race/Ethnicity)": 767, "Not Hispanic or Latino": 629, "Not Hispanic or Latino: White alone": 262, "Not Hispanic or Latino: Black or African American alone": 349, "Not Hispanic or Latino: American Indian and Alaska Native alone": 0, "Not Hispanic or Latino: Asian alone": 0, "Not Hispanic or Latino: Native Hawaiian and Other Pacific Islander alone": 0, "Not Hispanic or Latino: Some other race alone": 4, "Not Hispanic or Latino: Two or more races": 14, "Not Hispanic or Latino: Two or more races: Two races including Some other race": 14, "Not Hispanic or Latino: Two or more races: Two races excluding Some other race, and three or more races": 0, "Hispanic or Latino": 138, "Total Households (Income)": 330, "Less than $10,000": 70, "$10,000 to $14,999": 20, "$15,000 to $19,999": 0, "$20,000 to $24,999": 0, "$25,000 to $29,999": 0, "$30,000 to $34,999": 0, "$35,000 to $39,999": 0, "$40,000 to $44,999": 0, "$45,000 to $49,999": 14, "$50,000 to $59,999": 0, "$60,000 to $74,999": 34, "$75,000 to $99,999": 14, "$100,000 to $124,999": 49, "$125,000 to $149,999": 0, "$150,000 to $199,999": 45, "$200,000 or more": 84, "COUNTY": "Kings County", "TRACTCE": "037500", "BLKGRPCE": "1", "Area (Sq Mi)": 0.014679150579150578, "zip_code": "11233", "block_group": "0375001", "bg_area": 409233.57004033937, "overlap_area": 409173.91835159622, "frac_in_neighborhood": 0.99985423559280029, "pop_in_neighborhood": 766.88819869967779, "neighborhood": "bedstuy" }, "geometry": { "type": "Polygon", "coordinates": [ [ [ 1006932.383879899512976, 189284.902572788501857 ], [ 1006299.862436365452595, 189188.502027468231972 ], [ 1006272.132221764652058, 189184.468973180017201 ], [ 1006229.427904192707501, 189177.872529879503418 ], [ 1006181.454772896249779, 189170.542490279593039 ], [ 1005635.446056555490941, 189087.353014166117646 ], [ 1005578.875920505146496, 189078.923823581077158 ], [ 1005535.338981639710255, 189072.691809082112741 ], [ 1005495.168386802310124, 189339.710223665548256 ], [ 1006231.676224044640549, 189451.485829759854823 ], [ 1006404.433142376597971, 189477.509891845693346 ], [ 1006947.380262281978503, 189559.985380302037811 ], [ 1006991.868021530332044, 189566.840557567775249 ], [ 1007015.044625568320043, 189421.790318754792679 ], [ 1007018.047468828503042, 189402.293727368843975 ], [ 1007021.598605907405727, 189378.983056646538898 ], [ 1007033.32035161589738, 189300.298923577618552 ], [ 1006932.383879899512976, 189284.902572788501857 ] ] ] } },
{ "type": "Feature", "properties": { "GISJOIN": "G36004700375003", "Total Pop (Race/Ethnicity)": 1457, "Not Hispanic or Latino": 948, "Not Hispanic or Latino: White alone": 80, "Not Hispanic or Latino: Black or African American alone": 768, "Not Hispanic or Latino: American Indian and Alaska Native alone": 0, "Not Hispanic or Latino: Asian alone": 100, "Not Hispanic or Latino: Native Hawaiian and Other Pacific Islander alone": 0, "Not Hispanic or Latino: Some other race alone": 0, "Not Hispanic or Latino: Two or more races": 0, "Not Hispanic or Latino: Two or more races: Two races including Some other race": 0, "Not Hispanic or Latino: Two or more races: Two races excluding Some other race, and three or more races": 0, "Hispanic or Latino": 509, "Total Households (Income)": 462, "Less than $10,000": 0, "$10,000 to $14,999": 16, "$15,000 to $19,999": 0, "$20,000 to $24,999": 21, "$25,000 to $29,999": 0, "$30,000 to $34,999": 0, "$35,000 to $39,999": 23, "$40,000 to $44,999": 0, "$45,000 to $49,999": 0, "$50,000 to $59,999": 189, "$60,000 to $74,999": 6, "$75,000 to $99,999": 36, "$100,000 to $124,999": 0, "$125,000 to $149,999": 113, "$150,000 to $199,999": 30, "$200,000 or more": 28, "COUNTY": "Kings County", "TRACTCE": "037500", "BLKGRPCE": "3", "Area (Sq Mi)": 0.014098069498069498, "zip_code": "11221", "block_group": "0375003", "bg_area": 393022.77593585773, "overlap_area": 392990.52002842014, "frac_in_neighborhood": 0.99991792865601548, "pop_in_neighborhood": 1456.8804220518145, "neighborhood": "bedstuy" }, "geometry": { "type": "Polygon", "coordinates": [ [ [ 1006978.628283625817858, 189657.290409664972685 ], [ 1006979.053121597738937, 189654.539372740546241 ], [ 1006991.771664853207767, 189567.443603596359026 ], [ 1006991.868021530332044, 189566.840557567775249 ], [ 1006947.380262281978503, 189559.985380302037811 ], [ 1006404.433142376597971, 189477.509891845693346 ], [ 1006231.676224044640549, 189451.485829759854823 ], [ 1005495.168386802310124, 189339.710223665548256 ], [ 1005454.444610978476703, 189605.999397580540972 ], [ 1006190.667007170501165, 189718.137734612129861 ], [ 1006306.021662788465619, 189735.730002988537308 ], [ 1006774.093733493587933, 189807.568197181884898 ], [ 1006909.800536883645691, 189709.689830772462301 ], [ 1006978.628283625817858, 189657.290409664972685 ] ] ] } },
{ "type": "Feature", "properties": { "GISJOIN": "G36004700397001", "Total Pop (Race/Ethnicity)": 803, "Not Hispanic or Latino": 361, "Not Hispanic or Latino: White alone": 230, "Not Hispanic or Latino: Black or African American alone": 117, "Not Hispanic or Latino: American Indian and Alaska Native alone": 0, "Not Hispanic or Latino: Asian alone": 5, "Not Hispanic or Latino: Native Hawaiian and Other Pacific Islander alone": 0, "Not Hispanic or Latino: Some other race alone": 0, "Not Hispanic or Latino: Two or more races": 9, "Not Hispanic or Latino: Two or more races: Two races including Some other race": 0, "Not Hispanic or Latino: Two or more races: Two races excluding Some other race, and three or more races": 9, "Hispanic or Latino": 442, "Total Households (Income)": 259, "Less than $10,000": 0, "$10,000 to $14,999": 0, "$15,000 to $19,999": 0, "$20,000 to $24,999": 0, "$25,000 to $29,999": 0, "$30,000 to $34,999": 0, "$35,000 to $39,999": 0, "$40,000 to $44,999": 0, "$45,000 to $49,999": 0, "$50,000 to $59,999": 76, "$60,000 to $74,999": 0, "$75,000 to $99,999": 46, "$100,000 to $124,999": 46, "$125,000 to $149,999": 12, "$150,000 to $199,999": 19, "$200,000 or more": 60, "COUNTY": "Kings County", "TRACTCE": "039700", "BLKGRPCE": "1", "Area (Sq Mi)": 0.018248262548262548, "zip_code": "11221", "block_group": "0397001", "bg_area": 508734.57650801621, "overlap_area": 16.754856252550027, "frac_in_neighborhood": 3.2934376836652893e-05, "pop_in_neighborhood": 0.026446304599832271, "neighborhood": "bedstuy" }, "geometry": { "type": "Polygon", "coordinates": [ [ [ 1006978.628283625817858, 189657.290409664972685 ], [ 1006909.800536883645691, 189709.689830772462301 ], [ 1006909.895265336730517, 189709.817917186155682 ], [ 1006909.949076242861338, 189709.779106993257301 ], [ 1006978.607468950329348, 189657.591173510416411 ], [ 1006978.654229621984996, 189657.270959427638445 ], [ 1006978.628283625817858, 189657.290409664972685 ] ] ] } },
{ "type": "Feature", "properties": { "GISJOIN": "G36004700387002", "Total Pop (Race/Ethnicity)": 1116, "Not Hispanic or Latino": 1064, "Not Hispanic or Latino: White alone": 349, "Not Hispanic or Latino: Black or African American alone": 620, "Not Hispanic or Latino: American Indian and Alaska Native alone": 0, "Not Hispanic or Latino: Asian alone": 74, "Not Hispanic or Latino: Native Hawaiian and Other Pacific Islander alone": 0, "Not Hispanic or Latino: Some other race alone": 0, "Not Hispanic or Latino: Two or more races": 21, "Not Hispanic or Latino: Two or more races: Two races including Some other race": 0, "Not Hispanic or Latino: Two or more races: Two races excluding Some other race, and three or more races": 21, "Hispanic or Latino": 52, "Total Households (Income)": 353, "Less than $10,000": 35, "$10,000 to $14,999": 26, "$15,000 to $19,999": 0, "$20,000 to $24,999": 20, "$25,000 to $29,999": 0, "$30,000 to $34,999": 107, "$35,000 to $39,999": 0, "$40,000 to $44,999": 0, "$45,000 to $49,999": 0, "$50,000 to $59,999": 0, "$60,000 to $74,999": 0, "$75,000 to $99,999": 0, "$100,000 to $124,999": 43, "$125,000 to $149,999": 33, "$150,000 to $199,999": 0, "$200,000 or more": 89, "COUNTY": "Kings County", "TRACTCE": "038700", "BLKGRPCE": "2", "Area (Sq Mi)": 0.016798455598455598, "zip_code": "11221", "block_group": "0387002", "bg_area": 468318.74723975162, "overlap_area": 468318.74723975168, "frac_in_neighborhood": 1.0000000000000002, "pop_in_neighborhood": 1116.0000000000002, "neighborhood": "bedstuy" }, "geometry": { "type": "Polygon", "coordinates": [ [ [ 1004424.426934751914814, 190270.022864184138598 ], [ 1003613.065825731260702, 190146.948167944938177 ], [ 1003572.641080379369669, 190413.969262425496709 ], [ 1004382.607403667410836, 190535.948857223556843 ], [ 1005291.279639433254488, 190672.978006965131499 ], [ 1005332.554061656468548, 190407.053163915785262 ], [ 1004424.426934751914814, 190270.022864184138598 ] ] ] } },
{ "type": "Feature", "properties": { "GISJOIN": "G36004700291003", "Total Pop (Race/Ethnicity)": 1151, "Not Hispanic or Latino": 1053, "Not Hispanic or Latino: White alone": 150, "Not Hispanic or Latino: Black or African American alone": 776, "Not Hispanic or Latino: American Indian and Alaska Native alone": 0, "Not Hispanic or Latino: Asian alone": 29, "Not Hispanic or Latino: Native Hawaiian and Other Pacific Islander alone": 0, "Not Hispanic or Latino: Some other race alone": 0, "Not Hispanic or Latino: Two or more races": 98, "Not Hispanic or Latino: Two or more races: Two races including Some other race": 0, "Not Hispanic or Latino: Two or more races: Two races excluding Some other race, and three or more races": 98, "Hispanic or Latino": 98, "Total Households (Income)": 575, "Less than $10,000": 0, "$10,000 to $14,999": 129, "$15,000 to $19,999": 7, "$20,000 to $24,999": 71, "$25,000 to $29,999": 48, "$30,000 to $34,999": 0, "$35,000 to $39,999": 39, "$40,000 to $44,999": 0, "$45,000 to $49,999": 21, "$50,000 to $59,999": 0, "$60,000 to $74,999": 96, "$75,000 to $99,999": 18, "$100,000 to $124,999": 37, "$125,000 to $149,999": 11, "$150,000 to $199,999": 6, "$200,000 or more": 92, "COUNTY": "Kings County", "TRACTCE": "029100", "BLKGRPCE": "3", "Area (Sq Mi)": 0.015861776061776061, "zip_code": "11221", "block_group": "0291003", "bg_area": 442202.4286291473, "overlap_area": 442202.42862914735, "frac_in_neighborhood": 1.0000000000000002, "pop_in_neighborhood": 1151.0000000000002, "neighborhood": "bedstuy" }, "geometry": { "type": "Polygon", "coordinates": [ [ [ 1002761.835654995520599, 190290.558928878279403 ], [ 1001951.298060378525406, 190168.269080566707999 ], [ 1001909.783735783887096, 190433.106106521707261 ], [ 1002721.697458391310647, 190557.581845543609234 ], [ 1003532.216788025572896, 190680.990769198222551 ], [ 1003572.641080379369669, 190413.969262425496709 ], [ 1002761.835654995520599, 190290.558928878279403 ] ] ] } },
{ "type": "Feature", "properties": { "GISJOIN": "G36004700291002", "Total Pop (Race/Ethnicity)": 1353, "Not Hispanic or Latino": 1137, "Not Hispanic or Latino: White alone": 296, "Not Hispanic or Latino: Black or African American alone": 706, "Not Hispanic or Latino: American Indian and Alaska Native alone": 0, "Not Hispanic or Latino: Asian alone": 29, "Not Hispanic or Latino: Native Hawaiian and Other Pacific Islander alone": 58, "Not Hispanic or Latino: Some other race alone": 0, "Not Hispanic or Latino: Two or more races": 48, "Not Hispanic or Latino: Two or more races: Two races including Some other race": 15, "Not Hispanic or Latino: Two or more races: Two races excluding Some other race, and three or more races": 33, "Hispanic or Latino": 216, "Total Households (Income)": 473, "Less than $10,000": 68, "$10,000 to $14,999": 0, "$15,000 to $19,999": 0, "$20,000 to $24,999": 15, "$25,000 to $29,999": 0, "$30,000 to $34,999": 29, "$35,000 to $39,999": 0, "$40,000 to $44,999": 0, "$45,000 to $49,999": 0, "$50,000 to $59,999": 29, "$60,000 to $74,999": 64, "$75,000 to $99,999": 166, "$100,000 to $124,999": 20, "$125,000 to $149,999": 0, "$150,000 to $199,999": 15, "$200,000 or more": 67, "COUNTY": "Kings County", "TRACTCE": "029100", "BLKGRPCE": "2", "Area (Sq Mi)": 0.015920077220077222, "zip_code": "11221", "block_group": "0291002", "bg_area": 443819.64017744747, "overlap_area": 443819.64017744747, "frac_in_neighborhood": 1.0, "pop_in_neighborhood": 1353.0, "neighborhood": "bedstuy" }, "geometry": { "type": "Polygon", "coordinates": [ [ [ 1002721.697458391310647, 190557.581845543609234 ], [ 1001909.783735783887096, 190433.106106521707261 ], [ 1001869.099917320883833, 190701.222969292633934 ], [ 1002680.173336260719225, 190824.968115683994256 ], [ 1003491.517096798866987, 190947.283189376292285 ], [ 1003532.216788025572896, 190680.990769198222551 ], [ 1002721.697458391310647, 190557.581845543609234 ] ] ] } },
{ "type": "Feature", "properties": { "GISJOIN": "G36004700387003", "Total Pop (Race/Ethnicity)": 606, "Not Hispanic or Latino": 529, "Not Hispanic or Latino: White alone": 232, "Not Hispanic or Latino: Black or African American alone": 253, "Not Hispanic or Latino: American Indian and Alaska Native alone": 0, "Not Hispanic or Latino: Asian alone": 12, "Not Hispanic or Latino: Native Hawaiian and Other Pacific Islander alone": 0, "Not Hispanic or Latino: Some other race alone": 0, "Not Hispanic or Latino: Two or more races": 32, "Not Hispanic or Latino: Two or more races: Two races including Some other race": 0, "Not Hispanic or Latino: Two or more races: Two races excluding Some other race, and three or more races": 32, "Hispanic or Latino": 77, "Total Households (Income)": 274, "Less than $10,000": 0, "$10,000 to $14,999": 0, "$15,000 to $19,999": 18, "$20,000 to $24,999": 7, "$25,000 to $29,999": 0, "$30,000 to $34,999": 0, "$35,000 to $39,999": 9, "$40,000 to $44,999": 35, "$45,000 to $49,999": 25, "$50,000 to $59,999": 21, "$60,000 to $74,999": 0, "$75,000 to $99,999": 52, "$100,000 to $124,999": 39, "$125,000 to $149,999": 12, "$150,000 to $199,999": 0, "$200,000 or more": 56, "COUNTY": "Kings County", "TRACTCE": "038700", "BLKGRPCE": "3", "Area (Sq Mi)": 0.015880308880308881, "zip_code": "11221", "block_group": "0387003", "bg_area": 442718.41376478947, "overlap_area": 442718.41376478947, "frac_in_neighborhood": 1.0, "pop_in_neighborhood": 606.0, "neighborhood": "bedstuy" }, "geometry": { "type": "Polygon", "coordinates": [ [ [ 1003572.641080379369669, 190413.969262425496709 ], [ 1003532.216788025572896, 190680.990769198222551 ], [ 1003491.517096798866987, 190947.283189376292285 ], [ 1004301.742022376158275, 191070.717471498501254 ], [ 1004342.727768852724694, 190804.790755392197752 ], [ 1004382.607403667410836, 190535.948857223556843 ], [ 1003572.641080379369669, 190413.969262425496709 ] ] ] } },
{ "type": "Feature", "properties": { "GISJOIN": "G36004700387001", "Total Pop (Race/Ethnicity)": 1961, "Not Hispanic or Latino": 1721, "Not Hispanic or Latino: White alone": 371, "Not Hispanic or Latino: Black or African American alone": 751, "Not Hispanic or Latino: American Indian and Alaska Native alone": 0, "Not Hispanic or Latino: Asian alone": 578, "Not Hispanic or Latino: Native Hawaiian and Other Pacific Islander alone": 0, "Not Hispanic or Latino: Some other race alone": 0, "Not Hispanic or Latino: Two or more races": 21, "Not Hispanic or Latino: Two or more races: Two races including Some other race": 0, "Not Hispanic or Latino: Two or more races: Two races excluding Some other race, and three or more races": 21, "Hispanic or Latino": 240, "Total Households (Income)": 895, "Less than $10,000": 66, "$10,000 to $14,999": 64, "$15,000 to $19,999": 42, "$20,000 to $24,999": 18, "$25,000 to $29,999": 271, "$30,000 to $34,999": 0, "$35,000 to $39,999": 0, "$40,000 to $44,999": 0, "$45,000 to $49,999": 0, "$50,000 to $59,999": 0, "$60,000 to $74,999": 17, "$75,000 to $99,999": 129, "$100,000 to $124,999": 0, "$125,000 to $149,999": 0, "$150,000 to $199,999": 103, "$200,000 or more": 185, "COUNTY": "Kings County", "TRACTCE": "038700", "BLKGRPCE": "1", "Area (Sq Mi)": 0.024149034749034751, "zip_code": "11221", "block_group": "0387001", "bg_area": 673230.7902670789, "overlap_area": 673229.10334357608, "frac_in_neighborhood": 0.99999749428646578, "pop_in_neighborhood": 1960.9950862957594, "neighborhood": "bedstuy" }, "geometry": { "type": "Polygon", "coordinates": [ [ [ 1004646.44914230867289, 191399.993765159772011 ], [ 1004678.690619571716525, 191376.959020920825424 ], [ 1004683.589397587929852, 191373.438685437140521 ], [ 1004830.092738261795603, 191262.145154165307758 ], [ 1004893.416865896782838, 191214.030341071775183 ], [ 1004947.531974833807908, 191168.899313848873135 ], [ 1005217.529431114089675, 190973.850107126432704 ], [ 1005253.917990353074856, 190905.023399429337587 ], [ 1005291.279639433254488, 190672.978006965131499 ], [ 1004382.607403667410836, 190535.948857223556843 ], [ 1004342.727768852724694, 190804.790755392197752 ], [ 1004301.742022376158275, 191070.717471498501254 ], [ 1004261.311177180730738, 191337.373394789232407 ], [ 1004220.604214238701388, 191604.028962857410079 ], [ 1004353.146673685871065, 191619.076141370489495 ], [ 1004474.132981388247572, 191525.17933252529474 ], [ 1004646.44914230867289, 191399.993765159772011 ] ] ] } },
{ "type": "Feature", "properties": { "GISJOIN": "G36004700291001", "Total Pop (Race/Ethnicity)": 957, "Not Hispanic or Latino": 758, "Not Hispanic or Latino: White alone": 222, "Not Hispanic or Latino: Black or African American alone": 463, "Not Hispanic or Latino: American Indian and Alaska Native alone": 0, "Not Hispanic or Latino: Asian alone": 49, "Not Hispanic or Latino: Native Hawaiian and Other Pacific Islander alone": 0, "Not Hispanic or Latino: Some other race alone": 0, "Not Hispanic or Latino: Two or more races": 24, "Not Hispanic or Latino: Two or more races: Two races including Some other race": 0, "Not Hispanic or Latino: Two or more races: Two races excluding Some other race, and three or more races": 24, "Hispanic or Latino": 199, "Total Households (Income)": 403, "Less than $10,000": 17, "$10,000 to $14,999": 0, "$15,000 to $19,999": 0, "$20,000 to $24,999": 0, "$25,000 to $29,999": 0, "$30,000 to $34,999": 0, "$35,000 to $39,999": 0, "$40,000 to $44,999": 0, "$45,000 to $49,999": 8, "$50,000 to $59,999": 0, "$60,000 to $74,999": 41, "$75,000 to $99,999": 32, "$100,000 to $124,999": 21, "$125,000 to $149,999": 81, "$150,000 to $199,999": 41, "$200,000 or more": 162, "COUNTY": "Kings County", "TRACTCE": "029100", "BLKGRPCE": "1", "Area (Sq Mi)": 0.031787258687258686, "zip_code": "11221", "block_group": "0291001", "bg_area": 886184.67314128228, "overlap_area": 886184.67314128228, "frac_in_neighborhood": 1.0, "pop_in_neighborhood": 957.0, "neighborhood": "bedstuy" }, "geometry": { "type": "Polygon", "coordinates": [ [ [ 1002680.173336260719225, 190824.968115683994256 ], [ 1001869.099917320883833, 190701.222969292633934 ], [ 1001828.695370287983678, 190967.882688715035329 ], [ 1001788.013743008254096, 191235.271179560455494 ], [ 1002599.069854407454841, 191358.649348070612177 ], [ 1003410.395911209634505, 191481.326100456266431 ], [ 1003451.371986159472726, 191214.304889685736271 ], [ 1003491.517096798866987, 190947.283189376292285 ], [ 1002680.173336260719225, 190824.968115683994256 ] ] ] } },
{ "type": "Feature", "properties": { "GISJOIN": "G36004700387004", "Total Pop (Race/Ethnicity)": 1629, "Not Hispanic or Latino": 1498, "Not Hispanic or Latino: White alone": 66, "Not Hispanic or Latino: Black or African American alone": 1039, "Not Hispanic or Latino: American Indian and Alaska Native alone": 0, "Not Hispanic or Latino: Asian alone": 24, "Not Hispanic or Latino: Native Hawaiian and Other Pacific Islander alone": 0, "Not Hispanic or Latino: Some other race alone": 0, "Not Hispanic or Latino: Two or more races": 369, "Not Hispanic or Latino: Two or more races: Two races including Some other race": 0, "Not Hispanic or Latino: Two or more races: Two races excluding Some other race, and three or more races": 369, "Hispanic or Latino": 131, "Total Households (Income)": 571, "Less than $10,000": 82, "$10,000 to $14,999": 0, "$15,000 to $19,999": 0, "$20,000 to $24,999": 0, "$25,000 to $29,999": 16, "$30,000 to $34,999": 0, "$35,000 to $39,999": 0, "$40,000 to $44,999": 0, "$45,000 to $49,999": 0, "$50,000 to $59,999": 0, "$60,000 to $74,999": 8, "$75,000 to $99,999": 305, "$100,000 to $124,999": 77, "$125,000 to $149,999": 52, "$150,000 to $199,999": 0, "$200,000 or more": 31, "COUNTY": "Kings County", "TRACTCE": "038700", "BLKGRPCE": "4", "Area (Sq Mi)": 0.015865250965250967, "zip_code": "11221", "block_group": "0387004", "bg_area": 442304.49526956235, "overlap_area": 442304.49526956229, "frac_in_neighborhood": 0.99999999999999989, "pop_in_neighborhood": 1628.9999999999998, "neighborhood": "bedstuy" }, "geometry": { "type": "Polygon", "coordinates": [ [ [ 1003491.517096798866987, 190947.283189376292285 ], [ 1003451.371986159472726, 191214.304889685736271 ], [ 1003410.395911209634505, 191481.326100456266431 ], [ 1004220.604214238701388, 191604.028962857410079 ], [ 1004261.311177180730738, 191337.373394789232407 ], [ 1004301.742022376158275, 191070.717471498501254 ], [ 1003491.517096798866987, 190947.283189376292285 ] ] ] } },
{ "type": "Feature", "properties": { "GISJOIN": "G36004700395002", "Total Pop (Race/Ethnicity)": 1304, "Not Hispanic or Latino": 818, "Not Hispanic or Latino: White alone": 375, "Not Hispanic or Latino: Black or African American alone": 368, "Not Hispanic or Latino: American Indian and Alaska Native alone": 0, "Not Hispanic or Latino: Asian alone": 62, "Not Hispanic or Latino: Native Hawaiian and Other Pacific Islander alone": 2, "Not Hispanic or Latino: Some other race alone": 0, "Not Hispanic or Latino: Two or more races": 11, "Not Hispanic or Latino: Two or more races: Two races including Some other race": 11, "Not Hispanic or Latino: Two or more races: Two races excluding Some other race, and three or more races": 0, "Hispanic or Latino": 486, "Total Households (Income)": 600, "Less than $10,000": 67, "$10,000 to $14,999": 37, "$15,000 to $19,999": 41, "$20,000 to $24,999": 0, "$25,000 to $29,999": 9, "$30,000 to $34,999": 38, "$35,000 to $39,999": 11, "$40,000 to $44,999": 14, "$45,000 to $49,999": 14, "$50,000 to $59,999": 41, "$60,000 to $74,999": 8, "$75,000 to $99,999": 26, "$100,000 to $124,999": 78, "$125,000 to $149,999": 0, "$150,000 to $199,999": 155, "$200,000 or more": 61, "COUNTY": "Kings County", "TRACTCE": "039500", "BLKGRPCE": "2", "Area (Sq Mi)": 0.027295366795366795, "zip_code": "11221", "block_group": "0395002", "bg_area": 760952.72232820792, "overlap_area": 809.47357461704166, "frac_in_neighborhood": 0.0010637632941773039, "pop_in_neighborhood": 1.3871473356072044, "neighborhood": "bedstuy" }, "geometry": { "type": "MultiPolygon", "coordinates": [ [ [ [ 1005425.101303567178547, 190816.640263630222762 ], [ 1005246.667849044431932, 190950.922764430055395 ], [ 1005217.529431114089675, 190973.850107126432704 ], [ 1004947.531974833807908, 191168.899313848873135 ], [ 1004893.416865896782838, 191214.030341071775183 ], [ 1004830.092738261795603, 191262.145154165307758 ], [ 1004893.231762893148698, 191214.180616428726353 ], [ 1004951.952141291112639, 191169.090880390634993 ], [ 1005217.569256772170775, 190974.332505963073345 ], [ 1005245.236570129636675, 190953.082527887221659 ], [ 1005425.151434931554832, 190816.790072046569549 ], [ 1005425.191202450660057, 190816.759777542611118 ], [ 1005425.101303567178547, 190816.640263630222762 ] ] ], [ [ [ 1004646.44914230867289, 191399.993765159772011 ], [ 1004474.132981388247572, 191525.17933252529474 ], [ 1004474.300161447026767, 191525.40292846041848 ], [ 1004646.463077050168067, 191400.118217176233884 ], [ 1004678.690619571716525, 191376.959020920825424 ], [ 1004646.44914230867289, 191399.993765159772011 ] ] ] ] } },
{ "type": "Feature", "properties": { "GISJOIN": "G36004700289002", "Total Pop (Race/Ethnicity)": 1512, "Not Hispanic or Latino": 1223, "Not Hispanic or Latino: White alone": 336, "Not Hispanic or Latino: Black or African American alone": 845, "Not Hispanic or Latino: American Indian and Alaska Native alone": 0, "Not Hispanic or Latino: Asian alone": 0, "Not Hispanic or Latino: Native Hawaiian and Other Pacific Islander alone": 0, "Not Hispanic or Latino: Some other race alone": 0, "Not Hispanic or Latino: Two or more races": 42, "Not Hispanic or Latino: Two or more races: Two races including Some other race": 42, "Not Hispanic or Latino: Two or more races: Two races excluding Some other race, and three or more races": 0, "Hispanic or Latino": 289, "Total Households (Income)": 531, "Less than $10,000": 41, "$10,000 to $14,999": 0, "$15,000 to $19,999": 0, "$20,000 to $24,999": 17, "$25,000 to $29,999": 40, "$30,000 to $34,999": 0, "$35,000 to $39,999": 39, "$40,000 to $44,999": 80, "$45,000 to $49,999": 0, "$50,000 to $59,999": 41, "$60,000 to $74,999": 0, "$75,000 to $99,999": 19, "$100,000 to $124,999": 22, "$125,000 to $149,999": 120, "$150,000 to $199,999": 47, "$200,000 or more": 65, "COUNTY": "Kings County", "TRACTCE": "028900", "BLKGRPCE": "2", "Area (Sq Mi)": 0.015874131274131273, "zip_code": "11221", "block_group": "0289002", "bg_area": 442544.87099525717, "overlap_area": 442544.87099525717, "frac_in_neighborhood": 1.0, "pop_in_neighborhood": 1512.0, "neighborhood": "bedstuy" }, "geometry": { "type": "Polygon", "coordinates": [ [ [ 1002599.069854407454841, 191358.649348070612177 ], [ 1001788.013743008254096, 191235.271179560455494 ], [ 1001747.056070326128975, 191501.930734647758072 ], [ 1002558.381046012393199, 191624.943649940396426 ], [ 1003369.697599057340994, 191748.347316865663743 ], [ 1003410.395911209634505, 191481.326100456266431 ], [ 1002599.069854407454841, 191358.649348070612177 ] ] ] } },
{ "type": "Feature", "properties": { "GISJOIN": "G36004700289003", "Total Pop (Race/Ethnicity)": 351, "Not Hispanic or Latino": 305, "Not Hispanic or Latino: White alone": 292, "Not Hispanic or Latino: Black or African American alone": 0, "Not Hispanic or Latino: American Indian and Alaska Native alone": 0, "Not Hispanic or Latino: Asian alone": 13, "Not Hispanic or Latino: Native Hawaiian and Other Pacific Islander alone": 0, "Not Hispanic or Latino: Some other race alone": 0, "Not Hispanic or Latino: Two or more races": 0, "Not Hispanic or Latino: Two or more races: Two races including Some other race": 0, "Not Hispanic or Latino: Two or more races: Two races excluding Some other race, and three or more races": 0, "Hispanic or Latino": 46, "Total Households (Income)": 156, "Less than $10,000": 0, "$10,000 to $14,999": 0, "$15,000 to $19,999": 0, "$20,000 to $24,999": 0, "$25,000 to $29,999": 16, "$30,000 to $34,999": 0, "$35,000 to $39,999": 38, "$40,000 to $44,999": 0, "$45,000 to $49,999": 0, "$50,000 to $59,999": 0, "$60,000 to $74,999": 0, "$75,000 to $99,999": 21, "$100,000 to $124,999": 0, "$125,000 to $149,999": 16, "$150,000 to $199,999": 25, "$200,000 or more": 40, "COUNTY": "Kings County", "TRACTCE": "028900", "BLKGRPCE": "3", "Area (Sq Mi)": 0.015872586872586872, "zip_code": "11221", "block_group": "0289003", "bg_area": 442502.37115231331, "overlap_area": 442502.37115231331, "frac_in_neighborhood": 1.0, "pop_in_neighborhood": 351.0, "neighborhood": "bedstuy" }, "geometry": { "type": "Polygon", "coordinates": [ [ [ 1002558.381046012393199, 191624.943649940396426 ], [ 1001747.056070326128975, 191501.930734647758072 ], [ 1001706.931122052948922, 191768.95535052914056 ], [ 1002515.197798585286364, 191891.235815417137928 ], [ 1003327.614918065606616, 192014.639342215756187 ], [ 1003369.697599057340994, 191748.347316865663743 ], [ 1002558.381046012393199, 191624.943649940396426 ] ] ] } },
{ "type": "Feature", "properties": { "GISJOIN": "G36004700397002", "Total Pop (Race/Ethnicity)": 1148, "Not Hispanic or Latino": 788, "Not Hispanic or Latino: White alone": 259, "Not Hispanic or Latino: Black or African American alone": 444, "Not Hispanic or Latino: American Indian and Alaska Native alone": 0, "Not Hispanic or Latino: Asian alone": 2, "Not Hispanic or Latino: Native Hawaiian and Other Pacific Islander alone": 0, "Not Hispanic or Latino: Some other race alone": 0, "Not Hispanic or Latino: Two or more races": 83, "Not Hispanic or Latino: Two or more races: Two races including Some other race": 28, "Not Hispanic or Latino: Two or more races: Two races excluding Some other race, and three or more races": 55, "Hispanic or Latino": 360, "Total Households (Income)": 507, "Less than $10,000": 92, "$10,000 to $14,999": 0, "$15,000 to $19,999": 0, "$20,000 to $24,999": 0, "$25,000 to $29,999": 51, "$30,000 to $34,999": 0, "$35,000 to $39,999": 0, "$40,000 to $44,999": 0, "$45,000 to $49,999": 0, "$50,000 to $59,999": 0, "$60,000 to $74,999": 92, "$75,000 to $99,999": 38, "$100,000 to $124,999": 93, "$125,000 to $149,999": 77, "$150,000 to $199,999": 22, "$200,000 or more": 42, "COUNTY": "Kings County", "TRACTCE": "039700", "BLKGRPCE": "2", "Area (Sq Mi)": 0.018274517374517376, "zip_code": "11221", "block_group": "0397002", "bg_area": 509472.75577823631, "overlap_area": 173.28183592886063, "frac_in_neighborhood": 0.00034011992587153547, "pop_in_neighborhood": 0.39045767490052274, "neighborhood": "bedstuy" }, "geometry": { "type": "Polygon", "coordinates": [ [ [ 1006909.800536883645691, 189709.689830772462301 ], [ 1006774.093733493587933, 189807.568197181884898 ], [ 1006696.94192912383005, 189865.060797922255006 ], [ 1006489.078263979870826, 190020.438023956172401 ], [ 1006283.712011036230251, 190176.912698612228269 ], [ 1006283.783715012832545, 190177.009645521728089 ], [ 1006489.181146793882363, 190020.736147856543539 ], [ 1006696.914320618612692, 189865.405326323787449 ], [ 1006774.026958364993334, 189807.810602689598454 ], [ 1006909.895265336730517, 189709.817917186155682 ], [ 1006909.800536883645691, 189709.689830772462301 ] ] ] } },
{ "type": "Feature", "properties": { "GISJOIN": "G36004700375002", "Total Pop (Race/Ethnicity)": 1524, "Not Hispanic or Latino": 1214, "Not Hispanic or Latino: White alone": 293, "Not Hispanic or Latino: Black or African American alone": 737, "Not Hispanic or Latino: American Indian and Alaska Native alone": 0, "Not Hispanic or Latino: Asian alone": 156, "Not Hispanic or Latino: Native Hawaiian and Other Pacific Islander alone": 0, "Not Hispanic or Latino: Some other race alone": 0, "Not Hispanic or Latino: Two or more races": 28, "Not Hispanic or Latino: Two or more races: Two races including Some other race": 0, "Not Hispanic or Latino: Two or more races: Two races excluding Some other race, and three or more races": 28, "Hispanic or Latino": 310, "Total Households (Income)": 768, "Less than $10,000": 38, "$10,000 to $14,999": 13, "$15,000 to $19,999": 13, "$20,000 to $24,999": 12, "$25,000 to $29,999": 47, "$30,000 to $34,999": 0, "$35,000 to $39,999": 9, "$40,000 to $44,999": 0, "$45,000 to $49,999": 15, "$50,000 to $59,999": 0, "$60,000 to $74,999": 119, "$75,000 to $99,999": 192, "$100,000 to $124,999": 87, "$125,000 to $149,999": 85, "$150,000 to $199,999": 52, "$200,000 or more": 86, "COUNTY": "Kings County", "TRACTCE": "037500", "BLKGRPCE": "2", "Area (Sq Mi)": 0.032538996138996142, "zip_code": "11221", "block_group": "0375002", "bg_area": 907136.92713803158, "overlap_area": 907136.92713803146, "frac_in_neighborhood": 0.99999999999999989, "pop_in_neighborhood": 1523.9999999999998, "neighborhood": "bedstuy" }, "geometry": { "type": "Polygon", "coordinates": [ [ [ 1005556.916748623247258, 190716.200537914235611 ], [ 1005657.37104459956754, 190643.787342258030549 ], [ 1005861.343699303339235, 190485.848722847178578 ], [ 1006073.911211481667124, 190333.749467264453415 ], [ 1006099.442399168619886, 190314.462505654839333 ], [ 1006169.654650026583113, 190260.969690748897847 ], [ 1006283.712011036230251, 190176.912698612228269 ], [ 1006489.078263979870826, 190020.438023956172401 ], [ 1006696.94192912383005, 189865.060797922255006 ], [ 1006774.093733493587933, 189807.568197181884898 ], [ 1006306.021662788465619, 189735.730002988537308 ], [ 1006190.667007170501165, 189718.137734612129861 ], [ 1005454.444610978476703, 189605.999397580540972 ], [ 1005413.443194848485291, 189873.745358676969772 ], [ 1005372.999039457994513, 190139.67067828780273 ], [ 1005332.554061656468548, 190407.053163915785262 ], [ 1005291.279639433254488, 190672.978006965131499 ], [ 1005253.917990353074856, 190905.023399429337587 ], [ 1005217.529431114089675, 190973.850107126432704 ], [ 1005246.667849044431932, 190950.922764430055395 ], [ 1005425.101303567178547, 190816.640263630222762 ], [ 1005556.916748623247258, 190716.200537914235611 ] ] ] } },
{ "type": "Feature", "properties": { "GISJOIN": "G36004700397003", "Total Pop (Race/Ethnicity)": 1405, "Not Hispanic or Latino": 1105, "Not Hispanic or Latino: White alone": 382, "Not Hispanic or Latino: Black or African American alone": 582, "Not Hispanic or Latino: American Indian and Alaska Native alone": 0, "Not Hispanic or Latino: Asian alone": 6, "Not Hispanic or Latino: Native Hawaiian and Other Pacific Islander alone": 0, "Not Hispanic or Latino: Some other race alone": 0, "Not Hispanic or Latino: Two or more races": 135, "Not Hispanic or Latino: Two or more races: Two races including Some other race": 121, "Not Hispanic or Latino: Two or more races: Two races excluding Some other race, and three or more races": 14, "Hispanic or Latino": 300, "Total Households (Income)": 832, "Less than $10,000": 79, "$10,000 to $14,999": 55, "$15,000 to $19,999": 57, "$20,000 to $24,999": 0, "$25,000 to $29,999": 62, "$30,000 to $34,999": 0, "$35,000 to $39,999": 10, "$40,000 to $44,999": 227, "$45,000 to $49,999": 12, "$50,000 to $59,999": 7, "$60,000 to $74,999": 0, "$75,000 to $99,999": 197, "$100,000 to $124,999": 57, "$125,000 to $149,999": 0, "$150,000 to $199,999": 31, "$200,000 or more": 38, "COUNTY": "Kings County", "TRACTCE": "039700", "BLKGRPCE": "3", "Area (Sq Mi)": 0.024933976833976836, "zip_code": "11221", "block_group": "0397003", "bg_area": 695129.42582213518, "overlap_area": 185.30199098559527, "frac_in_neighborhood": 0.00026657192761828075, "pop_in_neighborhood": 0.37453355830368446, "neighborhood": "bedstuy" }, "geometry": { "type": "Polygon", "coordinates": [ [ [ 1006283.712011036230251, 190176.912698612228269 ], [ 1006169.654650026583113, 190260.969690748897847 ], [ 1006099.442399168619886, 190314.462505654839333 ], [ 1006073.911211481667124, 190333.749467264453415 ], [ 1005861.343699303339235, 190485.848722847178578 ], [ 1005657.37104459956754, 190643.787342258030549 ], [ 1005556.916748623247258, 190716.200537914235611 ], [ 1005425.101303567178547, 190816.640263630222762 ], [ 1005425.191202450660057, 190816.759777542611118 ], [ 1005556.72638446057681, 190716.557572934252676 ], [ 1005657.359650805941783, 190643.969467188639101 ], [ 1005861.523062880849466, 190486.000631472503301 ], [ 1006073.941234504221939, 190333.829009420063812 ], [ 1006099.521870722877793, 190314.846242929255823 ], [ 1006169.640046236105263, 190261.198288271669298 ], [ 1006283.672582941944711, 190177.094198659877293 ], [ 1006283.783715012832545, 190177.009645521728089 ], [ 1006283.712011036230251, 190176.912698612228269 ] ] ] } }
]
}
