{
"type": "FeatureCollection",
"name": "subway_stops",
"crs": { "type": "name", "properties": { "name": "urn:ogc:def:crs:EPSG::2263" } },
"features": [
{ "type": "Feature", "properties": { "Complex ID": "398", "Is Complex": "false", "Number Of Stations In Complex": "1", "Stop Name": "77 St", "Display Name": "77 St (6)", "Constituent Station Names": "77 St", "Station IDs": "398", "GTFS Stop IDs": "627", "Borough": "M", "CBD": "false", "Daytime Routes": "6", "Structure Type": "Subway", "Latitude": "40.77362", "Longitude": "-73.959874", "ADA": "0", "ADA Notes": "" }, "geometry": { "type": "Point", "coordinates": [ 995363.821176282363012, 221130.1865689624683 ] } },
{ "type": "Feature", "properties": { "Complex ID": "399", "Is Complex": "false", "Number Of Stations In Complex": "1", "Stop Name": "68 St-Hunter College", "Display Name": "68 St-Hunter College (6)", "Constituent Station Names": "68 St-Hunter College", "Station IDs": "399", "GTFS Stop IDs": "628", "Borough": "M", "CBD": "false", "Daytime Routes": "6", "Structure Type": "Subway", "Latitude": "40.768141", "Longitude": "-73.96387", "ADA": "1", "ADA Notes": "" }, "geometry": { "type": "Point", "coordinates": [ 994257.852603565319441, 219133.524109364865581 ] } },
{ "type": "Feature", "properties": { "Complex ID": "403", "Is Complex": "false", "Number Of Stations In Complex": "1", "Stop Name": "33 St", "Display Name": "33 St (6)", "Constituent Station Names": "33 St", "Station IDs": "403", "GTFS Stop IDs": "632", "Borough": "M", "CBD": "true", "Daytime Routes": "6", "Structure Type": "Subway", "Latitude": "40.746081", "Longitude": "-73.982076", "ADA": "0", "ADA Notes": "" }, "geometry": { "type": "Point", "coordinates": [ 989216.478759985999204, 211094.789512445247965 ] } },
{ "type": "Feature", "properties": { "Complex ID": "404", "Is Complex": "false", "Number Of Stations In Complex": "1", "Stop Name": "28 St", "Display Name": "28 St (6)", "Constituent Station Names": "28 St", "Station IDs": "404", "GTFS Stop IDs": "633", "Borough": "M", "CBD": "true", "Daytime Routes": "6", "Structure Type": "Subway", "Latitude": "40.74307", "Longitude": "-73.984264", "ADA": "2", "ADA Notes": "Downtown only" }, "geometry": { "type": "Point", "coordinates": [ 988610.406148768495768, 209997.665639023500262 ] } },
{ "type": "Feature", "properties": { "Complex ID": "405", "Is Complex": "false", "Number Of Stations In Complex": "1", "Stop Name": "23 St-Baruch College", "Display Name": "23 St-Baruch College (6)", "Constituent Station Names": "23 St-Baruch College", "Station IDs": "405", "GTFS Stop IDs": "634", "Borough": "M", "CBD": "true", "Daytime Routes": "6", "Structure Type": "Subway", "Latitude": "40.739864", "Longitude": "-73.986599", "ADA": "1", "ADA Notes": "" }, "geometry": { "type": "Point", "coordinates": [ 987963.553906248300336, 208829.506167413346702 ] } },
{ "type": "Feature", "properties": { "Complex ID": "407", "Is Complex": "false", "Number Of Stations In Complex": "1", "Stop Name": "Astor Pl", "Display Name": "Astor Pl (6)", "Constituent Station Names": "Astor Pl", "Station IDs": "407", "GTFS Stop IDs": "636", "Borough": "M", "CBD": "true", "Daytime Routes": "6", "Structure Type": "Subway", "Latitude": "40.730054", "Longitude": "-73.99107", "ADA": "0", "ADA Notes": "" }, "geometry": { "type": "Point", "coordinates": [ 986724.942598943598568, 205255.245887668745127 ] } },
{ "type": "Feature", "properties": { "Complex ID": "409", "Is Complex": "false", "Number Of Stations In Complex": "1", "Stop Name": "Spring St", "Display Name": "Spring St (6)", "Constituent Station Names": "Spring St", "Station IDs": "409", "GTFS Stop IDs": "638", "Borough": "M", "CBD": "true", "Daytime Routes": "6", "Structure Type": "Subway", "Latitude": "40.722301", "Longitude": "-73.997141", "ADA": "0", "ADA Notes": "" }, "geometry": { "type": "Point", "coordinates": [ 985042.425298326648772, 202430.463994360296056 ] } },
{ "type": "Feature", "properties": { "Complex ID": "413", "Is Complex": "false", "Number Of Stations In Complex": "1", "Stop Name": "Wall St", "Display Name": "Wall St (4,5)", "Constituent Station Names": "Wall St", "Station IDs": "413", "GTFS Stop IDs": "419", "Borough": "M", "CBD": "true", "Daytime Routes": "4 5", "Structure Type": "Subway", "Latitude": "40.707557", "Longitude": "-74.011862", "ADA": "0", "ADA Notes": "" }, "geometry": { "type": "Point", "coordinates": [ 980961.22052527172491, 197058.961358888016548 ] } },
{ "type": "Feature", "properties": { "Complex ID": "414", "Is Complex": "false", "Number Of Stations In Complex": "1", "Stop Name": "Bowling Green", "Display Name": "Bowling Green (4,5)", "Constituent Station Names": "Bowling Green", "Station IDs": "414", "GTFS Stop IDs": "420", "Borough": "M", "CBD": "true", "Daytime Routes": "4 5", "Structure Type": "Subway", "Latitude": "40.704817", "Longitude": "-74.014065", "ADA": "1", "ADA Notes": "" }, "geometry": { "type": "Point", "coordinates": [ 980350.281669785035774, 196060.78359340922907 ] } },
{ "type": "Feature", "properties": { "Complex ID": "416", "Is Complex": "false", "Number Of Stations In Complex": "1", "Stop Name": "Wakefield-241 St", "Display Name": "Wakefield-241 St (2)", "Constituent Station Names": "Wakefield-241 St", "Station IDs": "416", "GTFS Stop IDs": "201", "Borough": "Bx", "CBD": "false", "Daytime Routes": "2", "Structure Type": "Elevated", "Latitude": "40.903125", "Longitude": "-73.85062", "ADA": "0", "ADA Notes": "" }, "geometry": { "type": "Point", "coordinates": [ 1025543.976228016894311, 268346.317648703989107 ] } },
{ "type": "Feature", "properties": { "Complex ID": "417", "Is Complex": "false", "Number Of Stations In Complex": "1", "Stop Name": "Nereid Av", "Display Name": "Nereid Av (2,5)", "Constituent Station Names": "Nereid Av", "Station IDs": "417", "GTFS Stop IDs": "204", "Borough": "Bx", "CBD": "false", "Daytime Routes": "2 5", "Structure Type": "Elevated", "Latitude": "40.898379", "Longitude": "-73.854376", "ADA": "0", "ADA Notes": "" }, "geometry": { "type": "Point", "coordinates": [ 1024508.557894567609765, 266615.408107248600572 ] } },
{ "type": "Feature", "properties": { "Complex ID": "418", "Is Complex": "false", "Number Of Stations In Complex": "1", "Stop Name": "233 St", "Display Name": "233 St (2,5)", "Constituent Station Names": "233 St", "Station IDs": "418", "GTFS Stop IDs": "205", "Borough": "Bx", "CBD": "false", "Daytime Routes": "2 5", "Structure Type": "Elevated", "Latitude": "40.893193", "Longitude": "-73.857473", "ADA": "1", "ADA Notes": "" }, "geometry": { "type": "Point", "coordinates": [ 1023655.449451898806728, 264724.531112416589167 ] } },
{ "type": "Feature", "properties": { "Complex ID": "419", "Is Complex": "false", "Number Of Stations In Complex": "1", "Stop Name": "225 St", "Display Name": "225 St (2,5)", "Constituent Station Names": "225 St", "Station IDs": "419", "GTFS Stop IDs": "206", "Borough": "Bx", "CBD": "false", "Daytime Routes": "2 5", "Structure Type": "Elevated", "Latitude": "40.888022", "Longitude": "-73.860341", "ADA": "0", "ADA Notes": "" }, "geometry": { "type": "Point", "coordinates": [ 1022865.516863980563357, 262839.252149624575395 ] } },
{ "type": "Feature", "properties": { "Complex ID": "420", "Is Complex": "false", "Number Of Stations In Complex": "1", "Stop Name": "219 St", "Display Name": "219 St (2,5)", "Constituent Station Names": "219 St", "Station IDs": "420", "GTFS Stop IDs": "207", "Borough": "Bx", "CBD": "false", "Daytime Routes": "2 5", "Structure Type": "Elevated", "Latitude": "40.883895", "Longitude": "-73.862633", "ADA": "0", "ADA Notes": "" }, "geometry": { "type": "Point", "coordinates": [ 1022234.139950541313738, 261334.620429532136768 ] } },
{ "type": "Feature", "properties": { "Complex ID": "421", "Is Complex": "false", "Number Of Stations In Complex": "1", "Stop Name": "Gun Hill Rd", "Display Name": "Gun Hill Rd (2,5)", "Constituent Station Names": "Gun Hill Rd", "Station IDs": "421", "GTFS Stop IDs": "208", "Borough": "Bx", "CBD": "false", "Daytime Routes": "2 5", "Structure Type": "Elevated", "Latitude": "40.87785", "Longitude": "-73.866256", "ADA": "1", "ADA Notes": "" }, "geometry": { "type": "Point", "coordinates": [ 1021235.685747251962312, 259130.638918482261943 ] } },
{ "type": "Feature", "properties": { "Complex ID": "422", "Is Complex": "false", "Number Of Stations In Complex": "1", "Stop Name": "Burke Av", "Display Name": "Burke Av (2,5)", "Constituent Station Names": "Burke Av", "Station IDs": "422", "GTFS Stop IDs": "209", "Borough": "Bx", "CBD": "false", "Daytime Routes": "2 5", "Structure Type": "Elevated", "Latitude": "40.871356", "Longitude": "-73.867164", "ADA": "0", "ADA Notes": "" }, "geometry": { "type": "Point", "coordinates": [ 1020988.175202688435093, 256764.241743506398052 ] } },
{ "type": "Feature", "properties": { "Complex ID": "423", "Is Complex": "false", "Number Of Stations In Complex": "1", "Stop Name": "Allerton Av", "Display Name": "Allerton Av (2,5)", "Constituent Station Names": "Allerton Av", "Station IDs": "423", "GTFS Stop IDs": "210", "Borough": "Bx", "CBD": "false", "Daytime Routes": "2 5", "Structure Type": "Elevated", "Latitude": "40.865462", "Longitude": "-73.867352", "ADA": "0", "ADA Notes": "" }, "geometry": { "type": "Point", "coordinates": [ 1020939.433079701615497, 254616.753809381247265 ] } },
{ "type": "Feature", "properties": { "Complex ID": "424", "Is Complex": "false", "Number Of Stations In Complex": "1", "Stop Name": "Pelham Pkwy", "Display Name": "Pelham Pkwy (2,5)", "Constituent Station Names": "Pelham Pkwy", "Station IDs": "424", "GTFS Stop IDs": "211", "Borough": "Bx", "CBD": "false", "Daytime Routes": "2 5", "Structure Type": "Elevated", "Latitude": "40.857192", "Longitude": "-73.867615", "ADA": "1", "ADA Notes": "" }, "geometry": { "type": "Point", "coordinates": [ 1020871.2440717240097, 251603.570938795193797 ] } },
{ "type": "Feature", "properties": { "Complex ID": "425", "Is Complex": "false", "Number Of Stations In Complex": "1", "Stop Name": "Bronx Park East", "Display Name": "Bronx Park East (2,5)", "Constituent Station Names": "Bronx Park East", "Station IDs": "425", "GTFS Stop IDs": "212", "Borough": "Bx", "CBD": "false", "Daytime Routes": "2 5", "Structure Type": "Elevated", "Latitude": "40.848828", "Longitude": "-73.868457", "ADA": "0", "ADA Notes": "" }, "geometry": { "type": "Point", "coordinates": [ 1020642.901326363091357, 248555.903588421468157 ] } },
{ "type": "Feature", "properties": { "Complex ID": "426", "Is Complex": "false", "Number Of Stations In Complex": "1", "Stop Name": "E 180 St", "Display Name": "E 180 St (2,5)", "Constituent Station Names": "E 180 St", "Station IDs": "426", "GTFS Stop IDs": "213", "Borough": "Bx", "CBD": "false", "Daytime Routes": "2 5", "Structure Type": "Elevated", "Latitude": "40.841894", "Longitude": "-73.873488", "ADA": "1", "ADA Notes": "" }, "geometry": { "type": "Point", "coordinates": [ 1019254.664326881291345, 246027.539972825645236 ] } },
{ "type": "Feature", "properties": { "Complex ID": "427", "Is Complex": "false", "Number Of Stations In Complex": "1", "Stop Name": "West Farms Sq-E Tremont Av", "Display Name": "West Farms Sq-E Tremont Av (2,5)", "Constituent Station Names": "West Farms Sq-E Tremont Av", "Station IDs": "427", "GTFS Stop IDs": "214", "Borough": "Bx", "CBD": "false", "Daytime Routes": "2 5", "Structure Type": "Elevated", "Latitude": "40.840295", "Longitude": "-73.880049", "ADA": "0", "ADA Notes": "" }, "geometry": { "type": "Point", "coordinates": [ 1017440.073365864111111, 245442.435159345710417 ] } },
{ "type": "Feature", "properties": { "Complex ID": "428", "Is Complex": "false", "Number Of Stations In Complex": "1", "Stop Name": "174 St", "Display Name": "174 St (2,5)", "Constituent Station Names": "174 St", "Station IDs": "428", "GTFS Stop IDs": "215", "Borough": "Bx", "CBD": "false", "Daytime Routes": "2 5", "Structure Type": "Elevated", "Latitude": "40.837288", "Longitude": "-73.887734", "ADA": "0", "ADA Notes": "" }, "geometry": { "type": "Point", "coordinates": [ 1015315.057932274998166, 244344.051785345887765 ] } },
{ "type": "Feature", "properties": { "Complex ID": "429", "Is Complex": "false", "Number Of Stations In Complex": "1", "Stop Name": "Freeman St", "Display Name": "Freeman St (2,5)", "Constituent Station Names": "Freeman St", "Station IDs": "429", "GTFS Stop IDs": "216", "Borough": "Bx", "CBD": "false", "Daytime Routes": "2 5", "Structure Type": "Elevated", "Latitude": "40.829993", "Longitude": "-73.891865", "ADA": "0", "ADA Notes": "" }, "geometry": { "type": "Point", "coordinates": [ 1014175.250350845395587, 241684.780038420954952 ] } },
{ "type": "Feature", "properties": { "Complex ID": "430", "Is Complex": "false", "Number Of Stations In Complex": "1", "Stop Name": "Simpson St", "Display Name": "Simpson St (2,5)", "Constituent Station Names": "Simpson St", "Station IDs": "430", "GTFS Stop IDs": "217", "Borough": "Bx", "CBD": "false", "Daytime Routes": "2 5", "Structure Type": "Elevated", "Latitude": "40.824073", "Longitude": "-73.893064", "ADA": "1", "ADA Notes": "" }, "geometry": { "type": "Point", "coordinates": [ 1013846.07194659288507, 239527.505480012565386 ] } },
{ "type": "Feature", "properties": { "Complex ID": "431", "Is Complex": "false", "Number Of Stations In Complex": "1", "Stop Name": "Intervale Av", "Display Name": "Intervale Av (2,5)", "Constituent Station Names": "Intervale Av", "Station IDs": "431", "GTFS Stop IDs": "218", "Borough": "Bx", "CBD": "false", "Daytime Routes": "2 5", "Structure Type": "Elevated", "Latitude": "40.822181", "Longitude": "-73.896736", "ADA": "0", "ADA Notes": "" }, "geometry": { "type": "Point", "coordinates": [ 1012830.603778457734734, 238836.960975914582377 ] } },
{ "type": "Feature", "properties": { "Complex ID": "432", "Is Complex": "false", "Number Of Stations In Complex": "1", "Stop Name": "Prospect Av", "Display Name": "Prospect Av (2,5)", "Constituent Station Names": "Prospect Av", "Station IDs": "432", "GTFS Stop IDs": "219", "Borough": "Bx", "CBD": "false", "Daytime Routes": "2 5", "Structure Type": "Elevated", "Latitude": "40.819585", "Longitude": "-73.90177", "ADA": "0", "ADA Notes": "" }, "geometry": { "type": "Point", "coordinates": [ 1011438.39010295458138, 237889.540604618872749 ] } },
{ "type": "Feature", "properties": { "Complex ID": "433", "Is Complex": "false", "Number Of Stations In Complex": "1", "Stop Name": "Jackson Av", "Display Name": "Jackson Av (2,5)", "Constituent Station Names": "Jackson Av", "Station IDs": "433", "GTFS Stop IDs": "220", "Borough": "Bx", "CBD": "false", "Daytime Routes": "2 5", "Structure Type": "Elevated", "Latitude": "40.81649", "Longitude": "-73.907807", "ADA": "0", "ADA Notes": "" }, "geometry": { "type": "Point", "coordinates": [ 1009768.634150374913588, 236760.102914600400254 ] } },
{ "type": "Feature", "properties": { "Complex ID": "434", "Is Complex": "false", "Number Of Stations In Complex": "1", "Stop Name": "3 Av-149 St", "Display Name": "3 Av-149 St (2,5)", "Constituent Station Names": "3 Av-149 St", "Station IDs": "434", "GTFS Stop IDs": "221", "Borough": "Bx", "CBD": "false", "Daytime Routes": "2 5", "Structure Type": "Subway", "Latitude": "40.816109", "Longitude": "-73.917757", "ADA": "1", "ADA Notes": "" }, "geometry": { "type": "Point", "coordinates": [ 1007014.63895518949721, 236618.541633808694314 ] } },
{ "type": "Feature", "properties": { "Complex ID": "436", "Is Complex": "false", "Number Of Stations In Complex": "1", "Stop Name": "Harlem-148 St", "Display Name": "Harlem-148 St (3)", "Constituent Station Names": "Harlem-148 St", "Station IDs": "436", "GTFS Stop IDs": "301", "Borough": "M", "CBD": "false", "Daytime Routes": "3", "Structure Type": "Subway", "Latitude": "40.82388", "Longitude": "-73.93647", "ADA": "1", "ADA Notes": "" }, "geometry": { "type": "Point", "coordinates": [ 1001832.861452328623272, 239445.467086138261948 ] } },
{ "type": "Feature", "properties": { "Complex ID": "437", "Is Complex": "false", "Number Of Stations In Complex": "1", "Stop Name": "145 St", "Display Name": "145 St (3)", "Constituent Station Names": "145 St", "Station IDs": "437", "GTFS Stop IDs": "302", "Borough": "M", "CBD": "false", "Daytime Routes": "3", "Structure Type": "Subway", "Latitude": "40.820421", "Longitude": "-73.936245", "ADA": "0", "ADA Notes": "" }, "geometry": { "type": "Point", "coordinates": [ 1001896.051056035561487, 238185.276381047413452 ] } },
{ "type": "Feature", "properties": { "Complex ID": "438", "Is Complex": "false", "Number Of Stations In Complex": "1", "Stop Name": "135 St", "Display Name": "135 St (2,3)", "Constituent Station Names": "135 St", "Station IDs": "438", "GTFS Stop IDs": "224", "Borough": "M", "CBD": "false", "Daytime Routes": "2 3", "Structure Type": "Subway", "Latitude": "40.814229", "Longitude": "-73.94077", "ADA": "1", "ADA Notes": "" }, "geometry": { "type": "Point", "coordinates": [ 1000645.145902975113131, 235928.430771411251044 ] } },
{ "type": "Feature", "properties": { "Complex ID": "439", "Is Complex": "false", "Number Of Stations In Complex": "1", "Stop Name": "125 St", "Display Name": "125 St (2,3)", "Constituent Station Names": "125 St", "Station IDs": "439", "GTFS Stop IDs": "225", "Borough": "M", "CBD": "false", "Daytime Routes": "2 3", "Structure Type": "Subway", "Latitude": "40.807754", "Longitude": "-73.945495", "ADA": "0", "ADA Notes": "" }, "geometry": { "type": "Point", "coordinates": [ 999338.70541959872935, 233568.510659070481779 ] } },
{ "type": "Feature", "properties": { "Complex ID": "440", "Is Complex": "false", "Number Of Stations In Complex": "1", "Stop Name": "116 St", "Display Name": "116 St (2,3)", "Constituent Station Names": "116 St", "Station IDs": "440", "GTFS Stop IDs": "226", "Borough": "M", "CBD": "false", "Daytime Routes": "2 3", "Structure Type": "Subway", "Latitude": "40.802098", "Longitude": "-73.949625", "ADA": "0", "ADA Notes": "" }, "geometry": { "type": "Point", "coordinates": [ 998196.570408411324024, 231507.147761159343645 ] } },
{ "type": "Feature", "properties": { "Complex ID": "441", "Is Complex": "false", "Number Of Stations In Complex": "1", "Stop Name": "110 St-Malcolm X Plaza", "Display Name": "110 St-Malcolm X Plaza (2,3)", "Constituent Station Names": "110 St-Malcolm X Plaza", "Station IDs": "441", "GTFS Stop IDs": "227", "Borough": "M", "CBD": "false", "Daytime Routes": "2 3", "Structure Type": "Subway", "Latitude": "40.799075", "Longitude": "-73.951822", "ADA": "0", "ADA Notes": "" }, "geometry": { "type": "Point", "coordinates": [ 997588.922485382994637, 230405.421819370531011 ] } },
{ "type": "Feature", "properties": { "Complex ID": "442", "Is Complex": "false", "Number Of Stations In Complex": "1", "Stop Name": "Eastchester-Dyre Av", "Display Name": "Eastchester-Dyre Av (5)", "Constituent Station Names": "Eastchester-Dyre Av", "Station IDs": "442", "GTFS Stop IDs": "501", "Borough": "Bx", "CBD": "false", "Daytime Routes": "5", "Structure Type": "At Grade", "Latitude": "40.8883", "Longitude": "-73.830834", "ADA": "0", "ADA Notes": "" }, "geometry": { "type": "Point", "coordinates": [ 1031023.972097313497216, 262954.938034829450771 ] } },
{ "type": "Feature", "properties": { "Complex ID": "443", "Is Complex": "false", "Number Of Stations In Complex": "1", "Stop Name": "Baychester Av", "Display Name": "Baychester Av (5)", "Constituent Station Names": "Baychester Av", "Station IDs": "443", "GTFS Stop IDs": "502", "Borough": "Bx", "CBD": "false", "Daytime Routes": "5", "Structure Type": "Open Cut", "Latitude": "40.878663", "Longitude": "-73.838591", "ADA": "0", "ADA Notes": "" }, "geometry": { "type": "Point", "coordinates": [ 1028885.651658134767786, 259439.751514269213658 ] } },
{ "type": "Feature", "properties": { "Complex ID": "444", "Is Complex": "false", "Number Of Stations In Complex": "1", "Stop Name": "Gun Hill Rd", "Display Name": "Gun Hill Rd (5)", "Constituent Station Names": "Gun Hill Rd", "Station IDs": "444", "GTFS Stop IDs": "503", "Borough": "Bx", "CBD": "false", "Daytime Routes": "5", "Structure Type": "Open Cut", "Latitude": "40.869526", "Longitude": "-73.846384", "ADA": "1", "ADA Notes": "" }, "geometry": { "type": "Point", "coordinates": [ 1026736.432485450292006, 256106.911760727962246 ] } },
{ "type": "Feature", "properties": { "Complex ID": "445", "Is Complex": "false", "Number Of Stations In Complex": "1", "Stop Name": "Pelham Pkwy", "Display Name": "Pelham Pkwy (5)", "Constituent Station Names": "Pelham Pkwy", "Station IDs": "445", "GTFS Stop IDs": "504", "Borough": "Bx", "CBD": "false", "Daytime Routes": "5", "Structure Type": "Open Cut", "Latitude": "40.858985", "Longitude": "-73.855359", "ADA": "0", "ADA Notes": "" }, "geometry": { "type": "Point", "coordinates": [ 1024260.507799899438396, 252262.195770167571027 ] } },
{ "type": "Feature", "properties": { "Complex ID": "446", "Is Complex": "false", "Number Of Stations In Complex": "1", "Stop Name": "Morris Park", "Display Name": "Morris Park (5)", "Constituent Station Names": "Morris Park", "Station IDs": "446", "GTFS Stop IDs": "505", "Borough": "Bx", "CBD": "false", "Daytime Routes": "5", "Structure Type": "Open Cut", "Latitude": "40.854364", "Longitude": "-73.860495", "ADA": "0", "ADA Notes": "" }, "geometry": { "type": "Point", "coordinates": [ 1022842.471026308601722, 250576.2857254332921 ] } },
{ "type": "Feature", "properties": { "Complex ID": "447", "Is Complex": "false", "Number Of Stations In Complex": "1", "Stop Name": "Flushing-Main St", "Display Name": "Flushing-Main St (7)", "Constituent Station Names": "Flushing-Main St", "Station IDs": "447", "GTFS Stop IDs": "701", "Borough": "Q", "CBD": "false", "Daytime Routes": "7", "Structure Type": "Subway", "Latitude": "40.7596", "Longitude": "-73.83003", "ADA": "1", "ADA Notes": "" }, "geometry": { "type": "Point", "coordinates": [ 1031337.284840870066546, 216065.427263744641095 ] } },
{ "type": "Feature", "properties": { "Complex ID": "448", "Is Complex": "false", "Number Of Stations In Complex": "1", "Stop Name": "Mets-Willets Point", "Display Name": "Mets-Willets Point (7)", "Constituent Station Names": "Mets-Willets Point", "Station IDs": "448", "GTFS Stop IDs": "702", "Borough": "Q", "CBD": "false", "Daytime Routes": "7", "Structure Type": "Elevated", "Latitude": "40.754622", "Longitude": "-73.845625", "ADA": "0", "ADA Notes": "" }, "geometry": { "type": "Point", "coordinates": [ 1027020.151279323617928, 214243.780411516869208 ] } },
{ "type": "Feature", "properties": { "Complex ID": "449", "Is Complex": "false", "Number Of Stations In Complex": "1", "Stop Name": "111 St", "Display Name": "111 St (7)", "Constituent Station Names": "111 St", "Station IDs": "449", "GTFS Stop IDs": "705", "Borough": "Q", "CBD": "false", "Daytime Routes": "7", "Structure Type": "Elevated", "Latitude": "40.75173", "Longitude": "-73.855334", "ADA": "0", "ADA Notes": "" }, "geometry": { "type": "Point", "coordinates": [ 1024331.976031437749043, 213185.538894076133147 ] } },
{ "type": "Feature", "properties": { "Complex ID": "450", "Is Complex": "false", "Number Of Stations In Complex": "1", "Stop Name": "103 St-Corona Plaza", "Display Name": "103 St-Corona Plaza (7)", "Constituent Station Names": "103 St-Corona Plaza", "Station IDs": "450", "GTFS Stop IDs": "706", "Borough": "Q", "CBD": "false", "Daytime Routes": "7", "Structure Type": "Elevated", "Latitude": "40.749865", "Longitude": "-73.8627", "ADA": "0", "ADA Notes": "" }, "geometry": { "type": "Point", "coordinates": [ 1022292.173766189720482, 212502.773404645704431 ] } },
{ "type": "Feature", "properties": { "Complex ID": "451", "Is Complex": "false", "Number Of Stations In Complex": "1", "Stop Name": "Junction Blvd", "Display Name": "Junction Blvd (7)", "Constituent Station Names": "Junction Blvd", "Station IDs": "451", "GTFS Stop IDs": "707", "Borough": "Q", "CBD": "false", "Daytime Routes": "7", "Structure Type": "Elevated", "Latitude": "40.749145", "Longitude": "-73.869527", "ADA": "1", "ADA Notes": "" }, "geometry": { "type": "Point", "coordinates": [ 1020400.98249123559799, 212237.560298342723399 ] } },
{ "type": "Feature", "properties": { "Complex ID": "452", "Is Complex": "false", "Number Of Stations In Complex": "1", "Stop Name": "90 St-Elmhurst Av", "Display Name": "90 St-Elmhurst Av (7)", "Constituent Station Names": "90 St-Elmhurst Av", "Station IDs": "452", "GTFS Stop IDs": "708", "Borough": "Q", "CBD": "false", "Daytime Routes": "7", "Structure Type": "Elevated", "Latitude": "40.748408", "Longitude": "-73.876613", "ADA": "0", "ADA Notes": "" }, "geometry": { "type": "Point", "coordinates": [ 1018437.99520216754172, 211966.199615145975258 ] } },
{ "type": "Feature", "properties": { "Complex ID": "453", "Is Complex": "false", "Number Of Stations In Complex": "1", "Stop Name": "82 St-Jackson Hts", "Display Name": "82 St-Jackson Hts (7)", "Constituent Station Names": "82 St-Jackson Hts", "Station IDs": "453", "GTFS Stop IDs": "709", "Borough": "Q", "CBD": "false", "Daytime Routes": "7", "Structure Type": "Elevated", "Latitude": "40.747659", "Longitude": "-73.883697", "ADA": "0", "ADA Notes": "" }, "geometry": { "type": "Point", "coordinates": [ 1016475.496332679176703, 211690.66283319197828 ] } },
{ "type": "Feature", "properties": { "Complex ID": "455", "Is Complex": "false", "Number Of Stations In Complex": "1", "Stop Name": "69 St", "Display Name": "69 St (7)", "Constituent Station Names": "69 St", "Station IDs": "455", "GTFS Stop IDs": "711", "Borough": "Q", "CBD": "false", "Daytime Routes": "7", "Structure Type": "Elevated", "Latitude": "40.746325", "Longitude": "-73.896403", "ADA": "0", "ADA Notes": "" }, "geometry": { "type": "Point", "coordinates": [ 1012955.45860302564688, 211200.214903250074713 ] } },
{ "type": "Feature", "properties": { "Complex ID": "456", "Is Complex": "false", "Number Of Stations In Complex": "1", "Stop Name": "61 St-Woodside", "Display Name": "61 St-Woodside (7)", "Constituent Station Names": "61 St-Woodside", "Station IDs": "456", "GTFS Stop IDs": "712", "Borough": "Q", "CBD": "false", "Daytime Routes": "7", "Structure Type": "Elevated", "Latitude": "40.74563", "Longitude": "-73.902984", "ADA": "1", "ADA Notes": "" }, "geometry": { "type": "Point", "coordinates": [ 1011132.22117863362655, 210944.910888615151634 ] } },
{ "type": "Feature", "properties": { "Complex ID": "457", "Is Complex": "false", "Number Of Stations In Complex": "1", "Stop Name": "52 St", "Display Name": "52 St (7)", "Constituent Station Names": "52 St", "Station IDs": "457", "GTFS Stop IDs": "713", "Borough": "Q", "CBD": "false", "Daytime Routes": "7", "Structure Type": "Elevated", "Latitude": "40.744149", "Longitude": "-73.912549", "ADA": "0", "ADA Notes": "" }, "geometry": { "type": "Point", "coordinates": [ 1008482.38303839310538, 210402.536748809885466 ] } },
{ "type": "Feature", "properties": { "Complex ID": "458", "Is Complex": "false", "Number Of Stations In Complex": "1", "Stop Name": "46 St-Bliss St", "Display Name": "46 St-Bliss St (7)", "Constituent Station Names": "46 St-Bliss St", "Station IDs": "458", "GTFS Stop IDs": "714", "Borough": "Q", "CBD": "false", "Daytime Routes": "7", "Structure Type": "Elevated", "Latitude": "40.743132", "Longitude": "-73.918435", "ADA": "0", "ADA Notes": "" }, "geometry": { "type": "Point", "coordinates": [ 1006851.733238026150502, 210030.432819246256258 ] } },
{ "type": "Feature", "properties": { "Complex ID": "459", "Is Complex": "false", "Number Of Stations In Complex": "1", "Stop Name": "40 St-Lowery St", "Display Name": "40 St-Lowery St (7)", "Constituent Station Names": "40 St-Lowery St", "Station IDs": "459", "GTFS Stop IDs": "715", "Borough": "Q", "CBD": "false", "Daytime Routes": "7", "Structure Type": "Elevated", "Latitude": "40.743781", "Longitude": "-73.924016", "ADA": "0", "ADA Notes": "" }, "geometry": { "type": "Point", "coordinates": [ 1005305.023146173916757, 210265.489875089930138 ] } },
{ "type": "Feature", "properties": { "Complex ID": "460", "Is Complex": "false", "Number Of Stations In Complex": "1", "Stop Name": "33 St-Rawson St", "Display Name": "33 St-Rawson St (7)", "Constituent Station Names": "33 St-Rawson St", "Station IDs": "460", "GTFS Stop IDs": "716", "Borough": "Q", "CBD": "false", "Daytime Routes": "7", "Structure Type": "Elevated", "Latitude": "40.744587", "Longitude": "-73.930997", "ADA": "0", "ADA Notes": "" }, "geometry": { "type": "Point", "coordinates": [ 1003370.363084275624715, 210557.536028620146681 ] } },
{ "type": "Feature", "properties": { "Complex ID": "461", "Is Complex": "false", "Number Of Stations In Complex": "2", "Stop Name": "Queensboro Plaza", "Display Name": "Queensboro Plaza (7,N,W)", "Constituent Station Names": "Queensboro Plaza", "Station IDs": "461", "GTFS Stop IDs": "718; R09", "Borough": "Q", "CBD": "false", "Daytime Routes": "7 N W", "Structure Type": "Elevated", "Latitude": "40.750582", "Longitude": "-73.940202", "ADA": "1", "ADA Notes": "" }, "geometry": { "type": "Point", "coordinates": [ 1000818.20245743135456, 212739.828440571669489 ] } },
{ "type": "Feature", "properties": { "Complex ID": "463", "Is Complex": "false", "Number Of Stations In Complex": "1", "Stop Name": "Hunters Point Av", "Display Name": "Hunters Point Av (7)", "Constituent Station Names": "Hunters Point Av", "Station IDs": "463", "GTFS Stop IDs": "720", "Borough": "Q", "CBD": "false", "Daytime Routes": "7", "Structure Type": "Subway", "Latitude": "40.742216", "Longitude": "-73.948916", "ADA": "0", "ADA Notes": "" }, "geometry": { "type": "Point", "coordinates": [ 998405.591010224656202, 209690.286997456016252 ] } },
{ "type": "Feature", "properties": { "Complex ID": "464", "Is Complex": "false", "Number Of Stations In Complex": "1", "Stop Name": "Vernon Blvd-Jackson Av", "Display Name": "Vernon Blvd-Jackson Av (7)", "Constituent Station Names": "Vernon Blvd-Jackson Av", "Station IDs": "464", "GTFS Stop IDs": "721", "Borough": "Q", "CBD": "false", "Daytime Routes": "7", "Structure Type": "Subway", "Latitude": "40.742626", "Longitude": "-73.953581", "ADA": "0", "ADA Notes": "" }, "geometry": { "type": "Point", "coordinates": [ 997112.814084103796631, 209838.940546608384466 ] } },
{ "type": "Feature", "properties": { "Complex ID": "471", "Is Complex": "false", "Number Of Stations In Complex": "1", "Stop Name": "34 St-Hudson Yards", "Display Name": "34 St-Hudson Yards (7)", "Constituent Station Names": "34 St-Hudson Yards", "Station IDs": "471", "GTFS Stop IDs": "726", "Borough": "M", "CBD": "true", "Daytime Routes": "7", "Structure Type": "Subway", "Latitude": "40.755882", "Longitude": "-74.00191", "ADA": "1", "ADA Notes": "" }, "geometry": { "type": "Point", "coordinates": [ 983720.760078465682454, 214665.090863189165248 ] } },
{ "type": "Feature", "properties": { "Complex ID": "475", "Is Complex": "false", "Number Of Stations In Complex": "1", "Stop Name": "96 St", "Display Name": "96 St (Q)", "Constituent Station Names": "96 St", "Station IDs": "475", "GTFS Stop IDs": "Q05", "Borough": "M", "CBD": "false", "Daytime Routes": "Q", "Structure Type": "Subway", "Latitude": "40.784318", "Longitude": "-73.947152", "ADA": "1", "ADA Notes": "" }, "geometry": { "type": "Point", "coordinates": [ 998885.144890790805221, 225029.699443449469982 ] } },
{ "type": "Feature", "properties": { "Complex ID": "476", "Is Complex": "false", "Number Of Stations In Complex": "1", "Stop Name": "86 St", "Display Name": "86 St (Q)", "Constituent Station Names": "86 St", "Station IDs": "476", "GTFS Stop IDs": "Q04", "Borough": "M", "CBD": "false", "Daytime Routes": "Q", "Structure Type": "Subway", "Latitude": "40.777891", "Longitude": "-73.951787", "ADA": "1", "ADA Notes": "" }, "geometry": { "type": "Point", "coordinates": [ 997602.861138486070558, 222687.387107161717722 ] } },
{ "type": "Feature", "properties": { "Complex ID": "477", "Is Complex": "false", "Number Of Stations In Complex": "1", "Stop Name": "72 St", "Display Name": "72 St (Q)", "Constituent Station Names": "72 St", "Station IDs": "477", "GTFS Stop IDs": "Q03", "Borough": "M", "CBD": "false", "Daytime Routes": "Q", "Structure Type": "Subway", "Latitude": "40.768799", "Longitude": "-73.958424", "ADA": "1", "ADA Notes": "" }, "geometry": { "type": "Point", "coordinates": [ 995766.268579110736027, 219373.927883370488416 ] } },
{ "type": "Feature", "properties": { "Complex ID": "501", "Is Complex": "false", "Number Of Stations In Complex": "1", "Stop Name": "St George", "Display Name": "St George (SIR)", "Constituent Station Names": "St George", "Station IDs": "501", "GTFS Stop IDs": "S31", "Borough": "SI", "CBD": "false", "Daytime Routes": "SIR", "Structure Type": "Open Cut", "Latitude": "40.643748", "Longitude": "-74.073643", "ADA": "1", "ADA Notes": "" }, "geometry": { "type": "Point", "coordinates": [ 963812.986845004023053, 173819.805855598766357 ] } },
{ "type": "Feature", "properties": { "Complex ID": "502", "Is Complex": "false", "Number Of Stations In Complex": "1", "Stop Name": "Tompkinsville", "Display Name": "Tompkinsville (SIR)", "Constituent Station Names": "Tompkinsville", "Station IDs": "502", "GTFS Stop IDs": "S30", "Borough": "SI", "CBD": "false", "Daytime Routes": "SIR", "Structure Type": "At Grade", "Latitude": "40.636949", "Longitude": "-74.074835", "ADA": "0", "ADA Notes": "" }, "geometry": { "type": "Point", "coordinates": [ 963480.079826300148852, 171343.024032072426053 ] } },
{ "type": "Feature", "properties": { "Complex ID": "503", "Is Complex": "false", "Number Of Stations In Complex": "1", "Stop Name": "Stapleton", "Display Name": "Stapleton (SIR)", "Constituent Station Names": "Stapleton", "Station IDs": "503", "GTFS Stop IDs": "S29", "Borough": "SI", "CBD": "false", "Daytime Routes": "SIR", "Structure Type": "Elevated", "Latitude": "40.627915", "Longitude": "-74.075162", "ADA": "0", "ADA Notes": "" }, "geometry": { "type": "Point", "coordinates": [ 963386.507982763112523, 168051.77127710802597 ] } },
{ "type": "Feature", "properties": { "Complex ID": "504", "Is Complex": "false", "Number Of Stations In Complex": "1", "Stop Name": "Clifton", "Display Name": "Clifton (SIR)", "Constituent Station Names": "Clifton", "Station IDs": "504", "GTFS Stop IDs": "S28", "Borough": "SI", "CBD": "false", "Daytime Routes": "SIR", "Structure Type": "Elevated", "Latitude": "40.621319", "Longitude": "-74.071402", "ADA": "0", "ADA Notes": "" }, "geometry": { "type": "Point", "coordinates": [ 964428.257959679001942, 165647.800410264579114 ] } },
{ "type": "Feature", "properties": { "Complex ID": "505", "Is Complex": "false", "Number Of Stations In Complex": "1", "Stop Name": "Grasmere", "Display Name": "Grasmere (SIR)", "Constituent Station Names": "Grasmere", "Station IDs": "505", "GTFS Stop IDs": "S27", "Borough": "SI", "CBD": "false", "Daytime Routes": "SIR", "Structure Type": "Open Cut", "Latitude": "40.603117", "Longitude": "-74.084087", "ADA": "0", "ADA Notes": "" }, "geometry": { "type": "Point", "coordinates": [ 960900.454972269479185, 159019.456298898119712 ] } },
{ "type": "Feature", "properties": { "Complex ID": "506", "Is Complex": "false", "Number Of Stations In Complex": "1", "Stop Name": "Old Town", "Display Name": "Old Town (SIR)", "Constituent Station Names": "Old Town", "Station IDs": "506", "GTFS Stop IDs": "S26", "Borough": "SI", "CBD": "false", "Daytime Routes": "SIR", "Structure Type": "Embankment", "Latitude": "40.596612", "Longitude": "-74.087368", "ADA": "0", "ADA Notes": "" }, "geometry": { "type": "Point", "coordinates": [ 959987.018353210878558, 156650.408550300518982 ] } },
{ "type": "Feature", "properties": { "Complex ID": "507", "Is Complex": "false", "Number Of Stations In Complex": "1", "Stop Name": "Dongan Hills", "Display Name": "Dongan Hills (SIR)", "Constituent Station Names": "Dongan Hills", "Station IDs": "507", "GTFS Stop IDs": "S25", "Borough": "SI", "CBD": "false", "Daytime Routes": "SIR", "Structure Type": "Embankment", "Latitude": "40.588849", "Longitude": "-74.09609", "ADA": "1", "ADA Notes": "" }, "geometry": { "type": "Point", "coordinates": [ 957561.733117983327247, 153824.685519122227561 ] } },
{ "type": "Feature", "properties": { "Complex ID": "508", "Is Complex": "false", "Number Of Stations In Complex": "1", "Stop Name": "Jefferson Av", "Display Name": "Jefferson Av (SIR)", "Constituent Station Names": "Jefferson Av", "Station IDs": "508", "GTFS Stop IDs": "S24", "Borough": "SI", "CBD": "false", "Daytime Routes": "SIR", "Structure Type": "Embankment", "Latitude": "40.583591", "Longitude": "-74.103338", "ADA": "0", "ADA Notes": "" }, "geometry": { "type": "Point", "coordinates": [ 955546.399623474106193, 151911.35481024713954 ] } },
{ "type": "Feature", "properties": { "Complex ID": "509", "Is Complex": "false", "Number Of Stations In Complex": "1", "Stop Name": "Grant City", "Display Name": "Grant City (SIR)", "Constituent Station Names": "Grant City", "Station IDs": "509", "GTFS Stop IDs": "S23", "Borough": "SI", "CBD": "false", "Daytime Routes": "SIR", "Structure Type": "Open Cut", "Latitude": "40.578965", "Longitude": "-74.109704", "ADA": "0", "ADA Notes": "" }, "geometry": { "type": "Point", "coordinates": [ 953776.044823435950093, 150228.137691568757873 ] } },
{ "type": "Feature", "properties": { "Complex ID": "510", "Is Complex": "false", "Number Of Stations In Complex": "1", "Stop Name": "New Dorp", "Display Name": "New Dorp (SIR)", "Constituent Station Names": "New Dorp", "Station IDs": "510", "GTFS Stop IDs": "S22", "Borough": "SI", "CBD": "false", "Daytime Routes": "SIR", "Structure Type": "Open Cut", "Latitude": "40.57348", "Longitude": "-74.11721", "ADA": "1", "ADA Notes": "" }, "geometry": { "type": "Point", "coordinates": [ 951688.332228602492251, 148232.517359308345476 ] } },
{ "type": "Feature", "properties": { "Complex ID": "511", "Is Complex": "false", "Number Of Stations In Complex": "1", "Stop Name": "Oakwood Heights", "Display Name": "Oakwood Heights (SIR)", "Constituent Station Names": "Oakwood Heights", "Station IDs": "511", "GTFS Stop IDs": "S21", "Borough": "SI", "CBD": "false", "Daytime Routes": "SIR", "Structure Type": "Open Cut", "Latitude": "40.56511", "Longitude": "-74.12632", "ADA": "0", "ADA Notes": "" }, "geometry": { "type": "Point", "coordinates": [ 949153.127044303808361, 145186.641068474884378 ] } },
{ "type": "Feature", "properties": { "Complex ID": "512", "Is Complex": "false", "Number Of Stations In Complex": "1", "Stop Name": "Bay Terrace", "Display Name": "Bay Terrace (SIR)", "Constituent Station Names": "Bay Terrace", "Station IDs": "512", "GTFS Stop IDs": "S20", "Borough": "SI", "CBD": "false", "Daytime Routes": "SIR", "Structure Type": "Embankment", "Latitude": "40.5564", "Longitude": "-74.136907", "ADA": "0", "ADA Notes": "" }, "geometry": { "type": "Point", "coordinates": [ 946206.67237808322534, 142017.800079913024092 ] } },
{ "type": "Feature", "properties": { "Complex ID": "513", "Is Complex": "false", "Number Of Stations In Complex": "1", "Stop Name": "Great Kills", "Display Name": "Great Kills (SIR)", "Constituent Station Names": "Great Kills", "Station IDs": "513", "GTFS Stop IDs": "S19", "Borough": "SI", "CBD": "false", "Daytime Routes": "SIR", "Structure Type": "Open Cut", "Latitude": "40.551231", "Longitude": "-74.151399", "ADA": "1", "ADA Notes": "" }, "geometry": { "type": "Point", "coordinates": [ 942176.424807835021056, 140141.239836683642352 ] } },
{ "type": "Feature", "properties": { "Complex ID": "514", "Is Complex": "false", "Number Of Stations In Complex": "1", "Stop Name": "Eltingville", "Display Name": "Eltingville (SIR)", "Constituent Station Names": "Eltingville", "Station IDs": "514", "GTFS Stop IDs": "S18", "Borough": "SI", "CBD": "false", "Daytime Routes": "SIR", "Structure Type": "Embankment", "Latitude": "40.544601", "Longitude": "-74.16457", "ADA": "0", "ADA Notes": "" }, "geometry": { "type": "Point", "coordinates": [ 938511.690190019202419, 137732.380194457247853 ] } },
{ "type": "Feature", "properties": { "Complex ID": "515", "Is Complex": "false", "Number Of Stations In Complex": "1", "Stop Name": "Annadale", "Display Name": "Annadale (SIR)", "Constituent Station Names": "Annadale", "Station IDs": "515", "GTFS Stop IDs": "S17", "Borough": "SI", "CBD": "false", "Daytime Routes": "SIR", "Structure Type": "Open Cut", "Latitude": "40.54046", "Longitude": "-74.178217", "ADA": "0", "ADA Notes": "" }, "geometry": { "type": "Point", "coordinates": [ 934715.766460664803162, 136231.142492678220151 ] } },
{ "type": "Feature", "properties": { "Complex ID": "516", "Is Complex": "false", "Number Of Stations In Complex": "1", "Stop Name": "Huguenot", "Display Name": "Huguenot (SIR)", "Constituent Station Names": "Huguenot", "Station IDs": "516", "GTFS Stop IDs": "S16", "Borough": "SI", "CBD": "false", "Daytime Routes": "SIR", "Structure Type": "Open Cut", "Latitude": "40.533674", "Longitude": "-74.191794", "ADA": "0", "ADA Notes": "" }, "geometry": { "type": "Point", "coordinates": [ 930936.725085119833238, 133766.822862337139668 ] } },
{ "type": "Feature", "properties": { "Complex ID": "517", "Is Complex": "false", "Number Of Stations In Complex": "1", "Stop Name": "Prince's Bay", "Display Name": "Prince's Bay (SIR)", "Constituent Station Names": "Prince's Bay", "Station IDs": "517", "GTFS Stop IDs": "S15", "Borough": "SI", "CBD": "false", "Daytime Routes": "SIR", "Structure Type": "Open Cut", "Latitude": "40.525507", "Longitude": "-74.200064", "ADA": "0", "ADA Notes": "" }, "geometry": { "type": "Point", "coordinates": [ 928631.116168556152843, 130796.548397849153844 ] } },
{ "type": "Feature", "properties": { "Complex ID": "518", "Is Complex": "false", "Number Of Stations In Complex": "1", "Stop Name": "Pleasant Plains", "Display Name": "Pleasant Plains (SIR)", "Constituent Station Names": "Pleasant Plains", "Station IDs": "518", "GTFS Stop IDs": "S14", "Borough": "SI", "CBD": "false", "Daytime Routes": "SIR", "Structure Type": "Embankment", "Latitude": "40.52241", "Longitude": "-74.217847", "ADA": "0", "ADA Notes": "" }, "geometry": { "type": "Point", "coordinates": [ 923684.545276022632606, 129680.041410670848563 ] } },
{ "type": "Feature", "properties": { "Complex ID": "519", "Is Complex": "false", "Number Of Stations In Complex": "1", "Stop Name": "Richmond Valley", "Display Name": "Richmond Valley (SIR)", "Constituent Station Names": "Richmond Valley", "Station IDs": "519", "GTFS Stop IDs": "S13", "Borough": "SI", "CBD": "false", "Daytime Routes": "SIR", "Structure Type": "Open Cut", "Latitude": "40.519631", "Longitude": "-74.229141", "ADA": "0", "ADA Notes": "" }, "geometry": { "type": "Point", "coordinates": [ 920541.964292465243489, 128675.606462236246443 ] } },
{ "type": "Feature", "properties": { "Complex ID": "522", "Is Complex": "false", "Number Of Stations In Complex": "1", "Stop Name": "Tottenville", "Display Name": "Tottenville (SIR)", "Constituent Station Names": "Tottenville", "Station IDs": "522", "GTFS Stop IDs": "S09", "Borough": "SI", "CBD": "false", "Daytime Routes": "SIR", "Structure Type": "At Grade", "Latitude": "40.512764", "Longitude": "-74.251961", "ADA": "1", "ADA Notes": "" }, "geometry": { "type": "Point", "coordinates": [ 914190.141294903936796, 126191.244155980908545 ] } },
{ "type": "Feature", "properties": { "Complex ID": "523", "Is Complex": "false", "Number Of Stations In Complex": "1", "Stop Name": "Arthur Kill", "Display Name": "Arthur Kill (SIR)", "Constituent Station Names": "Arthur Kill", "Station IDs": "523", "GTFS Stop IDs": "S11", "Borough": "SI", "CBD": "false", "Daytime Routes": "SIR", "Structure Type": "At Grade", "Latitude": "40.516578", "Longitude": "-74.242096", "ADA": "1", "ADA Notes": "" }, "geometry": { "type": "Point", "coordinates": [ 916937.021801874157973, 127573.026145950061618 ] } },
{ "type": "Feature", "properties": { "Complex ID": "601", "Is Complex": "true", "Number Of Stations In Complex": "3", "Stop Name": "14 St/6 Av", "Display Name": "14 St/6 Av (1,2,3,L,F,M)", "Constituent Station Names": "14 St; 6 Av", "Station IDs": "116; 229; 322", "GTFS Stop IDs": "132; D19; L02", "Borough": "M", "CBD": "true", "Daytime Routes": "1 2 3 L F M", "Structure Type": "Subway", "Latitude": "40.73779633", "Longitude": "-73.997732", "ADA": "1", "ADA Notes": "" }, "geometry": { "type": "Point", "coordinates": [ 984878.4492903186474, 208075.90300506024505 ] } },
{ "type": "Feature", "properties": { "Complex ID": "602", "Is Complex": "true", "Number Of Stations In Complex": "3", "Stop Name": "14 St-Union Sq", "Display Name": "14 St-Union Sq (4,5,6,L,N,Q,R,W)", "Constituent Station Names": "14 St-Union Sq", "Station IDs": "15; 117; 406", "GTFS Stop IDs": "635; L03; R20", "Borough": "M", "CBD": "true", "Daytime Routes": "4 5 6 L N Q R W", "Structure Type": "Subway", "Latitude": "40.735066", "Longitude": "-73.99041633", "ADA": "2", "ADA Notes": "N Q R W accessible; L accessible; 4 5 6 not accessible" }, "geometry": { "type": "Point", "coordinates": [ 986905.907805542927235, 207081.298006854602136 ] } },
{ "type": "Feature", "properties": { "Complex ID": "603", "Is Complex": "true", "Number Of Stations In Complex": "2", "Stop Name": "149 St-Grand Concourse", "Display Name": "149 St-Grand Concourse (2,4,5)", "Constituent Station Names": "149 St-Grand Concourse", "Station IDs": "390; 435", "GTFS Stop IDs": "222; 415", "Borough": "Bx", "CBD": "false", "Daytime Routes": "2 4 5", "Structure Type": "Subway", "Latitude": "40.8183925", "Longitude": "-73.9270345", "ADA": "0", "ADA Notes": "" }, "geometry": { "type": "Point", "coordinates": [ 1004445.9510858025169, 237448.218780651484849 ] } },
{ "type": "Feature", "properties": { "Complex ID": "604", "Is Complex": "true", "Number Of Stations In Complex": "2", "Stop Name": "161 St-Yankee Stadium", "Display Name": "161 St-Yankee Stadium (4,B,D)", "Constituent Station Names": "161 St-Yankee Stadium", "Station IDs": "219; 389", "GTFS Stop IDs": "414; D11", "Borough": "Bx", "CBD": "false", "Daytime Routes": "4 B D", "Structure Type": "Elevated; Subway", "Latitude": "40.8279495", "Longitude": "-73.925741", "ADA": "1", "ADA Notes": "" }, "geometry": { "type": "Point", "coordinates": [ 1004801.025260767084546, 240930.474245961842826 ] } },
{ "type": "Feature", "properties": { "Complex ID": "605", "Is Complex": "true", "Number Of Stations In Complex": "2", "Stop Name": "168 St-Washington Hts", "Display Name": "168 St-Washington Hts (1,A,C)", "Constituent Station Names": "168 St; 168 St-Washington Hts", "Station IDs": "148; 302", "GTFS Stop IDs": "112; A09", "Borough": "M", "CBD": "false", "Daytime Routes": "1 A C", "Structure Type": "Subway", "Latitude": "40.8406375", "Longitude": "-73.939847", "ADA": "2", "ADA Notes": "A C accessible; 1 not accessible" }, "geometry": { "type": "Point", "coordinates": [ 1000894.030300406157039, 245550.165511649858672 ] } },
{ "type": "Feature", "properties": { "Complex ID": "606", "Is Complex": "true", "Number Of Stations In Complex": "3", "Stop Name": "Court Sq-23 St", "Display Name": "Court Sq-23 St (7,E,F,G)", "Constituent Station Names": "Court Sq; Court Sq-23 St", "Station IDs": "274; 281; 462", "GTFS Stop IDs": "719; F09; G22", "Borough": "Q", "CBD": "false", "Daytime Routes": "7 E F G", "Structure Type": "Elevated; Subway", "Latitude": "40.747141", "Longitude": "-73.945032", "ADA": "2", "ADA Notes": "E M Manhattan-bound only; G accessible; 7 accessible" }, "geometry": { "type": "Point", "coordinates": [ 999480.739469602121972, 211485.279731234186329 ] } },
{ "type": "Feature", "properties": { "Complex ID": "607", "Is Complex": "true", "Number Of Stations In Complex": "2", "Stop Name": "34 St-Herald Sq", "Display Name": "34 St-Herald Sq (B,D,F,M,N,Q,R,W)", "Constituent Station Names": "34 St-Herald Sq", "Station IDs": "12; 227", "GTFS Stop IDs": "D17; R17", "Borough": "M", "CBD": "true", "Daytime Routes": "B D F M N Q R W", "Structure Type": "Subway", "Latitude": "40.749643", "Longitude": "-73.9878865", "ADA": "1", "ADA Notes": "" }, "geometry": { "type": "Point", "coordinates": [ 987606.267943348386325, 212392.26301169526414 ] } },
{ "type": "Feature", "properties": { "Complex ID": "608", "Is Complex": "true", "Number Of Stations In Complex": "2", "Stop Name": "4 Av-9 St", "Display Name": "4 Av-9 St (F,G,R)", "Constituent Station Names": "4 Av-9 St", "Station IDs": "29; 239", "GTFS Stop IDs": "F23; R33", "Borough": "Bk", "CBD": "false", "Daytime Routes": "F G R", "Structure Type": "Subway; Viaduct", "Latitude": "40.6705595", "Longitude": "-73.9890405", "ADA": "0", "ADA Notes": "" }, "geometry": { "type": "Point", "coordinates": [ 987290.186929043964483, 183579.647043535718694 ] } },
{ "type": "Feature", "properties": { "Complex ID": "609", "Is Complex": "true", "Number Of Stations In Complex": "2", "Stop Name": "42 St-Bryant Pk/5 Av", "Display Name": "42 St-Bryant Pk/5 Av (7,B,D,F,M)", "Constituent Station Names": "42 St-Bryant Pk; 5 Av", "Station IDs": "226; 466", "GTFS Stop IDs": "724; D16", "Borough": "M", "CBD": "true", "Daytime Routes": "7 B D F M", "Structure Type": "Subway", "Latitude": "40.7540215", "Longitude": "-73.983266", "ADA": "0", "ADA Notes": "" }, "geometry": { "type": "Point", "coordinates": [ 988886.186663270695135, 213987.703204256366007 ] } },
{ "type": "Feature", "properties": { "Complex ID": "610", "Is Complex": "true", "Number Of Stations In Complex": "3", "Stop Name": "Grand Central-42 St", "Display Name": "Grand Central-42 St (4,5,6,7,S)", "Constituent Station Names": "Grand Central-42 St", "Station IDs": "402; 465; 469", "GTFS Stop IDs": "631; 723; 901", "Borough": "M", "CBD": "true", "Daytime Routes": "4 5 6 7 S", "Structure Type": "Subway", "Latitude": "40.751992", "Longitude": "-73.97735933", "ADA": "1", "ADA Notes": "" }, "geometry": { "type": "Point", "coordinates": [ 990522.859122701804154, 213248.664393764251145 ] } },
{ "type": "Feature", "properties": { "Complex ID": "611", "Is Complex": "true", "Number Of Stations In Complex": "5", "Stop Name": "Times Sq-42 St/Port Authority Bus Terminal", "Display Name": "Times Sq-42 St/Port Authority Bus Terminal (1,2,3,7,A,C,E,N,Q,R,W,S)", "Constituent Station Names": "42 St-Port Authority Bus Terminal; Times Sq-42 St", "Station IDs": "11; 163; 317; 467; 468", "GTFS Stop IDs": "127; 725; 902; A27; R16", "Borough": "M", "CBD": "true", "Daytime Routes": "1 2 3 7 A C E N Q R W S", "Structure Type": "Subway", "Latitude": "40.755746", "Longitude": "-73.9875808", "ADA": "1", "ADA Notes": "" }, "geometry": { "type": "Point", "coordinates": [ 987690.654166851891205, 214615.79109400260495 ] } },
{ "type": "Feature", "properties": { "Complex ID": "612", "Is Complex": "true", "Number Of Stations In Complex": "2", "Stop Name": "Lexington Av/51-53 Sts", "Display Name": "Lexington Av/51-53 Sts (6,E,F)", "Constituent Station Names": "51 St; Lexington Av/53 St", "Station IDs": "275; 401", "GTFS Stop IDs": "630; F11", "Borough": "M", "CBD": "true", "Daytime Routes": "6 E F", "Structure Type": "Subway", "Latitude": "40.7573295", "Longitude": "-73.9704875", "ADA": "1", "ADA Notes": "" }, "geometry": { "type": "Point", "coordinates": [ 992426.147083663498051, 215193.856287464237539 ] } },
{ "type": "Feature", "properties": { "Complex ID": "613", "Is Complex": "true", "Number Of Stations In Complex": "2", "Stop Name": "Lexington Av/59 St", "Display Name": "Lexington Av/59 St (4,5,6,N,R,W)", "Constituent Station Names": "59 St; Lexington Av/59 St", "Station IDs": "7; 400", "GTFS Stop IDs": "629; R11", "Borough": "M", "CBD": "true", "Daytime Routes": "4 5 6 N R W", "Structure Type": "Subway", "Latitude": "40.762593", "Longitude": "-73.9676125", "ADA": "0", "ADA Notes": "" }, "geometry": { "type": "Point", "coordinates": [ 993221.935878773918375, 217111.80084881518269 ] } },
{ "type": "Feature", "properties": { "Complex ID": "614", "Is Complex": "true", "Number Of Stations In Complex": "2", "Stop Name": "59 St-Columbus Circle", "Display Name": "59 St-Columbus Circle (1,A,C,B,D)", "Constituent Station Names": "59 St-Columbus Circle", "Station IDs": "161; 315", "GTFS Stop IDs": "125; A24", "Borough": "M", "CBD": "true", "Daytime Routes": "1 A C B D", "Structure Type": "Subway", "Latitude": "40.7682715", "Longitude": "-73.9818325", "ADA": "1", "ADA Notes": "" }, "geometry": { "type": "Point", "coordinates": [ 989282.270349602564238, 219179.514281145209679 ] } },
{ "type": "Feature", "properties": { "Complex ID": "615", "Is Complex": "true", "Number Of Stations In Complex": "2", "Stop Name": "62 St/New Utrecht Av", "Display Name": "62 St/New Utrecht Av (D,N)", "Constituent Station Names": "62 St; New Utrecht Av", "Station IDs": "63; 73", "GTFS Stop IDs": "B16; N04", "Borough": "Bk", "CBD": "false", "Daytime Routes": "D N", "Structure Type": "Elevated; Open Cut", "Latitude": "40.625657", "Longitude": "-73.996624", "ADA": "1", "ADA Notes": "" }, "geometry": { "type": "Point", "coordinates": [ 985187.160384720889851, 167220.220198450027965 ] } },
{ "type": "Feature", "properties": { "Complex ID": "616", "Is Complex": "true", "Number Of Stations In Complex": "2", "Stop Name": "Jackson Hts-Roosevelt Av/74 St-Broadway", "Display Name": "Jackson Hts-Roosevelt Av/74 St-Broadway (7,E,F,M,R)", "Constituent Station Names": "74 St-Broadway; Jackson Hts-Roosevelt Av", "Station IDs": "267; 454", "GTFS Stop IDs": "710; G14", "Borough": "Q", "CBD": "false", "Daytime Routes": "7 E F M R", "Structure Type": "Elevated; Subway", "Latitude": "40.746746", "Longitude": "-73.891366", "ADA": "1", "ADA Notes": "" }, "geometry": { "type": "Point", "coordinates": [ 1014350.961937380139716, 211355.293315128452377 ] } },
{ "type": "Feature", "properties": { "Complex ID": "617", "Is Complex": "true", "Number Of Stations In Complex": "3", "Stop Name": "Atlantic Av-Barclays Ctr", "Display Name": "Atlantic Av-Barclays Ctr (2,3,4,5,B,D,N,Q,R)", "Constituent Station Names": "Atlantic Av-Barclays Ctr", "Station IDs": "27; 40; 338", "GTFS Stop IDs": "235; D24; R31", "Borough": "Bk", "CBD": "false", "Daytime Routes": "2 3 4 5 B D N Q R", "Structure Type": "Subway", "Latitude": "40.68416167", "Longitude": "-73.97778867", "ADA": "1", "ADA Notes": "" }, "geometry": { "type": "Point", "coordinates": [ 990410.21867228008341, 188535.917438938078703 ] } },
{ "type": "Feature", "properties": { "Complex ID": "618", "Is Complex": "true", "Number Of Stations In Complex": "2", "Stop Name": "14 St/8 Av", "Display Name": "14 St/8 Av (A,C,E,L)", "Constituent Station Names": "14 St; 8 Av", "Station IDs": "115; 166", "GTFS Stop IDs": "A31; L01", "Borough": "M", "CBD": "true", "Daytime Routes": "A C E L", "Structure Type": "Subway", "Latitude": "40.740335", "Longitude": "-74.002134", "ADA": "1", "ADA Notes": "" }, "geometry": { "type": "Point", "coordinates": [ 983658.570403549005277, 209000.81790985292173 ] } },
{ "type": "Feature", "properties": { "Complex ID": "619", "Is Complex": "true", "Number Of Stations In Complex": "2", "Stop Name": "Broadway-Lafayette St/Bleecker St", "Display Name": "Broadway-Lafayette St/Bleecker St (6,B,D,F,M)", "Constituent Station Names": "Bleecker St; Broadway-Lafayette St", "Station IDs": "230; 408", "GTFS Stop IDs": "637; D21", "Borough": "M", "CBD": "true", "Daytime Routes": "6 B D F M", "Structure Type": "Subway", "Latitude": "40.725606", "Longitude": "-73.9954315", "ADA": "1", "ADA Notes": "" }, "geometry": { "type": "Point", "coordinates": [ 985516.213683024281636, 203634.601484968879959 ] } },
{ "type": "Feature", "properties": { "Complex ID": "620", "Is Complex": "true", "Number Of Stations In Complex": "3", "Stop Name": "Borough Hall/Court St", "Display Name": "Borough Hall/Court St (2,3,4,5,R)", "Constituent Station Names": "Borough Hall; Court St", "Station IDs": "24; 335; 415", "GTFS Stop IDs": "232; 423; R28", "Borough": "Bk", "CBD": "false", "Daytime Routes": "2 3 4 5 R", "Structure Type": "Subway", "Latitude": "40.693241", "Longitude": "-73.990642", "ADA": "2", "ADA Notes": "R not accessible; 2 3 accessible; 4 5 Manhattan-bound only" }, "geometry": { "type": "Point", "coordinates": [ 986845.025465105427429, 191843.138465579511831 ] } },
{ "type": "Feature", "properties": { "Complex ID": "621", "Is Complex": "true", "Number Of Stations In Complex": "3", "Stop Name": "Broadway Junction", "Display Name": "Broadway Junction (A,C,J,Z,L)", "Constituent Station Names": "Broadway Junction", "Station IDs": "92; 132; 184", "GTFS Stop IDs": "A51; J27; L22", "Borough": "Bk", "CBD": "false", "Daytime Routes": "A C J Z L", "Structure Type": "Elevated; Subway", "Latitude": "40.678896", "Longitude": "-73.904356", "ADA": "0", "ADA Notes": "" }, "geometry": { "type": "Point", "coordinates": [ 1010778.646344354376197, 186631.230197645840235 ] } },
{ "type": "Feature", "properties": { "Complex ID": "622", "Is Complex": "true", "Number Of Stations In Complex": "2", "Stop Name": "Brooklyn Bridge-City Hall/Chambers St", "Display Name": "Brooklyn Bridge-City Hall/Chambers St (4,5,6,J,Z)", "Constituent Station Names": "Brooklyn Bridge-City Hall; Chambers St", "Station IDs": "105; 411", "GTFS Stop IDs": "640; M21", "Borough": "M", "CBD": "true", "Daytime Routes": "4 5 6 J Z", "Structure Type": "Subway", "Latitude": "40.713154", "Longitude": "-74.003766", "ADA": "1", "ADA Notes": "" }, "geometry": { "type": "Point", "coordinates": [ 983205.916202062857337, 199097.928938040684443 ] } },
{ "type": "Feature", "properties": { "Complex ID": "623", "Is Complex": "true", "Number Of Stations In Complex": "4", "Stop Name": "Canal St", "Display Name": "Canal St (6,J,Z,N,Q,R,W)", "Constituent Station Names": "Canal St", "Station IDs": "18; 19; 104; 410", "GTFS Stop IDs": "639; M20; Q01; R23", "Borough": "M", "CBD": "true", "Daytime Routes": "6 J Z N Q R W", "Structure Type": "Subway", "Latitude": "40.71870125", "Longitude": "-74.00058", "ADA": "2", "ADA Notes": "R W not accessible; N Q not accessible; J Z not accessible; 6 accessible" }, "geometry": { "type": "Point", "coordinates": [ 984089.168365232180804, 201118.946670022240141 ] } },
{ "type": "Feature", "properties": { "Complex ID": "624", "Is Complex": "true", "Number Of Stations In Complex": "4", "Stop Name": "Chambers St/WTC/Park Place/Cortlandt St", "Display Name": "Chambers St/WTC/Park Place/Cortlandt St (2,3,A,C,E,R,W)", "Constituent Station Names": "Chambers St; Cortlandt St; Park Place; World Trade Center", "Station IDs": "21; 170; 171; 331", "GTFS Stop IDs": "228; A36; E01; R25", "Borough": "M", "CBD": "true", "Daytime Routes": "2 3 A C E R W", "Structure Type": "Subway", "Latitude": "40.712603", "Longitude": "-74.0095515", "ADA": "2", "ADA Notes": "R W accessible; A C not accessible; E accessible; 2 3 not accessible" }, "geometry": { "type": "Point", "coordinates": [ 981602.002140707336366, 198897.299046314583393 ] } },
{ "type": "Feature", "properties": { "Complex ID": "625", "Is Complex": "true", "Number Of Stations In Complex": "2", "Stop Name": "Delancey St-Essex St", "Display Name": "Delancey St-Essex St (F,M,J,Z)", "Constituent Station Names": "Delancey St-Essex St", "Station IDs": "102; 233", "GTFS Stop IDs": "F15; M18", "Borough": "M", "CBD": "true", "Daytime Routes": "F M J Z", "Structure Type": "Subway", "Latitude": "40.718463", "Longitude": "-73.9877755", "ADA": "0", "ADA Notes": "" }, "geometry": { "type": "Point", "coordinates": [ 987638.631546164862812, 201032.389876679575536 ] } },
{ "type": "Feature", "properties": { "Complex ID": "626", "Is Complex": "true", "Number Of Stations In Complex": "2", "Stop Name": "Franklin Av-Medgar Evers College/Botanic Garden", "Display Name": "Franklin Av-Medgar Evers College/Botanic Garden (2,3,4,5,S)", "Constituent Station Names": "Botanic Garden; Franklin Av-Medgar Evers College", "Station IDs": "142; 342", "GTFS Stop IDs": "239; S04", "Borough": "Bk", "CBD": "false", "Daytime Routes": "2 3 4 5 S", "Structure Type": "Open Cut; Subway", "Latitude": "40.6705125", "Longitude": "-73.958688", "ADA": "0", "ADA Notes": "" }, "geometry": { "type": "Point", "coordinates": [ 995710.088016099180095, 183565.056654122890905 ] } },
{ "type": "Feature", "properties": { "Complex ID": "627", "Is Complex": "true", "Number Of Stations In Complex": "2", "Stop Name": "Franklin Av", "Display Name": "Franklin Av (C,S)", "Constituent Station Names": "Franklin Av", "Station IDs": "139; 178", "GTFS Stop IDs": "A45; S01", "Borough": "Bk", "CBD": "false", "Daytime Routes": "C S", "Structure Type": "Elevated; Subway", "Latitude": "40.680988", "Longitude": "-73.9563375", "ADA": "1", "ADA Notes": "" }, "geometry": { "type": "Point", "coordinates": [ 996360.215627874713391, 187381.907115120615344 ] } },
{ "type": "Feature", "properties": { "Complex ID": "628", "Is Complex": "true", "Number Of Stations In Complex": "4", "Stop Name": "Fulton St", "Display Name": "Fulton St (2,3,4,5,A,C,J,Z)", "Constituent Station Names": "Fulton St", "Station IDs": "106; 172; 332; 412", "GTFS Stop IDs": "229; 418; A38; M22", "Borough": "M", "CBD": "true", "Daytime Routes": "2 3 4 5 A C J Z", "Structure Type": "Subway", "Latitude": "40.71008875", "Longitude": "-74.00783825", "ADA": "1", "ADA Notes": "" }, "geometry": { "type": "Point", "coordinates": [ 982076.883932270808145, 197981.23425270311418 ] } },
{ "type": "Feature", "properties": { "Complex ID": "629", "Is Complex": "true", "Number Of Stations In Complex": "2", "Stop Name": "Metropolitan Av/Lorimer St", "Display Name": "Metropolitan Av/Lorimer St (G,L)", "Constituent Station Names": "Lorimer St; Metropolitan Av", "Station IDs": "121; 285", "GTFS Stop IDs": "G29; L10", "Borough": "Bk", "CBD": "false", "Daytime Routes": "G L", "Structure Type": "Subway", "Latitude": "40.7134275", "Longitude": "-73.9508465", "ADA": "1", "ADA Notes": "" }, "geometry": { "type": "Point", "coordinates": [ 997876.545105247758329, 199201.412539128330536 ] } },
{ "type": "Feature", "properties": { "Complex ID": "630", "Is Complex": "true", "Number Of Stations In Complex": "2", "Stop Name": "Myrtle-Wyckoff Avs", "Display Name": "Myrtle-Wyckoff Avs (M,L)", "Constituent Station Names": "Myrtle-Wyckoff Avs", "Station IDs": "112; 128", "GTFS Stop IDs": "L17; M08", "Borough": "Bk", "CBD": "false", "Daytime Routes": "M L", "Structure Type": "Elevated; Subway", "Latitude": "40.699622", "Longitude": "-73.9119855", "ADA": "1", "ADA Notes": "" }, "geometry": { "type": "Point", "coordinates": [ 1008654.859184226719663, 194180.107669642486144 ] } },
{ "type": "Feature", "properties": { "Complex ID": "635", "Is Complex": "true", "Number Of Stations In Complex": "2", "Stop Name": "Whitehall St-South Ferry", "Display Name": "Whitehall St-South Ferry (1,R,W)", "Constituent Station Names": "South Ferry; Whitehall St-South Ferry", "Station IDs": "23; 330", "GTFS Stop IDs": "142; R27", "Borough": "M", "CBD": "true", "Daytime Routes": "1 R W", "Structure Type": "Subway", "Latitude": "40.7025775", "Longitude": "-74.013329", "ADA": "2", "ADA Notes": "R W not accessible; 1 accessible" }, "geometry": { "type": "Point", "coordinates": [ 980554.223306056112051, 195244.833934896887513 ] } },
{ "type": "Feature", "properties": { "Complex ID": "636", "Is Complex": "true", "Number Of Stations In Complex": "2", "Stop Name": "Jay St-MetroTech", "Display Name": "Jay St-MetroTech (A,C,F,R)", "Constituent Station Names": "Jay St-MetroTech", "Station IDs": "25; 174", "GTFS Stop IDs": "A41; R29", "Borough": "Bk", "CBD": "false", "Daytime Routes": "A C F R", "Structure Type": "Subway", "Latitude": "40.692259", "Longitude": "-73.986642", "ADA": "1", "ADA Notes": "" }, "geometry": { "type": "Point", "coordinates": [ 987954.317905420088209, 191485.512842837517383 ] } },
{ "type": "Feature", "properties": { "Complex ID": "271", "Is Complex": "false", "Number Of Stations In Complex": "1", "Stop Name": "Steinway St", "Display Name": "Steinway St (M,R)", "Constituent Station Names": "Steinway St", "Station IDs": "271", "GTFS Stop IDs": "G19", "Borough": "Q", "CBD": "false", "Daytime Routes": "M R", "Structure Type": "Subway", "Latitude": "40.756879", "Longitude": "-73.92074", "ADA": "0", "ADA Notes": "" }, "geometry": { "type": "Point", "coordinates": [ 1006208.47699421341531, 215038.317985619767569 ] } },
{ "type": "Feature", "properties": { "Complex ID": "272", "Is Complex": "false", "Number Of Stations In Complex": "1", "Stop Name": "36 St", "Display Name": "36 St (M,R)", "Constituent Station Names": "36 St", "Station IDs": "272", "GTFS Stop IDs": "G20", "Borough": "Q", "CBD": "false", "Daytime Routes": "M R", "Structure Type": "Subway", "Latitude": "40.752039", "Longitude": "-73.928781", "ADA": "0", "ADA Notes": "" }, "geometry": { "type": "Point", "coordinates": [ 1003982.19575445947703, 213273.034020062797936 ] } },
{ "type": "Feature", "properties": { "Complex ID": "273", "Is Complex": "false", "Number Of Stations In Complex": "1", "Stop Name": "Queens Plaza", "Display Name": "Queens Plaza (E,F,R)", "Constituent Station Names": "Queens Plaza", "Station IDs": "273", "GTFS Stop IDs": "G21", "Borough": "Q", "CBD": "false", "Daytime Routes": "E F R", "Structure Type": "Subway", "Latitude": "40.748973", "Longitude": "-73.937243", "ADA": "1", "ADA Notes": "" }, "geometry": { "type": "Point", "coordinates": [ 1001638.475531116593629, 212154.193366626393981 ] } },
{ "type": "Feature", "properties": { "Complex ID": "276", "Is Complex": "false", "Number Of Stations In Complex": "1", "Stop Name": "5 Av/53 St", "Display Name": "5 Av/53 St (E,F)", "Constituent Station Names": "5 Av/53 St", "Station IDs": "276", "GTFS Stop IDs": "F12", "Borough": "M", "CBD": "true", "Daytime Routes": "E F", "Structure Type": "Subway", "Latitude": "40.760167", "Longitude": "-73.975224", "ADA": "0", "ADA Notes": "" }, "geometry": { "type": "Point", "coordinates": [ 991113.641742024687119, 216227.237872871832224 ] } },
{ "type": "Feature", "properties": { "Complex ID": "277", "Is Complex": "false", "Number Of Stations In Complex": "1", "Stop Name": "7 Av", "Display Name": "7 Av (E,B,D)", "Constituent Station Names": "7 Av", "Station IDs": "277", "GTFS Stop IDs": "D14", "Borough": "M", "CBD": "true", "Daytime Routes": "E B D", "Structure Type": "Subway", "Latitude": "40.762862", "Longitude": "-73.981637", "ADA": "0", "ADA Notes": "" }, "geometry": { "type": "Point", "coordinates": [ 989336.836481267702766, 217208.670513655029936 ] } },
{ "type": "Feature", "properties": { "Complex ID": "278", "Is Complex": "false", "Number Of Stations In Complex": "1", "Stop Name": "Jamaica Center-Parsons/Archer", "Display Name": "Jamaica Center-Parsons/Archer (E,J,Z)", "Constituent Station Names": "Jamaica Center-Parsons/Archer", "Station IDs": "278", "GTFS Stop IDs": "G05", "Borough": "Q", "CBD": "false", "Daytime Routes": "E J Z", "Structure Type": "Subway", "Latitude": "40.702147", "Longitude": "-73.801109", "ADA": "1", "ADA Notes": "" }, "geometry": { "type": "Point", "coordinates": [ 1039396.895655734348111, 195150.432333314616699 ] } },
{ "type": "Feature", "properties": { "Complex ID": "279", "Is Complex": "false", "Number Of Stations In Complex": "1", "Stop Name": "Sutphin Blvd-Archer Av-JFK Airport", "Display Name": "Sutphin Blvd-Archer Av-JFK Airport (E,J,Z)", "Constituent Station Names": "Sutphin Blvd-Archer Av-JFK Airport", "Station IDs": "279", "GTFS Stop IDs": "G06", "Borough": "Q", "CBD": "false", "Daytime Routes": "E J Z", "Structure Type": "Subway", "Latitude": "40.700486", "Longitude": "-73.807969", "ADA": "1", "ADA Notes": "" }, "geometry": { "type": "Point", "coordinates": [ 1037496.138710196362808, 194541.033726963505615 ] } },
{ "type": "Feature", "properties": { "Complex ID": "280", "Is Complex": "false", "Number Of Stations In Complex": "1", "Stop Name": "Jamaica-Van Wyck", "Display Name": "Jamaica-Van Wyck (E)", "Constituent Station Names": "Jamaica-Van Wyck", "Station IDs": "280", "GTFS Stop IDs": "G07", "Borough": "Q", "CBD": "false", "Daytime Routes": "E", "Structure Type": "Subway", "Latitude": "40.702566", "Longitude": "-73.816859", "ADA": "1", "ADA Notes": "" }, "geometry": { "type": "Point", "coordinates": [ 1035029.546208732528612, 195293.555254191946005 ] } },
{ "type": "Feature", "properties": { "Complex ID": "282", "Is Complex": "false", "Number Of Stations In Complex": "1", "Stop Name": "21 St", "Display Name": "21 St (G)", "Constituent Station Names": "21 St", "Station IDs": "282", "GTFS Stop IDs": "G24", "Borough": "Q", "CBD": "false", "Daytime Routes": "G", "Structure Type": "Subway", "Latitude": "40.744065", "Longitude": "-73.949724", "ADA": "0", "ADA Notes": "" }, "geometry": { "type": "Point", "coordinates": [ 998181.301732928608544, 210363.807859239983372 ] } },
{ "type": "Feature", "properties": { "Complex ID": "283", "Is Complex": "false", "Number Of Stations In Complex": "1", "Stop Name": "Greenpoint Av", "Display Name": "Greenpoint Av (G)", "Constituent Station Names": "Greenpoint Av", "Station IDs": "283", "GTFS Stop IDs": "G26", "Borough": "Bk", "CBD": "false", "Daytime Routes": "G", "Structure Type": "Subway", "Latitude": "40.731352", "Longitude": "-73.954449", "ADA": "1", "ADA Notes": "" }, "geometry": { "type": "Point", "coordinates": [ 996874.432045196881518, 205731.331323764694389 ] } },
{ "type": "Feature", "properties": { "Complex ID": "284", "Is Complex": "false", "Number Of Stations In Complex": "1", "Stop Name": "Nassau Av", "Display Name": "Nassau Av (G)", "Constituent Station Names": "Nassau Av", "Station IDs": "284", "GTFS Stop IDs": "G28", "Borough": "Bk", "CBD": "false", "Daytime Routes": "G", "Structure Type": "Subway", "Latitude": "40.724635", "Longitude": "-73.951277", "ADA": "0", "ADA Notes": "" }, "geometry": { "type": "Point", "coordinates": [ 997754.920297351083718, 203284.58969672373496 ] } },
{ "type": "Feature", "properties": { "Complex ID": "286", "Is Complex": "false", "Number Of Stations In Complex": "1", "Stop Name": "Broadway", "Display Name": "Broadway (G)", "Constituent Station Names": "Broadway", "Station IDs": "286", "GTFS Stop IDs": "G30", "Borough": "Bk", "CBD": "false", "Daytime Routes": "G", "Structure Type": "Subway", "Latitude": "40.706092", "Longitude": "-73.950308", "ADA": "0", "ADA Notes": "" }, "geometry": { "type": "Point", "coordinates": [ 998027.352340214070864, 196528.947484800737584 ] } },
{ "type": "Feature", "properties": { "Complex ID": "287", "Is Complex": "false", "Number Of Stations In Complex": "1", "Stop Name": "Flushing Av", "Display Name": "Flushing Av (G)", "Constituent Station Names": "Flushing Av", "Station IDs": "287", "GTFS Stop IDs": "G31", "Borough": "Bk", "CBD": "false", "Daytime Routes": "G", "Structure Type": "Subway", "Latitude": "40.700377", "Longitude": "-73.950234", "ADA": "0", "ADA Notes": "" }, "geometry": { "type": "Point", "coordinates": [ 998049.056343608768657, 194446.809592158882879 ] } },
{ "type": "Feature", "properties": { "Complex ID": "288", "Is Complex": "false", "Number Of Stations In Complex": "1", "Stop Name": "Myrtle-Willoughby Avs", "Display Name": "Myrtle-Willoughby Avs (G)", "Constituent Station Names": "Myrtle-Willoughby Avs", "Station IDs": "288", "GTFS Stop IDs": "G32", "Borough": "Bk", "CBD": "false", "Daytime Routes": "G", "Structure Type": "Subway", "Latitude": "40.694568", "Longitude": "-73.949046", "ADA": "0", "ADA Notes": "" }, "geometry": { "type": "Point", "coordinates": [ 998379.699769555241801, 192330.604711530875647 ] } },
{ "type": "Feature", "properties": { "Complex ID": "289", "Is Complex": "false", "Number Of Stations In Complex": "1", "Stop Name": "Bedford-Nostrand Avs", "Display Name": "Bedford-Nostrand Avs (G)", "Constituent Station Names": "Bedford-Nostrand Avs", "Station IDs": "289", "GTFS Stop IDs": "G33", "Borough": "Bk", "CBD": "false", "Daytime Routes": "G", "Structure Type": "Subway", "Latitude": "40.689627", "Longitude": "-73.953522", "ADA": "0", "ADA Notes": "" }, "geometry": { "type": "Point", "coordinates": [ 997139.447016595047899, 190529.756146304571303 ] } },
{ "type": "Feature", "properties": { "Complex ID": "290", "Is Complex": "false", "Number Of Stations In Complex": "1", "Stop Name": "Classon Av", "Display Name": "Classon Av (G)", "Constituent Station Names": "Classon Av", "Station IDs": "290", "GTFS Stop IDs": "G34", "Borough": "Bk", "CBD": "false", "Daytime Routes": "G", "Structure Type": "Subway", "Latitude": "40.688873", "Longitude": "-73.96007", "ADA": "0", "ADA Notes": "" }, "geometry": { "type": "Point", "coordinates": [ 995323.653352967696264, 190254.151122284587473 ] } },
{ "type": "Feature", "properties": { "Complex ID": "291", "Is Complex": "false", "Number Of Stations In Complex": "1", "Stop Name": "Clinton-Washington Avs", "Display Name": "Clinton-Washington Avs (G)", "Constituent Station Names": "Clinton-Washington Avs", "Station IDs": "291", "GTFS Stop IDs": "G35", "Borough": "Bk", "CBD": "false", "Daytime Routes": "G", "Structure Type": "Subway", "Latitude": "40.688089", "Longitude": "-73.966839", "ADA": "0", "ADA Notes": "" }, "geometry": { "type": "Point", "coordinates": [ 993446.532663577818312, 189967.72852161663468 ] } },
{ "type": "Feature", "properties": { "Complex ID": "292", "Is Complex": "false", "Number Of Stations In Complex": "1", "Stop Name": "Fulton St", "Display Name": "Fulton St (G)", "Constituent Station Names": "Fulton St", "Station IDs": "292", "GTFS Stop IDs": "G36", "Borough": "Bk", "CBD": "false", "Daytime Routes": "G", "Structure Type": "Subway", "Latitude": "40.687119", "Longitude": "-73.975375", "ADA": "0", "ADA Notes": "" }, "geometry": { "type": "Point", "coordinates": [ 991079.337844715686515, 189613.541699692839757 ] } },
{ "type": "Feature", "properties": { "Complex ID": "293", "Is Complex": "false", "Number Of Stations In Complex": "1", "Stop Name": "Van Cortlandt Park-242 St", "Display Name": "Van Cortlandt Park-242 St (1)", "Constituent Station Names": "Van Cortlandt Park-242 St", "Station IDs": "293", "GTFS Stop IDs": "101", "Borough": "Bx", "CBD": "false", "Daytime Routes": "1", "Structure Type": "Elevated", "Latitude": "40.889248", "Longitude": "-73.898583", "ADA": "0", "ADA Notes": "" }, "geometry": { "type": "Point", "coordinates": [ 1012291.112490714062005, 263271.376240238314494 ] } },
{ "type": "Feature", "properties": { "Complex ID": "294", "Is Complex": "false", "Number Of Stations In Complex": "1", "Stop Name": "238 St", "Display Name": "238 St (1)", "Constituent Station Names": "238 St", "Station IDs": "294", "GTFS Stop IDs": "103", "Borough": "Bx", "CBD": "false", "Daytime Routes": "1", "Structure Type": "Elevated", "Latitude": "40.884667", "Longitude": "-73.90087", "ADA": "0", "ADA Notes": "" }, "geometry": { "type": "Point", "coordinates": [ 1011660.659954520640895, 261601.61180557688931 ] } },
{ "type": "Feature", "properties": { "Complex ID": "295", "Is Complex": "false", "Number Of Stations In Complex": "1", "Stop Name": "231 St", "Display Name": "231 St (1)", "Constituent Station Names": "231 St", "Station IDs": "295", "GTFS Stop IDs": "104", "Borough": "Bx", "CBD": "false", "Daytime Routes": "1", "Structure Type": "Elevated", "Latitude": "40.878856", "Longitude": "-73.904834", "ADA": "1", "ADA Notes": "" }, "geometry": { "type": "Point", "coordinates": [ 1010566.863004245329648, 259483.218782641546568 ] } },
{ "type": "Feature", "properties": { "Complex ID": "296", "Is Complex": "false", "Number Of Stations In Complex": "1", "Stop Name": "Marble Hill-225 St", "Display Name": "Marble Hill-225 St (1)", "Constituent Station Names": "Marble Hill-225 St", "Station IDs": "296", "GTFS Stop IDs": "106", "Borough": "M", "CBD": "false", "Daytime Routes": "1", "Structure Type": "Elevated", "Latitude": "40.874561", "Longitude": "-73.909831", "ADA": "0", "ADA Notes": "" }, "geometry": { "type": "Point", "coordinates": [ 1009186.617972038686275, 257916.918130807520356 ] } },
{ "type": "Feature", "properties": { "Complex ID": "297", "Is Complex": "false", "Number Of Stations In Complex": "1", "Stop Name": "215 St", "Display Name": "215 St (1)", "Constituent Station Names": "215 St", "Station IDs": "297", "GTFS Stop IDs": "107", "Borough": "M", "CBD": "false", "Daytime Routes": "1", "Structure Type": "Elevated", "Latitude": "40.869444", "Longitude": "-73.915279", "ADA": "0", "ADA Notes": "" }, "geometry": { "type": "Point", "coordinates": [ 1007681.74962361715734, 256051.089953003451228 ] } },
{ "type": "Feature", "properties": { "Complex ID": "298", "Is Complex": "false", "Number Of Stations In Complex": "1", "Stop Name": "207 St", "Display Name": "207 St (1)", "Constituent Station Names": "207 St", "Station IDs": "298", "GTFS Stop IDs": "108", "Borough": "M", "CBD": "false", "Daytime Routes": "1", "Structure Type": "Elevated", "Latitude": "40.864621", "Longitude": "-73.918822", "ADA": "0", "ADA Notes": "" }, "geometry": { "type": "Point", "coordinates": [ 1006703.468382940511219, 254292.956400912575191 ] } },
{ "type": "Feature", "properties": { "Complex ID": "299", "Is Complex": "false", "Number Of Stations In Complex": "1", "Stop Name": "Dyckman St", "Display Name": "Dyckman St (1)", "Constituent Station Names": "Dyckman St", "Station IDs": "299", "GTFS Stop IDs": "109", "Borough": "M", "CBD": "false", "Daytime Routes": "1", "Structure Type": "Elevated", "Latitude": "40.860531", "Longitude": "-73.925536", "ADA": "1", "ADA Notes": "" }, "geometry": { "type": "Point", "coordinates": [ 1004847.667217897600494, 252801.159493567654863 ] } },
{ "type": "Feature", "properties": { "Complex ID": "300", "Is Complex": "false", "Number Of Stations In Complex": "1", "Stop Name": "191 St", "Display Name": "191 St (1)", "Constituent Station Names": "191 St", "Station IDs": "300", "GTFS Stop IDs": "110", "Borough": "M", "CBD": "false", "Daytime Routes": "1", "Structure Type": "Subway", "Latitude": "40.855225", "Longitude": "-73.929412", "ADA": "0", "ADA Notes": "" }, "geometry": { "type": "Point", "coordinates": [ 1003777.071623201132752, 250867.093561607209267 ] } },
{ "type": "Feature", "properties": { "Complex ID": "301", "Is Complex": "false", "Number Of Stations In Complex": "1", "Stop Name": "181 St", "Display Name": "181 St (1)", "Constituent Station Names": "181 St", "Station IDs": "301", "GTFS Stop IDs": "111", "Borough": "M", "CBD": "false", "Daytime Routes": "1", "Structure Type": "Subway", "Latitude": "40.849505", "Longitude": "-73.933596", "ADA": "0", "ADA Notes": "" }, "geometry": { "type": "Point", "coordinates": [ 1002621.208724577212706, 248782.176218046661234 ] } },
{ "type": "Feature", "properties": { "Complex ID": "303", "Is Complex": "false", "Number Of Stations In Complex": "1", "Stop Name": "157 St", "Display Name": "157 St (1)", "Constituent Station Names": "157 St", "Station IDs": "303", "GTFS Stop IDs": "113", "Borough": "M", "CBD": "false", "Daytime Routes": "1", "Structure Type": "Subway", "Latitude": "40.834041", "Longitude": "-73.94489", "ADA": "0", "ADA Notes": "" }, "geometry": { "type": "Point", "coordinates": [ 999500.163617643527687, 243145.898982817307115 ] } },
{ "type": "Feature", "properties": { "Complex ID": "304", "Is Complex": "false", "Number Of Stations In Complex": "1", "Stop Name": "145 St", "Display Name": "145 St (1)", "Constituent Station Names": "145 St", "Station IDs": "304", "GTFS Stop IDs": "114", "Borough": "M", "CBD": "false", "Daytime Routes": "1", "Structure Type": "Subway", "Latitude": "40.826551", "Longitude": "-73.95036", "ADA": "0", "ADA Notes": "" }, "geometry": { "type": "Point", "coordinates": [ 997988.031923227244988, 240416.113784209417645 ] } },
{ "type": "Feature", "properties": { "Complex ID": "305", "Is Complex": "false", "Number Of Stations In Complex": "1", "Stop Name": "137 St-City College", "Display Name": "137 St-City College (1)", "Constituent Station Names": "137 St-City College", "Station IDs": "305", "GTFS Stop IDs": "115", "Borough": "M", "CBD": "false", "Daytime Routes": "1", "Structure Type": "Subway", "Latitude": "40.822008", "Longitude": "-73.953676", "ADA": "2", "ADA Notes": "Uptown only" }, "geometry": { "type": "Point", "coordinates": [ 997071.188422992709093, 238760.432159088464687 ] } },
{ "type": "Feature", "properties": { "Complex ID": "306", "Is Complex": "false", "Number Of Stations In Complex": "1", "Stop Name": "125 St", "Display Name": "125 St (1)", "Constituent Station Names": "125 St", "Station IDs": "306", "GTFS Stop IDs": "116", "Borough": "M", "CBD": "false", "Daytime Routes": "1", "Structure Type": "Elevated", "Latitude": "40.815581", "Longitude": "-73.958372", "ADA": "0", "ADA Notes": "" }, "geometry": { "type": "Point", "coordinates": [ 995772.572027815971524, 236418.193570213712519 ] } },
{ "type": "Feature", "properties": { "Complex ID": "307", "Is Complex": "false", "Number Of Stations In Complex": "1", "Stop Name": "116 St-Columbia University", "Display Name": "116 St-Columbia University (1)", "Constituent Station Names": "116 St-Columbia University", "Station IDs": "307", "GTFS Stop IDs": "117", "Borough": "M", "CBD": "false", "Daytime Routes": "1", "Structure Type": "Subway", "Latitude": "40.807722", "Longitude": "-73.96411", "ADA": "0", "ADA Notes": "" }, "geometry": { "type": "Point", "coordinates": [ 994185.464389099855907, 233554.17915796363377 ] } },
{ "type": "Feature", "properties": { "Complex ID": "308", "Is Complex": "false", "Number Of Stations In Complex": "1", "Stop Name": "Cathedral Pkwy (110 St)", "Display Name": "Cathedral Pkwy (110 St) (1)", "Constituent Station Names": "Cathedral Pkwy (110 St)", "Station IDs": "308", "GTFS Stop IDs": "118", "Borough": "M", "CBD": "false", "Daytime Routes": "1", "Structure Type": "Subway", "Latitude": "40.803967", "Longitude": "-73.966847", "ADA": "0", "ADA Notes": "" }, "geometry": { "type": "Point", "coordinates": [ 993428.289940192829818, 232185.802534166403348 ] } },
{ "type": "Feature", "properties": { "Complex ID": "309", "Is Complex": "false", "Number Of Stations In Complex": "1", "Stop Name": "103 St", "Display Name": "103 St (1)", "Constituent Station Names": "103 St", "Station IDs": "309", "GTFS Stop IDs": "119", "Borough": "M", "CBD": "false", "Daytime Routes": "1", "Structure Type": "Subway", "Latitude": "40.799446", "Longitude": "-73.968379", "ADA": "0", "ADA Notes": "" }, "geometry": { "type": "Point", "coordinates": [ 993004.75229278113693, 230538.48946673219325 ] } },
{ "type": "Feature", "properties": { "Complex ID": "310", "Is Complex": "false", "Number Of Stations In Complex": "1", "Stop Name": "96 St", "Display Name": "96 St (1,2,3)", "Constituent Station Names": "96 St", "Station IDs": "310", "GTFS Stop IDs": "120", "Borough": "M", "CBD": "false", "Daytime Routes": "1 2 3", "Structure Type": "Subway", "Latitude": "40.793919", "Longitude": "-73.972323", "ADA": "1", "ADA Notes": "" }, "geometry": { "type": "Point", "coordinates": [ 991913.422938532778062, 228524.443157281522872 ] } },
{ "type": "Feature", "properties": { "Complex ID": "311", "Is Complex": "false", "Number Of Stations In Complex": "1", "Stop Name": "86 St", "Display Name": "86 St (1)", "Constituent Station Names": "86 St", "Station IDs": "311", "GTFS Stop IDs": "121", "Borough": "M", "CBD": "false", "Daytime Routes": "1", "Structure Type": "Subway", "Latitude": "40.788644", "Longitude": "-73.976218", "ADA": "0", "ADA Notes": "" }, "geometry": { "type": "Point", "coordinates": [ 990835.456062666955404, 226602.263477529661031 ] } },
{ "type": "Feature", "properties": { "Complex ID": "312", "Is Complex": "false", "Number Of Stations In Complex": "1", "Stop Name": "79 St", "Display Name": "79 St (1)", "Constituent Station Names": "79 St", "Station IDs": "312", "GTFS Stop IDs": "122", "Borough": "M", "CBD": "false", "Daytime Routes": "1", "Structure Type": "Subway", "Latitude": "40.783934", "Longitude": "-73.979917", "ADA": "0", "ADA Notes": "" }, "geometry": { "type": "Point", "coordinates": [ 989811.550203186925501, 224885.9940979591629 ] } },
{ "type": "Feature", "properties": { "Complex ID": "313", "Is Complex": "false", "Number Of Stations In Complex": "1", "Stop Name": "72 St", "Display Name": "72 St (1,2,3)", "Constituent Station Names": "72 St", "Station IDs": "313", "GTFS Stop IDs": "123", "Borough": "M", "CBD": "false", "Daytime Routes": "1 2 3", "Structure Type": "Subway", "Latitude": "40.778453", "Longitude": "-73.98197", "ADA": "1", "ADA Notes": "" }, "geometry": { "type": "Point", "coordinates": [ 989243.419677837984636, 222888.959243834891822 ] } },
{ "type": "Feature", "properties": { "Complex ID": "314", "Is Complex": "false", "Number Of Stations In Complex": "1", "Stop Name": "66 St-Lincoln Center", "Display Name": "66 St-Lincoln Center (1)", "Constituent Station Names": "66 St-Lincoln Center", "Station IDs": "314", "GTFS Stop IDs": "124", "Borough": "M", "CBD": "false", "Daytime Routes": "1", "Structure Type": "Subway", "Latitude": "40.77344", "Longitude": "-73.982209", "ADA": "1", "ADA Notes": "" }, "geometry": { "type": "Point", "coordinates": [ 989177.598422855953686, 221062.545220543979667 ] } },
{ "type": "Feature", "properties": { "Complex ID": "316", "Is Complex": "false", "Number Of Stations In Complex": "1", "Stop Name": "50 St", "Display Name": "50 St (1)", "Constituent Station Names": "50 St", "Station IDs": "316", "GTFS Stop IDs": "126", "Borough": "M", "CBD": "true", "Daytime Routes": "1", "Structure Type": "Subway", "Latitude": "40.761728", "Longitude": "-73.983849", "ADA": "0", "ADA Notes": "" }, "geometry": { "type": "Point", "coordinates": [ 988724.14501089497935, 216795.395631246676203 ] } },
{ "type": "Feature", "properties": { "Complex ID": "318", "Is Complex": "false", "Number Of Stations In Complex": "1", "Stop Name": "34 St-Penn Station", "Display Name": "34 St-Penn Station (1,2,3)", "Constituent Station Names": "34 St-Penn Station", "Station IDs": "318", "GTFS Stop IDs": "128", "Borough": "M", "CBD": "true", "Daytime Routes": "1 2 3", "Structure Type": "Subway", "Latitude": "40.750373", "Longitude": "-73.991057", "ADA": "1", "ADA Notes": "" }, "geometry": { "type": "Point", "coordinates": [ 986727.775124936713837, 212658.11762598642963 ] } },
{ "type": "Feature", "properties": { "Complex ID": "319", "Is Complex": "false", "Number Of Stations In Complex": "1", "Stop Name": "28 St", "Display Name": "28 St (1)", "Constituent Station Names": "28 St", "Station IDs": "319", "GTFS Stop IDs": "129", "Borough": "M", "CBD": "true", "Daytime Routes": "1", "Structure Type": "Subway", "Latitude": "40.747215", "Longitude": "-73.993365", "ADA": "0", "ADA Notes": "" }, "geometry": { "type": "Point", "coordinates": [ 986088.382881228229962, 211507.496274440723937 ] } },
{ "type": "Feature", "properties": { "Complex ID": "320", "Is Complex": "false", "Number Of Stations In Complex": "1", "Stop Name": "23 St", "Display Name": "23 St (1)", "Constituent Station Names": "23 St", "Station IDs": "320", "GTFS Stop IDs": "130", "Borough": "M", "CBD": "true", "Daytime Routes": "1", "Structure Type": "Subway", "Latitude": "40.744081", "Longitude": "-73.995657", "ADA": "0", "ADA Notes": "" }, "geometry": { "type": "Point", "coordinates": [ 985453.363402093877085, 210365.635913606471149 ] } },
{ "type": "Feature", "properties": { "Complex ID": "321", "Is Complex": "false", "Number Of Stations In Complex": "1", "Stop Name": "18 St", "Display Name": "18 St (1)", "Constituent Station Names": "18 St", "Station IDs": "321", "GTFS Stop IDs": "131", "Borough": "M", "CBD": "true", "Daytime Routes": "1", "Structure Type": "Subway", "Latitude": "40.74104", "Longitude": "-73.997871", "ADA": "0", "ADA Notes": "" }, "geometry": { "type": "Point", "coordinates": [ 984839.897931491956115, 209257.676178519439418 ] } },
{ "type": "Feature", "properties": { "Complex ID": "323", "Is Complex": "false", "Number Of Stations In Complex": "1", "Stop Name": "Christopher St-Stonewall", "Display Name": "Christopher St-Stonewall (1)", "Constituent Station Names": "Christopher St-Stonewall", "Station IDs": "323", "GTFS Stop IDs": "133", "Borough": "M", "CBD": "true", "Daytime Routes": "1", "Structure Type": "Subway", "Latitude": "40.733422", "Longitude": "-74.002906", "ADA": "0", "ADA Notes": "" }, "geometry": { "type": "Point", "coordinates": [ 983444.5605618924601, 206482.194008831109386 ] } },
{ "type": "Feature", "properties": { "Complex ID": "324", "Is Complex": "false", "Number Of Stations In Complex": "1", "Stop Name": "Houston St", "Display Name": "Houston St (1)", "Constituent Station Names": "Houston St", "Station IDs": "324", "GTFS Stop IDs": "134", "Borough": "M", "CBD": "true", "Daytime Routes": "1", "Structure Type": "Subway", "Latitude": "40.728251", "Longitude": "-74.005367", "ADA": "0", "ADA Notes": "" }, "geometry": { "type": "Point", "coordinates": [ 982762.402499989839271, 204598.262938911357196 ] } },
{ "type": "Feature", "properties": { "Complex ID": "325", "Is Complex": "false", "Number Of Stations In Complex": "1", "Stop Name": "Canal St", "Display Name": "Canal St (1)", "Constituent Station Names": "Canal St", "Station IDs": "325", "GTFS Stop IDs": "135", "Borough": "M", "CBD": "true", "Daytime Routes": "1", "Structure Type": "Subway", "Latitude": "40.722854", "Longitude": "-74.006277", "ADA": "0", "ADA Notes": "" }, "geometry": { "type": "Point", "coordinates": [ 982510.046893881284632, 202631.980517576128477 ] } },
{ "type": "Feature", "properties": { "Complex ID": "326", "Is Complex": "false", "Number Of Stations In Complex": "1", "Stop Name": "Franklin St", "Display Name": "Franklin St (1)", "Constituent Station Names": "Franklin St", "Station IDs": "326", "GTFS Stop IDs": "136", "Borough": "M", "CBD": "true", "Daytime Routes": "1", "Structure Type": "Subway", "Latitude": "40.719318", "Longitude": "-74.006886", "ADA": "0", "ADA Notes": "" }, "geometry": { "type": "Point", "coordinates": [ 982341.142070037079975, 201343.716454591456568 ] } },
{ "type": "Feature", "properties": { "Complex ID": "327", "Is Complex": "false", "Number Of Stations In Complex": "1", "Stop Name": "Chambers St", "Display Name": "Chambers St (1,2,3)", "Constituent Station Names": "Chambers St", "Station IDs": "327", "GTFS Stop IDs": "137", "Borough": "M", "CBD": "true", "Daytime Routes": "1 2 3", "Structure Type": "Subway", "Latitude": "40.715478", "Longitude": "-74.009266", "ADA": "1", "ADA Notes": "" }, "geometry": { "type": "Point", "coordinates": [ 981681.259481282206252, 199944.742807817616267 ] } },
{ "type": "Feature", "properties": { "Complex ID": "328", "Is Complex": "false", "Number Of Stations In Complex": "1", "Stop Name": "WTC Cortlandt", "Display Name": "WTC Cortlandt (1)", "Constituent Station Names": "WTC Cortlandt", "Station IDs": "328", "GTFS Stop IDs": "138", "Borough": "M", "CBD": "true", "Daytime Routes": "1", "Structure Type": "Subway", "Latitude": "40.711835", "Longitude": "-74.012188", "ADA": "1", "ADA Notes": "" }, "geometry": { "type": "Point", "coordinates": [ 980871.05070661008358, 198617.581070301734144 ] } },
{ "type": "Feature", "properties": { "Complex ID": "329", "Is Complex": "false", "Number Of Stations In Complex": "1", "Stop Name": "Rector St", "Display Name": "Rector St (1)", "Constituent Station Names": "Rector St", "Station IDs": "329", "GTFS Stop IDs": "139", "Borough": "M", "CBD": "true", "Daytime Routes": "1", "Structure Type": "Subway", "Latitude": "40.707513", "Longitude": "-74.013783", "ADA": "0", "ADA Notes": "" }, "geometry": { "type": "Point", "coordinates": [ 980428.62168665335048, 197043.007041455304716 ] } },
{ "type": "Feature", "properties": { "Complex ID": "333", "Is Complex": "false", "Number Of Stations In Complex": "1", "Stop Name": "Wall St", "Display Name": "Wall St (2,3)", "Constituent Station Names": "Wall St", "Station IDs": "333", "GTFS Stop IDs": "230", "Borough": "M", "CBD": "true", "Daytime Routes": "2 3", "Structure Type": "Subway", "Latitude": "40.706821", "Longitude": "-74.0091", "ADA": "0", "ADA Notes": "" }, "geometry": { "type": "Point", "coordinates": [ 981726.956444749608636, 196790.724744079110678 ] } },
{ "type": "Feature", "properties": { "Complex ID": "334", "Is Complex": "false", "Number Of Stations In Complex": "1", "Stop Name": "Clark St", "Display Name": "Clark St (2,3)", "Constituent Station Names": "Clark St", "Station IDs": "334", "GTFS Stop IDs": "231", "Borough": "Bk", "CBD": "false", "Daytime Routes": "2 3", "Structure Type": "Subway", "Latitude": "40.697466", "Longitude": "-73.993086", "ADA": "0", "ADA Notes": "" }, "geometry": { "type": "Point", "coordinates": [ 986167.156936713843606, 193382.369357877003495 ] } },
{ "type": "Feature", "properties": { "Complex ID": "336", "Is Complex": "false", "Number Of Stations In Complex": "1", "Stop Name": "Hoyt St", "Display Name": "Hoyt St (2,3)", "Constituent Station Names": "Hoyt St", "Station IDs": "336", "GTFS Stop IDs": "233", "Borough": "Bk", "CBD": "false", "Daytime Routes": "2 3", "Structure Type": "Subway", "Latitude": "40.690545", "Longitude": "-73.985065", "ADA": "2", "ADA Notes": "Outbound only" }, "geometry": { "type": "Point", "coordinates": [ 988391.748826095019467, 190861.122735312936129 ] } },
{ "type": "Feature", "properties": { "Complex ID": "337", "Is Complex": "false", "Number Of Stations In Complex": "1", "Stop Name": "Nevins St", "Display Name": "Nevins St (2,3,4,5)", "Constituent Station Names": "Nevins St", "Station IDs": "337", "GTFS Stop IDs": "234", "Borough": "Bk", "CBD": "false", "Daytime Routes": "2 3 4 5", "Structure Type": "Subway", "Latitude": "40.688246", "Longitude": "-73.980492", "ADA": "0", "ADA Notes": "" }, "geometry": { "type": "Point", "coordinates": [ 989660.123692335095257, 190023.780506511160638 ] } },
{ "type": "Feature", "properties": { "Complex ID": "339", "Is Complex": "false", "Number Of Stations In Complex": "1", "Stop Name": "Bergen St", "Display Name": "Bergen St (2,3)", "Constituent Station Names": "Bergen St", "Station IDs": "339", "GTFS Stop IDs": "236", "Borough": "Bk", "CBD": "false", "Daytime Routes": "2 3", "Structure Type": "Subway", "Latitude": "40.680829", "Longitude": "-73.975098", "ADA": "0", "ADA Notes": "" }, "geometry": { "type": "Point", "coordinates": [ 991156.815653401426971, 187321.92927240364952 ] } },
{ "type": "Feature", "properties": { "Complex ID": "340", "Is Complex": "false", "Number Of Stations In Complex": "1", "Stop Name": "Grand Army Plaza", "Display Name": "Grand Army Plaza (2,3)", "Constituent Station Names": "Grand Army Plaza", "Station IDs": "340", "GTFS Stop IDs": "237", "Borough": "Bk", "CBD": "false", "Daytime Routes": "2 3", "Structure Type": "Subway", "Latitude": "40.675235", "Longitude": "-73.971046", "ADA": "0", "ADA Notes": "" }, "geometry": { "type": "Point", "coordinates": [ 992281.35976950568147, 185284.218260281224502 ] } },
{ "type": "Feature", "properties": { "Complex ID": "341", "Is Complex": "false", "Number Of Stations In Complex": "1", "Stop Name": "Eastern Pkwy-Brooklyn Museum", "Display Name": "Eastern Pkwy-Brooklyn Museum (2,3)", "Constituent Station Names": "Eastern Pkwy-Brooklyn Museum", "Station IDs": "341", "GTFS Stop IDs": "238", "Borough": "Bk", "CBD": "false", "Daytime Routes": "2 3", "Structure Type": "Subway", "Latitude": "40.671987", "Longitude": "-73.964375", "ADA": "1", "ADA Notes": "" }, "geometry": { "type": "Point", "coordinates": [ 994132.273112308466807, 184101.563353379809996 ] } },
{ "type": "Feature", "properties": { "Complex ID": "343", "Is Complex": "false", "Number Of Stations In Complex": "1", "Stop Name": "Nostrand Av", "Display Name": "Nostrand Av (3)", "Constituent Station Names": "Nostrand Av", "Station IDs": "343", "GTFS Stop IDs": "248", "Borough": "Bk", "CBD": "false", "Daytime Routes": "3", "Structure Type": "Subway", "Latitude": "40.669847", "Longitude": "-73.950466", "ADA": "0", "ADA Notes": "" }, "geometry": { "type": "Point", "coordinates": [ 997991.039471882395446, 183323.783974316465901 ] } },
{ "type": "Feature", "properties": { "Complex ID": "344", "Is Complex": "false", "Number Of Stations In Complex": "1", "Stop Name": "Kingston Av", "Display Name": "Kingston Av (3)", "Constituent Station Names": "Kingston Av", "Station IDs": "344", "GTFS Stop IDs": "249", "Borough": "Bk", "CBD": "false", "Daytime Routes": "3", "Structure Type": "Subway", "Latitude": "40.669399", "Longitude": "-73.942161", "ADA": "0", "ADA Notes": "" }, "geometry": { "type": "Point", "coordinates": [ 1000295.008809197694063, 183161.982242508936906 ] } },
{ "type": "Feature", "properties": { "Complex ID": "345", "Is Complex": "false", "Number Of Stations In Complex": "1", "Stop Name": "Crown Hts-Utica Av", "Display Name": "Crown Hts-Utica Av (3,4)", "Constituent Station Names": "Crown Hts-Utica Av", "Station IDs": "345", "GTFS Stop IDs": "250", "Borough": "Bk", "CBD": "false", "Daytime Routes": "3 4", "Structure Type": "Subway", "Latitude": "40.668897", "Longitude": "-73.932942", "ADA": "1", "ADA Notes": "" }, "geometry": { "type": "Point", "coordinates": [ 1002852.576997767784633, 182980.918603823811281 ] } },
{ "type": "Feature", "properties": { "Complex ID": "346", "Is Complex": "false", "Number Of Stations In Complex": "1", "Stop Name": "Sutter Av-Rutland Rd", "Display Name": "Sutter Av-Rutland Rd (3)", "Constituent Station Names": "Sutter Av-Rutland Rd", "Station IDs": "346", "GTFS Stop IDs": "251", "Borough": "Bk", "CBD": "false", "Daytime Routes": "3", "Structure Type": "Elevated", "Latitude": "40.664717", "Longitude": "-73.92261", "ADA": "0", "ADA Notes": "" }, "geometry": { "type": "Point", "coordinates": [ 1005720.130109446472488, 181460.393997395556653 ] } },
{ "type": "Feature", "properties": { "Complex ID": "347", "Is Complex": "false", "Number Of Stations In Complex": "1", "Stop Name": "Saratoga Av", "Display Name": "Saratoga Av (3)", "Constituent Station Names": "Saratoga Av", "Station IDs": "347", "GTFS Stop IDs": "252", "Borough": "Bk", "CBD": "false", "Daytime Routes": "3", "Structure Type": "Elevated", "Latitude": "40.661453", "Longitude": "-73.916327", "ADA": "0", "ADA Notes": "" }, "geometry": { "type": "Point", "coordinates": [ 1007464.347221215837635, 180272.831768797826953 ] } },
{ "type": "Feature", "properties": { "Complex ID": "348", "Is Complex": "false", "Number Of Stations In Complex": "1", "Stop Name": "Rockaway Av", "Display Name": "Rockaway Av (3)", "Constituent Station Names": "Rockaway Av", "Station IDs": "348", "GTFS Stop IDs": "253", "Borough": "Bk", "CBD": "false", "Daytime Routes": "3", "Structure Type": "Elevated", "Latitude": "40.662549", "Longitude": "-73.908946", "ADA": "0", "ADA Notes": "" }, "geometry": { "type": "Point", "coordinates": [ 1009511.726009173435159, 180674.183375650871312 ] } },
{ "type": "Feature", "properties": { "Complex ID": "349", "Is Complex": "false", "Number Of Stations In Complex": "1", "Stop Name": "Junius St", "Display Name": "Junius St (3)", "Constituent Station Names": "Junius St", "Station IDs": "349", "GTFS Stop IDs": "254", "Borough": "Bk", "CBD": "false", "Daytime Routes": "3", "Structure Type": "Elevated", "Latitude": "40.663515", "Longitude": "-73.902447", "ADA": "0", "ADA Notes": "" }, "geometry": { "type": "Point", "coordinates": [ 1011314.394966533523984, 181028.070442059310153 ] } },
{ "type": "Feature", "properties": { "Complex ID": "350", "Is Complex": "false", "Number Of Stations In Complex": "1", "Stop Name": "Pennsylvania Av", "Display Name": "Pennsylvania Av (3)", "Constituent Station Names": "Pennsylvania Av", "Station IDs": "350", "GTFS Stop IDs": "255", "Borough": "Bk", "CBD": "false", "Daytime Routes": "3", "Structure Type": "Elevated", "Latitude": "40.664635", "Longitude": "-73.894895", "ADA": "0", "ADA Notes": "" }, "geometry": { "type": "Point", "coordinates": [ 1013409.076547706499696, 181438.547376258618897 ] } },
{ "type": "Feature", "properties": { "Complex ID": "351", "Is Complex": "false", "Number Of Stations In Complex": "1", "Stop Name": "Van Siclen Av", "Display Name": "Van Siclen Av (3)", "Constituent Station Names": "Van Siclen Av", "Station IDs": "351", "GTFS Stop IDs": "256", "Borough": "Bk", "CBD": "false", "Daytime Routes": "3", "Structure Type": "Elevated", "Latitude": "40.665449", "Longitude": "-73.889395", "ADA": "0", "ADA Notes": "" }, "geometry": { "type": "Point", "coordinates": [ 1014934.555776335531846, 181736.993449290428543 ] } },
{ "type": "Feature", "properties": { "Complex ID": "352", "Is Complex": "false", "Number Of Stations In Complex": "1", "Stop Name": "New Lots Av", "Display Name": "New Lots Av (3)", "Constituent Station Names": "New Lots Av", "Station IDs": "352", "GTFS Stop IDs": "257", "Borough": "Bk", "CBD": "false", "Daytime Routes": "3", "Structure Type": "Elevated", "Latitude": "40.666235", "Longitude": "-73.884079", "ADA": "0", "ADA Notes": "" }, "geometry": { "type": "Point", "coordinates": [ 1016408.965655764215626, 182025.266375778795918 ] } },
{ "type": "Feature", "properties": { "Complex ID": "353", "Is Complex": "false", "Number Of Stations In Complex": "1", "Stop Name": "President St-Medgar Evers College", "Display Name": "President St-Medgar Evers College (2,5)", "Constituent Station Names": "President St-Medgar Evers College", "Station IDs": "353", "GTFS Stop IDs": "241", "Borough": "Bk", "CBD": "false", "Daytime Routes": "2 5", "Structure Type": "Subway", "Latitude": "40.667883", "Longitude": "-73.950683", "ADA": "0", "ADA Notes": "" }, "geometry": { "type": "Point", "coordinates": [ 997931.246531569864601, 182608.207537312380737 ] } },
{ "type": "Feature", "properties": { "Complex ID": "354", "Is Complex": "false", "Number Of Stations In Complex": "1", "Stop Name": "Sterling St", "Display Name": "Sterling St (2,5)", "Constituent Station Names": "Sterling St", "Station IDs": "354", "GTFS Stop IDs": "242", "Borough": "Bk", "CBD": "false", "Daytime Routes": "2 5", "Structure Type": "Subway", "Latitude": "40.662742", "Longitude": "-73.95085", "ADA": "0", "ADA Notes": "" }, "geometry": { "type": "Point", "coordinates": [ 997885.972951643401757, 180735.166344942670548 ] } },
{ "type": "Feature", "properties": { "Complex ID": "355", "Is Complex": "false", "Number Of Stations In Complex": "1", "Stop Name": "Winthrop St", "Display Name": "Winthrop St (2,5)", "Constituent Station Names": "Winthrop St", "Station IDs": "355", "GTFS Stop IDs": "243", "Borough": "Bk", "CBD": "false", "Daytime Routes": "2 5", "Structure Type": "Subway", "Latitude": "40.656652", "Longitude": "-73.9502", "ADA": "0", "ADA Notes": "" }, "geometry": { "type": "Point", "coordinates": [ 998067.572235017083585, 178516.50691106999875 ] } },
{ "type": "Feature", "properties": { "Complex ID": "356", "Is Complex": "false", "Number Of Stations In Complex": "1", "Stop Name": "Church Av", "Display Name": "Church Av (2,5)", "Constituent Station Names": "Church Av", "Station IDs": "356", "GTFS Stop IDs": "244", "Borough": "Bk", "CBD": "false", "Daytime Routes": "2 5", "Structure Type": "Subway", "Latitude": "40.650843", "Longitude": "-73.949575", "ADA": "1", "ADA Notes": "" }, "geometry": { "type": "Point", "coordinates": [ 998242.208137428737246, 176400.222631235752488 ] } },
{ "type": "Feature", "properties": { "Complex ID": "357", "Is Complex": "false", "Number Of Stations In Complex": "1", "Stop Name": "Beverly Rd", "Display Name": "Beverly Rd (2,5)", "Constituent Station Names": "Beverly Rd", "Station IDs": "357", "GTFS Stop IDs": "245", "Borough": "Bk", "CBD": "false", "Daytime Routes": "2 5", "Structure Type": "Subway", "Latitude": "40.645098", "Longitude": "-73.948959", "ADA": "0", "ADA Notes": "" }, "geometry": { "type": "Point", "coordinates": [ 998414.363016948569566, 174307.256532359548146 ] } },
{ "type": "Feature", "properties": { "Complex ID": "358", "Is Complex": "false", "Number Of Stations In Complex": "1", "Stop Name": "Newkirk Av-Little Haiti", "Display Name": "Newkirk Av-Little Haiti (2,5)", "Constituent Station Names": "Newkirk Av-Little Haiti", "Station IDs": "358", "GTFS Stop IDs": "246", "Borough": "Bk", "CBD": "false", "Daytime Routes": "2 5", "Structure Type": "Subway", "Latitude": "40.639967", "Longitude": "-73.948411", "ADA": "0", "ADA Notes": "" }, "geometry": { "type": "Point", "coordinates": [ 998567.542873017606325, 172437.979131886328105 ] } },
{ "type": "Feature", "properties": { "Complex ID": "359", "Is Complex": "false", "Number Of Stations In Complex": "1", "Stop Name": "Flatbush Av-Brooklyn College", "Display Name": "Flatbush Av-Brooklyn College (2,5)", "Constituent Station Names": "Flatbush Av-Brooklyn College", "Station IDs": "359", "GTFS Stop IDs": "247", "Borough": "Bk", "CBD": "false", "Daytime Routes": "2 5", "Structure Type": "Subway", "Latitude": "40.632836", "Longitude": "-73.947642", "ADA": "1", "ADA Notes": "" }, "geometry": { "type": "Point", "coordinates": [ 998782.522121772635728, 169840.085224306036253 ] } },
{ "type": "Feature", "properties": { "Complex ID": "360", "Is Complex": "false", "Number Of Stations In Complex": "1", "Stop Name": "Pelham Bay Park", "Display Name": "Pelham Bay Park (6)", "Constituent Station Names": "Pelham Bay Park", "Station IDs": "360", "GTFS Stop IDs": "601", "Borough": "Bx", "CBD": "false", "Daytime Routes": "6", "Structure Type": "Elevated", "Latitude": "40.852462", "Longitude": "-73.828121", "ADA": "1", "ADA Notes": "" }, "geometry": { "type": "Point", "coordinates": [ 1031799.73726515553426, 249899.252757773792837 ] } },
{ "type": "Feature", "properties": { "Complex ID": "361", "Is Complex": "false", "Number Of Stations In Complex": "1", "Stop Name": "Buhre Av", "Display Name": "Buhre Av (6)", "Constituent Station Names": "Buhre Av", "Station IDs": "361", "GTFS Stop IDs": "602", "Borough": "Bx", "CBD": "false", "Daytime Routes": "6", "Structure Type": "Elevated", "Latitude": "40.84681", "Longitude": "-73.832569", "ADA": "0", "ADA Notes": "" }, "geometry": { "type": "Point", "coordinates": [ 1030573.149875916307792, 247837.635801872675074 ] } },
{ "type": "Feature", "properties": { "Complex ID": "362", "Is Complex": "false", "Number Of Stations In Complex": "1", "Stop Name": "Middletown Rd", "Display Name": "Middletown Rd (6)", "Constituent Station Names": "Middletown Rd", "Station IDs": "362", "GTFS Stop IDs": "603", "Borough": "Bx", "CBD": "false", "Daytime Routes": "6", "Structure Type": "Elevated", "Latitude": "40.843863", "Longitude": "-73.836322", "ADA": "0", "ADA Notes": "" }, "geometry": { "type": "Point", "coordinates": [ 1029536.813329656026326, 246761.971688714984339 ] } },
{ "type": "Feature", "properties": { "Complex ID": "363", "Is Complex": "false", "Number Of Stations In Complex": "1", "Stop Name": "Westchester Sq-E Tremont Av", "Display Name": "Westchester Sq-E Tremont Av (6)", "Constituent Station Names": "Westchester Sq-E Tremont Av", "Station IDs": "363", "GTFS Stop IDs": "604", "Borough": "Bx", "CBD": "false", "Daytime Routes": "6", "Structure Type": "Elevated", "Latitude": "40.839892", "Longitude": "-73.842952", "ADA": "1", "ADA Notes": "" }, "geometry": { "type": "Point", "coordinates": [ 1027705.002833948121406, 245311.830361706844997 ] } },
{ "type": "Feature", "properties": { "Complex ID": "364", "Is Complex": "false", "Number Of Stations In Complex": "1", "Stop Name": "Zerega Av", "Display Name": "Zerega Av (6)", "Constituent Station Names": "Zerega Av", "Station IDs": "364", "GTFS Stop IDs": "606", "Borough": "Bx", "CBD": "false", "Daytime Routes": "6", "Structure Type": "Elevated", "Latitude": "40.836488", "Longitude": "-73.847036", "ADA": "0", "ADA Notes": "" }, "geometry": { "type": "Point", "coordinates": [ 1026577.130117055377923, 244069.628409169061342 ] } },
{ "type": "Feature", "properties": { "Complex ID": "365", "Is Complex": "false", "Number Of Stations In Complex": "1", "Stop Name": "Castle Hill Av", "Display Name": "Castle Hill Av (6)", "Constituent Station Names": "Castle Hill Av", "Station IDs": "365", "GTFS Stop IDs": "607", "Borough": "Bx", "CBD": "false", "Daytime Routes": "6", "Structure Type": "Elevated", "Latitude": "40.834255", "Longitude": "-73.851222", "ADA": "0", "ADA Notes": "" }, "geometry": { "type": "Point", "coordinates": [ 1025420.190618230495602, 243254.068977448914666 ] } },
{ "type": "Feature", "properties": { "Complex ID": "366", "Is Complex": "false", "Number Of Stations In Complex": "1", "Stop Name": "Parkchester", "Display Name": "Parkchester (6)", "Constituent Station Names": "Parkchester", "Station IDs": "366", "GTFS Stop IDs": "608", "Borough": "Bx", "CBD": "false", "Daytime Routes": "6", "Structure Type": "Elevated", "Latitude": "40.833226", "Longitude": "-73.860816", "ADA": "1", "ADA Notes": "" }, "geometry": { "type": "Point", "coordinates": [ 1022765.91006742848549, 242874.798520421492867 ] } },
{ "type": "Feature", "properties": { "Complex ID": "367", "Is Complex": "false", "Number Of Stations In Complex": "1", "Stop Name": "St Lawrence Av", "Display Name": "St Lawrence Av (6)", "Constituent Station Names": "St Lawrence Av", "Station IDs": "367", "GTFS Stop IDs": "609", "Borough": "Bx", "CBD": "false", "Daytime Routes": "6", "Structure Type": "Elevated", "Latitude": "40.831509", "Longitude": "-73.867618", "ADA": "0", "ADA Notes": "" }, "geometry": { "type": "Point", "coordinates": [ 1020884.559351032366976, 242246.312551968672778 ] } },
{ "type": "Feature", "properties": { "Complex ID": "368", "Is Complex": "false", "Number Of Stations In Complex": "1", "Stop Name": "Morrison Av-Soundview", "Display Name": "Morrison Av-Soundview (6)", "Constituent Station Names": "Morrison Av-Soundview", "Station IDs": "368", "GTFS Stop IDs": "610", "Borough": "Bx", "CBD": "false", "Daytime Routes": "6", "Structure Type": "Elevated", "Latitude": "40.829521", "Longitude": "-73.874516", "ADA": "0", "ADA Notes": "" }, "geometry": { "type": "Point", "coordinates": [ 1018976.685554227558896, 241519.199712505476782 ] } },
{ "type": "Feature", "properties": { "Complex ID": "369", "Is Complex": "false", "Number Of Stations In Complex": "1", "Stop Name": "Elder Av", "Display Name": "Elder Av (6)", "Constituent Station Names": "Elder Av", "Station IDs": "369", "GTFS Stop IDs": "611", "Borough": "Bx", "CBD": "false", "Daytime Routes": "6", "Structure Type": "Elevated", "Latitude": "40.828584", "Longitude": "-73.879159", "ADA": "0", "ADA Notes": "" }, "geometry": { "type": "Point", "coordinates": [ 1017692.241788721992634, 241176.008132617338561 ] } },
{ "type": "Feature", "properties": { "Complex ID": "370", "Is Complex": "false", "Number Of Stations In Complex": "1", "Stop Name": "Whitlock Av", "Display Name": "Whitlock Av (6)", "Constituent Station Names": "Whitlock Av", "Station IDs": "370", "GTFS Stop IDs": "612", "Borough": "Bx", "CBD": "false", "Daytime Routes": "6", "Structure Type": "Elevated", "Latitude": "40.826525", "Longitude": "-73.886283", "ADA": "0", "ADA Notes": "" }, "geometry": { "type": "Point", "coordinates": [ 1015721.655004053376615, 240423.224658873630688 ] } },
{ "type": "Feature", "properties": { "Complex ID": "371", "Is Complex": "false", "Number Of Stations In Complex": "1", "Stop Name": "Hunts Point Av", "Display Name": "Hunts Point Av (6)", "Constituent Station Names": "Hunts Point Av", "Station IDs": "371", "GTFS Stop IDs": "613", "Borough": "Bx", "CBD": "false", "Daytime Routes": "6", "Structure Type": "Subway", "Latitude": "40.820948", "Longitude": "-73.890549", "ADA": "1", "ADA Notes": "" }, "geometry": { "type": "Point", "coordinates": [ 1014543.558409526362084, 238389.819468496949412 ] } },
{ "type": "Feature", "properties": { "Complex ID": "372", "Is Complex": "false", "Number Of Stations In Complex": "1", "Stop Name": "Longwood Av", "Display Name": "Longwood Av (6)", "Constituent Station Names": "Longwood Av", "Station IDs": "372", "GTFS Stop IDs": "614", "Borough": "Bx", "CBD": "false", "Daytime Routes": "6", "Structure Type": "Subway", "Latitude": "40.816104", "Longitude": "-73.896435", "ADA": "0", "ADA Notes": "" }, "geometry": { "type": "Point", "coordinates": [ 1012916.53022773808334, 236622.995356885861838 ] } },
{ "type": "Feature", "properties": { "Complex ID": "373", "Is Complex": "false", "Number Of Stations In Complex": "1", "Stop Name": "E 149 St", "Display Name": "E 149 St (6)", "Constituent Station Names": "E 149 St", "Station IDs": "373", "GTFS Stop IDs": "615", "Borough": "Bx", "CBD": "false", "Daytime Routes": "6", "Structure Type": "Subway", "Latitude": "40.812118", "Longitude": "-73.904098", "ADA": "1", "ADA Notes": "" }, "geometry": { "type": "Point", "coordinates": [ 1010797.016421855776571, 235168.336134055338334 ] } },
{ "type": "Feature", "properties": { "Complex ID": "374", "Is Complex": "false", "Number Of Stations In Complex": "1", "Stop Name": "E 143 St-St Mary's St", "Display Name": "E 143 St-St Mary's St (6)", "Constituent Station Names": "E 143 St-St Mary's St", "Station IDs": "374", "GTFS Stop IDs": "616", "Borough": "Bx", "CBD": "false", "Daytime Routes": "6", "Structure Type": "Subway", "Latitude": "40.808719", "Longitude": "-73.907657", "ADA": "0", "ADA Notes": "" }, "geometry": { "type": "Point", "coordinates": [ 1009813.1384621495381, 233928.90161263482878 ] } },
{ "type": "Feature", "properties": { "Complex ID": "375", "Is Complex": "false", "Number Of Stations In Complex": "1", "Stop Name": "Cypress Av", "Display Name": "Cypress Av (6)", "Constituent Station Names": "Cypress Av", "Station IDs": "375", "GTFS Stop IDs": "617", "Borough": "Bx", "CBD": "false", "Daytime Routes": "6", "Structure Type": "Subway", "Latitude": "40.805368", "Longitude": "-73.914042", "ADA": "0", "ADA Notes": "" }, "geometry": { "type": "Point", "coordinates": [ 1008046.784352946793661, 232706.213306751626078 ] } },
{ "type": "Feature", "properties": { "Complex ID": "376", "Is Complex": "false", "Number Of Stations In Complex": "1", "Stop Name": "Brook Av", "Display Name": "Brook Av (6)", "Constituent Station Names": "Brook Av", "Station IDs": "376", "GTFS Stop IDs": "618", "Borough": "Bx", "CBD": "false", "Daytime Routes": "6", "Structure Type": "Subway", "Latitude": "40.807566", "Longitude": "-73.91924", "ADA": "0", "ADA Notes": "" }, "geometry": { "type": "Point", "coordinates": [ 1006607.017077504657209, 233505.647057350492105 ] } },
{ "type": "Feature", "properties": { "Complex ID": "377", "Is Complex": "false", "Number Of Stations In Complex": "1", "Stop Name": "3 Av-138 St", "Display Name": "3 Av-138 St (6)", "Constituent Station Names": "3 Av-138 St", "Station IDs": "377", "GTFS Stop IDs": "619", "Borough": "Bx", "CBD": "false", "Daytime Routes": "6", "Structure Type": "Subway", "Latitude": "40.810476", "Longitude": "-73.926138", "ADA": "0", "ADA Notes": "" }, "geometry": { "type": "Point", "coordinates": [ 1004696.524288821383379, 234564.17017995621427 ] } },
{ "type": "Feature", "properties": { "Complex ID": "378", "Is Complex": "false", "Number Of Stations In Complex": "1", "Stop Name": "Woodlawn", "Display Name": "Woodlawn (4)", "Constituent Station Names": "Woodlawn", "Station IDs": "378", "GTFS Stop IDs": "401", "Borough": "Bx", "CBD": "false", "Daytime Routes": "4", "Structure Type": "Elevated", "Latitude": "40.886037", "Longitude": "-73.878751", "ADA": "0", "ADA Notes": "" }, "geometry": { "type": "Point", "coordinates": [ 1017776.172498066560365, 262108.446442129148636 ] } },
{ "type": "Feature", "properties": { "Complex ID": "379", "Is Complex": "false", "Number Of Stations In Complex": "1", "Stop Name": "Mosholu Pkwy", "Display Name": "Mosholu Pkwy (4)", "Constituent Station Names": "Mosholu Pkwy", "Station IDs": "379", "GTFS Stop IDs": "402", "Borough": "Bx", "CBD": "false", "Daytime Routes": "4", "Structure Type": "Elevated", "Latitude": "40.87975", "Longitude": "-73.884655", "ADA": "1", "ADA Notes": "" }, "geometry": { "type": "Point", "coordinates": [ 1016146.675411906908266, 259815.658370700053638 ] } },
{ "type": "Feature", "properties": { "Complex ID": "380", "Is Complex": "false", "Number Of Stations In Complex": "1", "Stop Name": "Bedford Park Blvd-Lehman College", "Display Name": "Bedford Park Blvd-Lehman College (4)", "Constituent Station Names": "Bedford Park Blvd-Lehman College", "Station IDs": "380", "GTFS Stop IDs": "405", "Borough": "Bx", "CBD": "false", "Daytime Routes": "4", "Structure Type": "Elevated", "Latitude": "40.873412", "Longitude": "-73.890064", "ADA": "0", "ADA Notes": "" }, "geometry": { "type": "Point", "coordinates": [ 1014653.804976736661047, 257504.552367001742823 ] } },
{ "type": "Feature", "properties": { "Complex ID": "381", "Is Complex": "false", "Number Of Stations In Complex": "1", "Stop Name": "Kingsbridge Rd", "Display Name": "Kingsbridge Rd (4)", "Constituent Station Names": "Kingsbridge Rd", "Station IDs": "381", "GTFS Stop IDs": "406", "Borough": "Bx", "CBD": "false", "Daytime Routes": "4", "Structure Type": "Elevated", "Latitude": "40.86776", "Longitude": "-73.897174", "ADA": "0", "ADA Notes": "" }, "geometry": { "type": "Point", "coordinates": [ 1012689.882906302344054, 255442.918843624967849 ] } },
{ "type": "Feature", "properties": { "Complex ID": "382", "Is Complex": "false", "Number Of Stations In Complex": "1", "Stop Name": "Fordham Rd", "Display Name": "Fordham Rd (4)", "Constituent Station Names": "Fordham Rd", "Station IDs": "382", "GTFS Stop IDs": "407", "Borough": "Bx", "CBD": "false", "Daytime Routes": "4", "Structure Type": "Elevated", "Latitude": "40.862803", "Longitude": "-73.901034", "ADA": "1", "ADA Notes": "" }, "geometry": { "type": "Point", "coordinates": [ 1011624.312188925570808, 253635.662873758323258 ] } },
{ "type": "Feature", "properties": { "Complex ID": "383", "Is Complex": "false", "Number Of Stations In Complex": "1", "Stop Name": "183 St", "Display Name": "183 St (4)", "Constituent Station Names": "183 St", "Station IDs": "383", "GTFS Stop IDs": "408", "Borough": "Bx", "CBD": "false", "Daytime Routes": "4", "Structure Type": "Elevated", "Latitude": "40.858407", "Longitude": "-73.903879", "ADA": "0", "ADA Notes": "" }, "geometry": { "type": "Point", "coordinates": [ 1010839.131796882022172, 252033.155968778009992 ] } },
{ "type": "Feature", "properties": { "Complex ID": "384", "Is Complex": "false", "Number Of Stations In Complex": "1", "Stop Name": "Burnside Av", "Display Name": "Burnside Av (4)", "Constituent Station Names": "Burnside Av", "Station IDs": "384", "GTFS Stop IDs": "409", "Borough": "Bx", "CBD": "false", "Daytime Routes": "4", "Structure Type": "Elevated", "Latitude": "40.853453", "Longitude": "-73.907684", "ADA": "0", "ADA Notes": "" }, "geometry": { "type": "Point", "coordinates": [ 1009788.486767361056991, 250227.093505434546387 ] } },
{ "type": "Feature", "properties": { "Complex ID": "385", "Is Complex": "false", "Number Of Stations In Complex": "1", "Stop Name": "176 St", "Display Name": "176 St (4)", "Constituent Station Names": "176 St", "Station IDs": "385", "GTFS Stop IDs": "410", "Borough": "Bx", "CBD": "false", "Daytime Routes": "4", "Structure Type": "Elevated", "Latitude": "40.84848", "Longitude": "-73.911794", "ADA": "0", "ADA Notes": "" }, "geometry": { "type": "Point", "coordinates": [ 1008653.309510890161619, 248414.070428521721624 ] } },
{ "type": "Feature", "properties": { "Complex ID": "386", "Is Complex": "false", "Number Of Stations In Complex": "1", "Stop Name": "Mt Eden Av", "Display Name": "Mt Eden Av (4)", "Constituent Station Names": "Mt Eden Av", "Station IDs": "386", "GTFS Stop IDs": "411", "Borough": "Bx", "CBD": "false", "Daytime Routes": "4", "Structure Type": "Elevated", "Latitude": "40.844434", "Longitude": "-73.914685", "ADA": "0", "ADA Notes": "" }, "geometry": { "type": "Point", "coordinates": [ 1007854.911201997078024, 246939.16926412077737 ] } },
{ "type": "Feature", "properties": { "Complex ID": "387", "Is Complex": "false", "Number Of Stations In Complex": "1", "Stop Name": "170 St", "Display Name": "170 St (4)", "Constituent Station Names": "170 St", "Station IDs": "387", "GTFS Stop IDs": "412", "Borough": "Bx", "CBD": "false", "Daytime Routes": "4", "Structure Type": "Elevated", "Latitude": "40.840075", "Longitude": "-73.917791", "ADA": "1", "ADA Notes": "" }, "geometry": { "type": "Point", "coordinates": [ 1006997.032701851916499, 245350.20206657066592 ] } },
{ "type": "Feature", "properties": { "Complex ID": "388", "Is Complex": "false", "Number Of Stations In Complex": "1", "Stop Name": "167 St", "Display Name": "167 St (4)", "Constituent Station Names": "167 St", "Station IDs": "388", "GTFS Stop IDs": "413", "Borough": "Bx", "CBD": "false", "Daytime Routes": "4", "Structure Type": "Elevated", "Latitude": "40.835537", "Longitude": "-73.9214", "ADA": "0", "ADA Notes": "" }, "geometry": { "type": "Point", "coordinates": [ 1005999.911616687662899, 243695.924583131883992 ] } },
{ "type": "Feature", "properties": { "Complex ID": "391", "Is Complex": "false", "Number Of Stations In Complex": "1", "Stop Name": "138 St-Grand Concourse", "Display Name": "138 St-Grand Concourse (4,5)", "Constituent Station Names": "138 St-Grand Concourse", "Station IDs": "391", "GTFS Stop IDs": "416", "Borough": "Bx", "CBD": "false", "Daytime Routes": "4 5", "Structure Type": "Subway", "Latitude": "40.813224", "Longitude": "-73.929849", "ADA": "0", "ADA Notes": "" }, "geometry": { "type": "Point", "coordinates": [ 1003668.437506466521882, 235564.514877464622259 ] } },
{ "type": "Feature", "properties": { "Complex ID": "392", "Is Complex": "false", "Number Of Stations In Complex": "1", "Stop Name": "125 St", "Display Name": "125 St (4,5,6)", "Constituent Station Names": "125 St", "Station IDs": "392", "GTFS Stop IDs": "621", "Borough": "M", "CBD": "false", "Daytime Routes": "4 5 6", "Structure Type": "Subway", "Latitude": "40.804138", "Longitude": "-73.937594", "ADA": "1", "ADA Notes": "" }, "geometry": { "type": "Point", "coordinates": [ 1001526.901178303756751, 232252.542845106043387 ] } },
{ "type": "Feature", "properties": { "Complex ID": "393", "Is Complex": "false", "Number Of Stations In Complex": "1", "Stop Name": "116 St", "Display Name": "116 St (6)", "Constituent Station Names": "116 St", "Station IDs": "393", "GTFS Stop IDs": "622", "Borough": "M", "CBD": "false", "Daytime Routes": "6", "Structure Type": "Subway", "Latitude": "40.798629", "Longitude": "-73.941617", "ADA": "0", "ADA Notes": "" }, "geometry": { "type": "Point", "coordinates": [ 1000414.479549093754031, 230244.654980966355652 ] } },
{ "type": "Feature", "properties": { "Complex ID": "394", "Is Complex": "false", "Number Of Stations In Complex": "1", "Stop Name": "110 St", "Display Name": "110 St (6)", "Constituent Station Names": "110 St", "Station IDs": "394", "GTFS Stop IDs": "623", "Borough": "M", "CBD": "false", "Daytime Routes": "6", "Structure Type": "Subway", "Latitude": "40.79502", "Longitude": "-73.94425", "ADA": "0", "ADA Notes": "" }, "geometry": { "type": "Point", "coordinates": [ 999686.315340921282768, 228929.296990732866107 ] } },
{ "type": "Feature", "properties": { "Complex ID": "395", "Is Complex": "false", "Number Of Stations In Complex": "1", "Stop Name": "103 St", "Display Name": "103 St (6)", "Constituent Station Names": "103 St", "Station IDs": "395", "GTFS Stop IDs": "624", "Borough": "M", "CBD": "false", "Daytime Routes": "6", "Structure Type": "Subway", "Latitude": "40.7906", "Longitude": "-73.947478", "ADA": "0", "ADA Notes": "" }, "geometry": { "type": "Point", "coordinates": [ 998793.49318200640846, 227318.387286031706026 ] } },
{ "type": "Feature", "properties": { "Complex ID": "396", "Is Complex": "false", "Number Of Stations In Complex": "1", "Stop Name": "96 St", "Display Name": "96 St (6)", "Constituent Station Names": "96 St", "Station IDs": "396", "GTFS Stop IDs": "625", "Borough": "M", "CBD": "false", "Daytime Routes": "6", "Structure Type": "Subway", "Latitude": "40.785672", "Longitude": "-73.95107", "ADA": "0", "ADA Notes": "" }, "geometry": { "type": "Point", "coordinates": [ 997799.855834424961358, 225522.373461357783526 ] } },
{ "type": "Feature", "properties": { "Complex ID": "397", "Is Complex": "false", "Number Of Stations In Complex": "1", "Stop Name": "86 St", "Display Name": "86 St (4,5,6)", "Constituent Station Names": "86 St", "Station IDs": "397", "GTFS Stop IDs": "626", "Borough": "M", "CBD": "false", "Daytime Routes": "4 5 6", "Structure Type": "Subway", "Latitude": "40.779492", "Longitude": "-73.955589", "ADA": "2", "ADA Notes": "Uptown local only" }, "geometry": { "type": "Point", "coordinates": [ 996549.574168195715174, 223270.124607903475408 ] } },
{ "type": "Feature", "properties": { "Complex ID": "141", "Is Complex": "false", "Number Of Stations In Complex": "1", "Stop Name": "Park Pl", "Display Name": "Park Pl (S)", "Constituent Station Names": "Park Pl", "Station IDs": "141", "GTFS Stop IDs": "S03", "Borough": "Bk", "CBD": "false", "Daytime Routes": "S", "Structure Type": "Open Cut", "Latitude": "40.674772", "Longitude": "-73.957624", "ADA": "1", "ADA Notes": "" }, "geometry": { "type": "Point", "coordinates": [ 996004.491804738296196, 185117.05886652864865 ] } },
{ "type": "Feature", "properties": { "Complex ID": "143", "Is Complex": "false", "Number Of Stations In Complex": "1", "Stop Name": "Inwood-207 St", "Display Name": "Inwood-207 St (A)", "Constituent Station Names": "Inwood-207 St", "Station IDs": "143", "GTFS Stop IDs": "A02", "Borough": "M", "CBD": "false", "Daytime Routes": "A", "Structure Type": "Subway", "Latitude": "40.868072", "Longitude": "-73.919899", "ADA": "1", "ADA Notes": "" }, "geometry": { "type": "Point", "coordinates": [ 1006404.424299669917673, 255550.012170450005215 ] } },
{ "type": "Feature", "properties": { "Complex ID": "144", "Is Complex": "false", "Number Of Stations In Complex": "1", "Stop Name": "Dyckman St", "Display Name": "Dyckman St (A)", "Constituent Station Names": "Dyckman St", "Station IDs": "144", "GTFS Stop IDs": "A03", "Borough": "M", "CBD": "false", "Daytime Routes": "A", "Structure Type": "Subway", "Latitude": "40.865491", "Longitude": "-73.927271", "ADA": "0", "ADA Notes": "" }, "geometry": { "type": "Point", "coordinates": [ 1004366.242506287177093, 254607.87103437926271 ] } },
{ "type": "Feature", "properties": { "Complex ID": "145", "Is Complex": "false", "Number Of Stations In Complex": "1", "Stop Name": "190 St", "Display Name": "190 St (A)", "Constituent Station Names": "190 St", "Station IDs": "145", "GTFS Stop IDs": "A05", "Borough": "M", "CBD": "false", "Daytime Routes": "A", "Structure Type": "Subway", "Latitude": "40.859022", "Longitude": "-73.93418", "ADA": "0", "ADA Notes": "" }, "geometry": { "type": "Point", "coordinates": [ 1002457.034159811097197, 252249.452662047871854 ] } },
{ "type": "Feature", "properties": { "Complex ID": "146", "Is Complex": "false", "Number Of Stations In Complex": "1", "Stop Name": "181 St", "Display Name": "181 St (A)", "Constituent Station Names": "181 St", "Station IDs": "146", "GTFS Stop IDs": "A06", "Borough": "M", "CBD": "false", "Daytime Routes": "A", "Structure Type": "Subway", "Latitude": "40.851695", "Longitude": "-73.937969", "ADA": "1", "ADA Notes": "" }, "geometry": { "type": "Point", "coordinates": [ 1001410.812664394616149, 249579.18433614334208 ] } },
{ "type": "Feature", "properties": { "Complex ID": "147", "Is Complex": "false", "Number Of Stations In Complex": "1", "Stop Name": "175 St", "Display Name": "175 St (A)", "Constituent Station Names": "175 St", "Station IDs": "147", "GTFS Stop IDs": "A07", "Borough": "M", "CBD": "false", "Daytime Routes": "A", "Structure Type": "Subway", "Latitude": "40.847391", "Longitude": "-73.939704", "ADA": "1", "ADA Notes": "" }, "geometry": { "type": "Point", "coordinates": [ 1000931.904067251831293, 248010.741025410970906 ] } },
{ "type": "Feature", "properties": { "Complex ID": "149", "Is Complex": "false", "Number Of Stations In Complex": "1", "Stop Name": "163 St-Amsterdam Av", "Display Name": "163 St-Amsterdam Av (C)", "Constituent Station Names": "163 St-Amsterdam Av", "Station IDs": "149", "GTFS Stop IDs": "A10", "Borough": "M", "CBD": "false", "Daytime Routes": "C", "Structure Type": "Subway", "Latitude": "40.836013", "Longitude": "-73.939892", "ADA": "0", "ADA Notes": "" }, "geometry": { "type": "Point", "coordinates": [ 1000882.735184985562228, 243865.283296160050668 ] } },
{ "type": "Feature", "properties": { "Complex ID": "150", "Is Complex": "false", "Number Of Stations In Complex": "1", "Stop Name": "155 St", "Display Name": "155 St (C)", "Constituent Station Names": "155 St", "Station IDs": "150", "GTFS Stop IDs": "A11", "Borough": "M", "CBD": "false", "Daytime Routes": "C", "Structure Type": "Subway", "Latitude": "40.830518", "Longitude": "-73.941514", "ADA": "0", "ADA Notes": "" }, "geometry": { "type": "Point", "coordinates": [ 1000435.239578474429436, 241862.951477679656819 ] } },
{ "type": "Feature", "properties": { "Complex ID": "151", "Is Complex": "false", "Number Of Stations In Complex": "2", "Stop Name": "145 St", "Display Name": "145 St (A,C,B,D)", "Constituent Station Names": "145 St", "Station IDs": "151", "GTFS Stop IDs": "A12; D13", "Borough": "M", "CBD": "false", "Daytime Routes": "A C B D", "Structure Type": "Subway", "Latitude": "40.824783", "Longitude": "-73.944216", "ADA": "0", "ADA Notes": "" }, "geometry": { "type": "Point", "coordinates": [ 999688.823493234114721, 239772.996234619349707 ] } },
{ "type": "Feature", "properties": { "Complex ID": "152", "Is Complex": "false", "Number Of Stations In Complex": "1", "Stop Name": "135 St", "Display Name": "135 St (C,B)", "Constituent Station Names": "135 St", "Station IDs": "152", "GTFS Stop IDs": "A14", "Borough": "M", "CBD": "false", "Daytime Routes": "C B", "Structure Type": "Subway", "Latitude": "40.817894", "Longitude": "-73.947649", "ADA": "0", "ADA Notes": "" }, "geometry": { "type": "Point", "coordinates": [ 998740.199213569751009, 237262.500849829491926 ] } },
{ "type": "Feature", "properties": { "Complex ID": "153", "Is Complex": "false", "Number Of Stations In Complex": "1", "Stop Name": "125 St", "Display Name": "125 St (A,C,B,D)", "Constituent Station Names": "125 St", "Station IDs": "153", "GTFS Stop IDs": "A15", "Borough": "M", "CBD": "false", "Daytime Routes": "A C B D", "Structure Type": "Subway", "Latitude": "40.811109", "Longitude": "-73.952343", "ADA": "1", "ADA Notes": "" }, "geometry": { "type": "Point", "coordinates": [ 997442.288228213903494, 234789.742893524933606 ] } },
{ "type": "Feature", "properties": { "Complex ID": "154", "Is Complex": "false", "Number Of Stations In Complex": "1", "Stop Name": "116 St", "Display Name": "116 St (C,B)", "Constituent Station Names": "116 St", "Station IDs": "154", "GTFS Stop IDs": "A16", "Borough": "M", "CBD": "false", "Daytime Routes": "C B", "Structure Type": "Subway", "Latitude": "40.805085", "Longitude": "-73.954882", "ADA": "0", "ADA Notes": "" }, "geometry": { "type": "Point", "coordinates": [ 996740.575248310924508, 232594.617193956539268 ] } },
{ "type": "Feature", "properties": { "Complex ID": "155", "Is Complex": "false", "Number Of Stations In Complex": "1", "Stop Name": "Cathedral Pkwy (110 St)", "Display Name": "Cathedral Pkwy (110 St) (C,B)", "Constituent Station Names": "Cathedral Pkwy (110 St)", "Station IDs": "155", "GTFS Stop IDs": "A17", "Borough": "M", "CBD": "false", "Daytime Routes": "C B", "Structure Type": "Subway", "Latitude": "40.800603", "Longitude": "-73.958161", "ADA": "0", "ADA Notes": "" }, "geometry": { "type": "Point", "coordinates": [ 995833.583506106049754, 230961.21787280056742 ] } },
{ "type": "Feature", "properties": { "Complex ID": "156", "Is Complex": "false", "Number Of Stations In Complex": "1", "Stop Name": "103 St", "Display Name": "103 St (C,B)", "Constituent Station Names": "103 St", "Station IDs": "156", "GTFS Stop IDs": "A18", "Borough": "M", "CBD": "false", "Daytime Routes": "C B", "Structure Type": "Subway", "Latitude": "40.796092", "Longitude": "-73.961454", "ADA": "0", "ADA Notes": "" }, "geometry": { "type": "Point", "coordinates": [ 994922.597797697759233, 229317.286249105847673 ] } },
{ "type": "Feature", "properties": { "Complex ID": "157", "Is Complex": "false", "Number Of Stations In Complex": "1", "Stop Name": "96 St", "Display Name": "96 St (C,B)", "Constituent Station Names": "96 St", "Station IDs": "157", "GTFS Stop IDs": "A19", "Borough": "M", "CBD": "false", "Daytime Routes": "C B", "Structure Type": "Subway", "Latitude": "40.791642", "Longitude": "-73.964696", "ADA": "0", "ADA Notes": "" }, "geometry": { "type": "Point", "coordinates": [ 994025.601453264942393, 227695.620103244145866 ] } },
{ "type": "Feature", "properties": { "Complex ID": "158", "Is Complex": "false", "Number Of Stations In Complex": "1", "Stop Name": "86 St", "Display Name": "86 St (C,B)", "Constituent Station Names": "86 St", "Station IDs": "158", "GTFS Stop IDs": "A20", "Borough": "M", "CBD": "false", "Daytime Routes": "C B", "Structure Type": "Subway", "Latitude": "40.785868", "Longitude": "-73.968916", "ADA": "0", "ADA Notes": "" }, "geometry": { "type": "Point", "coordinates": [ 992857.829947357880883, 225591.512542886659503 ] } },
{ "type": "Feature", "properties": { "Complex ID": "159", "Is Complex": "false", "Number Of Stations In Complex": "1", "Stop Name": "81 St-Museum of Natural History", "Display Name": "81 St-Museum of Natural History (C,B)", "Constituent Station Names": "81 St-Museum of Natural History", "Station IDs": "159", "GTFS Stop IDs": "A21", "Borough": "M", "CBD": "false", "Daytime Routes": "C B", "Structure Type": "Subway", "Latitude": "40.781433", "Longitude": "-73.972143", "ADA": "0", "ADA Notes": "" }, "geometry": { "type": "Point", "coordinates": [ 991964.709982414147817, 223975.391692684701411 ] } },
{ "type": "Feature", "properties": { "Complex ID": "160", "Is Complex": "false", "Number Of Stations In Complex": "1", "Stop Name": "72 St", "Display Name": "72 St (C,B)", "Constituent Station Names": "72 St", "Station IDs": "160", "GTFS Stop IDs": "A22", "Borough": "M", "CBD": "false", "Daytime Routes": "C B", "Structure Type": "Subway", "Latitude": "40.775594", "Longitude": "-73.97641", "ADA": "0", "ADA Notes": "" }, "geometry": { "type": "Point", "coordinates": [ 990783.569342092028819, 221847.701521782379132 ] } },
{ "type": "Feature", "properties": { "Complex ID": "162", "Is Complex": "false", "Number Of Stations In Complex": "1", "Stop Name": "50 St", "Display Name": "50 St (C,E)", "Constituent Station Names": "50 St", "Station IDs": "162", "GTFS Stop IDs": "A25", "Borough": "M", "CBD": "true", "Daytime Routes": "C E", "Structure Type": "Subway", "Latitude": "40.762456", "Longitude": "-73.985984", "ADA": "2", "ADA Notes": "Downtown only" }, "geometry": { "type": "Point", "coordinates": [ 988132.655365691403858, 217060.525961431412725 ] } },
{ "type": "Feature", "properties": { "Complex ID": "164", "Is Complex": "false", "Number Of Stations In Complex": "1", "Stop Name": "34 St-Penn Station", "Display Name": "34 St-Penn Station (A,C,E)", "Constituent Station Names": "34 St-Penn Station", "Station IDs": "164", "GTFS Stop IDs": "A28", "Borough": "M", "CBD": "true", "Daytime Routes": "A C E", "Structure Type": "Subway", "Latitude": "40.752287", "Longitude": "-73.993391", "ADA": "1", "ADA Notes": "" }, "geometry": { "type": "Point", "coordinates": [ 986081.037197657278739, 213355.388972244516481 ] } },
{ "type": "Feature", "properties": { "Complex ID": "165", "Is Complex": "false", "Number Of Stations In Complex": "1", "Stop Name": "23 St", "Display Name": "23 St (C,E)", "Constituent Station Names": "23 St", "Station IDs": "165", "GTFS Stop IDs": "A30", "Borough": "M", "CBD": "true", "Daytime Routes": "C E", "Structure Type": "Subway", "Latitude": "40.745906", "Longitude": "-73.998041", "ADA": "0", "ADA Notes": "" }, "geometry": { "type": "Point", "coordinates": [ 984792.745896222419105, 211030.517674373462796 ] } },
{ "type": "Feature", "properties": { "Complex ID": "167", "Is Complex": "false", "Number Of Stations In Complex": "2", "Stop Name": "W 4 St-Wash Sq", "Display Name": "W 4 St-Wash Sq (A,C,E,B,D,F,M)", "Constituent Station Names": "W 4 St-Wash Sq", "Station IDs": "167", "GTFS Stop IDs": "A32; D20", "Borough": "M", "CBD": "true", "Daytime Routes": "A C E B D F M", "Structure Type": "Subway", "Latitude": "40.732338", "Longitude": "-74.000495", "ADA": "1", "ADA Notes": "" }, "geometry": { "type": "Point", "coordinates": [ 984112.748584122746252, 206087.247571780579165 ] } },
{ "type": "Feature", "properties": { "Complex ID": "168", "Is Complex": "false", "Number Of Stations In Complex": "1", "Stop Name": "Spring St", "Display Name": "Spring St (C,E)", "Constituent Station Names": "Spring St", "Station IDs": "168", "GTFS Stop IDs": "A33", "Borough": "M", "CBD": "true", "Daytime Routes": "C E", "Structure Type": "Subway", "Latitude": "40.726227", "Longitude": "-74.003739", "ADA": "2", "ADA Notes": "Downtown only" }, "geometry": { "type": "Point", "coordinates": [ 983213.594770097522996, 203860.833565967303002 ] } },
{ "type": "Feature", "properties": { "Complex ID": "169", "Is Complex": "false", "Number Of Stations In Complex": "1", "Stop Name": "Canal St", "Display Name": "Canal St (A,C,E)", "Constituent Station Names": "Canal St", "Station IDs": "169", "GTFS Stop IDs": "A34", "Borough": "M", "CBD": "true", "Daytime Routes": "A C E", "Structure Type": "Subway", "Latitude": "40.720824", "Longitude": "-74.005229", "ADA": "0", "ADA Notes": "" }, "geometry": { "type": "Point", "coordinates": [ 982800.495165770524181, 201892.369460911781061 ] } },
{ "type": "Feature", "properties": { "Complex ID": "173", "Is Complex": "false", "Number Of Stations In Complex": "1", "Stop Name": "High St", "Display Name": "High St (A,C)", "Constituent Station Names": "High St", "Station IDs": "173", "GTFS Stop IDs": "A40", "Borough": "Bk", "CBD": "false", "Daytime Routes": "A C", "Structure Type": "Subway", "Latitude": "40.699337", "Longitude": "-73.990531", "ADA": "0", "ADA Notes": "" }, "geometry": { "type": "Point", "coordinates": [ 986875.562211012700573, 194064.099670877563767 ] } },
{ "type": "Feature", "properties": { "Complex ID": "175", "Is Complex": "false", "Number Of Stations In Complex": "1", "Stop Name": "Hoyt-Schermerhorn Sts", "Display Name": "Hoyt-Schermerhorn Sts (A,C,G)", "Constituent Station Names": "Hoyt-Schermerhorn Sts", "Station IDs": "175", "GTFS Stop IDs": "A42", "Borough": "Bk", "CBD": "false", "Daytime Routes": "A C G", "Structure Type": "Subway", "Latitude": "40.688484", "Longitude": "-73.985001", "ADA": "0", "ADA Notes": "" }, "geometry": { "type": "Point", "coordinates": [ 988409.627430206746794, 190110.241602370311739 ] } },
{ "type": "Feature", "properties": { "Complex ID": "176", "Is Complex": "false", "Number Of Stations In Complex": "1", "Stop Name": "Lafayette Av", "Display Name": "Lafayette Av (C)", "Constituent Station Names": "Lafayette Av", "Station IDs": "176", "GTFS Stop IDs": "A43", "Borough": "Bk", "CBD": "false", "Daytime Routes": "C", "Structure Type": "Subway", "Latitude": "40.686113", "Longitude": "-73.973946", "ADA": "0", "ADA Notes": "" }, "geometry": { "type": "Point", "coordinates": [ 991475.758940488914959, 189247.141455680713989 ] } },
{ "type": "Feature", "properties": { "Complex ID": "177", "Is Complex": "false", "Number Of Stations In Complex": "1", "Stop Name": "Clinton-Washington Avs", "Display Name": "Clinton-Washington Avs (C)", "Constituent Station Names": "Clinton-Washington Avs", "Station IDs": "177", "GTFS Stop IDs": "A44", "Borough": "Bk", "CBD": "false", "Daytime Routes": "C", "Structure Type": "Subway", "Latitude": "40.683263", "Longitude": "-73.965838", "ADA": "0", "ADA Notes": "" }, "geometry": { "type": "Point", "coordinates": [ 993724.829927031416446, 188209.580034806218464 ] } },
{ "type": "Feature", "properties": { "Complex ID": "179", "Is Complex": "false", "Number Of Stations In Complex": "1", "Stop Name": "Nostrand Av", "Display Name": "Nostrand Av (A,C)", "Constituent Station Names": "Nostrand Av", "Station IDs": "179", "GTFS Stop IDs": "A46", "Borough": "Bk", "CBD": "false", "Daytime Routes": "A C", "Structure Type": "Subway", "Latitude": "40.680438", "Longitude": "-73.950426", "ADA": "0", "ADA Notes": "" }, "geometry": { "type": "Point", "coordinates": [ 997999.94431366911158, 187182.402516103844391 ] } },
{ "type": "Feature", "properties": { "Complex ID": "180", "Is Complex": "false", "Number Of Stations In Complex": "1", "Stop Name": "Kingston-Throop Avs", "Display Name": "Kingston-Throop Avs (C)", "Constituent Station Names": "Kingston-Throop Avs", "Station IDs": "180", "GTFS Stop IDs": "A47", "Borough": "Bk", "CBD": "false", "Daytime Routes": "C", "Structure Type": "Subway", "Latitude": "40.679921", "Longitude": "-73.940858", "ADA": "0", "ADA Notes": "" }, "geometry": { "type": "Point", "coordinates": [ 1000653.876101272879168, 186995.697570196614834 ] } },
{ "type": "Feature", "properties": { "Complex ID": "181", "Is Complex": "false", "Number Of Stations In Complex": "1", "Stop Name": "Utica Av", "Display Name": "Utica Av (A,C)", "Constituent Station Names": "Utica Av", "Station IDs": "181", "GTFS Stop IDs": "A48", "Borough": "Bk", "CBD": "false", "Daytime Routes": "A C", "Structure Type": "Subway", "Latitude": "40.679364", "Longitude": "-73.930729", "ADA": "1", "ADA Notes": "" }, "geometry": { "type": "Point", "coordinates": [ 1003463.463137039216235, 186794.832289141631918 ] } },
{ "type": "Feature", "properties": { "Complex ID": "182", "Is Complex": "false", "Number Of Stations In Complex": "1", "Stop Name": "Ralph Av", "Display Name": "Ralph Av (C)", "Constituent Station Names": "Ralph Av", "Station IDs": "182", "GTFS Stop IDs": "A49", "Borough": "Bk", "CBD": "false", "Daytime Routes": "C", "Structure Type": "Subway", "Latitude": "40.678822", "Longitude": "-73.920786", "ADA": "0", "ADA Notes": "" }, "geometry": { "type": "Point", "coordinates": [ 1006221.501216529519297, 186599.710019807098433 ] } },
{ "type": "Feature", "properties": { "Complex ID": "183", "Is Complex": "false", "Number Of Stations In Complex": "1", "Stop Name": "Rockaway Av", "Display Name": "Rockaway Av (C)", "Constituent Station Names": "Rockaway Av", "Station IDs": "183", "GTFS Stop IDs": "A50", "Borough": "Bk", "CBD": "false", "Daytime Routes": "C", "Structure Type": "Subway", "Latitude": "40.67834", "Longitude": "-73.911946", "ADA": "0", "ADA Notes": "" }, "geometry": { "type": "Point", "coordinates": [ 1008673.621199287241325, 186426.450379066402093 ] } },
{ "type": "Feature", "properties": { "Complex ID": "185", "Is Complex": "false", "Number Of Stations In Complex": "1", "Stop Name": "Liberty Av", "Display Name": "Liberty Av (C)", "Constituent Station Names": "Liberty Av", "Station IDs": "185", "GTFS Stop IDs": "A52", "Borough": "Bk", "CBD": "false", "Daytime Routes": "C", "Structure Type": "Subway", "Latitude": "40.674542", "Longitude": "-73.896548", "ADA": "0", "ADA Notes": "" }, "geometry": { "type": "Point", "coordinates": [ 1012946.218204690143466, 185047.407181512011448 ] } },
{ "type": "Feature", "properties": { "Complex ID": "186", "Is Complex": "false", "Number Of Stations In Complex": "1", "Stop Name": "Van Siclen Av", "Display Name": "Van Siclen Av (C)", "Constituent Station Names": "Van Siclen Av", "Station IDs": "186", "GTFS Stop IDs": "A53", "Borough": "Bk", "CBD": "false", "Daytime Routes": "C", "Structure Type": "Subway", "Latitude": "40.67271", "Longitude": "-73.890358", "ADA": "0", "ADA Notes": "" }, "geometry": { "type": "Point", "coordinates": [ 1014664.079539424506947, 184382.049027032335289 ] } },
{ "type": "Feature", "properties": { "Complex ID": "187", "Is Complex": "false", "Number Of Stations In Complex": "1", "Stop Name": "Shepherd Av", "Display Name": "Shepherd Av (C)", "Constituent Station Names": "Shepherd Av", "Station IDs": "187", "GTFS Stop IDs": "A54", "Borough": "Bk", "CBD": "false", "Daytime Routes": "C", "Structure Type": "Subway", "Latitude": "40.67413", "Longitude": "-73.88075", "ADA": "0", "ADA Notes": "" }, "geometry": { "type": "Point", "coordinates": [ 1017328.580013159196824, 184902.884985577315092 ] } },
{ "type": "Feature", "properties": { "Complex ID": "188", "Is Complex": "false", "Number Of Stations In Complex": "1", "Stop Name": "Euclid Av", "Display Name": "Euclid Av (A,C)", "Constituent Station Names": "Euclid Av", "Station IDs": "188", "GTFS Stop IDs": "A55", "Borough": "Bk", "CBD": "false", "Daytime Routes": "A C", "Structure Type": "Subway", "Latitude": "40.675377", "Longitude": "-73.872106", "ADA": "1", "ADA Notes": "" }, "geometry": { "type": "Point", "coordinates": [ 1019725.671494170324877, 185360.582338371925289 ] } },
{ "type": "Feature", "properties": { "Complex ID": "189", "Is Complex": "false", "Number Of Stations In Complex": "1", "Stop Name": "Grant Av", "Display Name": "Grant Av (A)", "Constituent Station Names": "Grant Av", "Station IDs": "189", "GTFS Stop IDs": "A57", "Borough": "Bk", "CBD": "false", "Daytime Routes": "A", "Structure Type": "Subway", "Latitude": "40.677044", "Longitude": "-73.86505", "ADA": "0", "ADA Notes": "" }, "geometry": { "type": "Point", "coordinates": [ 1021681.952398236608133, 185970.85872244197526 ] } },
{ "type": "Feature", "properties": { "Complex ID": "190", "Is Complex": "false", "Number Of Stations In Complex": "1", "Stop Name": "80 St", "Display Name": "80 St (A)", "Constituent Station Names": "80 St", "Station IDs": "190", "GTFS Stop IDs": "A59", "Borough": "Q", "CBD": "false", "Daytime Routes": "A", "Structure Type": "Elevated", "Latitude": "40.679371", "Longitude": "-73.858992", "ADA": "0", "ADA Notes": "" }, "geometry": { "type": "Point", "coordinates": [ 1023360.933192371623591, 186821.301858269958757 ] } },
{ "type": "Feature", "properties": { "Complex ID": "191", "Is Complex": "false", "Number Of Stations In Complex": "1", "Stop Name": "88 St", "Display Name": "88 St (A)", "Constituent Station Names": "88 St", "Station IDs": "191", "GTFS Stop IDs": "A60", "Borough": "Q", "CBD": "false", "Daytime Routes": "A", "Structure Type": "Elevated", "Latitude": "40.679843", "Longitude": "-73.85147", "ADA": "0", "ADA Notes": "" }, "geometry": { "type": "Point", "coordinates": [ 1025446.993915563332848, 186996.717382292059483 ] } },
{ "type": "Feature", "properties": { "Complex ID": "192", "Is Complex": "false", "Number Of Stations In Complex": "1", "Stop Name": "Rockaway Blvd", "Display Name": "Rockaway Blvd (A)", "Constituent Station Names": "Rockaway Blvd", "Station IDs": "192", "GTFS Stop IDs": "A61", "Borough": "Q", "CBD": "false", "Daytime Routes": "A", "Structure Type": "Elevated", "Latitude": "40.680429", "Longitude": "-73.843853", "ADA": "1", "ADA Notes": "" }, "geometry": { "type": "Point", "coordinates": [ 1027559.30019849317614, 187213.892475160246249 ] } },
{ "type": "Feature", "properties": { "Complex ID": "193", "Is Complex": "false", "Number Of Stations In Complex": "1", "Stop Name": "104 St", "Display Name": "104 St (A)", "Constituent Station Names": "104 St", "Station IDs": "193", "GTFS Stop IDs": "A63", "Borough": "Q", "CBD": "false", "Daytime Routes": "A", "Structure Type": "Elevated", "Latitude": "40.681711", "Longitude": "-73.837683", "ADA": "0", "ADA Notes": "" }, "geometry": { "type": "Point", "coordinates": [ 1029269.759323168429546, 187684.076077595847892 ] } },
{ "type": "Feature", "properties": { "Complex ID": "194", "Is Complex": "false", "Number Of Stations In Complex": "1", "Stop Name": "111 St", "Display Name": "111 St (A)", "Constituent Station Names": "111 St", "Station IDs": "194", "GTFS Stop IDs": "A64", "Borough": "Q", "CBD": "false", "Daytime Routes": "A", "Structure Type": "Elevated", "Latitude": "40.684331", "Longitude": "-73.832163", "ADA": "0", "ADA Notes": "" }, "geometry": { "type": "Point", "coordinates": [ 1030798.939514347352087, 188641.505396337452112 ] } },
{ "type": "Feature", "properties": { "Complex ID": "195", "Is Complex": "false", "Number Of Stations In Complex": "1", "Stop Name": "Ozone Park-Lefferts Blvd", "Display Name": "Ozone Park-Lefferts Blvd (A)", "Constituent Station Names": "Ozone Park-Lefferts Blvd", "Station IDs": "195", "GTFS Stop IDs": "A65", "Borough": "Q", "CBD": "false", "Daytime Routes": "A", "Structure Type": "Elevated", "Latitude": "40.685951", "Longitude": "-73.825798", "ADA": "1", "ADA Notes": "" }, "geometry": { "type": "Point", "coordinates": [ 1032563.072237974614836, 189235.167881961242529 ] } },
{ "type": "Feature", "properties": { "Complex ID": "196", "Is Complex": "false", "Number Of Stations In Complex": "1", "Stop Name": "Aqueduct Racetrack", "Display Name": "Aqueduct Racetrack (A)", "Constituent Station Names": "Aqueduct Racetrack", "Station IDs": "196", "GTFS Stop IDs": "H01", "Borough": "Q", "CBD": "false", "Daytime Routes": "A", "Structure Type": "At Grade", "Latitude": "40.672097", "Longitude": "-73.835919", "ADA": "1", "ADA Notes": "" }, "geometry": { "type": "Point", "coordinates": [ 1029765.581094941822812, 184182.335570598312188 ] } },
{ "type": "Feature", "properties": { "Complex ID": "197", "Is Complex": "false", "Number Of Stations In Complex": "1", "Stop Name": "Aqueduct-N Conduit Av", "Display Name": "Aqueduct-N Conduit Av (A)", "Constituent Station Names": "Aqueduct-N Conduit Av", "Station IDs": "197", "GTFS Stop IDs": "H02", "Borough": "Q", "CBD": "false", "Daytime Routes": "A", "Structure Type": "At Grade", "Latitude": "40.668234", "Longitude": "-73.834058", "ADA": "0", "ADA Notes": "" }, "geometry": { "type": "Point", "coordinates": [ 1030284.484078588313423, 182775.90982985010487 ] } },
{ "type": "Feature", "properties": { "Complex ID": "198", "Is Complex": "false", "Number Of Stations In Complex": "1", "Stop Name": "Howard Beach-JFK Airport", "Display Name": "Howard Beach-JFK Airport (A)", "Constituent Station Names": "Howard Beach-JFK Airport", "Station IDs": "198", "GTFS Stop IDs": "H03", "Borough": "Q", "CBD": "false", "Daytime Routes": "A", "Structure Type": "At Grade", "Latitude": "40.660476", "Longitude": "-73.830301", "ADA": "1", "ADA Notes": "" }, "geometry": { "type": "Point", "coordinates": [ 1031332.20246696297545, 179951.45397738245083 ] } },
{ "type": "Feature", "properties": { "Complex ID": "199", "Is Complex": "false", "Number Of Stations In Complex": "1", "Stop Name": "Broad Channel", "Display Name": "Broad Channel (A,S)", "Constituent Station Names": "Broad Channel", "Station IDs": "199", "GTFS Stop IDs": "H04", "Borough": "Q", "CBD": "false", "Daytime Routes": "A S", "Structure Type": "At Grade", "Latitude": "40.608382", "Longitude": "-73.815925", "ADA": "0", "ADA Notes": "" }, "geometry": { "type": "Point", "coordinates": [ 1035360.651357306400314, 160980.297677638998721 ] } },
{ "type": "Feature", "properties": { "Complex ID": "200", "Is Complex": "false", "Number Of Stations In Complex": "1", "Stop Name": "Beach 90 St", "Display Name": "Beach 90 St (A,S)", "Constituent Station Names": "Beach 90 St", "Station IDs": "200", "GTFS Stop IDs": "H12", "Borough": "Q", "CBD": "false", "Daytime Routes": "A S", "Structure Type": "Viaduct", "Latitude": "40.588034", "Longitude": "-73.813641", "ADA": "0", "ADA Notes": "" }, "geometry": { "type": "Point", "coordinates": [ 1036010.607947595184669, 153568.355104605463566 ] } },
{ "type": "Feature", "properties": { "Complex ID": "201", "Is Complex": "false", "Number Of Stations In Complex": "1", "Stop Name": "Beach 98 St", "Display Name": "Beach 98 St (A,S)", "Constituent Station Names": "Beach 98 St", "Station IDs": "201", "GTFS Stop IDs": "H13", "Borough": "Q", "CBD": "false", "Daytime Routes": "A S", "Structure Type": "Viaduct", "Latitude": "40.585307", "Longitude": "-73.820558", "ADA": "0", "ADA Notes": "" }, "geometry": { "type": "Point", "coordinates": [ 1034091.473566279164515, 152570.824794364947593 ] } },
{ "type": "Feature", "properties": { "Complex ID": "202", "Is Complex": "false", "Number Of Stations In Complex": "1", "Stop Name": "Beach 105 St", "Display Name": "Beach 105 St (A,S)", "Constituent Station Names": "Beach 105 St", "Station IDs": "202", "GTFS Stop IDs": "H14", "Borough": "Q", "CBD": "false", "Daytime Routes": "A S", "Structure Type": "Viaduct", "Latitude": "40.583209", "Longitude": "-73.827559", "ADA": "0", "ADA Notes": "" }, "geometry": { "type": "Point", "coordinates": [ 1032148.398130864021368, 151802.560210598283447 ] } },
{ "type": "Feature", "properties": { "Complex ID": "203", "Is Complex": "false", "Number Of Stations In Complex": "1", "Stop Name": "Rockaway Park-Beach 116 St", "Display Name": "Rockaway Park-Beach 116 St (A,S)", "Constituent Station Names": "Rockaway Park-Beach 116 St", "Station IDs": "203", "GTFS Stop IDs": "H15", "Borough": "Q", "CBD": "false", "Daytime Routes": "A S", "Structure Type": "At Grade", "Latitude": "40.580903", "Longitude": "-73.835592", "ADA": "1", "ADA Notes": "" }, "geometry": { "type": "Point", "coordinates": [ 1029918.678675018833019, 150958.130793032818474 ] } },
{ "type": "Feature", "properties": { "Complex ID": "204", "Is Complex": "false", "Number Of Stations In Complex": "1", "Stop Name": "Beach 67 St", "Display Name": "Beach 67 St (A)", "Constituent Station Names": "Beach 67 St", "Station IDs": "204", "GTFS Stop IDs": "H06", "Borough": "Q", "CBD": "false", "Daytime Routes": "A", "Structure Type": "Viaduct", "Latitude": "40.590927", "Longitude": "-73.796924", "ADA": "1", "ADA Notes": "" }, "geometry": { "type": "Point", "coordinates": [ 1040651.245513674570248, 154632.680318567290669 ] } },
{ "type": "Feature", "properties": { "Complex ID": "205", "Is Complex": "false", "Number Of Stations In Complex": "1", "Stop Name": "Beach 60 St", "Display Name": "Beach 60 St (A)", "Constituent Station Names": "Beach 60 St", "Station IDs": "205", "GTFS Stop IDs": "H07", "Borough": "Q", "CBD": "false", "Daytime Routes": "A", "Structure Type": "Viaduct", "Latitude": "40.592374", "Longitude": "-73.788522", "ADA": "0", "ADA Notes": "" }, "geometry": { "type": "Point", "coordinates": [ 1042983.493475169991143, 155165.386229929776164 ] } },
{ "type": "Feature", "properties": { "Complex ID": "206", "Is Complex": "false", "Number Of Stations In Complex": "1", "Stop Name": "Beach 44 St", "Display Name": "Beach 44 St (A)", "Constituent Station Names": "Beach 44 St", "Station IDs": "206", "GTFS Stop IDs": "H08", "Borough": "Q", "CBD": "false", "Daytime Routes": "A", "Structure Type": "Viaduct", "Latitude": "40.592943", "Longitude": "-73.776013", "ADA": "0", "ADA Notes": "" }, "geometry": { "type": "Point", "coordinates": [ 1046457.061586744035594, 155381.331971453793813 ] } },
{ "type": "Feature", "properties": { "Complex ID": "207", "Is Complex": "false", "Number Of Stations In Complex": "1", "Stop Name": "Beach 36 St", "Display Name": "Beach 36 St (A)", "Constituent Station Names": "Beach 36 St", "Station IDs": "207", "GTFS Stop IDs": "H09", "Borough": "Q", "CBD": "false", "Daytime Routes": "A", "Structure Type": "Viaduct", "Latitude": "40.595398", "Longitude": "-73.768175", "ADA": "0", "ADA Notes": "" }, "geometry": { "type": "Point", "coordinates": [ 1048631.506108743604273, 156281.417858948610956 ] } },
{ "type": "Feature", "properties": { "Complex ID": "208", "Is Complex": "false", "Number Of Stations In Complex": "1", "Stop Name": "Beach 25 St", "Display Name": "Beach 25 St (A)", "Constituent Station Names": "Beach 25 St", "Station IDs": "208", "GTFS Stop IDs": "H10", "Borough": "Q", "CBD": "false", "Daytime Routes": "A", "Structure Type": "Viaduct", "Latitude": "40.600066", "Longitude": "-73.761353", "ADA": "0", "ADA Notes": "" }, "geometry": { "type": "Point", "coordinates": [ 1050521.444944144226611, 157987.17694534137263 ] } },
{ "type": "Feature", "properties": { "Complex ID": "209", "Is Complex": "false", "Number Of Stations In Complex": "1", "Stop Name": "Far Rockaway-Mott Av", "Display Name": "Far Rockaway-Mott Av (A)", "Constituent Station Names": "Far Rockaway-Mott Av", "Station IDs": "209", "GTFS Stop IDs": "H11", "Borough": "Q", "CBD": "false", "Daytime Routes": "A", "Structure Type": "Viaduct", "Latitude": "40.603995", "Longitude": "-73.755405", "ADA": "1", "ADA Notes": "" }, "geometry": { "type": "Point", "coordinates": [ 1052169.181446646107361, 159423.168142324197106 ] } },
{ "type": "Feature", "properties": { "Complex ID": "210", "Is Complex": "false", "Number Of Stations In Complex": "1", "Stop Name": "Norwood-205 St", "Display Name": "Norwood-205 St (D)", "Constituent Station Names": "Norwood-205 St", "Station IDs": "210", "GTFS Stop IDs": "D01", "Borough": "Bx", "CBD": "false", "Daytime Routes": "D", "Structure Type": "Subway", "Latitude": "40.874811", "Longitude": "-73.878855", "ADA": "0", "ADA Notes": "" }, "geometry": { "type": "Point", "coordinates": [ 1017753.073787663248368, 258018.337056765885791 ] } },
{ "type": "Feature", "properties": { "Complex ID": "211", "Is Complex": "false", "Number Of Stations In Complex": "1", "Stop Name": "Bedford Park Blvd", "Display Name": "Bedford Park Blvd (B,D)", "Constituent Station Names": "Bedford Park Blvd", "Station IDs": "211", "GTFS Stop IDs": "D03", "Borough": "Bx", "CBD": "false", "Daytime Routes": "B D", "Structure Type": "Subway", "Latitude": "40.873244", "Longitude": "-73.887138", "ADA": "1", "ADA Notes": "" }, "geometry": { "type": "Point", "coordinates": [ 1015463.097471209475771, 257444.374852178618312 ] } },
{ "type": "Feature", "properties": { "Complex ID": "212", "Is Complex": "false", "Number Of Stations In Complex": "1", "Stop Name": "Kingsbridge Rd", "Display Name": "Kingsbridge Rd (B,D)", "Constituent Station Names": "Kingsbridge Rd", "Station IDs": "212", "GTFS Stop IDs": "D04", "Borough": "Bx", "CBD": "false", "Daytime Routes": "B D", "Structure Type": "Subway", "Latitude": "40.866978", "Longitude": "-73.893509", "ADA": "1", "ADA Notes": "" }, "geometry": { "type": "Point", "coordinates": [ 1013703.906784766237251, 255159.220393201714614 ] } },
{ "type": "Feature", "properties": { "Complex ID": "213", "Is Complex": "false", "Number Of Stations In Complex": "1", "Stop Name": "Fordham Rd", "Display Name": "Fordham Rd (B,D)", "Constituent Station Names": "Fordham Rd", "Station IDs": "213", "GTFS Stop IDs": "D05", "Borough": "Bx", "CBD": "false", "Daytime Routes": "B D", "Structure Type": "Subway", "Latitude": "40.861296", "Longitude": "-73.897749", "ADA": "0", "ADA Notes": "" }, "geometry": { "type": "Point", "coordinates": [ 1012533.596788409631699, 253087.652013844926842 ] } },
{ "type": "Feature", "properties": { "Complex ID": "214", "Is Complex": "false", "Number Of Stations In Complex": "1", "Stop Name": "182-183 Sts", "Display Name": "182-183 Sts (B,D)", "Constituent Station Names": "182-183 Sts", "Station IDs": "214", "GTFS Stop IDs": "D06", "Borough": "Bx", "CBD": "false", "Daytime Routes": "B D", "Structure Type": "Subway", "Latitude": "40.856093", "Longitude": "-73.900741", "ADA": "0", "ADA Notes": "" }, "geometry": { "type": "Point", "coordinates": [ 1011708.127472249907441, 251191.049560491810553 ] } },
{ "type": "Feature", "properties": { "Complex ID": "215", "Is Complex": "false", "Number Of Stations In Complex": "1", "Stop Name": "Tremont Av", "Display Name": "Tremont Av (B,D)", "Constituent Station Names": "Tremont Av", "Station IDs": "215", "GTFS Stop IDs": "D07", "Borough": "Bx", "CBD": "false", "Daytime Routes": "B D", "Structure Type": "Subway", "Latitude": "40.85041", "Longitude": "-73.905227", "ADA": "1", "ADA Notes": "" }, "geometry": { "type": "Point", "coordinates": [ 1010469.39762513327878, 249119.14335256034974 ] } },
{ "type": "Feature", "properties": { "Complex ID": "216", "Is Complex": "false", "Number Of Stations In Complex": "1", "Stop Name": "174-175 Sts", "Display Name": "174-175 Sts (B,D)", "Constituent Station Names": "174-175 Sts", "Station IDs": "216", "GTFS Stop IDs": "D08", "Borough": "Bx", "CBD": "false", "Daytime Routes": "B D", "Structure Type": "Subway", "Latitude": "40.8459", "Longitude": "-73.910136", "ADA": "0", "ADA Notes": "" }, "geometry": { "type": "Point", "coordinates": [ 1009112.981917695957236, 247474.548856027482543 ] } },
{ "type": "Feature", "properties": { "Complex ID": "217", "Is Complex": "false", "Number Of Stations In Complex": "1", "Stop Name": "170 St", "Display Name": "170 St (B,D)", "Constituent Station Names": "170 St", "Station IDs": "217", "GTFS Stop IDs": "D09", "Borough": "Bx", "CBD": "false", "Daytime Routes": "B D", "Structure Type": "Subway", "Latitude": "40.839306", "Longitude": "-73.9134", "ADA": "0", "ADA Notes": "" }, "geometry": { "type": "Point", "coordinates": [ 1008212.29256743483711, 245071.201404978637584 ] } },
{ "type": "Feature", "properties": { "Complex ID": "218", "Is Complex": "false", "Number Of Stations In Complex": "1", "Stop Name": "167 St", "Display Name": "167 St (B,D)", "Constituent Station Names": "167 St", "Station IDs": "218", "GTFS Stop IDs": "D10", "Borough": "Bx", "CBD": "false", "Daytime Routes": "B D", "Structure Type": "Subway", "Latitude": "40.833771", "Longitude": "-73.91844", "ADA": "0", "ADA Notes": "" }, "geometry": { "type": "Point", "coordinates": [ 1006819.594030742766336, 243053.258063164103078 ] } },
{ "type": "Feature", "properties": { "Complex ID": "220", "Is Complex": "false", "Number Of Stations In Complex": "1", "Stop Name": "155 St", "Display Name": "155 St (B,D)", "Constituent Station Names": "155 St", "Station IDs": "220", "GTFS Stop IDs": "D12", "Borough": "M", "CBD": "false", "Daytime Routes": "B D", "Structure Type": "Subway", "Latitude": "40.830135", "Longitude": "-73.938209", "ADA": "0", "ADA Notes": "" }, "geometry": { "type": "Point", "coordinates": [ 1001349.957962188869715, 241724.041239185840823 ] } },
{ "type": "Feature", "properties": { "Complex ID": "221", "Is Complex": "false", "Number Of Stations In Complex": "1", "Stop Name": "21 St-Queensbridge", "Display Name": "21 St-Queensbridge (M)", "Constituent Station Names": "21 St-Queensbridge", "Station IDs": "221", "GTFS Stop IDs": "B04", "Borough": "Q", "CBD": "false", "Daytime Routes": "M", "Structure Type": "Subway", "Latitude": "40.754203", "Longitude": "-73.942836", "ADA": "1", "ADA Notes": "" }, "geometry": { "type": "Point", "coordinates": [ 1000087.537124290247448, 214058.583566804474685 ] } },
{ "type": "Feature", "properties": { "Complex ID": "222", "Is Complex": "false", "Number Of Stations In Complex": "1", "Stop Name": "Roosevelt Island", "Display Name": "Roosevelt Island (M)", "Constituent Station Names": "Roosevelt Island", "Station IDs": "222", "GTFS Stop IDs": "B06", "Borough": "M", "CBD": "false", "Daytime Routes": "M", "Structure Type": "Subway", "Latitude": "40.759145", "Longitude": "-73.95326", "ADA": "1", "ADA Notes": "" }, "geometry": { "type": "Point", "coordinates": [ 997198.547658382565714, 215857.390530609438429 ] } },
{ "type": "Feature", "properties": { "Complex ID": "223", "Is Complex": "false", "Number Of Stations In Complex": "1", "Stop Name": "Lexington Av/63 St", "Display Name": "Lexington Av/63 St (M,Q)", "Constituent Station Names": "Lexington Av/63 St", "Station IDs": "223", "GTFS Stop IDs": "B08", "Borough": "M", "CBD": "false", "Daytime Routes": "M Q", "Structure Type": "Subway", "Latitude": "40.764629", "Longitude": "-73.966113", "ADA": "1", "ADA Notes": "" }, "geometry": { "type": "Point", "coordinates": [ 993637.041649536346085, 217853.739260947128059 ] } },
{ "type": "Feature", "properties": { "Complex ID": "224", "Is Complex": "false", "Number Of Stations In Complex": "1", "Stop Name": "57 St", "Display Name": "57 St (M)", "Constituent Station Names": "57 St", "Station IDs": "224", "GTFS Stop IDs": "B10", "Borough": "M", "CBD": "true", "Daytime Routes": "M", "Structure Type": "Subway", "Latitude": "40.763972", "Longitude": "-73.97745", "ADA": "1", "ADA Notes": "" }, "geometry": { "type": "Point", "coordinates": [ 990496.613984034047462, 217613.353078917163657 ] } },
{ "type": "Feature", "properties": { "Complex ID": "225", "Is Complex": "false", "Number Of Stations In Complex": "1", "Stop Name": "47-50 Sts-Rockefeller Ctr", "Display Name": "47-50 Sts-Rockefeller Ctr (B,D,F,M)", "Constituent Station Names": "47-50 Sts-Rockefeller Ctr", "Station IDs": "225", "GTFS Stop IDs": "D15", "Borough": "M", "CBD": "true", "Daytime Routes": "B D F M", "Structure Type": "Subway", "Latitude": "40.758663", "Longitude": "-73.981329", "ADA": "1", "ADA Notes": "" }, "geometry": { "type": "Point", "coordinates": [ 989422.484653980471194, 215678.858822436333867 ] } },
{ "type": "Feature", "properties": { "Complex ID": "228", "Is Complex": "false", "Number Of Stations In Complex": "1", "Stop Name": "23 St", "Display Name": "23 St (F,M)", "Constituent Station Names": "23 St", "Station IDs": "228", "GTFS Stop IDs": "D18", "Borough": "M", "CBD": "true", "Daytime Routes": "F M", "Structure Type": "Subway", "Latitude": "40.742878", "Longitude": "-73.992821", "ADA": "0", "ADA Notes": "" }, "geometry": { "type": "Point", "coordinates": [ 986239.249724847381003, 209927.397454509336967 ] } },
{ "type": "Feature", "properties": { "Complex ID": "231", "Is Complex": "false", "Number Of Stations In Complex": "1", "Stop Name": "Grand St", "Display Name": "Grand St (B,D)", "Constituent Station Names": "Grand St", "Station IDs": "231", "GTFS Stop IDs": "D22", "Borough": "M", "CBD": "true", "Daytime Routes": "B D", "Structure Type": "Subway", "Latitude": "40.718267", "Longitude": "-73.993753", "ADA": "0", "ADA Notes": "" }, "geometry": { "type": "Point", "coordinates": [ 985981.647511438699439, 200960.801971753797261 ] } },
{ "type": "Feature", "properties": { "Complex ID": "232", "Is Complex": "false", "Number Of Stations In Complex": "1", "Stop Name": "2 Av", "Display Name": "2 Av (F)", "Constituent Station Names": "2 Av", "Station IDs": "232", "GTFS Stop IDs": "F14", "Borough": "M", "CBD": "true", "Daytime Routes": "F", "Structure Type": "Subway", "Latitude": "40.723402", "Longitude": "-73.989938", "ADA": "0", "ADA Notes": "" }, "geometry": { "type": "Point", "coordinates": [ 987038.966700653778389, 202831.745491957379272 ] } },
{ "type": "Feature", "properties": { "Complex ID": "234", "Is Complex": "false", "Number Of Stations In Complex": "1", "Stop Name": "East Broadway", "Display Name": "East Broadway (F)", "Constituent Station Names": "East Broadway", "Station IDs": "234", "GTFS Stop IDs": "F16", "Borough": "M", "CBD": "true", "Daytime Routes": "F", "Structure Type": "Subway", "Latitude": "40.713715", "Longitude": "-73.990173", "ADA": "0", "ADA Notes": "" }, "geometry": { "type": "Point", "coordinates": [ 986974.231578309321776, 199302.459556353889639 ] } },
{ "type": "Feature", "properties": { "Complex ID": "235", "Is Complex": "false", "Number Of Stations In Complex": "1", "Stop Name": "York St", "Display Name": "York St (F)", "Constituent Station Names": "York St", "Station IDs": "235", "GTFS Stop IDs": "F18", "Borough": "Bk", "CBD": "false", "Daytime Routes": "F", "Structure Type": "Subway", "Latitude": "40.701397", "Longitude": "-73.986751", "ADA": "0", "ADA Notes": "" }, "geometry": { "type": "Point", "coordinates": [ 987923.580456719151698, 194814.759151283913525 ] } },
{ "type": "Feature", "properties": { "Complex ID": "236", "Is Complex": "false", "Number Of Stations In Complex": "1", "Stop Name": "Bergen St", "Display Name": "Bergen St (F,G)", "Constituent Station Names": "Bergen St", "Station IDs": "236", "GTFS Stop IDs": "F20", "Borough": "Bk", "CBD": "false", "Daytime Routes": "F G", "Structure Type": "Subway", "Latitude": "40.686145", "Longitude": "-73.990862", "ADA": "0", "ADA Notes": "" }, "geometry": { "type": "Point", "coordinates": [ 986784.29236138635315, 189257.845851084159222 ] } },
{ "type": "Feature", "properties": { "Complex ID": "237", "Is Complex": "false", "Number Of Stations In Complex": "1", "Stop Name": "Carroll St", "Display Name": "Carroll St (F,G)", "Constituent Station Names": "Carroll St", "Station IDs": "237", "GTFS Stop IDs": "F21", "Borough": "Bk", "CBD": "false", "Daytime Routes": "F G", "Structure Type": "Subway", "Latitude": "40.680303", "Longitude": "-73.995048", "ADA": "0", "ADA Notes": "" }, "geometry": { "type": "Point", "coordinates": [ 985623.476785946171731, 187129.335144132957794 ] } },
{ "type": "Feature", "properties": { "Complex ID": "238", "Is Complex": "false", "Number Of Stations In Complex": "1", "Stop Name": "Smith-9 Sts", "Display Name": "Smith-9 Sts (F,G)", "Constituent Station Names": "Smith-9 Sts", "Station IDs": "238", "GTFS Stop IDs": "F22", "Borough": "Bk", "CBD": "false", "Daytime Routes": "F G", "Structure Type": "Viaduct", "Latitude": "40.67358", "Longitude": "-73.995959", "ADA": "0", "ADA Notes": "" }, "geometry": { "type": "Point", "coordinates": [ 985370.916980442940257, 184679.934484491503099 ] } },
{ "type": "Feature", "properties": { "Complex ID": "240", "Is Complex": "false", "Number Of Stations In Complex": "1", "Stop Name": "7 Av", "Display Name": "7 Av (F,G)", "Constituent Station Names": "7 Av", "Station IDs": "240", "GTFS Stop IDs": "F24", "Borough": "Bk", "CBD": "false", "Daytime Routes": "F G", "Structure Type": "Subway", "Latitude": "40.666271", "Longitude": "-73.980305", "ADA": "1", "ADA Notes": "" }, "geometry": { "type": "Point", "coordinates": [ 989713.800669474992901, 182017.651719721528934 ] } },
{ "type": "Feature", "properties": { "Complex ID": "241", "Is Complex": "false", "Number Of Stations In Complex": "1", "Stop Name": "15 St-Prospect Park", "Display Name": "15 St-Prospect Park (F,G)", "Constituent Station Names": "15 St-Prospect Park", "Station IDs": "241", "GTFS Stop IDs": "F25", "Borough": "Bk", "CBD": "false", "Daytime Routes": "F G", "Structure Type": "Subway", "Latitude": "40.660365", "Longitude": "-73.979493", "ADA": "0", "ADA Notes": "" }, "geometry": { "type": "Point", "coordinates": [ 989939.574968166416511, 179865.977599112171447 ] } },
{ "type": "Feature", "properties": { "Complex ID": "242", "Is Complex": "false", "Number Of Stations In Complex": "1", "Stop Name": "Fort Hamilton Pkwy", "Display Name": "Fort Hamilton Pkwy (F,G)", "Constituent Station Names": "Fort Hamilton Pkwy", "Station IDs": "242", "GTFS Stop IDs": "F26", "Borough": "Bk", "CBD": "false", "Daytime Routes": "F G", "Structure Type": "Subway", "Latitude": "40.650782", "Longitude": "-73.975776", "ADA": "0", "ADA Notes": "" }, "geometry": { "type": "Point", "coordinates": [ 990971.814330424182117, 176374.882936123380205 ] } },
{ "type": "Feature", "properties": { "Complex ID": "243", "Is Complex": "false", "Number Of Stations In Complex": "1", "Stop Name": "Church Av", "Display Name": "Church Av (F,G)", "Constituent Station Names": "Church Av", "Station IDs": "243", "GTFS Stop IDs": "F27", "Borough": "Bk", "CBD": "false", "Daytime Routes": "F G", "Structure Type": "Subway", "Latitude": "40.644041", "Longitude": "-73.979678", "ADA": "1", "ADA Notes": "" }, "geometry": { "type": "Point", "coordinates": [ 989889.639222993282601, 173918.668474298669025 ] } },
{ "type": "Feature", "properties": { "Complex ID": "244", "Is Complex": "false", "Number Of Stations In Complex": "1", "Stop Name": "Ditmas Av", "Display Name": "Ditmas Av (F)", "Constituent Station Names": "Ditmas Av", "Station IDs": "244", "GTFS Stop IDs": "F29", "Borough": "Bk", "CBD": "false", "Daytime Routes": "F", "Structure Type": "Elevated", "Latitude": "40.636119", "Longitude": "-73.978172", "ADA": "0", "ADA Notes": "" }, "geometry": { "type": "Point", "coordinates": [ 990308.300194347742945, 171032.564275903947419 ] } },
{ "type": "Feature", "properties": { "Complex ID": "245", "Is Complex": "false", "Number Of Stations In Complex": "1", "Stop Name": "18 Av", "Display Name": "18 Av (F)", "Constituent Station Names": "18 Av", "Station IDs": "245", "GTFS Stop IDs": "F30", "Borough": "Bk", "CBD": "false", "Daytime Routes": "F", "Structure Type": "Elevated", "Latitude": "40.629755", "Longitude": "-73.976971", "ADA": "0", "ADA Notes": "" }, "geometry": { "type": "Point", "coordinates": [ 990642.248189182486385, 168714.069370301353047 ] } },
{ "type": "Feature", "properties": { "Complex ID": "246", "Is Complex": "false", "Number Of Stations In Complex": "1", "Stop Name": "Avenue I", "Display Name": "Avenue I (F)", "Constituent Station Names": "Avenue I", "Station IDs": "246", "GTFS Stop IDs": "F31", "Borough": "Bk", "CBD": "false", "Daytime Routes": "F", "Structure Type": "Elevated", "Latitude": "40.625322", "Longitude": "-73.976127", "ADA": "0", "ADA Notes": "" }, "geometry": { "type": "Point", "coordinates": [ 990876.963483678875491, 167099.06919018557528 ] } },
{ "type": "Feature", "properties": { "Complex ID": "247", "Is Complex": "false", "Number Of Stations In Complex": "1", "Stop Name": "Bay Pkwy", "Display Name": "Bay Pkwy (F)", "Constituent Station Names": "Bay Pkwy", "Station IDs": "247", "GTFS Stop IDs": "F32", "Borough": "Bk", "CBD": "false", "Daytime Routes": "F", "Structure Type": "Elevated", "Latitude": "40.620769", "Longitude": "-73.975264", "ADA": "0", "ADA Notes": "" }, "geometry": { "type": "Point", "coordinates": [ 991116.996925306739286, 165440.354270524519961 ] } },
{ "type": "Feature", "properties": { "Complex ID": "248", "Is Complex": "false", "Number Of Stations In Complex": "1", "Stop Name": "Avenue N", "Display Name": "Avenue N (F)", "Constituent Station Names": "Avenue N", "Station IDs": "248", "GTFS Stop IDs": "F33", "Borough": "Bk", "CBD": "false", "Daytime Routes": "F", "Structure Type": "Elevated", "Latitude": "40.61514", "Longitude": "-73.974197", "ADA": "0", "ADA Notes": "" }, "geometry": { "type": "Point", "coordinates": [ 991413.815755879390053, 163389.643437568010995 ] } },
{ "type": "Feature", "properties": { "Complex ID": "249", "Is Complex": "false", "Number Of Stations In Complex": "1", "Stop Name": "Avenue P", "Display Name": "Avenue P (F)", "Constituent Station Names": "Avenue P", "Station IDs": "249", "GTFS Stop IDs": "F34", "Borough": "Bk", "CBD": "false", "Daytime Routes": "F", "Structure Type": "Elevated", "Latitude": "40.608944", "Longitude": "-73.973022", "ADA": "0", "ADA Notes": "" }, "geometry": { "type": "Point", "coordinates": [ 991740.735589832416736, 161132.37343850301113 ] } },
{ "type": "Feature", "properties": { "Complex ID": "250", "Is Complex": "false", "Number Of Stations In Complex": "1", "Stop Name": "Kings Hwy", "Display Name": "Kings Hwy (F)", "Constituent Station Names": "Kings Hwy", "Station IDs": "250", "GTFS Stop IDs": "F35", "Borough": "Bk", "CBD": "false", "Daytime Routes": "F", "Structure Type": "Elevated", "Latitude": "40.603217", "Longitude": "-73.972361", "ADA": "0", "ADA Notes": "" }, "geometry": { "type": "Point", "coordinates": [ 991924.931308961007744, 159045.932573302503442 ] } },
{ "type": "Feature", "properties": { "Complex ID": "251", "Is Complex": "false", "Number Of Stations In Complex": "1", "Stop Name": "Avenue U", "Display Name": "Avenue U (F)", "Constituent Station Names": "Avenue U", "Station IDs": "251", "GTFS Stop IDs": "F36", "Borough": "Bk", "CBD": "false", "Daytime Routes": "F", "Structure Type": "Elevated", "Latitude": "40.596063", "Longitude": "-73.973357", "ADA": "0", "ADA Notes": "" }, "geometry": { "type": "Point", "coordinates": [ 991649.156380980624817, 156439.455281207832741 ] } },
{ "type": "Feature", "properties": { "Complex ID": "252", "Is Complex": "false", "Number Of Stations In Complex": "1", "Stop Name": "Avenue X", "Display Name": "Avenue X (F)", "Constituent Station Names": "Avenue X", "Station IDs": "252", "GTFS Stop IDs": "F38", "Borough": "Bk", "CBD": "false", "Daytime Routes": "F", "Structure Type": "Elevated", "Latitude": "40.58962", "Longitude": "-73.97425", "ADA": "0", "ADA Notes": "" }, "geometry": { "type": "Point", "coordinates": [ 991401.853063910850324, 154092.027186333667487 ] } },
{ "type": "Feature", "properties": { "Complex ID": "253", "Is Complex": "false", "Number Of Stations In Complex": "1", "Stop Name": "Neptune Av", "Display Name": "Neptune Av (F)", "Constituent Station Names": "Neptune Av", "Station IDs": "253", "GTFS Stop IDs": "F39", "Borough": "Bk", "CBD": "false", "Daytime Routes": "F", "Structure Type": "Elevated", "Latitude": "40.581011", "Longitude": "-73.974574", "ADA": "0", "ADA Notes": "" }, "geometry": { "type": "Point", "coordinates": [ 991312.781973212142475, 150955.519146506674588 ] } },
{ "type": "Feature", "properties": { "Complex ID": "254", "Is Complex": "false", "Number Of Stations In Complex": "1", "Stop Name": "Jamaica-179 St", "Display Name": "Jamaica-179 St (F)", "Constituent Station Names": "Jamaica-179 St", "Station IDs": "254", "GTFS Stop IDs": "F01", "Borough": "Q", "CBD": "false", "Daytime Routes": "F", "Structure Type": "Subway", "Latitude": "40.712646", "Longitude": "-73.783817", "ADA": "1", "ADA Notes": "" }, "geometry": { "type": "Point", "coordinates": [ 1044182.034252232057042, 198986.892866696725832 ] } },
{ "type": "Feature", "properties": { "Complex ID": "255", "Is Complex": "false", "Number Of Stations In Complex": "1", "Stop Name": "169 St", "Display Name": "169 St (F)", "Constituent Station Names": "169 St", "Station IDs": "255", "GTFS Stop IDs": "F02", "Borough": "Q", "CBD": "false", "Daytime Routes": "F", "Structure Type": "Subway", "Latitude": "40.71047", "Longitude": "-73.793604", "ADA": "0", "ADA Notes": "" }, "geometry": { "type": "Point", "coordinates": [ 1041470.672690787236206, 198187.562530058057746 ] } },
{ "type": "Feature", "properties": { "Complex ID": "256", "Is Complex": "false", "Number Of Stations In Complex": "1", "Stop Name": "Parsons Blvd", "Display Name": "Parsons Blvd (F)", "Constituent Station Names": "Parsons Blvd", "Station IDs": "256", "GTFS Stop IDs": "F03", "Borough": "Q", "CBD": "false", "Daytime Routes": "F", "Structure Type": "Subway", "Latitude": "40.707564", "Longitude": "-73.803326", "ADA": "0", "ADA Notes": "" }, "geometry": { "type": "Point", "coordinates": [ 1038777.751687382929958, 197122.615044172329362 ] } },
{ "type": "Feature", "properties": { "Complex ID": "257", "Is Complex": "false", "Number Of Stations In Complex": "1", "Stop Name": "Sutphin Blvd", "Display Name": "Sutphin Blvd (F)", "Constituent Station Names": "Sutphin Blvd", "Station IDs": "257", "GTFS Stop IDs": "F04", "Borough": "Q", "CBD": "false", "Daytime Routes": "F", "Structure Type": "Subway", "Latitude": "40.70546", "Longitude": "-73.810708", "ADA": "0", "ADA Notes": "" }, "geometry": { "type": "Point", "coordinates": [ 1036732.754999258322641, 196351.553161625866778 ] } },
{ "type": "Feature", "properties": { "Complex ID": "258", "Is Complex": "false", "Number Of Stations In Complex": "1", "Stop Name": "Briarwood", "Display Name": "Briarwood (E,F)", "Constituent Station Names": "Briarwood", "Station IDs": "258", "GTFS Stop IDs": "F05", "Borough": "Q", "CBD": "false", "Daytime Routes": "E F", "Structure Type": "Subway", "Latitude": "40.709179", "Longitude": "-73.820574", "ADA": "0", "ADA Notes": "" }, "geometry": { "type": "Point", "coordinates": [ 1033994.550786510691978, 197700.732858361909166 ] } },
{ "type": "Feature", "properties": { "Complex ID": "259", "Is Complex": "false", "Number Of Stations In Complex": "1", "Stop Name": "Kew Gardens-Union Tpke", "Display Name": "Kew Gardens-Union Tpke (E,F)", "Constituent Station Names": "Kew Gardens-Union Tpke", "Station IDs": "259", "GTFS Stop IDs": "F06", "Borough": "Q", "CBD": "false", "Daytime Routes": "E F", "Structure Type": "Subway", "Latitude": "40.714441", "Longitude": "-73.831008", "ADA": "1", "ADA Notes": "" }, "geometry": { "type": "Point", "coordinates": [ 1031098.100925183156505, 199612.078751404507784 ] } },
{ "type": "Feature", "properties": { "Complex ID": "260", "Is Complex": "false", "Number Of Stations In Complex": "1", "Stop Name": "75 Av", "Display Name": "75 Av (E,F)", "Constituent Station Names": "75 Av", "Station IDs": "260", "GTFS Stop IDs": "F07", "Borough": "Q", "CBD": "false", "Daytime Routes": "E F", "Structure Type": "Subway", "Latitude": "40.718331", "Longitude": "-73.837324", "ADA": "0", "ADA Notes": "" }, "geometry": { "type": "Point", "coordinates": [ 1029344.540990790585056, 201026.005454128608108 ] } },
{ "type": "Feature", "properties": { "Complex ID": "261", "Is Complex": "false", "Number Of Stations In Complex": "1", "Stop Name": "Forest Hills-71 Av", "Display Name": "Forest Hills-71 Av (E,F,M,R)", "Constituent Station Names": "Forest Hills-71 Av", "Station IDs": "261", "GTFS Stop IDs": "G08", "Borough": "Q", "CBD": "false", "Daytime Routes": "E F M R", "Structure Type": "Subway", "Latitude": "40.721691", "Longitude": "-73.844521", "ADA": "1", "ADA Notes": "" }, "geometry": { "type": "Point", "coordinates": [ 1027347.324927703244612, 202246.529344528971706 ] } },
{ "type": "Feature", "properties": { "Complex ID": "262", "Is Complex": "false", "Number Of Stations In Complex": "1", "Stop Name": "67 Av", "Display Name": "67 Av (M,R)", "Constituent Station Names": "67 Av", "Station IDs": "262", "GTFS Stop IDs": "G09", "Borough": "Q", "CBD": "false", "Daytime Routes": "M R", "Structure Type": "Subway", "Latitude": "40.726523", "Longitude": "-73.852719", "ADA": "0", "ADA Notes": "" }, "geometry": { "type": "Point", "coordinates": [ 1025071.953400396392681, 204003.044613389065489 ] } },
{ "type": "Feature", "properties": { "Complex ID": "263", "Is Complex": "false", "Number Of Stations In Complex": "1", "Stop Name": "63 Dr-Rego Park", "Display Name": "63 Dr-Rego Park (M,R)", "Constituent Station Names": "63 Dr-Rego Park", "Station IDs": "263", "GTFS Stop IDs": "G10", "Borough": "Q", "CBD": "false", "Daytime Routes": "M R", "Structure Type": "Subway", "Latitude": "40.729846", "Longitude": "-73.861604", "ADA": "0", "ADA Notes": "" }, "geometry": { "type": "Point", "coordinates": [ 1022607.377564526279457, 205209.69685107973055 ] } },
{ "type": "Feature", "properties": { "Complex ID": "264", "Is Complex": "false", "Number Of Stations In Complex": "1", "Stop Name": "Woodhaven Blvd", "Display Name": "Woodhaven Blvd (M,R)", "Constituent Station Names": "Woodhaven Blvd", "Station IDs": "264", "GTFS Stop IDs": "G11", "Borough": "Q", "CBD": "false", "Daytime Routes": "M R", "Structure Type": "Subway", "Latitude": "40.733106", "Longitude": "-73.869229", "ADA": "0", "ADA Notes": "" }, "geometry": { "type": "Point", "coordinates": [ 1020492.281469392357394, 206394.166436247993261 ] } },
{ "type": "Feature", "properties": { "Complex ID": "265", "Is Complex": "false", "Number Of Stations In Complex": "1", "Stop Name": "Grand Av-Newtown", "Display Name": "Grand Av-Newtown (M,R)", "Constituent Station Names": "Grand Av-Newtown", "Station IDs": "265", "GTFS Stop IDs": "G12", "Borough": "Q", "CBD": "false", "Daytime Routes": "M R", "Structure Type": "Subway", "Latitude": "40.737015", "Longitude": "-73.877223", "ADA": "0", "ADA Notes": "" }, "geometry": { "type": "Point", "coordinates": [ 1018274.799158923909999, 207815.128437659790507 ] } },
{ "type": "Feature", "properties": { "Complex ID": "266", "Is Complex": "false", "Number Of Stations In Complex": "1", "Stop Name": "Elmhurst Av", "Display Name": "Elmhurst Av (M,R)", "Constituent Station Names": "Elmhurst Av", "Station IDs": "266", "GTFS Stop IDs": "G13", "Borough": "Q", "CBD": "false", "Daytime Routes": "M R", "Structure Type": "Subway", "Latitude": "40.742454", "Longitude": "-73.882017", "ADA": "0", "ADA Notes": "" }, "geometry": { "type": "Point", "coordinates": [ 1016943.553147018072195, 209794.936085294990335 ] } },
{ "type": "Feature", "properties": { "Complex ID": "268", "Is Complex": "false", "Number Of Stations In Complex": "1", "Stop Name": "65 St", "Display Name": "65 St (M,R)", "Constituent Station Names": "65 St", "Station IDs": "268", "GTFS Stop IDs": "G15", "Borough": "Q", "CBD": "false", "Daytime Routes": "M R", "Structure Type": "Subway", "Latitude": "40.749669", "Longitude": "-73.898453", "ADA": "0", "ADA Notes": "" }, "geometry": { "type": "Point", "coordinates": [ 1012386.012799988733605, 212417.87681254252675 ] } },
{ "type": "Feature", "properties": { "Complex ID": "269", "Is Complex": "false", "Number Of Stations In Complex": "1", "Stop Name": "Northern Blvd", "Display Name": "Northern Blvd (M,R)", "Constituent Station Names": "Northern Blvd", "Station IDs": "269", "GTFS Stop IDs": "G16", "Borough": "Q", "CBD": "false", "Daytime Routes": "M R", "Structure Type": "Subway", "Latitude": "40.752885", "Longitude": "-73.906006", "ADA": "1", "ADA Notes": "" }, "geometry": { "type": "Point", "coordinates": [ 1010292.011987095116638, 213587.225520296575269 ] } },
{ "type": "Feature", "properties": { "Complex ID": "270", "Is Complex": "false", "Number Of Stations In Complex": "1", "Stop Name": "46 St", "Display Name": "46 St (M,R)", "Constituent Station Names": "46 St", "Station IDs": "270", "GTFS Stop IDs": "G18", "Borough": "Q", "CBD": "false", "Daytime Routes": "M R", "Structure Type": "Subway", "Latitude": "40.756312", "Longitude": "-73.913333", "ADA": "0", "ADA Notes": "" }, "geometry": { "type": "Point", "coordinates": [ 1008260.749998430488631, 214833.690874790016096 ] } },
{ "type": "Feature", "properties": { "Complex ID": "1", "Is Complex": "false", "Number Of Stations In Complex": "1", "Stop Name": "Astoria-Ditmars Blvd", "Display Name": "Astoria-Ditmars Blvd (N,W)", "Constituent Station Names": "Astoria-Ditmars Blvd", "Station IDs": "1", "GTFS Stop IDs": "R01", "Borough": "Q", "CBD": "false", "Daytime Routes": "N W", "Structure Type": "Elevated", "Latitude": "40.775036", "Longitude": "-73.912034", "ADA": "0", "ADA Notes": "" }, "geometry": { "type": "Point", "coordinates": [ 1008613.782918977318332, 221655.804542778641917 ] } },
{ "type": "Feature", "properties": { "Complex ID": "2", "Is Complex": "false", "Number Of Stations In Complex": "1", "Stop Name": "Astoria Blvd", "Display Name": "Astoria Blvd (N,W)", "Constituent Station Names": "Astoria Blvd", "Station IDs": "2", "GTFS Stop IDs": "R03", "Borough": "Q", "CBD": "false", "Daytime Routes": "N W", "Structure Type": "Elevated", "Latitude": "40.770258", "Longitude": "-73.917843", "ADA": "1", "ADA Notes": "" }, "geometry": { "type": "Point", "coordinates": [ 1007006.502951466711238, 219913.45732134298305 ] } },
{ "type": "Feature", "properties": { "Complex ID": "3", "Is Complex": "false", "Number Of Stations In Complex": "1", "Stop Name": "30 Av", "Display Name": "30 Av (N,W)", "Constituent Station Names": "30 Av", "Station IDs": "3", "GTFS Stop IDs": "R04", "Borough": "Q", "CBD": "false", "Daytime Routes": "N W", "Structure Type": "Elevated", "Latitude": "40.766779", "Longitude": "-73.921479", "ADA": "0", "ADA Notes": "" }, "geometry": { "type": "Point", "coordinates": [ 1006000.507720418390818, 218645.018997843028046 ] } },
{ "type": "Feature", "properties": { "Complex ID": "4", "Is Complex": "false", "Number Of Stations In Complex": "1", "Stop Name": "Broadway", "Display Name": "Broadway (N,W)", "Constituent Station Names": "Broadway", "Station IDs": "4", "GTFS Stop IDs": "R05", "Borough": "Q", "CBD": "false", "Daytime Routes": "N W", "Structure Type": "Elevated", "Latitude": "40.76182", "Longitude": "-73.925508", "ADA": "0", "ADA Notes": "" }, "geometry": { "type": "Point", "coordinates": [ 1004885.997789580142125, 216837.318631118163466 ] } },
{ "type": "Feature", "properties": { "Complex ID": "5", "Is Complex": "false", "Number Of Stations In Complex": "1", "Stop Name": "36 Av", "Display Name": "36 Av (N,W)", "Constituent Station Names": "36 Av", "Station IDs": "5", "GTFS Stop IDs": "R06", "Borough": "Q", "CBD": "false", "Daytime Routes": "N W", "Structure Type": "Elevated", "Latitude": "40.756804", "Longitude": "-73.929575", "ADA": "0", "ADA Notes": "" }, "geometry": { "type": "Point", "coordinates": [ 1003760.81060495856218, 215008.895391694328282 ] } },
{ "type": "Feature", "properties": { "Complex ID": "6", "Is Complex": "false", "Number Of Stations In Complex": "1", "Stop Name": "39 Av-Dutch Kills", "Display Name": "39 Av-Dutch Kills (N,W)", "Constituent Station Names": "39 Av-Dutch Kills", "Station IDs": "6", "GTFS Stop IDs": "R08", "Borough": "Q", "CBD": "false", "Daytime Routes": "N W", "Structure Type": "Elevated", "Latitude": "40.752882", "Longitude": "-73.932755", "ADA": "0", "ADA Notes": "" }, "geometry": { "type": "Point", "coordinates": [ 1002880.904970059054904, 213579.292334543541074 ] } },
{ "type": "Feature", "properties": { "Complex ID": "8", "Is Complex": "false", "Number Of Stations In Complex": "1", "Stop Name": "5 Av/59 St", "Display Name": "5 Av/59 St (N,R,W)", "Constituent Station Names": "5 Av/59 St", "Station IDs": "8", "GTFS Stop IDs": "R13", "Borough": "M", "CBD": "true", "Daytime Routes": "N R W", "Structure Type": "Subway", "Latitude": "40.764811", "Longitude": "-73.973347", "ADA": "0", "ADA Notes": "" }, "geometry": { "type": "Point", "coordinates": [ 991633.113971443963237, 217919.349967053625733 ] } },
{ "type": "Feature", "properties": { "Complex ID": "9", "Is Complex": "false", "Number Of Stations In Complex": "1", "Stop Name": "57 St-7 Av", "Display Name": "57 St-7 Av (N,Q,R,W)", "Constituent Station Names": "57 St-7 Av", "Station IDs": "9", "GTFS Stop IDs": "R14", "Borough": "M", "CBD": "true", "Daytime Routes": "N Q R W", "Structure Type": "Subway", "Latitude": "40.764664", "Longitude": "-73.980658", "ADA": "1", "ADA Notes": "" }, "geometry": { "type": "Point", "coordinates": [ 989607.893826313083991, 217865.256098920188379 ] } },
{ "type": "Feature", "properties": { "Complex ID": "10", "Is Complex": "false", "Number Of Stations In Complex": "1", "Stop Name": "49 St", "Display Name": "49 St (N,R,W)", "Constituent Station Names": "49 St", "Station IDs": "10", "GTFS Stop IDs": "R15", "Borough": "M", "CBD": "true", "Daytime Routes": "N R W", "Structure Type": "Subway", "Latitude": "40.759901", "Longitude": "-73.984139", "ADA": "2", "ADA Notes": "Uptown only" }, "geometry": { "type": "Point", "coordinates": [ 988643.92845104355365, 216129.746219506225316 ] } },
{ "type": "Feature", "properties": { "Complex ID": "13", "Is Complex": "false", "Number Of Stations In Complex": "1", "Stop Name": "28 St", "Display Name": "28 St (R,W)", "Constituent Station Names": "28 St", "Station IDs": "13", "GTFS Stop IDs": "R18", "Borough": "M", "CBD": "true", "Daytime Routes": "R W", "Structure Type": "Subway", "Latitude": "40.745494", "Longitude": "-73.988691", "ADA": "0", "ADA Notes": "" }, "geometry": { "type": "Point", "coordinates": [ 987383.559544232441112, 210880.615540589147713 ] } },
{ "type": "Feature", "properties": { "Complex ID": "14", "Is Complex": "false", "Number Of Stations In Complex": "1", "Stop Name": "23 St", "Display Name": "23 St (R,W)", "Constituent Station Names": "23 St", "Station IDs": "14", "GTFS Stop IDs": "R19", "Borough": "M", "CBD": "true", "Daytime Routes": "R W", "Structure Type": "Subway", "Latitude": "40.741303", "Longitude": "-73.989344", "ADA": "0", "ADA Notes": "" }, "geometry": { "type": "Point", "coordinates": [ 987202.807322393055074, 209353.674220456043258 ] } },
{ "type": "Feature", "properties": { "Complex ID": "16", "Is Complex": "false", "Number Of Stations In Complex": "1", "Stop Name": "8 St-NYU", "Display Name": "8 St-NYU (R,W)", "Constituent Station Names": "8 St-NYU", "Station IDs": "16", "GTFS Stop IDs": "R21", "Borough": "M", "CBD": "true", "Daytime Routes": "R W", "Structure Type": "Subway", "Latitude": "40.730328", "Longitude": "-73.992629", "ADA": "0", "ADA Notes": "" }, "geometry": { "type": "Point", "coordinates": [ 986292.847496087197214, 205355.031532029999653 ] } },
{ "type": "Feature", "properties": { "Complex ID": "17", "Is Complex": "false", "Number Of Stations In Complex": "1", "Stop Name": "Prince St", "Display Name": "Prince St (R,W)", "Constituent Station Names": "Prince St", "Station IDs": "17", "GTFS Stop IDs": "R22", "Borough": "M", "CBD": "true", "Daytime Routes": "R W", "Structure Type": "Subway", "Latitude": "40.724329", "Longitude": "-73.997702", "ADA": "0", "ADA Notes": "" }, "geometry": { "type": "Point", "coordinates": [ 984886.90170096734073, 203169.323587642516941 ] } },
{ "type": "Feature", "properties": { "Complex ID": "20", "Is Complex": "false", "Number Of Stations In Complex": "1", "Stop Name": "City Hall", "Display Name": "City Hall (R,W)", "Constituent Station Names": "City Hall", "Station IDs": "20", "GTFS Stop IDs": "R24", "Borough": "M", "CBD": "true", "Daytime Routes": "R W", "Structure Type": "Subway", "Latitude": "40.713282", "Longitude": "-74.006978", "ADA": "0", "ADA Notes": "" }, "geometry": { "type": "Point", "coordinates": [ 982315.469032678287476, 199144.61493383673951 ] } },
{ "type": "Feature", "properties": { "Complex ID": "22", "Is Complex": "false", "Number Of Stations In Complex": "1", "Stop Name": "Rector St", "Display Name": "Rector St (R,W)", "Constituent Station Names": "Rector St", "Station IDs": "22", "GTFS Stop IDs": "R26", "Borough": "M", "CBD": "true", "Daytime Routes": "R W", "Structure Type": "Subway", "Latitude": "40.70722", "Longitude": "-74.013342", "ADA": "0", "ADA Notes": "" }, "geometry": { "type": "Point", "coordinates": [ 980550.872780882637016, 196936.239587525575189 ] } },
{ "type": "Feature", "properties": { "Complex ID": "26", "Is Complex": "false", "Number Of Stations In Complex": "1", "Stop Name": "DeKalb Av", "Display Name": "DeKalb Av (B,Q,R)", "Constituent Station Names": "DeKalb Av", "Station IDs": "26", "GTFS Stop IDs": "R30", "Borough": "Bk", "CBD": "false", "Daytime Routes": "B Q R", "Structure Type": "Subway", "Latitude": "40.690635", "Longitude": "-73.981824", "ADA": "1", "ADA Notes": "" }, "geometry": { "type": "Point", "coordinates": [ 989290.537693241029046, 190894.08457290023216 ] } },
{ "type": "Feature", "properties": { "Complex ID": "28", "Is Complex": "false", "Number Of Stations In Complex": "1", "Stop Name": "Union St", "Display Name": "Union St (R)", "Constituent Station Names": "Union St", "Station IDs": "28", "GTFS Stop IDs": "R32", "Borough": "Bk", "CBD": "false", "Daytime Routes": "R", "Structure Type": "Subway", "Latitude": "40.677316", "Longitude": "-73.98311", "ADA": "0", "ADA Notes": "" }, "geometry": { "type": "Point", "coordinates": [ 988934.849467559950426, 186041.503842761158012 ] } },
{ "type": "Feature", "properties": { "Complex ID": "30", "Is Complex": "false", "Number Of Stations In Complex": "1", "Stop Name": "Prospect Av", "Display Name": "Prospect Av (R)", "Constituent Station Names": "Prospect Av", "Station IDs": "30", "GTFS Stop IDs": "R34", "Borough": "Bk", "CBD": "false", "Daytime Routes": "R", "Structure Type": "Subway", "Latitude": "40.665414", "Longitude": "-73.992872", "ADA": "0", "ADA Notes": "" }, "geometry": { "type": "Point", "coordinates": [ 986227.471317194984294, 181704.879371011105832 ] } },
{ "type": "Feature", "properties": { "Complex ID": "31", "Is Complex": "false", "Number Of Stations In Complex": "1", "Stop Name": "25 St", "Display Name": "25 St (R)", "Constituent Station Names": "25 St", "Station IDs": "31", "GTFS Stop IDs": "R35", "Borough": "Bk", "CBD": "false", "Daytime Routes": "R", "Structure Type": "Subway", "Latitude": "40.660397", "Longitude": "-73.998091", "ADA": "0", "ADA Notes": "" }, "geometry": { "type": "Point", "coordinates": [ 984779.633695882046595, 179876.963191369839478 ] } },
{ "type": "Feature", "properties": { "Complex ID": "32", "Is Complex": "false", "Number Of Stations In Complex": "1", "Stop Name": "36 St", "Display Name": "36 St (D,N,R)", "Constituent Station Names": "36 St", "Station IDs": "32", "GTFS Stop IDs": "R36", "Borough": "Bk", "CBD": "false", "Daytime Routes": "D N R", "Structure Type": "Subway", "Latitude": "40.655144", "Longitude": "-74.003549", "ADA": "0", "ADA Notes": "" }, "geometry": { "type": "Point", "coordinates": [ 983265.261710569146089, 177963.15563994232798 ] } },
{ "type": "Feature", "properties": { "Complex ID": "33", "Is Complex": "false", "Number Of Stations In Complex": "1", "Stop Name": "45 St", "Display Name": "45 St (R)", "Constituent Station Names": "45 St", "Station IDs": "33", "GTFS Stop IDs": "R39", "Borough": "Bk", "CBD": "false", "Daytime Routes": "R", "Structure Type": "Subway", "Latitude": "40.648939", "Longitude": "-74.010006", "ADA": "0", "ADA Notes": "" }, "geometry": { "type": "Point", "coordinates": [ 981473.401483483728953, 175702.633169008913683 ] } },
{ "type": "Feature", "properties": { "Complex ID": "34", "Is Complex": "false", "Number Of Stations In Complex": "1", "Stop Name": "53 St", "Display Name": "53 St (R)", "Constituent Station Names": "53 St", "Station IDs": "34", "GTFS Stop IDs": "R40", "Borough": "Bk", "CBD": "false", "Daytime Routes": "R", "Structure Type": "Subway", "Latitude": "40.645069", "Longitude": "-74.014034", "ADA": "0", "ADA Notes": "" }, "geometry": { "type": "Point", "coordinates": [ 980355.436206330428831, 174292.834596307977336 ] } },
{ "type": "Feature", "properties": { "Complex ID": "35", "Is Complex": "false", "Number Of Stations In Complex": "1", "Stop Name": "59 St", "Display Name": "59 St (N,R)", "Constituent Station Names": "59 St", "Station IDs": "35", "GTFS Stop IDs": "R41", "Borough": "Bk", "CBD": "false", "Daytime Routes": "N R", "Structure Type": "Subway", "Latitude": "40.641362", "Longitude": "-74.017881", "ADA": "1", "ADA Notes": "" }, "geometry": { "type": "Point", "coordinates": [ 979287.585439523216337, 172942.463467725901864 ] } },
{ "type": "Feature", "properties": { "Complex ID": "36", "Is Complex": "false", "Number Of Stations In Complex": "1", "Stop Name": "Bay Ridge Av", "Display Name": "Bay Ridge Av (R)", "Constituent Station Names": "Bay Ridge Av", "Station IDs": "36", "GTFS Stop IDs": "R42", "Borough": "Bk", "CBD": "false", "Daytime Routes": "R", "Structure Type": "Subway", "Latitude": "40.634967", "Longitude": "-74.023377", "ADA": "0", "ADA Notes": "" }, "geometry": { "type": "Point", "coordinates": [ 977761.69344859465491, 170612.944412347394973 ] } },
{ "type": "Feature", "properties": { "Complex ID": "37", "Is Complex": "false", "Number Of Stations In Complex": "1", "Stop Name": "77 St", "Display Name": "77 St (R)", "Constituent Station Names": "77 St", "Station IDs": "37", "GTFS Stop IDs": "R43", "Borough": "Bk", "CBD": "false", "Daytime Routes": "R", "Structure Type": "Subway", "Latitude": "40.629742", "Longitude": "-74.02551", "ADA": "0", "ADA Notes": "" }, "geometry": { "type": "Point", "coordinates": [ 977169.126625732285902, 168709.497768658126006 ] } },
{ "type": "Feature", "properties": { "Complex ID": "38", "Is Complex": "false", "Number Of Stations In Complex": "1", "Stop Name": "86 St", "Display Name": "86 St (R)", "Constituent Station Names": "86 St", "Station IDs": "38", "GTFS Stop IDs": "R44", "Borough": "Bk", "CBD": "false", "Daytime Routes": "R", "Structure Type": "Subway", "Latitude": "40.622687", "Longitude": "-74.028398", "ADA": "1", "ADA Notes": "" }, "geometry": { "type": "Point", "coordinates": [ 976366.6685898269061, 166139.414961733709788 ] } },
{ "type": "Feature", "properties": { "Complex ID": "39", "Is Complex": "false", "Number Of Stations In Complex": "1", "Stop Name": "Bay Ridge-95 St", "Display Name": "Bay Ridge-95 St (R)", "Constituent Station Names": "Bay Ridge-95 St", "Station IDs": "39", "GTFS Stop IDs": "R45", "Borough": "Bk", "CBD": "false", "Daytime Routes": "R", "Structure Type": "Subway", "Latitude": "40.616622", "Longitude": "-74.030876", "ADA": "1", "ADA Notes": "" }, "geometry": { "type": "Point", "coordinates": [ 975677.996451421524398, 163930.004050954565173 ] } },
{ "type": "Feature", "properties": { "Complex ID": "41", "Is Complex": "false", "Number Of Stations In Complex": "1", "Stop Name": "7 Av", "Display Name": "7 Av (B,Q)", "Constituent Station Names": "7 Av", "Station IDs": "41", "GTFS Stop IDs": "D25", "Borough": "Bk", "CBD": "false", "Daytime Routes": "B Q", "Structure Type": "Subway", "Latitude": "40.67705", "Longitude": "-73.972367", "ADA": "0", "ADA Notes": "" }, "geometry": { "type": "Point", "coordinates": [ 991914.725362148019485, 185945.356914040079573 ] } },
{ "type": "Feature", "properties": { "Complex ID": "42", "Is Complex": "false", "Number Of Stations In Complex": "1", "Stop Name": "Prospect Park", "Display Name": "Prospect Park (B,Q,S)", "Constituent Station Names": "Prospect Park", "Station IDs": "42", "GTFS Stop IDs": "D26", "Borough": "Bk", "CBD": "false", "Daytime Routes": "B Q S", "Structure Type": "Open Cut", "Latitude": "40.661614", "Longitude": "-73.962246", "ADA": "1", "ADA Notes": "" }, "geometry": { "type": "Point", "coordinates": [ 994724.489129821304232, 180322.627313221630175 ] } },
{ "type": "Feature", "properties": { "Complex ID": "43", "Is Complex": "false", "Number Of Stations In Complex": "1", "Stop Name": "Parkside Av", "Display Name": "Parkside Av (Q)", "Constituent Station Names": "Parkside Av", "Station IDs": "43", "GTFS Stop IDs": "D27", "Borough": "Bk", "CBD": "false", "Daytime Routes": "Q", "Structure Type": "Open Cut", "Latitude": "40.655292", "Longitude": "-73.961495", "ADA": "0", "ADA Notes": "" }, "geometry": { "type": "Point", "coordinates": [ 994933.864246175740846, 178019.432748721766984 ] } },
{ "type": "Feature", "properties": { "Complex ID": "44", "Is Complex": "false", "Number Of Stations In Complex": "1", "Stop Name": "Church Av", "Display Name": "Church Av (B,Q)", "Constituent Station Names": "Church Av", "Station IDs": "44", "GTFS Stop IDs": "D28", "Borough": "Bk", "CBD": "false", "Daytime Routes": "B Q", "Structure Type": "Open Cut", "Latitude": "40.650527", "Longitude": "-73.962982", "ADA": "1", "ADA Notes": "" }, "geometry": { "type": "Point", "coordinates": [ 994522.007804985856637, 176283.22891680241446 ] } },
{ "type": "Feature", "properties": { "Complex ID": "45", "Is Complex": "false", "Number Of Stations In Complex": "1", "Stop Name": "Beverley Rd", "Display Name": "Beverley Rd (Q)", "Constituent Station Names": "Beverley Rd", "Station IDs": "45", "GTFS Stop IDs": "D29", "Borough": "Bk", "CBD": "false", "Daytime Routes": "Q", "Structure Type": "Open Cut", "Latitude": "40.644031", "Longitude": "-73.964492", "ADA": "0", "ADA Notes": "" }, "geometry": { "type": "Point", "coordinates": [ 994103.966677399468608, 173916.37846304193954 ] } },
{ "type": "Feature", "properties": { "Complex ID": "46", "Is Complex": "false", "Number Of Stations In Complex": "1", "Stop Name": "Cortelyou Rd", "Display Name": "Cortelyou Rd (Q)", "Constituent Station Names": "Cortelyou Rd", "Station IDs": "46", "GTFS Stop IDs": "D30", "Borough": "Bk", "CBD": "false", "Daytime Routes": "Q", "Structure Type": "Open Cut", "Latitude": "40.640927", "Longitude": "-73.963891", "ADA": "0", "ADA Notes": "" }, "geometry": { "type": "Point", "coordinates": [ 994271.220985323889181, 172785.57293277446297 ] } },
{ "type": "Feature", "properties": { "Complex ID": "47", "Is Complex": "false", "Number Of Stations In Complex": "1", "Stop Name": "Newkirk Plaza", "Display Name": "Newkirk Plaza (B,Q)", "Constituent Station Names": "Newkirk Plaza", "Station IDs": "47", "GTFS Stop IDs": "D31", "Borough": "Bk", "CBD": "false", "Daytime Routes": "B Q", "Structure Type": "Open Cut", "Latitude": "40.635082", "Longitude": "-73.962793", "ADA": "0", "ADA Notes": "" }, "geometry": { "type": "Point", "coordinates": [ 994576.854234585422091, 170656.205084778019227 ] } },
{ "type": "Feature", "properties": { "Complex ID": "48", "Is Complex": "false", "Number Of Stations In Complex": "1", "Stop Name": "Avenue H", "Display Name": "Avenue H (Q)", "Constituent Station Names": "Avenue H", "Station IDs": "48", "GTFS Stop IDs": "D32", "Borough": "Bk", "CBD": "false", "Daytime Routes": "Q", "Structure Type": "Open Cut", "Latitude": "40.62927", "Longitude": "-73.961639", "ADA": "1", "ADA Notes": "" }, "geometry": { "type": "Point", "coordinates": [ 994898.079799382365309, 168538.872071441874141 ] } },
{ "type": "Feature", "properties": { "Complex ID": "49", "Is Complex": "false", "Number Of Stations In Complex": "1", "Stop Name": "Avenue J", "Display Name": "Avenue J (Q)", "Constituent Station Names": "Avenue J", "Station IDs": "49", "GTFS Stop IDs": "D33", "Borough": "Bk", "CBD": "false", "Daytime Routes": "Q", "Structure Type": "Open Cut", "Latitude": "40.625039", "Longitude": "-73.960803", "ADA": "0", "ADA Notes": "" }, "geometry": { "type": "Point", "coordinates": [ 995130.825614737230353, 166997.506166553153889 ] } },
{ "type": "Feature", "properties": { "Complex ID": "50", "Is Complex": "false", "Number Of Stations In Complex": "1", "Stop Name": "Avenue M", "Display Name": "Avenue M (Q)", "Constituent Station Names": "Avenue M", "Station IDs": "50", "GTFS Stop IDs": "D34", "Borough": "Bk", "CBD": "false", "Daytime Routes": "Q", "Structure Type": "Open Cut", "Latitude": "40.617618", "Longitude": "-73.959399", "ADA": "0", "ADA Notes": "" }, "geometry": { "type": "Point", "coordinates": [ 995521.82462516380474, 164294.012723300576909 ] } },
{ "type": "Feature", "properties": { "Complex ID": "51", "Is Complex": "false", "Number Of Stations In Complex": "1", "Stop Name": "Kings Hwy", "Display Name": "Kings Hwy (B,Q)", "Constituent Station Names": "Kings Hwy", "Station IDs": "51", "GTFS Stop IDs": "D35", "Borough": "Bk", "CBD": "false", "Daytime Routes": "B Q", "Structure Type": "Open Cut", "Latitude": "40.60867", "Longitude": "-73.957734", "ADA": "1", "ADA Notes": "" }, "geometry": { "type": "Point", "coordinates": [ 995985.647699632565491, 161034.235761361720506 ] } },
{ "type": "Feature", "properties": { "Complex ID": "52", "Is Complex": "false", "Number Of Stations In Complex": "1", "Stop Name": "Avenue U", "Display Name": "Avenue U (Q)", "Constituent Station Names": "Avenue U", "Station IDs": "52", "GTFS Stop IDs": "D37", "Borough": "Bk", "CBD": "false", "Daytime Routes": "Q", "Structure Type": "Open Cut", "Latitude": "40.5993", "Longitude": "-73.955929", "ADA": "0", "ADA Notes": "" }, "geometry": { "type": "Point", "coordinates": [ 996488.550095557817258, 157620.744464479357703 ] } },
{ "type": "Feature", "properties": { "Complex ID": "53", "Is Complex": "false", "Number Of Stations In Complex": "1", "Stop Name": "Neck Rd", "Display Name": "Neck Rd (Q)", "Constituent Station Names": "Neck Rd", "Station IDs": "53", "GTFS Stop IDs": "D38", "Borough": "Bk", "CBD": "false", "Daytime Routes": "Q", "Structure Type": "Open Cut", "Latitude": "40.595246", "Longitude": "-73.955161", "ADA": "0", "ADA Notes": "" }, "geometry": { "type": "Point", "coordinates": [ 996702.582645552931353, 156143.874478988582268 ] } },
{ "type": "Feature", "properties": { "Complex ID": "54", "Is Complex": "false", "Number Of Stations In Complex": "1", "Stop Name": "Sheepshead Bay", "Display Name": "Sheepshead Bay (B,Q)", "Constituent Station Names": "Sheepshead Bay", "Station IDs": "54", "GTFS Stop IDs": "D39", "Borough": "Bk", "CBD": "false", "Daytime Routes": "B Q", "Structure Type": "Open Cut", "Latitude": "40.586896", "Longitude": "-73.954155", "ADA": "1", "ADA Notes": "" }, "geometry": { "type": "Point", "coordinates": [ 996983.563978616148233, 153101.897170689800987 ] } },
{ "type": "Feature", "properties": { "Complex ID": "55", "Is Complex": "false", "Number Of Stations In Complex": "1", "Stop Name": "Brighton Beach", "Display Name": "Brighton Beach (B,Q)", "Constituent Station Names": "Brighton Beach", "Station IDs": "55", "GTFS Stop IDs": "D40", "Borough": "Bk", "CBD": "false", "Daytime Routes": "B Q", "Structure Type": "Elevated", "Latitude": "40.577621", "Longitude": "-73.961376", "ADA": "0", "ADA Notes": "" }, "geometry": { "type": "Point", "coordinates": [ 994979.416925947996788, 149721.803974811307853 ] } },
{ "type": "Feature", "properties": { "Complex ID": "56", "Is Complex": "false", "Number Of Stations In Complex": "1", "Stop Name": "Ocean Pkwy", "Display Name": "Ocean Pkwy (Q)", "Constituent Station Names": "Ocean Pkwy", "Station IDs": "56", "GTFS Stop IDs": "D41", "Borough": "Bk", "CBD": "false", "Daytime Routes": "Q", "Structure Type": "Elevated", "Latitude": "40.576312", "Longitude": "-73.968501", "ADA": "0", "ADA Notes": "" }, "geometry": { "type": "Point", "coordinates": [ 993000.334819397889078, 149244.104951840388821 ] } },
{ "type": "Feature", "properties": { "Complex ID": "57", "Is Complex": "false", "Number Of Stations In Complex": "1", "Stop Name": "W 8 St-NY Aquarium", "Display Name": "W 8 St-NY Aquarium (F,Q)", "Constituent Station Names": "W 8 St-NY Aquarium", "Station IDs": "57", "GTFS Stop IDs": "D42", "Borough": "Bk", "CBD": "false", "Daytime Routes": "F Q", "Structure Type": "Elevated", "Latitude": "40.576127", "Longitude": "-73.975939", "ADA": "0", "ADA Notes": "" }, "geometry": { "type": "Point", "coordinates": [ 990934.110051714349538, 149176.044645596964983 ] } },
{ "type": "Feature", "properties": { "Complex ID": "58", "Is Complex": "false", "Number Of Stations In Complex": "1", "Stop Name": "Coney Island-Stillwell Av", "Display Name": "Coney Island-Stillwell Av (D,F,N,Q)", "Constituent Station Names": "Coney Island-Stillwell Av", "Station IDs": "58", "GTFS Stop IDs": "D43", "Borough": "Bk", "CBD": "false", "Daytime Routes": "D F N Q", "Structure Type": "Viaduct", "Latitude": "40.577422", "Longitude": "-73.981233", "ADA": "1", "ADA Notes": "" }, "geometry": { "type": "Point", "coordinates": [ 989463.354186278651468, 149647.483368542365497 ] } },
{ "type": "Feature", "properties": { "Complex ID": "59", "Is Complex": "false", "Number Of Stations In Complex": "1", "Stop Name": "9 Av", "Display Name": "9 Av (D)", "Constituent Station Names": "9 Av", "Station IDs": "59", "GTFS Stop IDs": "B12", "Borough": "Bk", "CBD": "false", "Daytime Routes": "D", "Structure Type": "Open Cut", "Latitude": "40.646292", "Longitude": "-73.994324", "ADA": "0", "ADA Notes": "" }, "geometry": { "type": "Point", "coordinates": [ 985825.115780398249626, 174738.15803467965452 ] } },
{ "type": "Feature", "properties": { "Complex ID": "60", "Is Complex": "false", "Number Of Stations In Complex": "1", "Stop Name": "Fort Hamilton Pkwy", "Display Name": "Fort Hamilton Pkwy (D)", "Constituent Station Names": "Fort Hamilton Pkwy", "Station IDs": "60", "GTFS Stop IDs": "B13", "Borough": "Bk", "CBD": "false", "Daytime Routes": "D", "Structure Type": "Elevated", "Latitude": "40.640914", "Longitude": "-73.994304", "ADA": "0", "ADA Notes": "" }, "geometry": { "type": "Point", "coordinates": [ 985830.797266012057662, 172778.802084653347265 ] } },
{ "type": "Feature", "properties": { "Complex ID": "61", "Is Complex": "false", "Number Of Stations In Complex": "1", "Stop Name": "50 St", "Display Name": "50 St (D)", "Constituent Station Names": "50 St", "Station IDs": "61", "GTFS Stop IDs": "B14", "Borough": "Bk", "CBD": "false", "Daytime Routes": "D", "Structure Type": "Elevated", "Latitude": "40.63626", "Longitude": "-73.994791", "ADA": "0", "ADA Notes": "" }, "geometry": { "type": "Point", "coordinates": [ 985695.745940671418793, 171083.21147679965361 ] } },
{ "type": "Feature", "properties": { "Complex ID": "62", "Is Complex": "false", "Number Of Stations In Complex": "1", "Stop Name": "55 St", "Display Name": "55 St (D)", "Constituent Station Names": "55 St", "Station IDs": "62", "GTFS Stop IDs": "B15", "Borough": "Bk", "CBD": "false", "Daytime Routes": "D", "Structure Type": "Elevated", "Latitude": "40.631435", "Longitude": "-73.995476", "ADA": "0", "ADA Notes": "" }, "geometry": { "type": "Point", "coordinates": [ 985505.721115012303926, 169325.319431418844033 ] } },
{ "type": "Feature", "properties": { "Complex ID": "64", "Is Complex": "false", "Number Of Stations In Complex": "1", "Stop Name": "71 St", "Display Name": "71 St (D)", "Constituent Station Names": "71 St", "Station IDs": "64", "GTFS Stop IDs": "B17", "Borough": "Bk", "CBD": "false", "Daytime Routes": "D", "Structure Type": "Elevated", "Latitude": "40.619589", "Longitude": "-73.998864", "ADA": "0", "ADA Notes": "" }, "geometry": { "type": "Point", "coordinates": [ 984565.39115144230891, 165009.465017730370164 ] } },
{ "type": "Feature", "properties": { "Complex ID": "65", "Is Complex": "false", "Number Of Stations In Complex": "1", "Stop Name": "79 St", "Display Name": "79 St (D)", "Constituent Station Names": "79 St", "Station IDs": "65", "GTFS Stop IDs": "B18", "Borough": "Bk", "CBD": "false", "Daytime Routes": "D", "Structure Type": "Elevated", "Latitude": "40.613501", "Longitude": "-74.00061", "ADA": "0", "ADA Notes": "" }, "geometry": { "type": "Point", "coordinates": [ 984080.663689919165336, 162791.439799479645444 ] } },
{ "type": "Feature", "properties": { "Complex ID": "66", "Is Complex": "false", "Number Of Stations In Complex": "1", "Stop Name": "18 Av", "Display Name": "18 Av (D)", "Constituent Station Names": "18 Av", "Station IDs": "66", "GTFS Stop IDs": "B19", "Borough": "Bk", "CBD": "false", "Daytime Routes": "D", "Structure Type": "Elevated", "Latitude": "40.607954", "Longitude": "-74.001736", "ADA": "0", "ADA Notes": "" }, "geometry": { "type": "Point", "coordinates": [ 983768.00465841719415, 160770.522982872585999 ] } },
{ "type": "Feature", "properties": { "Complex ID": "67", "Is Complex": "false", "Number Of Stations In Complex": "1", "Stop Name": "20 Av", "Display Name": "20 Av (D)", "Constituent Station Names": "20 Av", "Station IDs": "67", "GTFS Stop IDs": "B20", "Borough": "Bk", "CBD": "false", "Daytime Routes": "D", "Structure Type": "Elevated", "Latitude": "40.604556", "Longitude": "-73.998168", "ADA": "0", "ADA Notes": "" }, "geometry": { "type": "Point", "coordinates": [ 984758.73732661921531, 159532.54335500401794 ] } },
{ "type": "Feature", "properties": { "Complex ID": "68", "Is Complex": "false", "Number Of Stations In Complex": "1", "Stop Name": "Bay Pkwy", "Display Name": "Bay Pkwy (D)", "Constituent Station Names": "Bay Pkwy", "Station IDs": "68", "GTFS Stop IDs": "B21", "Borough": "Bk", "CBD": "false", "Daytime Routes": "D", "Structure Type": "Elevated", "Latitude": "40.601875", "Longitude": "-73.993728", "ADA": "1", "ADA Notes": "" }, "geometry": { "type": "Point", "coordinates": [ 985991.700097834924236, 158555.843913637043443 ] } },
{ "type": "Feature", "properties": { "Complex ID": "69", "Is Complex": "false", "Number Of Stations In Complex": "1", "Stop Name": "25 Av", "Display Name": "25 Av (D)", "Constituent Station Names": "25 Av", "Station IDs": "69", "GTFS Stop IDs": "B22", "Borough": "Bk", "CBD": "false", "Daytime Routes": "D", "Structure Type": "Elevated", "Latitude": "40.597704", "Longitude": "-73.986829", "ADA": "0", "ADA Notes": "" }, "geometry": { "type": "Point", "coordinates": [ 987907.709920812398195, 157036.455665424640756 ] } },
{ "type": "Feature", "properties": { "Complex ID": "70", "Is Complex": "false", "Number Of Stations In Complex": "1", "Stop Name": "Bay 50 St", "Display Name": "Bay 50 St (D)", "Constituent Station Names": "Bay 50 St", "Station IDs": "70", "GTFS Stop IDs": "B23", "Borough": "Bk", "CBD": "false", "Daytime Routes": "D", "Structure Type": "Elevated", "Latitude": "40.588841", "Longitude": "-73.983765", "ADA": "0", "ADA Notes": "" }, "geometry": { "type": "Point", "coordinates": [ 988759.207987662171945, 153807.57769927897607 ] } },
{ "type": "Feature", "properties": { "Complex ID": "71", "Is Complex": "false", "Number Of Stations In Complex": "1", "Stop Name": "8 Av", "Display Name": "8 Av (N)", "Constituent Station Names": "8 Av", "Station IDs": "71", "GTFS Stop IDs": "N02", "Borough": "Bk", "CBD": "false", "Daytime Routes": "N", "Structure Type": "Open Cut", "Latitude": "40.635064", "Longitude": "-74.011719", "ADA": "1", "ADA Notes": "" }, "geometry": { "type": "Point", "coordinates": [ 980997.390234628459439, 170647.641272268956527 ] } },
{ "type": "Feature", "properties": { "Complex ID": "72", "Is Complex": "false", "Number Of Stations In Complex": "1", "Stop Name": "Fort Hamilton Pkwy", "Display Name": "Fort Hamilton Pkwy (N)", "Constituent Station Names": "Fort Hamilton Pkwy", "Station IDs": "72", "GTFS Stop IDs": "N03", "Borough": "Bk", "CBD": "false", "Daytime Routes": "N", "Structure Type": "Open Cut", "Latitude": "40.631386", "Longitude": "-74.005351", "ADA": "0", "ADA Notes": "" }, "geometry": { "type": "Point", "coordinates": [ 982764.754808109719306, 169307.474983518186491 ] } },
{ "type": "Feature", "properties": { "Complex ID": "74", "Is Complex": "false", "Number Of Stations In Complex": "1", "Stop Name": "18 Av", "Display Name": "18 Av (N)", "Constituent Station Names": "18 Av", "Station IDs": "74", "GTFS Stop IDs": "N05", "Borough": "Bk", "CBD": "false", "Daytime Routes": "N", "Structure Type": "Open Cut", "Latitude": "40.620671", "Longitude": "-73.990414", "ADA": "0", "ADA Notes": "" }, "geometry": { "type": "Point", "coordinates": [ 986911.19901703344658, 165403.816173689119751 ] } },
{ "type": "Feature", "properties": { "Complex ID": "75", "Is Complex": "false", "Number Of Stations In Complex": "1", "Stop Name": "20 Av", "Display Name": "20 Av (N)", "Constituent Station Names": "20 Av", "Station IDs": "75", "GTFS Stop IDs": "N06", "Borough": "Bk", "CBD": "false", "Daytime Routes": "N", "Structure Type": "Open Cut", "Latitude": "40.61741", "Longitude": "-73.985026", "ADA": "0", "ADA Notes": "" }, "geometry": { "type": "Point", "coordinates": [ 988407.17310503567569, 164215.958769818011206 ] } },
{ "type": "Feature", "properties": { "Complex ID": "76", "Is Complex": "false", "Number Of Stations In Complex": "1", "Stop Name": "Bay Pkwy", "Display Name": "Bay Pkwy (N)", "Constituent Station Names": "Bay Pkwy", "Station IDs": "76", "GTFS Stop IDs": "N07", "Borough": "Bk", "CBD": "false", "Daytime Routes": "N", "Structure Type": "Open Cut", "Latitude": "40.611815", "Longitude": "-73.981848", "ADA": "0", "ADA Notes": "" }, "geometry": { "type": "Point", "coordinates": [ 989289.8907949635759, 162177.718508621444926 ] } },
{ "type": "Feature", "properties": { "Complex ID": "77", "Is Complex": "false", "Number Of Stations In Complex": "1", "Stop Name": "Kings Hwy", "Display Name": "Kings Hwy (N)", "Constituent Station Names": "Kings Hwy", "Station IDs": "77", "GTFS Stop IDs": "N08", "Borough": "Bk", "CBD": "false", "Daytime Routes": "N", "Structure Type": "Open Cut", "Latitude": "40.603923", "Longitude": "-73.980353", "ADA": "0", "ADA Notes": "" }, "geometry": { "type": "Point", "coordinates": [ 989705.625153395580128, 159302.542858888569754 ] } },
{ "type": "Feature", "properties": { "Complex ID": "78", "Is Complex": "false", "Number Of Stations In Complex": "1", "Stop Name": "Avenue U", "Display Name": "Avenue U (N)", "Constituent Station Names": "Avenue U", "Station IDs": "78", "GTFS Stop IDs": "N09", "Borough": "Bk", "CBD": "false", "Daytime Routes": "N", "Structure Type": "Open Cut", "Latitude": "40.597473", "Longitude": "-73.979137", "ADA": "0", "ADA Notes": "" }, "geometry": { "type": "Point", "coordinates": [ 990043.849373829201795, 156952.716296779602999 ] } },
{ "type": "Feature", "properties": { "Complex ID": "79", "Is Complex": "false", "Number Of Stations In Complex": "1", "Stop Name": "86 St", "Display Name": "86 St (N)", "Constituent Station Names": "86 St", "Station IDs": "79", "GTFS Stop IDs": "N10", "Borough": "Bk", "CBD": "false", "Daytime Routes": "N", "Structure Type": "Open Cut", "Latitude": "40.592721", "Longitude": "-73.97823", "ADA": "0", "ADA Notes": "" }, "geometry": { "type": "Point", "coordinates": [ 990296.163907467154786, 155221.499961765541229 ] } },
{ "type": "Feature", "properties": { "Complex ID": "80", "Is Complex": "false", "Number Of Stations In Complex": "1", "Stop Name": "121 St", "Display Name": "121 St (J,Z)", "Constituent Station Names": "121 St", "Station IDs": "80", "GTFS Stop IDs": "J12", "Borough": "Q", "CBD": "false", "Daytime Routes": "J Z", "Structure Type": "Elevated", "Latitude": "40.700492", "Longitude": "-73.828294", "ADA": "0", "ADA Notes": "" }, "geometry": { "type": "Point", "coordinates": [ 1031860.444379697204567, 194531.508212789223762 ] } },
{ "type": "Feature", "properties": { "Complex ID": "81", "Is Complex": "false", "Number Of Stations In Complex": "1", "Stop Name": "111 St", "Display Name": "111 St (J)", "Constituent Station Names": "111 St", "Station IDs": "81", "GTFS Stop IDs": "J13", "Borough": "Q", "CBD": "false", "Daytime Routes": "J", "Structure Type": "Elevated", "Latitude": "40.697418", "Longitude": "-73.836345", "ADA": "0", "ADA Notes": "" }, "geometry": { "type": "Point", "coordinates": [ 1029630.166272097732872, 193407.282185515854508 ] } },
{ "type": "Feature", "properties": { "Complex ID": "82", "Is Complex": "false", "Number Of Stations In Complex": "1", "Stop Name": "104 St", "Display Name": "104 St (J,Z)", "Constituent Station Names": "104 St", "Station IDs": "82", "GTFS Stop IDs": "J14", "Borough": "Q", "CBD": "false", "Daytime Routes": "J Z", "Structure Type": "Elevated", "Latitude": "40.695178", "Longitude": "-73.84433", "ADA": "0", "ADA Notes": "" }, "geometry": { "type": "Point", "coordinates": [ 1027417.44382583827246, 192587.144441337353783 ] } },
{ "type": "Feature", "properties": { "Complex ID": "83", "Is Complex": "false", "Number Of Stations In Complex": "1", "Stop Name": "Woodhaven Blvd", "Display Name": "Woodhaven Blvd (J,Z)", "Constituent Station Names": "Woodhaven Blvd", "Station IDs": "83", "GTFS Stop IDs": "J15", "Borough": "Q", "CBD": "false", "Daytime Routes": "J Z", "Structure Type": "Elevated", "Latitude": "40.693879", "Longitude": "-73.851576", "ADA": "1", "ADA Notes": "" }, "geometry": { "type": "Point", "coordinates": [ 1025408.923375035403296, 192110.38904334497056 ] } },
{ "type": "Feature", "properties": { "Complex ID": "84", "Is Complex": "false", "Number Of Stations In Complex": "1", "Stop Name": "85 St-Forest Pkwy", "Display Name": "85 St-Forest Pkwy (J)", "Constituent Station Names": "85 St-Forest Pkwy", "Station IDs": "84", "GTFS Stop IDs": "J16", "Borough": "Q", "CBD": "false", "Daytime Routes": "J", "Structure Type": "Elevated", "Latitude": "40.692435", "Longitude": "-73.86001", "ADA": "0", "ADA Notes": "" }, "geometry": { "type": "Point", "coordinates": [ 1023070.962407995131798, 191580.442632451275131 ] } },
{ "type": "Feature", "properties": { "Complex ID": "85", "Is Complex": "false", "Number Of Stations In Complex": "1", "Stop Name": "75 St-Elderts Ln", "Display Name": "75 St-Elderts Ln (J,Z)", "Constituent Station Names": "75 St-Elderts Ln", "Station IDs": "85", "GTFS Stop IDs": "J17", "Borough": "Q", "CBD": "false", "Daytime Routes": "J Z", "Structure Type": "Elevated", "Latitude": "40.691324", "Longitude": "-73.867139", "ADA": "0", "ADA Notes": "" }, "geometry": { "type": "Point", "coordinates": [ 1021094.616290419478901, 191172.589873260381864 ] } },
{ "type": "Feature", "properties": { "Complex ID": "86", "Is Complex": "false", "Number Of Stations In Complex": "1", "Stop Name": "Cypress Hills", "Display Name": "Cypress Hills (J)", "Constituent Station Names": "Cypress Hills", "Station IDs": "86", "GTFS Stop IDs": "J19", "Borough": "Bk", "CBD": "false", "Daytime Routes": "J", "Structure Type": "Elevated", "Latitude": "40.689941", "Longitude": "-73.87255", "ADA": "0", "ADA Notes": "" }, "geometry": { "type": "Point", "coordinates": [ 1019594.78711835318245, 190666.489827353245346 ] } },
{ "type": "Feature", "properties": { "Complex ID": "87", "Is Complex": "false", "Number Of Stations In Complex": "1", "Stop Name": "Crescent St", "Display Name": "Crescent St (J,Z)", "Constituent Station Names": "Crescent St", "Station IDs": "87", "GTFS Stop IDs": "J20", "Borough": "Bk", "CBD": "false", "Daytime Routes": "J Z", "Structure Type": "Elevated", "Latitude": "40.683194", "Longitude": "-73.873785", "ADA": "0", "ADA Notes": "" }, "geometry": { "type": "Point", "coordinates": [ 1019255.837992740678601, 188207.864370721945306 ] } },
{ "type": "Feature", "properties": { "Complex ID": "88", "Is Complex": "false", "Number Of Stations In Complex": "1", "Stop Name": "Norwood Av", "Display Name": "Norwood Av (J,Z)", "Constituent Station Names": "Norwood Av", "Station IDs": "88", "GTFS Stop IDs": "J21", "Borough": "Bk", "CBD": "false", "Daytime Routes": "J Z", "Structure Type": "Elevated", "Latitude": "40.68141", "Longitude": "-73.880039", "ADA": "0", "ADA Notes": "" }, "geometry": { "type": "Point", "coordinates": [ 1017522.165846998686902, 187555.471512247459032 ] } },
{ "type": "Feature", "properties": { "Complex ID": "89", "Is Complex": "false", "Number Of Stations In Complex": "1", "Stop Name": "Cleveland St", "Display Name": "Cleveland St (J)", "Constituent Station Names": "Cleveland St", "Station IDs": "89", "GTFS Stop IDs": "J22", "Borough": "Bk", "CBD": "false", "Daytime Routes": "J", "Structure Type": "Elevated", "Latitude": "40.679947", "Longitude": "-73.884639", "ADA": "0", "ADA Notes": "" }, "geometry": { "type": "Point", "coordinates": [ 1016247.02091692504473, 187020.740717407490592 ] } },
{ "type": "Feature", "properties": { "Complex ID": "90", "Is Complex": "false", "Number Of Stations In Complex": "1", "Stop Name": "Van Siclen Av", "Display Name": "Van Siclen Av (J,Z)", "Constituent Station Names": "Van Siclen Av", "Station IDs": "90", "GTFS Stop IDs": "J23", "Borough": "Bk", "CBD": "false", "Daytime Routes": "J Z", "Structure Type": "Elevated", "Latitude": "40.678024", "Longitude": "-73.891688", "ADA": "0", "ADA Notes": "" }, "geometry": { "type": "Point", "coordinates": [ 1014292.747250687680207, 186317.634364891098812 ] } },
{ "type": "Feature", "properties": { "Complex ID": "91", "Is Complex": "false", "Number Of Stations In Complex": "1", "Stop Name": "Alabama Av", "Display Name": "Alabama Av (J,Z)", "Constituent Station Names": "Alabama Av", "Station IDs": "91", "GTFS Stop IDs": "J24", "Borough": "Bk", "CBD": "false", "Daytime Routes": "J Z", "Structure Type": "Elevated", "Latitude": "40.676992", "Longitude": "-73.898654", "ADA": "0", "ADA Notes": "" }, "geometry": { "type": "Point", "coordinates": [ 1012361.007009907043539, 185939.3294370888907 ] } },
{ "type": "Feature", "properties": { "Complex ID": "93", "Is Complex": "false", "Number Of Stations In Complex": "1", "Stop Name": "Chauncey St", "Display Name": "Chauncey St (J,Z)", "Constituent Station Names": "Chauncey St", "Station IDs": "93", "GTFS Stop IDs": "J28", "Borough": "Bk", "CBD": "false", "Daytime Routes": "J Z", "Structure Type": "Elevated", "Latitude": "40.682893", "Longitude": "-73.910456", "ADA": "0", "ADA Notes": "" }, "geometry": { "type": "Point", "coordinates": [ 1009085.205247517442331, 188085.662518217635807 ] } },
{ "type": "Feature", "properties": { "Complex ID": "94", "Is Complex": "false", "Number Of Stations In Complex": "1", "Stop Name": "Halsey St", "Display Name": "Halsey St (J)", "Constituent Station Names": "Halsey St", "Station IDs": "94", "GTFS Stop IDs": "J29", "Borough": "Bk", "CBD": "false", "Daytime Routes": "J", "Structure Type": "Elevated", "Latitude": "40.68637", "Longitude": "-73.916559", "ADA": "0", "ADA Notes": "" }, "geometry": { "type": "Point", "coordinates": [ 1007391.315658398205414, 189350.761275485623628 ] } },
{ "type": "Feature", "properties": { "Complex ID": "95", "Is Complex": "false", "Number Of Stations In Complex": "1", "Stop Name": "Gates Av", "Display Name": "Gates Av (J,Z)", "Constituent Station Names": "Gates Av", "Station IDs": "95", "GTFS Stop IDs": "J30", "Borough": "Bk", "CBD": "false", "Daytime Routes": "J Z", "Structure Type": "Elevated", "Latitude": "40.68963", "Longitude": "-73.92227", "ADA": "0", "ADA Notes": "" }, "geometry": { "type": "Point", "coordinates": [ 1005806.383501825504936, 190537.015551722754026 ] } },
{ "type": "Feature", "properties": { "Complex ID": "96", "Is Complex": "false", "Number Of Stations In Complex": "1", "Stop Name": "Kosciuszko St", "Display Name": "Kosciuszko St (J)", "Constituent Station Names": "Kosciuszko St", "Station IDs": "96", "GTFS Stop IDs": "J31", "Borough": "Bk", "CBD": "false", "Daytime Routes": "J", "Structure Type": "Elevated", "Latitude": "40.693342", "Longitude": "-73.928814", "ADA": "0", "ADA Notes": "" }, "geometry": { "type": "Point", "coordinates": [ 1003990.472181757213548, 191887.861499366088537 ] } },
{ "type": "Feature", "properties": { "Complex ID": "97", "Is Complex": "false", "Number Of Stations In Complex": "1", "Stop Name": "Myrtle Av", "Display Name": "Myrtle Av (M,J,Z)", "Constituent Station Names": "Myrtle Av", "Station IDs": "97", "GTFS Stop IDs": "M11", "Borough": "Bk", "CBD": "false", "Daytime Routes": "M J Z", "Structure Type": "Elevated", "Latitude": "40.697207", "Longitude": "-73.935657", "ADA": "0", "ADA Notes": "" }, "geometry": { "type": "Point", "coordinates": [ 1002091.811029730713926, 193294.5250788598496 ] } },
{ "type": "Feature", "properties": { "Complex ID": "98", "Is Complex": "false", "Number Of Stations In Complex": "1", "Stop Name": "Flushing Av", "Display Name": "Flushing Av (M,J)", "Constituent Station Names": "Flushing Av", "Station IDs": "98", "GTFS Stop IDs": "M12", "Borough": "Bk", "CBD": "false", "Daytime Routes": "M J", "Structure Type": "Elevated", "Latitude": "40.70026", "Longitude": "-73.941126", "ADA": "1", "ADA Notes": "" }, "geometry": { "type": "Point", "coordinates": [ 1000574.547309828456491, 194405.755389999307226 ] } },
{ "type": "Feature", "properties": { "Complex ID": "99", "Is Complex": "false", "Number Of Stations In Complex": "1", "Stop Name": "Lorimer St", "Display Name": "Lorimer St (M,J)", "Constituent Station Names": "Lorimer St", "Station IDs": "99", "GTFS Stop IDs": "M13", "Borough": "Bk", "CBD": "false", "Daytime Routes": "M J", "Structure Type": "Elevated", "Latitude": "40.703869", "Longitude": "-73.947408", "ADA": "0", "ADA Notes": "" }, "geometry": { "type": "Point", "coordinates": [ 998831.882025787606835, 195719.511776754079619 ] } },
{ "type": "Feature", "properties": { "Complex ID": "100", "Is Complex": "false", "Number Of Stations In Complex": "1", "Stop Name": "Hewes St", "Display Name": "Hewes St (M,J)", "Constituent Station Names": "Hewes St", "Station IDs": "100", "GTFS Stop IDs": "M14", "Borough": "Bk", "CBD": "false", "Daytime Routes": "M J", "Structure Type": "Elevated", "Latitude": "40.70687", "Longitude": "-73.953431", "ADA": "0", "ADA Notes": "" }, "geometry": { "type": "Point", "coordinates": [ 997161.331209521275014, 196811.918888604966924 ] } },
{ "type": "Feature", "properties": { "Complex ID": "101", "Is Complex": "false", "Number Of Stations In Complex": "1", "Stop Name": "Marcy Av", "Display Name": "Marcy Av (M,J,Z)", "Constituent Station Names": "Marcy Av", "Station IDs": "101", "GTFS Stop IDs": "M16", "Borough": "Bk", "CBD": "false", "Daytime Routes": "M J Z", "Structure Type": "Elevated", "Latitude": "40.708359", "Longitude": "-73.957757", "ADA": "1", "ADA Notes": "" }, "geometry": { "type": "Point", "coordinates": [ 995961.673876179731451, 197353.796470468631014 ] } },
{ "type": "Feature", "properties": { "Complex ID": "103", "Is Complex": "false", "Number Of Stations In Complex": "1", "Stop Name": "Bowery", "Display Name": "Bowery (J,Z)", "Constituent Station Names": "Bowery", "Station IDs": "103", "GTFS Stop IDs": "M19", "Borough": "M", "CBD": "true", "Daytime Routes": "J Z", "Structure Type": "Subway", "Latitude": "40.72028", "Longitude": "-73.993915", "ADA": "0", "ADA Notes": "" }, "geometry": { "type": "Point", "coordinates": [ 985936.687832115916535, 201694.197893757460406 ] } },
{ "type": "Feature", "properties": { "Complex ID": "107", "Is Complex": "false", "Number Of Stations In Complex": "1", "Stop Name": "Broad St", "Display Name": "Broad St (J,Z)", "Constituent Station Names": "Broad St", "Station IDs": "107", "GTFS Stop IDs": "M23", "Borough": "M", "CBD": "true", "Daytime Routes": "J Z", "Structure Type": "Subway", "Latitude": "40.706476", "Longitude": "-74.011056", "ADA": "0", "ADA Notes": "" }, "geometry": { "type": "Point", "coordinates": [ 981184.634778133127838, 196665.091275582672097 ] } },
{ "type": "Feature", "properties": { "Complex ID": "108", "Is Complex": "false", "Number Of Stations In Complex": "1", "Stop Name": "Middle Village-Metropolitan Av", "Display Name": "Middle Village-Metropolitan Av (M)", "Constituent Station Names": "Middle Village-Metropolitan Av", "Station IDs": "108", "GTFS Stop IDs": "M01", "Borough": "Q", "CBD": "false", "Daytime Routes": "M", "Structure Type": "Elevated", "Latitude": "40.711396", "Longitude": "-73.889601", "ADA": "1", "ADA Notes": "" }, "geometry": { "type": "Point", "coordinates": [ 1014856.276375393383205, 198476.780640925368061 ] } },
{ "type": "Feature", "properties": { "Complex ID": "109", "Is Complex": "false", "Number Of Stations In Complex": "1", "Stop Name": "Fresh Pond Rd", "Display Name": "Fresh Pond Rd (M)", "Constituent Station Names": "Fresh Pond Rd", "Station IDs": "109", "GTFS Stop IDs": "M04", "Borough": "Q", "CBD": "false", "Daytime Routes": "M", "Structure Type": "Elevated", "Latitude": "40.706186", "Longitude": "-73.895877", "ADA": "0", "ADA Notes": "" }, "geometry": { "type": "Point", "coordinates": [ 1013118.618410820956342, 196576.482616687688278 ] } },
{ "type": "Feature", "properties": { "Complex ID": "110", "Is Complex": "false", "Number Of Stations In Complex": "1", "Stop Name": "Forest Av", "Display Name": "Forest Av (M)", "Constituent Station Names": "Forest Av", "Station IDs": "110", "GTFS Stop IDs": "M05", "Borough": "Q", "CBD": "false", "Daytime Routes": "M", "Structure Type": "Elevated", "Latitude": "40.704423", "Longitude": "-73.903077", "ADA": "0", "ADA Notes": "" }, "geometry": { "type": "Point", "coordinates": [ 1011123.092413874692284, 195931.871902596263681 ] } },
{ "type": "Feature", "properties": { "Complex ID": "111", "Is Complex": "false", "Number Of Stations In Complex": "1", "Stop Name": "Seneca Av", "Display Name": "Seneca Av (M)", "Constituent Station Names": "Seneca Av", "Station IDs": "111", "GTFS Stop IDs": "M06", "Borough": "Q", "CBD": "false", "Daytime Routes": "M", "Structure Type": "Elevated", "Latitude": "40.702762", "Longitude": "-73.90774", "ADA": "0", "ADA Notes": "" }, "geometry": { "type": "Point", "coordinates": [ 1009830.855349837453105, 195325.319500301091466 ] } },
{ "type": "Feature", "properties": { "Complex ID": "113", "Is Complex": "false", "Number Of Stations In Complex": "1", "Stop Name": "Knickerbocker Av", "Display Name": "Knickerbocker Av (M)", "Constituent Station Names": "Knickerbocker Av", "Station IDs": "113", "GTFS Stop IDs": "M09", "Borough": "Bk", "CBD": "false", "Daytime Routes": "M", "Structure Type": "Elevated", "Latitude": "40.698664", "Longitude": "-73.919711", "ADA": "0", "ADA Notes": "" }, "geometry": { "type": "Point", "coordinates": [ 1006513.032863762462512, 193829.015865340916207 ] } },
{ "type": "Feature", "properties": { "Complex ID": "114", "Is Complex": "false", "Number Of Stations In Complex": "1", "Stop Name": "Central Av", "Display Name": "Central Av (M)", "Constituent Station Names": "Central Av", "Station IDs": "114", "GTFS Stop IDs": "M10", "Borough": "Bk", "CBD": "false", "Daytime Routes": "M", "Structure Type": "Elevated", "Latitude": "40.697857", "Longitude": "-73.927397", "ADA": "0", "ADA Notes": "" }, "geometry": { "type": "Point", "coordinates": [ 1004382.052083277376369, 193533.135963039356284 ] } },
{ "type": "Feature", "properties": { "Complex ID": "118", "Is Complex": "false", "Number Of Stations In Complex": "1", "Stop Name": "3 Av", "Display Name": "3 Av (L)", "Constituent Station Names": "3 Av", "Station IDs": "118", "GTFS Stop IDs": "L05", "Borough": "M", "CBD": "true", "Daytime Routes": "L", "Structure Type": "Subway", "Latitude": "40.732849", "Longitude": "-73.986122", "ADA": "0", "ADA Notes": "" }, "geometry": { "type": "Point", "coordinates": [ 988096.148030497366562, 206273.736037761293119 ] } },
{ "type": "Feature", "properties": { "Complex ID": "119", "Is Complex": "false", "Number Of Stations In Complex": "1", "Stop Name": "1 Av", "Display Name": "1 Av (L)", "Constituent Station Names": "1 Av", "Station IDs": "119", "GTFS Stop IDs": "L06", "Borough": "M", "CBD": "true", "Daytime Routes": "L", "Structure Type": "Subway", "Latitude": "40.730953", "Longitude": "-73.981628", "ADA": "1", "ADA Notes": "" }, "geometry": { "type": "Point", "coordinates": [ 989341.781966452021152, 205583.19492828194052 ] } },
{ "type": "Feature", "properties": { "Complex ID": "120", "Is Complex": "false", "Number Of Stations In Complex": "1", "Stop Name": "Bedford Av", "Display Name": "Bedford Av (L)", "Constituent Station Names": "Bedford Av", "Station IDs": "120", "GTFS Stop IDs": "L08", "Borough": "Bk", "CBD": "false", "Daytime Routes": "L", "Structure Type": "Subway", "Latitude": "40.717304", "Longitude": "-73.956872", "ADA": "1", "ADA Notes": "" }, "geometry": { "type": "Point", "coordinates": [ 996205.425883146119304, 200612.858404119499028 ] } },
{ "type": "Feature", "properties": { "Complex ID": "122", "Is Complex": "false", "Number Of Stations In Complex": "1", "Stop Name": "Graham Av", "Display Name": "Graham Av (L)", "Constituent Station Names": "Graham Av", "Station IDs": "122", "GTFS Stop IDs": "L11", "Borough": "Bk", "CBD": "false", "Daytime Routes": "L", "Structure Type": "Subway", "Latitude": "40.714565", "Longitude": "-73.944053", "ADA": "0", "ADA Notes": "" }, "geometry": { "type": "Point", "coordinates": [ 999759.609587176004425, 199616.973844848515 ] } },
{ "type": "Feature", "properties": { "Complex ID": "123", "Is Complex": "false", "Number Of Stations In Complex": "1", "Stop Name": "Grand St", "Display Name": "Grand St (L)", "Constituent Station Names": "Grand St", "Station IDs": "123", "GTFS Stop IDs": "L12", "Borough": "Bk", "CBD": "false", "Daytime Routes": "L", "Structure Type": "Subway", "Latitude": "40.711926", "Longitude": "-73.94067", "ADA": "1", "ADA Notes": "" }, "geometry": { "type": "Point", "coordinates": [ 1000698.09981812373735, 198656.12357813003473 ] } },
{ "type": "Feature", "properties": { "Complex ID": "124", "Is Complex": "false", "Number Of Stations In Complex": "1", "Stop Name": "Montrose Av", "Display Name": "Montrose Av (L)", "Constituent Station Names": "Montrose Av", "Station IDs": "124", "GTFS Stop IDs": "L13", "Borough": "Bk", "CBD": "false", "Daytime Routes": "L", "Structure Type": "Subway", "Latitude": "40.707739", "Longitude": "-73.93985", "ADA": "0", "ADA Notes": "" }, "geometry": { "type": "Point", "coordinates": [ 1000926.480171814793721, 197130.825598076859023 ] } },
{ "type": "Feature", "properties": { "Complex ID": "125", "Is Complex": "false", "Number Of Stations In Complex": "1", "Stop Name": "Morgan Av", "Display Name": "Morgan Av (L)", "Constituent Station Names": "Morgan Av", "Station IDs": "125", "GTFS Stop IDs": "L14", "Borough": "Bk", "CBD": "false", "Daytime Routes": "L", "Structure Type": "Subway", "Latitude": "40.706152", "Longitude": "-73.933147", "ADA": "0", "ADA Notes": "" }, "geometry": { "type": "Point", "coordinates": [ 1002785.322116269730031, 196553.984593975241296 ] } },
{ "type": "Feature", "properties": { "Complex ID": "126", "Is Complex": "false", "Number Of Stations In Complex": "1", "Stop Name": "Jefferson St", "Display Name": "Jefferson St (L)", "Constituent Station Names": "Jefferson St", "Station IDs": "126", "GTFS Stop IDs": "L15", "Borough": "Bk", "CBD": "false", "Daytime Routes": "L", "Structure Type": "Subway", "Latitude": "40.706607", "Longitude": "-73.922913", "ADA": "0", "ADA Notes": "" }, "geometry": { "type": "Point", "coordinates": [ 1005622.608714755391702, 196722.093524838535814 ] } },
{ "type": "Feature", "properties": { "Complex ID": "127", "Is Complex": "false", "Number Of Stations In Complex": "1", "Stop Name": "DeKalb Av", "Display Name": "DeKalb Av (L)", "Constituent Station Names": "DeKalb Av", "Station IDs": "127", "GTFS Stop IDs": "L16", "Borough": "Bk", "CBD": "false", "Daytime Routes": "L", "Structure Type": "Subway", "Latitude": "40.703811", "Longitude": "-73.918425", "ADA": "0", "ADA Notes": "" }, "geometry": { "type": "Point", "coordinates": [ 1006867.87346852698829, 195704.555097584525356 ] } },
{ "type": "Feature", "properties": { "Complex ID": "129", "Is Complex": "false", "Number Of Stations In Complex": "1", "Stop Name": "Halsey St", "Display Name": "Halsey St (L)", "Constituent Station Names": "Halsey St", "Station IDs": "129", "GTFS Stop IDs": "L19", "Borough": "Q", "CBD": "false", "Daytime Routes": "L", "Structure Type": "Subway", "Latitude": "40.695602", "Longitude": "-73.904084", "ADA": "0", "ADA Notes": "" }, "geometry": { "type": "Point", "coordinates": [ 1010847.414213718264364, 192717.805870514246635 ] } },
{ "type": "Feature", "properties": { "Complex ID": "130", "Is Complex": "false", "Number Of Stations In Complex": "1", "Stop Name": "Wilson Av", "Display Name": "Wilson Av (L)", "Constituent Station Names": "Wilson Av", "Station IDs": "130", "GTFS Stop IDs": "L20", "Borough": "Bk", "CBD": "false", "Daytime Routes": "L", "Structure Type": "Subway", "Latitude": "40.688764", "Longitude": "-73.904046", "ADA": "2", "ADA Notes": "Manhattan-bound only" }, "geometry": { "type": "Point", "coordinates": [ 1010860.685429297620431, 190226.528999387694057 ] } },
{ "type": "Feature", "properties": { "Complex ID": "131", "Is Complex": "false", "Number Of Stations In Complex": "1", "Stop Name": "Bushwick Av-Aberdeen St", "Display Name": "Bushwick Av-Aberdeen St (L)", "Constituent Station Names": "Bushwick Av-Aberdeen St", "Station IDs": "131", "GTFS Stop IDs": "L21", "Borough": "Bk", "CBD": "false", "Daytime Routes": "L", "Structure Type": "Subway", "Latitude": "40.682829", "Longitude": "-73.905249", "ADA": "0", "ADA Notes": "" }, "geometry": { "type": "Point", "coordinates": [ 1010529.403278502053581, 188063.868233505927492 ] } },
{ "type": "Feature", "properties": { "Complex ID": "133", "Is Complex": "false", "Number Of Stations In Complex": "1", "Stop Name": "Atlantic Av", "Display Name": "Atlantic Av (L)", "Constituent Station Names": "Atlantic Av", "Station IDs": "133", "GTFS Stop IDs": "L24", "Borough": "Bk", "CBD": "false", "Daytime Routes": "L", "Structure Type": "Elevated", "Latitude": "40.675345", "Longitude": "-73.903097", "ADA": "0", "ADA Notes": "" }, "geometry": { "type": "Point", "coordinates": [ 1011129.287348693120293, 185337.881511746003525 ] } },
{ "type": "Feature", "properties": { "Complex ID": "134", "Is Complex": "false", "Number Of Stations In Complex": "1", "Stop Name": "Sutter Av", "Display Name": "Sutter Av (L)", "Constituent Station Names": "Sutter Av", "Station IDs": "134", "GTFS Stop IDs": "L25", "Borough": "Bk", "CBD": "false", "Daytime Routes": "L", "Structure Type": "Elevated", "Latitude": "40.669367", "Longitude": "-73.901975", "ADA": "0", "ADA Notes": "" }, "geometry": { "type": "Point", "coordinates": [ 1011442.953184719546698, 183160.269275420170743 ] } },
{ "type": "Feature", "properties": { "Complex ID": "135", "Is Complex": "false", "Number Of Stations In Complex": "1", "Stop Name": "Livonia Av", "Display Name": "Livonia Av (L)", "Constituent Station Names": "Livonia Av", "Station IDs": "135", "GTFS Stop IDs": "L26", "Borough": "Bk", "CBD": "false", "Daytime Routes": "L", "Structure Type": "Elevated", "Latitude": "40.664038", "Longitude": "-73.900571", "ADA": "1", "ADA Notes": "" }, "geometry": { "type": "Point", "coordinates": [ 1011834.642134712194093, 181219.200834524293896 ] } },
{ "type": "Feature", "properties": { "Complex ID": "136", "Is Complex": "false", "Number Of Stations In Complex": "1", "Stop Name": "New Lots Av", "Display Name": "New Lots Av (L)", "Constituent Station Names": "New Lots Av", "Station IDs": "136", "GTFS Stop IDs": "L27", "Borough": "Bk", "CBD": "false", "Daytime Routes": "L", "Structure Type": "Elevated", "Latitude": "40.658733", "Longitude": "-73.899232", "ADA": "0", "ADA Notes": "" }, "geometry": { "type": "Point", "coordinates": [ 1012208.348806558758952, 179286.863001515070209 ] } },
{ "type": "Feature", "properties": { "Complex ID": "137", "Is Complex": "false", "Number Of Stations In Complex": "1", "Stop Name": "East 105 St", "Display Name": "East 105 St (L)", "Constituent Station Names": "East 105 St", "Station IDs": "137", "GTFS Stop IDs": "L28", "Borough": "Bk", "CBD": "false", "Daytime Routes": "L", "Structure Type": "At Grade", "Latitude": "40.650573", "Longitude": "-73.899485", "ADA": "0", "ADA Notes": "" }, "geometry": { "type": "Point", "coordinates": [ 1012141.570447497651912, 176313.863070990802953 ] } },
{ "type": "Feature", "properties": { "Complex ID": "138", "Is Complex": "false", "Number Of Stations In Complex": "1", "Stop Name": "Canarsie-Rockaway Pkwy", "Display Name": "Canarsie-Rockaway Pkwy (L)", "Constituent Station Names": "Canarsie-Rockaway Pkwy", "Station IDs": "138", "GTFS Stop IDs": "L29", "Borough": "Bk", "CBD": "false", "Daytime Routes": "L", "Structure Type": "At Grade", "Latitude": "40.646654", "Longitude": "-73.90185", "ADA": "1", "ADA Notes": "" }, "geometry": { "type": "Point", "coordinates": [ 1011486.917337536578998, 174885.315536452340893 ] } }
]
}
